snapshot_year,preseason_for,rank,source_rank_raw,club,club_key,association_code,window_s1,window_s2,window_s3,window_s4,window_s5,club_points_5y,association_floor_20pct,coefficient_5y,uses_association_floor,source,source_ref
2021,2021/22,1,1,Bayern München,bayern münchen,GER,22,29,20,36,27,134,14.714,134,false,Kassiesa / public UEFA coefficient tables,https://kassiesa.net/uefa/data/method5/trank2021.html
2021,2021/22,2,2,Real Madrid,real madrid,ESP,33,32,19,17,26,127,19.571,127,false,Kassiesa / public UEFA coefficient tables,https://kassiesa.net/uefa/data/method5/trank2021.html
2021,2021/22,3,3,Manchester City,manchester city,ENG,18,22,25,25,35,125,20.113,125,false,Kassiesa / public UEFA coefficient tables,https://kassiesa.net/uefa/data/method5/trank2021.html
2021,2021/22,4,4,FC Barcelona,fc barcelona,ESP,23,25,30,24,20,122,19.571,122,false,Kassiesa / public UEFA coefficient tables,https://kassiesa.net/uefa/data/method5/trank2021.html
2021,2021/22,5,5,Juventus,juventus,ITA,33,23,21,22,21,120,15.087,120,false,Kassiesa / public UEFA coefficient tables,https://kassiesa.net/uefa/data/method5/trank2021.html
2021,2021/22,6,6,Atlético Madrid,atlético madrid,ESP,29,28,20,22,16,115,19.571,115,false,Kassiesa / public UEFA coefficient tables,https://kassiesa.net/uefa/data/method5/trank2021.html
2021,2021/22,7,7,Manchester United,manchester united,ENG,26,20,19,22,26,113,20.113,113,false,Kassiesa / public UEFA coefficient tables,https://kassiesa.net/uefa/data/method5/trank2021.html
2021,2021/22,7,,Paris Saint-Germain,paris saint-germain,FRA,20,19,19,31,24,113,11.216,113,false,Kassiesa / public UEFA coefficient tables,https://kassiesa.net/uefa/data/method5/trank2021.html
2021,2021/22,9,9,Liverpool,liverpool,ENG,,30,29,18,24,101,20.113,101,false,Kassiesa / public UEFA coefficient tables,https://kassiesa.net/uefa/data/method5/trank2021.html
2021,2021/22,10,10,Arsenal,arsenal,ENG,19,21,26,10,23,99,20.113,99,false,Kassiesa / public UEFA coefficient tables,https://kassiesa.net/uefa/data/method5/trank2021.html
2021,2021/22,11,11,Chelsea,chelsea,ENG,,18,30,17,33,98,20.113,98,false,Kassiesa / public UEFA coefficient tables,https://kassiesa.net/uefa/data/method5/trank2021.html
2021,2021/22,11,,Sevilla,sevilla,ESP,19,21,13,26,19,98,19.571,98,false,Kassiesa / public UEFA coefficient tables,https://kassiesa.net/uefa/data/method5/trank2021.html
2021,2021/22,13,13,AS Roma,as roma,ITA,13,25,17,11,24,90,15.087,90,false,Kassiesa / public UEFA coefficient tables,https://kassiesa.net/uefa/data/method5/trank2021.html
2021,2021/22,13,,Borussia Dortmund,borussia dortmund,GER,22,10,18,18,22,90,14.714,90,false,Kassiesa / public UEFA coefficient tables,https://kassiesa.net/uefa/data/method5/trank2021.html
2021,2021/22,15,15,Tottenham Hotspur,tottenham hotspur,ENG,10,21,26,16,15,88,20.113,88,false,Kassiesa / public UEFA coefficient tables,https://kassiesa.net/uefa/data/method5/trank2021.html
2021,2021/22,16,16,FC Porto,fc porto,POR,17,17,23,7,23,87,9.709,87,false,Kassiesa / public UEFA coefficient tables,https://kassiesa.net/uefa/data/method5/trank2021.html
2021,2021/22,17,17,Ajax,ajax,NED,22,1.5,27,13,19,82.5,7.84,82.5,false,Kassiesa / public UEFA coefficient tables,https://kassiesa.net/uefa/data/method5/trank2021.html
2021,2021/22,18,18,Shakhtar Donetsk,shakhtar donetsk,UKR,14,19,10,22,14,79,6.62,79,false,Kassiesa / public UEFA coefficient tables,https://kassiesa.net/uefa/data/method5/trank2021.html
2021,2021/22,19,19,Olympique Lyon,olympique lyon,FRA,22,14,17,23,,76,11.216,76,false,Kassiesa / public UEFA coefficient tables,https://kassiesa.net/uefa/data/method5/trank2021.html
2021,2021/22,20,20,Napoli,napoli,ITA,17,10,18,19,10,74,15.087,74,false,Kassiesa / public UEFA coefficient tables,https://kassiesa.net/uefa/data/method5/trank2021.html
2021,2021/22,21,21,RB Leipzig,rb leipzig,GER,,17,5,27,17,66,14.714,66,false,Kassiesa / public UEFA coefficient tables,https://kassiesa.net/uefa/data/method5/trank2021.html
2021,2021/22,22,22,Villarreal,villarreal,ESP,9,8,16,,30,63,19.571,63,false,Kassiesa / public UEFA coefficient tables,https://kassiesa.net/uefa/data/method5/trank2021.html
2021,2021/22,23,23,FC Salzburg,fc salzburg,AUT,5,21,16,10,7,59,7.165,59,false,Kassiesa / public UEFA coefficient tables,https://kassiesa.net/uefa/data/method5/trank2021.html
2021,2021/22,24,24,Benfica,benfica,POR,17,4,17,10,10,58,9.709,58,false,Kassiesa / public UEFA coefficient tables,https://kassiesa.net/uefa/data/method5/trank2021.html
2021,2021/22,25,25,Bayer Leverkusen,bayer leverkusen,GER,18,,11,18,10,57,14.714,57,false,Kassiesa / public UEFA coefficient tables,https://kassiesa.net/uefa/data/method5/trank2021.html
2021,2021/22,26,26,Internazionale,internazionale,ITA,4,,15,25,9,53,15.087,53,false,Kassiesa / public UEFA coefficient tables,https://kassiesa.net/uefa/data/method5/trank2021.html
2021,2021/22,27,27,Atalanta,atalanta,ITA,,11,2.5,20,17,50.5,15.087,50.5,false,Kassiesa / public UEFA coefficient tables,https://kassiesa.net/uefa/data/method5/trank2021.html
2021,2021/22,28,28,Zenit St. Petersburg,zenit st. petersburg,RUS,12,14,10,9,5,50,7.676,50,false,Kassiesa / public UEFA coefficient tables,https://kassiesa.net/uefa/data/method5/trank2021.html
2021,2021/22,29,,Besiktas,besiktas,TUR,20,19,5,3,2,49,6.02,49,false,Kassiesa / public UEFA coefficient tables,https://kassiesa.net/uefa/data/method5/trank2021.html
2021,2021/22,29,29,FC Basel,fc basel,SUI,6,19,2.5,19,2.5,49,5.245,49,false,Kassiesa / public UEFA coefficient tables,https://kassiesa.net/uefa/data/method5/trank2021.html
2021,2021/22,31,31,Dinamo Kiev,dinamo kiev,UKR,8,12,11,6,10,47,6.62,47,false,Kassiesa / public UEFA coefficient tables,https://kassiesa.net/uefa/data/method5/trank2021.html
2021,2021/22,32,32,Sporting CP Lisbon,sporting cp lisbon,POR,6,17,10,10,2.5,45.5,9.709,45.5,false,Kassiesa / public UEFA coefficient tables,https://kassiesa.net/uefa/data/method5/trank2021.html
2021,2021/22,33,33,Dinamo Zagreb,dinamo zagreb,CRO,4,1.5,14,8,17,44.5,5.255,44.5,false,Kassiesa / public UEFA coefficient tables,https://kassiesa.net/uefa/data/method5/trank2021.html
2021,2021/22,34,34,Lazio,lazio,ITA,,17,6,4,17,44,15.087,44,false,Kassiesa / public UEFA coefficient tables,https://kassiesa.net/uefa/data/method5/trank2021.html
2021,2021/22,35,,FC København,fc københavn,DEN,16,7,4,14,2.5,43.5,5.575,43.5,false,Kassiesa / public UEFA coefficient tables,https://kassiesa.net/uefa/data/method5/trank2021.html
2021,2021/22,35,35,Slavia Praha,slavia praha,CZE,1.5,6,14,6,16,43.5,5.32,43.5,false,Kassiesa / public UEFA coefficient tables,https://kassiesa.net/uefa/data/method5/trank2021.html
2021,2021/22,37,37,Olympiakos Piraeus,olympiakos piraeus,GRE,10,5,8,10,10,43,5.2,43,false,Kassiesa / public UEFA coefficient tables,https://kassiesa.net/uefa/data/method5/trank2021.html
2021,2021/22,38,38,CSKA Moscow,cska moscow,RUS,7,17,9,4,3,40,7.676,40,false,Kassiesa / public UEFA coefficient tables,https://kassiesa.net/uefa/data/method5/trank2021.html
2021,2021/22,38,,Valencia,valencia,ESP,,,23,17,,40,19.571,40,false,Kassiesa / public UEFA coefficient tables,https://kassiesa.net/uefa/data/method5/trank2021.html
2021,2021/22,40,40,AS Monaco,as monaco,FRA,25,6,5,,,36,11.216,36,false,Kassiesa / public UEFA coefficient tables,https://kassiesa.net/uefa/data/method5/trank2021.html
2021,2021/22,41,41,Club Brugge,club brugge,BEL,4,1.5,11,8,11,35.5,7.3,35.5,false,Kassiesa / public UEFA coefficient tables,https://kassiesa.net/uefa/data/method5/trank2021.html
2021,2021/22,42,,Schalke 04,schalke 04,GER,18,,17,,,35,14.714,35,false,Kassiesa / public UEFA coefficient tables,https://kassiesa.net/uefa/data/method5/trank2021.html
2021,2021/22,42,,Sporting Braga,sporting braga,POR,5,9,2,10,9,35,9.709,35,false,Kassiesa / public UEFA coefficient tables,https://kassiesa.net/uefa/data/method5/trank2021.html
2021,2021/22,42,42,Young Boys,young boys,SUI,6,5,7,6,11,35,5.245,35,false,Kassiesa / public UEFA coefficient tables,https://kassiesa.net/uefa/data/method5/trank2021.html
2021,2021/22,45,45,FK Krasnodar,fk krasnodar,RUS,8,1.5,11,6,8,34.5,7.676,34.5,false,Kassiesa / public UEFA coefficient tables,https://kassiesa.net/uefa/data/method5/trank2021.html
2021,2021/22,46,46,Celtic,celtic,SCO,7,8,6,10,3,34,6.675,34,false,Kassiesa / public UEFA coefficient tables,https://kassiesa.net/uefa/data/method5/trank2021.html
2021,2021/22,47,47,Viktoria Plzen,viktoria plzen,CZE,5,13,11,2,2.5,33.5,5.32,33.5,false,Kassiesa / public UEFA coefficient tables,https://kassiesa.net/uefa/data/method5/trank2021.html
2021,2021/22,48,48,Borussia Mönchengladbach,borussia mönchengladbach,GER,12,,,6,15,33,14.714,33,false,Kassiesa / public UEFA coefficient tables,https://kassiesa.net/uefa/data/method5/trank2021.html
2021,2021/22,48,,Eintracht Frankfurt,eintracht frankfurt,GER,,,24,9,,33,14.714,33,false,Kassiesa / public UEFA coefficient tables,https://kassiesa.net/uefa/data/method5/trank2021.html
2021,2021/22,50,50,Red Star Belgrade,red star belgrade,SRB,1.5,8,7,6,10,32.5,5.35,32.5,false,Kassiesa / public UEFA coefficient tables,https://kassiesa.net/uefa/data/method5/trank2021.html
2021,2021/22,51,51,Leicester City,leicester city,ENG,22,,,,10,32,20.113,32,false,Kassiesa / public UEFA coefficient tables,https://kassiesa.net/uefa/data/method5/trank2021.html
2021,2021/22,52,52,Glasgow Rangers,glasgow rangers,SCO,,0.25,5,11,15,31.25,6.675,31.25,false,Kassiesa / public UEFA coefficient tables,https://kassiesa.net/uefa/data/method5/trank2021.html
2021,2021/22,53,53,AC Milan,ac milan,ITA,,12,7,,12,31,15.087,31,false,Kassiesa / public UEFA coefficient tables,https://kassiesa.net/uefa/data/method5/trank2021.html
2021,2021/22,53,,Lokomotiv Moscow,lokomotiv moscow,RUS,,12,6,6,7,31,7.676,31,false,Kassiesa / public UEFA coefficient tables,https://kassiesa.net/uefa/data/method5/trank2021.html
2021,2021/22,55,55,Racing Genk,racing genk,BEL,16,,9,5,,30,7.3,30,false,Kassiesa / public UEFA coefficient tables,https://kassiesa.net/uefa/data/method5/trank2021.html
2021,2021/22,56,56,PSV Eindhoven,psv eindhoven,NED,6,1,6,6,10,29,7.84,29,false,Kassiesa / public UEFA coefficient tables,https://kassiesa.net/uefa/data/method5/trank2021.html
2021,2021/22,57,,APOEL Nicosia,apoel nicosia,CYP,10,6,2.5,7,2.5,28,5.55,28,false,Kassiesa / public UEFA coefficient tables,https://kassiesa.net/uefa/data/method5/trank2021.html
2021,2021/22,57,,Ludogorets Razgrad,ludogorets razgrad,BUL,8,7,4,6,3,28,4.075,28,false,Kassiesa / public UEFA coefficient tables,https://kassiesa.net/uefa/data/method5/trank2021.html
2021,2021/22,57,57,Olympique Marseille,olympique marseille,FRA,,19,3,,6,28,11.216,28,false,Kassiesa / public UEFA coefficient tables,https://kassiesa.net/uefa/data/method5/trank2021.html
2021,2021/22,60,,AA Gent,aa gent,BEL,10,1,2.5,10,3,26.5,7.3,26.5,false,Kassiesa / public UEFA coefficient tables,https://kassiesa.net/uefa/data/method5/trank2021.html
2021,2021/22,60,60,Istanbul Basaksehir,istanbul basaksehir,TUR,1.5,6,2,11,6,26.5,6.02,26.5,false,Kassiesa / public UEFA coefficient tables,https://kassiesa.net/uefa/data/method5/trank2021.html
2021,2021/22,62,62,Anderlecht,anderlecht,BEL,16,6,3,,,25,7.3,25,false,Kassiesa / public UEFA coefficient tables,https://kassiesa.net/uefa/data/method5/trank2021.html
2021,2021/22,63,63,1899 Hoffenheim,1899 hoffenheim,GER,,4,7,,12,23,14.714,23,false,Kassiesa / public UEFA coefficient tables,https://kassiesa.net/uefa/data/method5/trank2021.html
2021,2021/22,64,64,FK Astana,fk astana,KAZ,4,8,6,3,1.5,22.5,3.125,22.5,false,Kassiesa / public UEFA coefficient tables,https://kassiesa.net/uefa/data/method5/trank2021.html
2021,2021/22,65,65,Standard Liège,standard liège,BEL,6,,7,6,3,22,7.3,22,false,Kassiesa / public UEFA coefficient tables,https://kassiesa.net/uefa/data/method5/trank2021.html
2021,2021/22,66,66,AZ Alkmaar,az alkmaar,NED,6,,1.5,8,6,21.5,7.84,21.5,false,Kassiesa / public UEFA coefficient tables,https://kassiesa.net/uefa/data/method5/trank2021.html
2021,2021/22,67,,FCSB,fcsb,ROU,5,9,2.5,2.5,2,21,3.64,21,false,Kassiesa / public UEFA coefficient tables,https://kassiesa.net/uefa/data/method5/trank2021.html
2021,2021/22,67,,Feyenoord,feyenoord,NED,5,6,2,4,4,21,7.84,21,false,Kassiesa / public UEFA coefficient tables,https://kassiesa.net/uefa/data/method5/trank2021.html
2021,2021/22,67,67,LASK,lask,AUT,,,2,12,7,21,7.165,21,false,Kassiesa / public UEFA coefficient tables,https://kassiesa.net/uefa/data/method5/trank2021.html
2021,2021/22,67,,Qarabag FK,qarabag fk,AZE,5,6,3,4,3,21,3.375,21,false,Kassiesa / public UEFA coefficient tables,https://kassiesa.net/uefa/data/method5/trank2021.html
2021,2021/22,71,71,Maccabi Tel-Aviv,maccabi tel-aviv,ISR,5,3,2.5,2,8,20.5,4.875,20.5,false,Kassiesa / public UEFA coefficient tables,https://kassiesa.net/uefa/data/method5/trank2021.html
2021,2021/22,72,72,Wolverhampton Wanderers,wolverhampton wanderers,ENG,,,,16,,16,20.113,20.113,true,Kassiesa / public UEFA coefficient tables,https://kassiesa.net/uefa/data/method5/trank2021.html
2021,2021/22,72,,Southampton FC,southampton fc,ENG,6,,,,,6,20.113,20.113,true,Kassiesa / public UEFA coefficient tables,https://kassiesa.net/uefa/data/method5/trank2021.html
2021,2021/22,72,,Everton,everton,ENG,,3,,,,3,20.113,20.113,true,Kassiesa / public UEFA coefficient tables,https://kassiesa.net/uefa/data/method5/trank2021.html
2021,2021/22,72,,Burnley FC,burnley fc,ENG,,,2.5,,,2.5,20.113,20.113,true,Kassiesa / public UEFA coefficient tables,https://kassiesa.net/uefa/data/method5/trank2021.html
2021,2021/22,72,,West Ham United,west ham united,ENG,1.5,,,,,1.5,20.113,20.113,true,Kassiesa / public UEFA coefficient tables,https://kassiesa.net/uefa/data/method5/trank2021.html
2021,2021/22,77,77,PAOK Thessaloniki,paok thessaloniki,GRE,8,1.5,3,2.5,5,20,5.2,20,false,Kassiesa / public UEFA coefficient tables,https://kassiesa.net/uefa/data/method5/trank2021.html
2021,2021/22,78,,Athletic Bilbao,athletic bilbao,ESP,9,10,,,,19,19.571,19.571,true,Kassiesa / public UEFA coefficient tables,https://kassiesa.net/uefa/data/method5/trank2021.html
2021,2021/22,78,,Celta de Vigo,celta de vigo,ESP,19,,,,,19,19.571,19.571,true,Kassiesa / public UEFA coefficient tables,https://kassiesa.net/uefa/data/method5/trank2021.html
2021,2021/22,78,,Real Sociedad,real sociedad,ESP,,9,,,8,17,19.571,19.571,true,Kassiesa / public UEFA coefficient tables,https://kassiesa.net/uefa/data/method5/trank2021.html
2021,2021/22,78,78,Granada CF,granada cf,ESP,,,,,13,13,19.571,19.571,true,Kassiesa / public UEFA coefficient tables,https://kassiesa.net/uefa/data/method5/trank2021.html
2021,2021/22,78,,Getafe,getafe,ESP,,,,11,,11,19.571,19.571,true,Kassiesa / public UEFA coefficient tables,https://kassiesa.net/uefa/data/method5/trank2021.html
2021,2021/22,78,,Espanyol,espanyol,ESP,,,,10,,10,19.571,19.571,true,Kassiesa / public UEFA coefficient tables,https://kassiesa.net/uefa/data/method5/trank2021.html
2021,2021/22,78,,Real Betis,real betis,ESP,,,10,,,10,19.571,19.571,true,Kassiesa / public UEFA coefficient tables,https://kassiesa.net/uefa/data/method5/trank2021.html
2021,2021/22,85,85,AEK Athens,aek athens,GRE,1,9,4,2.5,3,19.5,5.2,19.5,false,Kassiesa / public UEFA coefficient tables,https://kassiesa.net/uefa/data/method5/trank2021.html
2021,2021/22,85,,Fenerbahçe,fenerbahçe,TUR,10,1.5,8,,,19.5,6.02,19.5,false,Kassiesa / public UEFA coefficient tables,https://kassiesa.net/uefa/data/method5/trank2021.html
2021,2021/22,87,87,Stade Rennais,stade rennais,FRA,,,11,3,5,19,11.216,19,false,Kassiesa / public UEFA coefficient tables,https://kassiesa.net/uefa/data/method5/trank2021.html
2021,2021/22,88,88,Malmö FF,malmö ff,SWE,,1,7,8,2.5,18.5,4.1,18.5,false,Kassiesa / public UEFA coefficient tables,https://kassiesa.net/uefa/data/method5/trank2021.html
2021,2021/22,88,,Spartak Moscow,spartak moscow,RUS,1,11,4,2.5,,18.5,7.676,18.5,false,Kassiesa / public UEFA coefficient tables,https://kassiesa.net/uefa/data/method5/trank2021.html
2021,2021/22,90,90,Partizan Belgrade,partizan belgrade,SRB,0.5,7,2.5,6,2,18,5.35,18,false,Kassiesa / public UEFA coefficient tables,https://kassiesa.net/uefa/data/method5/trank2021.html
2021,2021/22,91,,BATE Borisov,bate borisov,BLR,1.5,4,8,2.5,1.5,17.5,3.05,17.5,false,Kassiesa / public UEFA coefficient tables,https://kassiesa.net/uefa/data/method5/trank2021.html
2021,2021/22,91,91,Hapoel Beer-Sheva,hapoel beer-sheva,ISR,6,3,2,2.5,4,17.5,4.875,17.5,false,Kassiesa / public UEFA coefficient tables,https://kassiesa.net/uefa/data/method5/trank2021.html
2021,2021/22,91,,Sparta Praha,sparta praha,CZE,9,1,1.5,2,4,17.5,5.32,17.5,false,Kassiesa / public UEFA coefficient tables,https://kassiesa.net/uefa/data/method5/trank2021.html
2021,2021/22,94,,Galatasaray,galatasaray,TUR,,0.5,8,6,2.5,17,6.02,17,false,Kassiesa / public UEFA coefficient tables,https://kassiesa.net/uefa/data/method5/trank2021.html
2021,2021/22,94,94,Molde FK,molde fk,NOR,,,2.5,2.5,12,17,4.2,17,false,Kassiesa / public UEFA coefficient tables,https://kassiesa.net/uefa/data/method5/trank2021.html
2021,2021/22,94,,Rapid Wien,rapid wien,AUT,5,,7,,5,17,7.165,17,false,Kassiesa / public UEFA coefficient tables,https://kassiesa.net/uefa/data/method5/trank2021.html
2021,2021/22,97,97,CFR Cluj,cfr cluj,ROU,,,2.5,10,4,16.5,3.64,16.5,false,Kassiesa / public UEFA coefficient tables,https://kassiesa.net/uefa/data/method5/trank2021.html
2021,2021/22,97,,Legia Warsaw,legia warsaw,POL,8,1.5,2,2.5,2.5,16.5,3.025,16.5,false,Kassiesa / public UEFA coefficient tables,https://kassiesa.net/uefa/data/method5/trank2021.html
2021,2021/22,99,,Fiorentina,fiorentina,ITA,11,,,,,11,15.087,15.087,true,Kassiesa / public UEFA coefficient tables,https://kassiesa.net/uefa/data/method5/trank2021.html
2021,2021/22,99,,Sassuolo,sassuolo,ITA,4,,,,,4,15.087,15.087,true,Kassiesa / public UEFA coefficient tables,https://kassiesa.net/uefa/data/method5/trank2021.html
2021,2021/22,99,99,Torino,torino,ITA,,,,2.5,,2.5,15.087,15.087,true,Kassiesa / public UEFA coefficient tables,https://kassiesa.net/uefa/data/method5/trank2021.html
2021,2021/22,102,102,Zorya Luhansk,zorya luhansk,UKR,2,4,2.5,2.5,4,15,6.62,15,false,Kassiesa / public UEFA coefficient tables,https://kassiesa.net/uefa/data/method5/trank2021.html
2021,2021/22,103,103,VfL Wolfsburg,vfl wolfsburg,GER,,,,12,2.5,14.5,14.714,14.714,true,Kassiesa / public UEFA coefficient tables,https://kassiesa.net/uefa/data/method5/trank2021.html
2021,2021/22,103,,FSV Mainz 05,fsv mainz 05,GER,7,,,,,7,14.714,14.714,true,Kassiesa / public UEFA coefficient tables,https://kassiesa.net/uefa/data/method5/trank2021.html
2021,2021/22,103,,Hertha BSC,hertha bsc,GER,1,4,,,,5,14.714,14.714,true,Kassiesa / public UEFA coefficient tables,https://kassiesa.net/uefa/data/method5/trank2021.html
2021,2021/22,103,,1.FC Köln,1.fc köln,GER,,4,,,,4,14.714,14.714,true,Kassiesa / public UEFA coefficient tables,https://kassiesa.net/uefa/data/method5/trank2021.html
2021,2021/22,103,,SC Freiburg,sc freiburg,GER,,1,,,,1,14.714,14.714,true,Kassiesa / public UEFA coefficient tables,https://kassiesa.net/uefa/data/method5/trank2021.html
2021,2021/22,108,108,Sheriff Tiraspol,sheriff tiraspol,MDA,1,7,2.5,2,2,14.5,1.375,14.5,false,Kassiesa / public UEFA coefficient tables,https://kassiesa.net/uefa/data/method5/trank2021.html
2021,2021/22,109,,FK Rostov,fk rostov,RUS,12,,,,2,14,7.676,14,false,Kassiesa / public UEFA coefficient tables,https://kassiesa.net/uefa/data/method5/trank2021.html
2021,2021/22,109,109,Lille OSC,lille osc,FRA,1,,,5,8,14,11.216,14,false,Kassiesa / public UEFA coefficient tables,https://kassiesa.net/uefa/data/method5/trank2021.html
2021,2021/22,109,,NK Maribor,nk maribor,SVN,1.5,7,2,2.5,1,14,2.85,14,false,Kassiesa / public UEFA coefficient tables,https://kassiesa.net/uefa/data/method5/trank2021.html
2021,2021/22,109,,Rosenborg BK,rosenborg bk,NOR,1.5,4,3,3,2.5,14,4.2,14,false,Kassiesa / public UEFA coefficient tables,https://kassiesa.net/uefa/data/method5/trank2021.html
2021,2021/22,113,,Apollon Limassol,apollon limassol,CYP,1,3,5,2.5,2,13.5,5.55,13.5,false,Kassiesa / public UEFA coefficient tables,https://kassiesa.net/uefa/data/method5/trank2021.html
2021,2021/22,113,113,FC Midtjylland,fc midtjylland,DEN,1.5,1.5,2.5,2,6,13.5,5.575,13.5,false,Kassiesa / public UEFA coefficient tables,https://kassiesa.net/uefa/data/method5/trank2021.html
2021,2021/22,113,,Ferencváros,ferencváros,HUN,1,0.5,1,6,5,13.5,3.1,13.5,false,Kassiesa / public UEFA coefficient tables,https://kassiesa.net/uefa/data/method5/trank2021.html
2021,2021/22,113,,NK Rijeka,nk rijeka,CRO,1,5,2,2.5,3,13.5,5.255,13.5,false,Kassiesa / public UEFA coefficient tables,https://kassiesa.net/uefa/data/method5/trank2021.html
2021,2021/22,117,,AS Saint-Étienne,as saint-étienne,FRA,9,,,4,,13,11.216,13,false,Kassiesa / public UEFA coefficient tables,https://kassiesa.net/uefa/data/method5/trank2021.html
2021,2021/22,117,117,OGC Nice,ogc nice,FRA,4,6,,,3,13,11.216,13,false,Kassiesa / public UEFA coefficient tables,https://kassiesa.net/uefa/data/method5/trank2021.html
2021,2021/22,119,119,FC Zürich,fc zürich,SUI,5,,7,,,12,5.245,12,false,Kassiesa / public UEFA coefficient tables,https://kassiesa.net/uefa/data/method5/trank2021.html
2021,2021/22,120,120,FC Fehérvár,fc fehérvár,HUN,1,1.5,5,1.5,2.5,11.5,3.1,11.5,false,Kassiesa / public UEFA coefficient tables,https://kassiesa.net/uefa/data/method5/trank2021.html
2021,2021/22,121,,Girondins Bordeaux,girondins bordeaux,FRA,,1,5,,,6,11.216,11.216,true,Kassiesa / public UEFA coefficient tables,https://kassiesa.net/uefa/data/method5/trank2021.html
2021,2021/22,121,,RC Strasbourg,rc strasbourg,FRA,,,,2.5,,2.5,11.216,11.216,true,Kassiesa / public UEFA coefficient tables,https://kassiesa.net/uefa/data/method5/trank2021.html
2021,2021/22,121,121,Stade de Reims,stade de reims,FRA,,,,,2,2,11.216,11.216,true,Kassiesa / public UEFA coefficient tables,https://kassiesa.net/uefa/data/method5/trank2021.html
2021,2021/22,124,124,Wolfsberger AC,wolfsberger ac,AUT,,,,4,7,11,7.165,11,false,Kassiesa / public UEFA coefficient tables,https://kassiesa.net/uefa/data/method5/trank2021.html
2021,2021/22,125,,Dundalk,dundalk,IRL,3,1,1.5,2,3,10.5,1.575,10.5,false,Kassiesa / public UEFA coefficient tables,https://kassiesa.net/uefa/data/method5/trank2021.html
2021,2021/22,125,125,Royal Antwerp,royal antwerp,BEL,,,,2.5,8,10.5,7.3,10.5,false,Kassiesa / public UEFA coefficient tables,https://kassiesa.net/uefa/data/method5/trank2021.html
2021,2021/22,127,127,Austria Wien,austria wien,AUT,4,4,,2,,10,7.165,10,false,Kassiesa / public UEFA coefficient tables,https://kassiesa.net/uefa/data/method5/trank2021.html
2021,2021/22,127,,Östersunds FK,östersunds fk,SWE,,10,,,,10,4.1,10,false,Kassiesa / public UEFA coefficient tables,https://kassiesa.net/uefa/data/method5/trank2021.html
2021,2021/22,129,,Vitória Guimarães,vitória guimarães,POR,,4,,4,,8,9.709,9.709,true,Kassiesa / public UEFA coefficient tables,https://kassiesa.net/uefa/data/method5/trank2021.html
2021,2021/22,129,129,Rio Ave,rio ave,POR,1,,1.5,,2.5,5,9.709,9.709,true,Kassiesa / public UEFA coefficient tables,https://kassiesa.net/uefa/data/method5/trank2021.html
2021,2021/22,129,,FC Arouca,fc arouca,POR,1.5,,,,,1.5,9.709,9.709,true,Kassiesa / public UEFA coefficient tables,https://kassiesa.net/uefa/data/method5/trank2021.html
2021,2021/22,129,,Maritimo Funchal,maritimo funchal,POR,,1.5,,,,1.5,9.709,9.709,true,Kassiesa / public UEFA coefficient tables,https://kassiesa.net/uefa/data/method5/trank2021.html
2021,2021/22,133,,AEK Larnaca,aek larnaca,CYP,1.5,1.5,4,2,,9,5.55,9,false,Kassiesa / public UEFA coefficient tables,https://kassiesa.net/uefa/data/method5/trank2021.html
2021,2021/22,133,,FC Lugano,fc lugano,SUI,,6,,3,,9,5.245,9,false,Kassiesa / public UEFA coefficient tables,https://kassiesa.net/uefa/data/method5/trank2021.html
2021,2021/22,133,133,Shkendija Tetovo,shkendija tetovo,MKD,1.5,1.5,2.5,1.5,2,9,1.525,9,false,Kassiesa / public UEFA coefficient tables,https://kassiesa.net/uefa/data/method5/trank2021.html
2021,2021/22,136,136,Suduva Marijampole,suduva marijampole,LTU,0.25,1.5,2.5,2.5,2,8.75,1.75,8.75,false,Kassiesa / public UEFA coefficient tables,https://kassiesa.net/uefa/data/method5/trank2021.html
2021,2021/22,137,,Astra Giurgiu,astra giurgiu,ROU,7,1,,,,8,3.64,8,false,Kassiesa / public UEFA coefficient tables,https://kassiesa.net/uefa/data/method5/trank2021.html
2021,2021/22,137,,CSKA Sofia,cska sofia,BUL,,,2,2,4,8,4.075,8,false,Kassiesa / public UEFA coefficient tables,https://kassiesa.net/uefa/data/method5/trank2021.html
2021,2021/22,137,,F91 Dudelange,f91 dudelange,LUX,1,1,3,3,,8,1.65,8,false,Kassiesa / public UEFA coefficient tables,https://kassiesa.net/uefa/data/method5/trank2021.html
2021,2021/22,137,,Hajduk Split,hajduk split,CRO,1.5,1.5,2,1,2,8,5.255,8,false,Kassiesa / public UEFA coefficient tables,https://kassiesa.net/uefa/data/method5/trank2021.html
2021,2021/22,137,,Osmanlispor,osmanlispor,TUR,8,,,,,8,6.02,8,false,Kassiesa / public UEFA coefficient tables,https://kassiesa.net/uefa/data/method5/trank2021.html
2021,2021/22,137,137,Slovan Liberec,slovan liberec,CZE,3,,,,5,8,5.32,8,false,Kassiesa / public UEFA coefficient tables,https://kassiesa.net/uefa/data/method5/trank2021.html
2021,2021/22,137,,Zrinjski Mostar,zrinjski mostar,BIH,1,1,2,2,2,8,1.6,8,false,Kassiesa / public UEFA coefficient tables,https://kassiesa.net/uefa/data/method5/trank2021.html
2021,2021/22,144,,Vitesse Arnhem,vitesse arnhem,NED,,4,2,,,6,7.84,7.84,true,Kassiesa / public UEFA coefficient tables,https://kassiesa.net/uefa/data/method5/trank2021.html
2021,2021/22,144,,FC Utrecht,fc utrecht,NED,,1.5,,1.5,,3,7.84,7.84,true,Kassiesa / public UEFA coefficient tables,https://kassiesa.net/uefa/data/method5/trank2021.html
2021,2021/22,144,144,Willem II Tilburg,willem ii tilburg,NED,,,,,2,2,7.84,7.84,true,Kassiesa / public UEFA coefficient tables,https://kassiesa.net/uefa/data/method5/trank2021.html
2021,2021/22,144,,Heracles Almelo,heracles almelo,NED,1,,,,,1,7.84,7.84,true,Kassiesa / public UEFA coefficient tables,https://kassiesa.net/uefa/data/method5/trank2021.html
2021,2021/22,148,,FC Ufa,fc ufa,RUS,,,2.5,,,2.5,7.676,7.676,true,Kassiesa / public UEFA coefficient tables,https://kassiesa.net/uefa/data/method5/trank2021.html
2021,2021/22,148,,Arsenal Tula,arsenal tula,RUS,,,,1.5,,1.5,7.676,7.676,true,Kassiesa / public UEFA coefficient tables,https://kassiesa.net/uefa/data/method5/trank2021.html
2021,2021/22,148,148,Dinamo Moscow,dinamo moscow,RUS,,,,,1.5,1.5,7.676,7.676,true,Kassiesa / public UEFA coefficient tables,https://kassiesa.net/uefa/data/method5/trank2021.html
2021,2021/22,151,151,Aberdeen,aberdeen,SCO,1,1,1.5,2,2,7.5,6.675,7.5,false,Kassiesa / public UEFA coefficient tables,https://kassiesa.net/uefa/data/method5/trank2021.html
2021,2021/22,151,,Slovan Bratislava,slovan bratislava,SVK,0.5,0.5,2,3,1.5,7.5,2.725,7.5,false,Kassiesa / public UEFA coefficient tables,https://kassiesa.net/uefa/data/method5/trank2021.html
2021,2021/22,151,,Spartak Trnava,spartak trnava,SVK,1,,5,1.5,,7.5,2.725,7.5,false,Kassiesa / public UEFA coefficient tables,https://kassiesa.net/uefa/data/method5/trank2021.html
2021,2021/22,151,,The New Saints,the new saints,WAL,1,1,2,2,1.5,7.5,1,7.5,false,Kassiesa / public UEFA coefficient tables,https://kassiesa.net/uefa/data/method5/trank2021.html
2021,2021/22,155,,Zulte Waregem,zulte waregem,BEL,,5,,,,5,7.3,7.3,true,Kassiesa / public UEFA coefficient tables,https://kassiesa.net/uefa/data/method5/trank2021.html
2021,2021/22,155,155,Charleroi,charleroi,BEL,,,,,2.5,2.5,7.3,7.3,true,Kassiesa / public UEFA coefficient tables,https://kassiesa.net/uefa/data/method5/trank2021.html
2021,2021/22,155,,KV Oostende,kv oostende,BEL,,1,,,,1,7.3,7.3,true,Kassiesa / public UEFA coefficient tables,https://kassiesa.net/uefa/data/method5/trank2021.html
2021,2021/22,158,,Sturm Graz,sturm graz,AUT,,1,2,1.5,,4.5,7.165,7.165,true,Kassiesa / public UEFA coefficient tables,https://kassiesa.net/uefa/data/method5/trank2021.html
2021,2021/22,158,,Admira Wacker,admira wacker,AUT,1,,1.5,,,2.5,7.165,7.165,true,Kassiesa / public UEFA coefficient tables,https://kassiesa.net/uefa/data/method5/trank2021.html
2021,2021/22,158,,SCR Altach,scr altach,AUT,,1.5,,,,1.5,7.165,7.165,true,Kassiesa / public UEFA coefficient tables,https://kassiesa.net/uefa/data/method5/trank2021.html
2021,2021/22,158,158,TSV Hartberg,tsv hartberg,AUT,,,,,1.5,1.5,7.165,7.165,true,Kassiesa / public UEFA coefficient tables,https://kassiesa.net/uefa/data/method5/trank2021.html
2021,2021/22,162,,Brøndby IF,brøndby if,DEN,1.5,1,2.5,2,,7,5.575,7,false,Kassiesa / public UEFA coefficient tables,https://kassiesa.net/uefa/data/method5/trank2021.html
2021,2021/22,162,162,FK Jablonec,fk jablonec,CZE,,,4,1.5,1.5,7,5.32,7,false,Kassiesa / public UEFA coefficient tables,https://kassiesa.net/uefa/data/method5/trank2021.html
2021,2021/22,162,,Konyaspor,konyaspor,TUR,2,5,,,,7,6.02,7,false,Kassiesa / public UEFA coefficient tables,https://kassiesa.net/uefa/data/method5/trank2021.html
2021,2021/22,165,165,Olimpija Ljubljana,olimpija ljubljana,SVN,1,0.25,2.5,1.5,1.5,6.75,2.85,6.75,false,Kassiesa / public UEFA coefficient tables,https://kassiesa.net/uefa/data/method5/trank2021.html
2021,2021/22,166,,Hibernian,hibernian,SCO,0.5,,2,,,2.5,6.675,6.675,true,Kassiesa / public UEFA coefficient tables,https://kassiesa.net/uefa/data/method5/trank2021.html
2021,2021/22,166,166,Motherwell,motherwell,SCO,,,,,2,2,6.675,6.675,true,Kassiesa / public UEFA coefficient tables,https://kassiesa.net/uefa/data/method5/trank2021.html
2021,2021/22,166,,Kilmarnock,kilmarnock,SCO,,,,1,,1,6.675,6.675,true,Kassiesa / public UEFA coefficient tables,https://kassiesa.net/uefa/data/method5/trank2021.html
2021,2021/22,166,,Hearts FC,hearts fc,SCO,0.5,,,,,0.5,6.675,6.675,true,Kassiesa / public UEFA coefficient tables,https://kassiesa.net/uefa/data/method5/trank2021.html
2021,2021/22,166,,St. Johnstone,st. johnstone,SCO,,0.25,,,,0.25,6.675,6.675,true,Kassiesa / public UEFA coefficient tables,https://kassiesa.net/uefa/data/method5/trank2021.html
2021,2021/22,171,,FC Oleksandriya,fc oleksandriya,UKR,1,1.5,,3,,5.5,6.62,6.62,true,Kassiesa / public UEFA coefficient tables,https://kassiesa.net/uefa/data/method5/trank2021.html
2021,2021/22,171,,FC Mariupol,fc mariupol,UKR,,,2,2,,4,6.62,6.62,true,Kassiesa / public UEFA coefficient tables,https://kassiesa.net/uefa/data/method5/trank2021.html
2021,2021/22,171,,Vorskla Poltava,vorskla poltava,UKR,1,,3,,,4,6.62,6.62,true,Kassiesa / public UEFA coefficient tables,https://kassiesa.net/uefa/data/method5/trank2021.html
2021,2021/22,171,171,Desna Chernihiv,desna chernihiv,UKR,,,,,2,2,6.62,6.62,true,Kassiesa / public UEFA coefficient tables,https://kassiesa.net/uefa/data/method5/trank2021.html
2021,2021/22,171,,Kolos Kovalivka,kolos kovalivka,UKR,,,,,2,2,6.62,6.62,true,Kassiesa / public UEFA coefficient tables,https://kassiesa.net/uefa/data/method5/trank2021.html
2021,2021/22,171,,Olimpik Donetsk,olimpik donetsk,UKR,,1,,,,1,6.62,6.62,true,Kassiesa / public UEFA coefficient tables,https://kassiesa.net/uefa/data/method5/trank2021.html
2021,2021/22,177,,Alashkert FC,alashkert fc,ARM,1,1,2,1.5,1,6.5,1.475,6.5,false,Kassiesa / public UEFA coefficient tables,https://kassiesa.net/uefa/data/method5/trank2021.html
2021,2021/22,177,177,Dinamo Tbilisi,dinamo tbilisi,GEO,1.5,,1,2,2,6.5,1.375,6.5,false,Kassiesa / public UEFA coefficient tables,https://kassiesa.net/uefa/data/method5/trank2021.html
2021,2021/22,177,,Zalgiris Vilnius,zalgiris vilnius,LTU,1,1,2,1,1.5,6.5,1.75,6.5,false,Kassiesa / public UEFA coefficient tables,https://kassiesa.net/uefa/data/method5/trank2021.html
2021,2021/22,180,180,FK Sarajevo,fk sarajevo,BIH,,0.25,1.5,2,2.5,6.25,1.6,6.25,false,Kassiesa / public UEFA coefficient tables,https://kassiesa.net/uefa/data/method5/trank2021.html
2021,2021/22,180,,Flora Tallinn,flora tallinn,EST,0.5,0.25,1.5,1.5,2.5,6.25,0.95,6.25,false,Kassiesa / public UEFA coefficient tables,https://kassiesa.net/uefa/data/method5/trank2021.html
2021,2021/22,182,182,Sivasspor,sivasspor,TUR,,,,,4,4,6.02,6.02,true,Kassiesa / public UEFA coefficient tables,https://kassiesa.net/uefa/data/method5/trank2021.html
2021,2021/22,182,,Akhisarspor,akhisarspor,TUR,,,3,,,3,6.02,6.02,true,Kassiesa / public UEFA coefficient tables,https://kassiesa.net/uefa/data/method5/trank2021.html
2021,2021/22,182,,Trabzonspor,trabzonspor,TUR,,,,3,,3,6.02,6.02,true,Kassiesa / public UEFA coefficient tables,https://kassiesa.net/uefa/data/method5/trank2021.html
2021,2021/22,182,,Alanyaspor,alanyaspor,TUR,,,,,2,2,6.02,6.02,true,Kassiesa / public UEFA coefficient tables,https://kassiesa.net/uefa/data/method5/trank2021.html
2021,2021/22,182,,Yeni Malatyaspor,yeni malatyaspor,TUR,,,,2,,2,6.02,6.02,true,Kassiesa / public UEFA coefficient tables,https://kassiesa.net/uefa/data/method5/trank2021.html
2021,2021/22,187,,AIK Stockholm,aik stockholm,SWE,1,1,1.5,2.5,,6,4.1,6,false,Kassiesa / public UEFA coefficient tables,https://kassiesa.net/uefa/data/method5/trank2021.html
2021,2021/22,187,,Buducnost Podgorica,buducnost podgorica,MNE,0.5,1,1,1.5,2,6,1,6,false,Kassiesa / public UEFA coefficient tables,https://kassiesa.net/uefa/data/method5/trank2021.html
2021,2021/22,187,,Dinamo Minsk,dinamo minsk,BLR,1,1,2,1,1,6,3.05,6,false,Kassiesa / public UEFA coefficient tables,https://kassiesa.net/uefa/data/method5/trank2021.html
2021,2021/22,187,,FK Kukësi,fk kukësi,ALB,0.5,1,2,1,1.5,6,1.45,6,false,Kassiesa / public UEFA coefficient tables,https://kassiesa.net/uefa/data/method5/trank2021.html
2021,2021/22,187,,Kairat Almaty,kairat almaty,KAZ,0.5,0.5,2,1.5,1.5,6,3.125,6,false,Kassiesa / public UEFA coefficient tables,https://kassiesa.net/uefa/data/method5/trank2021.html
2021,2021/22,187,187,Lech Poznan,lech poznan,POL,,1,2,,3,6,3.025,6,false,Kassiesa / public UEFA coefficient tables,https://kassiesa.net/uefa/data/method5/trank2021.html
2021,2021/22,187,,NK Osijek,nk osijek,CRO,,1.5,1.5,1.5,1.5,6,5.255,6,false,Kassiesa / public UEFA coefficient tables,https://kassiesa.net/uefa/data/method5/trank2021.html
2021,2021/22,187,,Universitatea Craiova,universitatea craiova,ROU,,1,2,2,1,6,3.64,6,false,Kassiesa / public UEFA coefficient tables,https://kassiesa.net/uefa/data/method5/trank2021.html
2021,2021/22,187,,Valletta FC,valletta fc,MLT,1,0.5,1.5,2,1,6,1.275,6,false,Kassiesa / public UEFA coefficient tables,https://kassiesa.net/uefa/data/method5/trank2021.html
2021,2021/22,196,196,FK Ventspils,fk ventspils,LVA,0.5,0.25,1.5,2,1.5,5.75,1.475,5.75,false,Kassiesa / public UEFA coefficient tables,https://kassiesa.net/uefa/data/method5/trank2021.html
2021,2021/22,196,,Lincoln Red Imps,lincoln red imps,GIB,1,0.25,1.5,1.5,1.5,5.75,1.133,5.75,false,Kassiesa / public UEFA coefficient tables,https://kassiesa.net/uefa/data/method5/trank2021.html
2021,2021/22,198,198,SønderjyskE,sønderjyske,DEN,1.5,,,,2,3.5,5.575,5.575,true,Kassiesa / public UEFA coefficient tables,https://kassiesa.net/uefa/data/method5/trank2021.html
2021,2021/22,198,,FC Nordsjælland,fc nordsjælland,DEN,,,2,,,2,5.575,5.575,true,Kassiesa / public UEFA coefficient tables,https://kassiesa.net/uefa/data/method5/trank2021.html
2021,2021/22,198,,AGF Aarhus,agf aarhus,DEN,,,,,1.5,1.5,5.575,5.575,true,Kassiesa / public UEFA coefficient tables,https://kassiesa.net/uefa/data/method5/trank2021.html
2021,2021/22,198,,Esbjerg fB,esbjerg fb,DEN,,,,1.5,,1.5,5.575,5.575,true,Kassiesa / public UEFA coefficient tables,https://kassiesa.net/uefa/data/method5/trank2021.html
2021,2021/22,198,,Lyngby BK,lyngby bk,DEN,,1,,,,1,5.575,5.575,true,Kassiesa / public UEFA coefficient tables,https://kassiesa.net/uefa/data/method5/trank2021.html
2021,2021/22,203,203,Omonia Nicosia,omonia nicosia,CYP,0.5,,,,3,3.5,5.55,5.55,true,Kassiesa / public UEFA coefficient tables,https://kassiesa.net/uefa/data/method5/trank2021.html
2021,2021/22,203,,Anorthosis Famagusta,anorthosis famagusta,CYP,,,1,,2,3,5.55,5.55,true,Kassiesa / public UEFA coefficient tables,https://kassiesa.net/uefa/data/method5/trank2021.html
2021,2021/22,203,,AEL Limassol,ael limassol,CYP,,1,,1.5,,2.5,5.55,5.55,true,Kassiesa / public UEFA coefficient tables,https://kassiesa.net/uefa/data/method5/trank2021.html
2021,2021/22,206,,FC Luzern,fc luzern,SUI,1,0.5,2,2,,5.5,5.245,5.5,false,Kassiesa / public UEFA coefficient tables,https://kassiesa.net/uefa/data/method5/trank2021.html
2021,2021/22,206,,FC Vaduz,fc vaduz,LIE,0.5,0.5,1.5,2,1,5.5,1.8,5.5,false,Kassiesa / public UEFA coefficient tables,https://kassiesa.net/uefa/data/method5/trank2021.html
2021,2021/22,206,,Gabala FK,gabala fk,AZE,2,1,1,1.5,,5.5,3.375,5.5,false,Kassiesa / public UEFA coefficient tables,https://kassiesa.net/uefa/data/method5/trank2021.html
2021,2021/22,206,,HJK Helsinki,hjk helsinki,FIN,1,0.5,2,2,,5.5,1.375,5.5,false,Kassiesa / public UEFA coefficient tables,https://kassiesa.net/uefa/data/method5/trank2021.html
2021,2021/22,206,,Honvéd Budapest,honvéd budapest,HUN,,1,1.5,1.5,1.5,5.5,3.1,5.5,false,Kassiesa / public UEFA coefficient tables,https://kassiesa.net/uefa/data/method5/trank2021.html
2021,2021/22,206,,Kalju Nomme,kalju nomme,EST,1,0.5,1,2,1,5.5,0.95,5.5,false,Kassiesa / public UEFA coefficient tables,https://kassiesa.net/uefa/data/method5/trank2021.html
2021,2021/22,206,,NK Domzale,nk domzale,SVN,1,1.5,1.5,1.5,,5.5,2.85,5.5,false,Kassiesa / public UEFA coefficient tables,https://kassiesa.net/uefa/data/method5/trank2021.html
2021,2021/22,206,,Progrès Niederkorn,progrès niederkorn,LUX,,0.5,2,1.5,1.5,5.5,1.65,5.5,false,Kassiesa / public UEFA coefficient tables,https://kassiesa.net/uefa/data/method5/trank2021.html
2021,2021/22,206,206,Riga FC,riga fc,LVA,,,1,2.5,2,5.5,1.475,5.5,false,Kassiesa / public UEFA coefficient tables,https://kassiesa.net/uefa/data/method5/trank2021.html
2021,2021/22,206,,Viitorul Constanta,viitorul constanta,ROU,1,1.5,1.5,1.5,,5.5,3.64,5.5,false,Kassiesa / public UEFA coefficient tables,https://kassiesa.net/uefa/data/method5/trank2021.html
2021,2021/22,216,216,Vojvodina Novi Sad,vojvodina novi sad,SRB,1.5,0.25,,,2,3.75,5.35,5.35,true,Kassiesa / public UEFA coefficient tables,https://kassiesa.net/uefa/data/method5/trank2021.html
2021,2021/22,216,,Radnicki Nis,radnicki nis,SRB,,,1.5,1,,2.5,5.35,5.35,true,Kassiesa / public UEFA coefficient tables,https://kassiesa.net/uefa/data/method5/trank2021.html
2021,2021/22,216,,Cukaricki Belgrade,cukaricki belgrade,SRB,0.5,,,1.5,,2,5.35,5.35,true,Kassiesa / public UEFA coefficient tables,https://kassiesa.net/uefa/data/method5/trank2021.html
2021,2021/22,216,,Spartak Subotica,spartak subotica,SRB,,,2,,,2,5.35,5.35,true,Kassiesa / public UEFA coefficient tables,https://kassiesa.net/uefa/data/method5/trank2021.html
2021,2021/22,216,,TSC Backa Topola,tsc backa topola,SRB,,,,,1.5,1.5,5.35,5.35,true,Kassiesa / public UEFA coefficient tables,https://kassiesa.net/uefa/data/method5/trank2021.html
2021,2021/22,216,,Mladost Lucani,mladost lucani,SRB,,0.25,,,,0.25,5.35,5.35,true,Kassiesa / public UEFA coefficient tables,https://kassiesa.net/uefa/data/method5/trank2021.html
2021,2021/22,222,222,Mladá Boleslav,mladá boleslav,CZE,1,1,,2,,4,5.32,5.32,true,Kassiesa / public UEFA coefficient tables,https://kassiesa.net/uefa/data/method5/trank2021.html
2021,2021/22,222,,Sigma Olomouc,sigma olomouc,CZE,,,2.5,,,2.5,5.32,5.32,true,Kassiesa / public UEFA coefficient tables,https://kassiesa.net/uefa/data/method5/trank2021.html
2021,2021/22,222,,FC Zlin,fc zlin,CZE,,2,,,,2,5.32,5.32,true,Kassiesa / public UEFA coefficient tables,https://kassiesa.net/uefa/data/method5/trank2021.html
2021,2021/22,225,225,Lokomotiva Zagreb,lokomotiva zagreb,CRO,1.5,,,,2,3.5,5.255,5.255,true,Kassiesa / public UEFA coefficient tables,https://kassiesa.net/uefa/data/method5/trank2021.html
2021,2021/22,226,,B36 Torshavn,b36 torshavn,FRO,0.5,0.25,1.5,1,2,5.25,1.225,5.25,false,Kassiesa / public UEFA coefficient tables,https://kassiesa.net/uefa/data/method5/trank2021.html
2021,2021/22,226,,CS Fola Esch,cs fola esch,LUX,0.25,1,1.5,1,1.5,5.25,1.65,5.25,false,Kassiesa / public UEFA coefficient tables,https://kassiesa.net/uefa/data/method5/trank2021.html
2021,2021/22,226,,FK Riteriai,fk riteriai,LTU,0.25,1,1.5,1,1.5,5.25,1.75,5.25,false,Kassiesa / public UEFA coefficient tables,https://kassiesa.net/uefa/data/method5/trank2021.html
2021,2021/22,226,226,KI Klaksvik,ki klaksvik,FRO,,0.25,1,1.5,2.5,5.25,1.225,5.25,false,Kassiesa / public UEFA coefficient tables,https://kassiesa.net/uefa/data/method5/trank2021.html
2021,2021/22,226,,Linfield Belfast,linfield belfast,NIR,0.25,1,,2.5,1.5,5.25,1.391,5.25,false,Kassiesa / public UEFA coefficient tables,https://kassiesa.net/uefa/data/method5/trank2021.html
2021,2021/22,226,,Shakhtior Saligorsk,shakhtior saligorsk,BLR,0.5,0.25,1.5,2,1,5.25,3.05,5.25,false,Kassiesa / public UEFA coefficient tables,https://kassiesa.net/uefa/data/method5/trank2021.html
2021,2021/22,232,232,FC Sankt Gallen,fc sankt gallen,SUI,,,1.5,,2,3.5,5.245,5.245,true,Kassiesa / public UEFA coefficient tables,https://kassiesa.net/uefa/data/method5/trank2021.html
2021,2021/22,232,,FC Thun,fc thun,SUI,,,,2,,2,5.245,5.245,true,Kassiesa / public UEFA coefficient tables,https://kassiesa.net/uefa/data/method5/trank2021.html
2021,2021/22,232,,Grasshoppers Zürich,grasshoppers zürich,SUI,1.5,,,,,1.5,5.245,5.245,true,Kassiesa / public UEFA coefficient tables,https://kassiesa.net/uefa/data/method5/trank2021.html
2021,2021/22,232,,Servette FC Genève,servette fc genève,SUI,,,,,1.5,1.5,5.245,5.245,true,Kassiesa / public UEFA coefficient tables,https://kassiesa.net/uefa/data/method5/trank2021.html
2021,2021/22,232,,FC Sion,fc sion,SUI,,1,,,,1,5.245,5.245,true,Kassiesa / public UEFA coefficient tables,https://kassiesa.net/uefa/data/method5/trank2021.html
2021,2021/22,237,237,Aris Thessaloniki,aris thessaloniki,GRE,,,,2,1.5,3.5,5.2,5.2,true,Kassiesa / public UEFA coefficient tables,https://kassiesa.net/uefa/data/method5/trank2021.html
2021,2021/22,237,,Atromitos FC,atromitos fc,GRE,,,1.5,2,,3.5,5.2,5.2,true,Kassiesa / public UEFA coefficient tables,https://kassiesa.net/uefa/data/method5/trank2021.html
2021,2021/22,237,,Panathinaikos,panathinaikos,GRE,2,1.5,,,,3.5,5.2,5.2,true,Kassiesa / public UEFA coefficient tables,https://kassiesa.net/uefa/data/method5/trank2021.html
2021,2021/22,237,,Asteras Tripolis,asteras tripolis,GRE,,,1.5,,,1.5,5.2,5.2,true,Kassiesa / public UEFA coefficient tables,https://kassiesa.net/uefa/data/method5/trank2021.html
2021,2021/22,237,,OFI Heraklion,ofi heraklion,GRE,,,,,1.5,1.5,5.2,5.2,true,Kassiesa / public UEFA coefficient tables,https://kassiesa.net/uefa/data/method5/trank2021.html
2021,2021/22,237,,Panionios,panionios,GRE,,1,,,,1,5.2,5.2,true,Kassiesa / public UEFA coefficient tables,https://kassiesa.net/uefa/data/method5/trank2021.html
2021,2021/22,237,,PAS Giannina,pas giannina,GRE,1,,,,,1,5.2,5.2,true,Kassiesa / public UEFA coefficient tables,https://kassiesa.net/uefa/data/method5/trank2021.html
2021,2021/22,244,244,Ararat-Armenia,ararat-armenia,ARM,,,,2.5,2.5,5,1.475,5,false,Kassiesa / public UEFA coefficient tables,https://kassiesa.net/uefa/data/method5/trank2021.html
2021,2021/22,244,,DAC Dunajska Streda,dac dunajska streda,SVK,,,1.5,1.5,2,5,2.725,5,false,Kassiesa / public UEFA coefficient tables,https://kassiesa.net/uefa/data/method5/trank2021.html
2021,2021/22,244,,Dynamo Brest,dynamo brest,BLR,,0.5,2,,2.5,5,3.05,5,false,Kassiesa / public UEFA coefficient tables,https://kassiesa.net/uefa/data/method5/trank2021.html
2021,2021/22,244,,FH Hafnarfjardar,fh hafnarfjardar,ISL,1,1.5,1.5,,1,5,0.975,5,false,Kassiesa / public UEFA coefficient tables,https://kassiesa.net/uefa/data/method5/trank2021.html
2021,2021/22,244,,KuPS Kuopio,kups kuopio,FIN,,,1,1.5,2.5,5,1.375,5,false,Kassiesa / public UEFA coefficient tables,https://kassiesa.net/uefa/data/method5/trank2021.html
2021,2021/22,244,,Neftchi Baku,neftchi baku,AZE,0.5,,1,2,1.5,5,3.375,5,false,Kassiesa / public UEFA coefficient tables,https://kassiesa.net/uefa/data/method5/trank2021.html
2021,2021/22,250,250,Maccabi Haifa,maccabi haifa,ISR,0.5,,,1.5,2.5,4.5,4.875,4.875,true,Kassiesa / public UEFA coefficient tables,https://kassiesa.net/uefa/data/method5/trank2021.html
2021,2021/22,250,,Beitar Jerusalem,beitar jerusalem,ISR,1.5,0.5,1,,1,4,4.875,4.875,true,Kassiesa / public UEFA coefficient tables,https://kassiesa.net/uefa/data/method5/trank2021.html
2021,2021/22,250,,Bnei Yehuda,bnei yehuda,ISR,,1,,2.5,,3.5,4.875,4.875,true,Kassiesa / public UEFA coefficient tables,https://kassiesa.net/uefa/data/method5/trank2021.html
2021,2021/22,250,,Hapoel Haifa,hapoel haifa,ISR,,,2,,,2,4.875,4.875,true,Kassiesa / public UEFA coefficient tables,https://kassiesa.net/uefa/data/method5/trank2021.html
2021,2021/22,254,,Connah's Quay,connah's quay,WAL,0.5,0.25,1,1.5,1.5,4.75,1,4.75,false,Kassiesa / public UEFA coefficient tables,https://kassiesa.net/uefa/data/method5/trank2021.html
2021,2021/22,254,254,Shamrock Rovers,shamrock rovers,IRL,0.25,0.5,1,1.5,1.5,4.75,1.575,4.75,false,Kassiesa / public UEFA coefficient tables,https://kassiesa.net/uefa/data/method5/trank2021.html
2021,2021/22,254,,Sutjeska Niksic,sutjeska niksic,MNE,,0.25,1.5,2,1,4.75,1,4.75,false,Kassiesa / public UEFA coefficient tables,https://kassiesa.net/uefa/data/method5/trank2021.html
2021,2021/22,257,,AS Trencín,as trencín,SVK,1.5,0.5,2.5,,,4.5,2.725,4.5,false,Kassiesa / public UEFA coefficient tables,https://kassiesa.net/uefa/data/method5/trank2021.html
2021,2021/22,257,,Cork City,cork city,IRL,1,0.5,2,1,,4.5,1.575,4.5,false,Kassiesa / public UEFA coefficient tables,https://kassiesa.net/uefa/data/method5/trank2021.html
2021,2021/22,257,257,FC Santa Coloma,fc santa coloma,AND,0.5,0.5,1.5,1.5,0.5,4.5,0.666,4.5,false,Kassiesa / public UEFA coefficient tables,https://kassiesa.net/uefa/data/method5/trank2021.html
2021,2021/22,257,,Pyunik Yerevan,pyunik yerevan,ARM,0.25,0.25,2,2,,4.5,1.475,4.5,false,Kassiesa / public UEFA coefficient tables,https://kassiesa.net/uefa/data/method5/trank2021.html
2021,2021/22,261,,Crusaders Belfast,crusaders belfast,NIR,1,0.25,1.5,1.5,,4.25,1.391,4.25,false,Kassiesa / public UEFA coefficient tables,https://kassiesa.net/uefa/data/method5/trank2021.html
2021,2021/22,261,,Partizani Tirana,partizani tirana,ALB,1.5,0.25,1,1.5,,4.25,1.45,4.25,false,Kassiesa / public UEFA coefficient tables,https://kassiesa.net/uefa/data/method5/trank2021.html
2021,2021/22,261,261,Valur Reykjavik,valur reykjavik,ISL,0.25,0.5,2,1.5,,4.25,0.975,4.25,false,Kassiesa / public UEFA coefficient tables,https://kassiesa.net/uefa/data/method5/trank2021.html
2021,2021/22,264,,Sarpsborg 08,sarpsborg 08,NOR,,,4,,,4,4.2,4.2,true,Kassiesa / public UEFA coefficient tables,https://kassiesa.net/uefa/data/method5/trank2021.html
2021,2021/22,264,,FK Haugesund,fk haugesund,NOR,,0.5,,2,,2.5,4.2,4.2,true,Kassiesa / public UEFA coefficient tables,https://kassiesa.net/uefa/data/method5/trank2021.html
2021,2021/22,264,264,Bodø/Glimt,bodø/glimt,NOR,,,,,2,2,4.2,4.2,true,Kassiesa / public UEFA coefficient tables,https://kassiesa.net/uefa/data/method5/trank2021.html
2021,2021/22,264,,Lillestrøm SK,lillestrøm sk,NOR,,,1.5,,,1.5,4.2,4.2,true,Kassiesa / public UEFA coefficient tables,https://kassiesa.net/uefa/data/method5/trank2021.html
2021,2021/22,264,,Odd Grenland,odd grenland,NOR,0.5,1,,,,1.5,4.2,4.2,true,Kassiesa / public UEFA coefficient tables,https://kassiesa.net/uefa/data/method5/trank2021.html
2021,2021/22,264,,SK Brann Bergen,sk brann bergen,NOR,,0.5,,1,,1.5,4.2,4.2,true,Kassiesa / public UEFA coefficient tables,https://kassiesa.net/uefa/data/method5/trank2021.html
2021,2021/22,264,,Viking Stavanger,viking stavanger,NOR,,,,,1.5,1.5,4.2,4.2,true,Kassiesa / public UEFA coefficient tables,https://kassiesa.net/uefa/data/method5/trank2021.html
2021,2021/22,264,,Strømsgodset IF,strømsgodset if,NOR,0.5,,,,,0.5,4.2,4.2,true,Kassiesa / public UEFA coefficient tables,https://kassiesa.net/uefa/data/method5/trank2021.html
2021,2021/22,264,,Stabæk IF,stabæk if,NOR,0.25,,,,,0.25,4.2,4.2,true,Kassiesa / public UEFA coefficient tables,https://kassiesa.net/uefa/data/method5/trank2021.html
2021,2021/22,273,,BK Häcken,bk häcken,SWE,0.5,,1.5,1.5,,3.5,4.1,4.1,true,Kassiesa / public UEFA coefficient tables,https://kassiesa.net/uefa/data/method5/trank2021.html
2021,2021/22,273,273,Djurgårdens IF,djurgårdens if,SWE,,,1.5,,2,3.5,4.1,4.1,true,Kassiesa / public UEFA coefficient tables,https://kassiesa.net/uefa/data/method5/trank2021.html
2021,2021/22,273,,IFK Norrköping,ifk norrköping,SWE,1,0.5,,2,,3.5,4.1,4.1,true,Kassiesa / public UEFA coefficient tables,https://kassiesa.net/uefa/data/method5/trank2021.html
2021,2021/22,273,,IFK Göteborg,ifk göteborg,SWE,1.5,,,,1.5,3,4.1,4.1,true,Kassiesa / public UEFA coefficient tables,https://kassiesa.net/uefa/data/method5/trank2021.html
2021,2021/22,273,,Hammarby IF,hammarby if,SWE,,,,,1.5,1.5,4.1,4.1,true,Kassiesa / public UEFA coefficient tables,https://kassiesa.net/uefa/data/method5/trank2021.html
2021,2021/22,278,,Levski Sofia,levski sofia,BUL,0.5,0.5,1,1.5,,3.5,4.075,4.075,true,Kassiesa / public UEFA coefficient tables,https://kassiesa.net/uefa/data/method5/trank2021.html
2021,2021/22,278,278,Lokomotiv Plovdiv,lokomotiv plovdiv,BUL,,,,2,1.5,3.5,4.075,4.075,true,Kassiesa / public UEFA coefficient tables,https://kassiesa.net/uefa/data/method5/trank2021.html
2021,2021/22,278,,Slavia Sofia,slavia sofia,BUL,0.25,,1.5,,1,2.75,4.075,4.075,true,Kassiesa / public UEFA coefficient tables,https://kassiesa.net/uefa/data/method5/trank2021.html
2021,2021/22,278,,Botev Plovdiv,botev plovdiv,BUL,,1,,,,1,4.075,4.075,true,Kassiesa / public UEFA coefficient tables,https://kassiesa.net/uefa/data/method5/trank2021.html
2021,2021/22,278,,FC Beroe Stara Zagora,fc beroe stara zagora,BUL,0.5,,,,,0.5,4.075,4.075,true,Kassiesa / public UEFA coefficient tables,https://kassiesa.net/uefa/data/method5/trank2021.html
2021,2021/22,278,,Dunav Ruse,dunav ruse,BUL,,0.25,,,,0.25,4.075,4.075,true,Kassiesa / public UEFA coefficient tables,https://kassiesa.net/uefa/data/method5/trank2021.html
2021,2021/22,284,,Europa FC,europa fc,GIB,0.5,0.5,0.5,1,1.5,4,1.133,4,false,Kassiesa / public UEFA coefficient tables,https://kassiesa.net/uefa/data/method5/trank2021.html
2021,2021/22,284,,FK Liepaja,fk liepaja,LVA,1,0.5,1,1.5,,4,1.475,4,false,Kassiesa / public UEFA coefficient tables,https://kassiesa.net/uefa/data/method5/trank2021.html
2021,2021/22,284,,KF Laçi,kf laçi,ALB,,,1.5,1,1.5,4,1.45,4,false,Kassiesa / public UEFA coefficient tables,https://kassiesa.net/uefa/data/method5/trank2021.html
2021,2021/22,284,284,Piast Gliwice,piast gliwice,POL,0.5,,,1.5,2,4,3.025,4,false,Kassiesa / public UEFA coefficient tables,https://kassiesa.net/uefa/data/method5/trank2021.html
2021,2021/22,284,,Skënderbeu Korçë,skënderbeu korçë,ALB,,4,,,,4,1.45,4,false,Kassiesa / public UEFA coefficient tables,https://kassiesa.net/uefa/data/method5/trank2021.html
2021,2021/22,284,,Vardar Skopje,vardar skopje,MKD,1,2,1,,,4,1.525,4,false,Kassiesa / public UEFA coefficient tables,https://kassiesa.net/uefa/data/method5/trank2021.html
2021,2021/22,290,290,Hibernians FC,hibernians fc,MLT,0.25,1,,1,1.5,3.75,1.275,3.75,false,Kassiesa / public UEFA coefficient tables,https://kassiesa.net/uefa/data/method5/trank2021.html
2021,2021/22,290,,Levadia Tallinn,levadia tallinn,EST,0.5,0.25,1,1,1,3.75,0.95,3.75,false,Kassiesa / public UEFA coefficient tables,https://kassiesa.net/uefa/data/method5/trank2021.html
2021,2021/22,290,,Torpedo Kutaisi,torpedo kutaisi,GEO,,0.25,2.5,1,,3.75,1.375,3.75,false,Kassiesa / public UEFA coefficient tables,https://kassiesa.net/uefa/data/method5/trank2021.html
2021,2021/22,293,293,FC Botosani,fc botosani,ROU,,,,,1.5,1.5,3.64,3.64,true,Kassiesa / public UEFA coefficient tables,https://kassiesa.net/uefa/data/method5/trank2021.html
2021,2021/22,293,,Dinamo Bucuresti,dinamo bucuresti,ROU,,1,,,,1,3.64,3.64,true,Kassiesa / public UEFA coefficient tables,https://kassiesa.net/uefa/data/method5/trank2021.html
2021,2021/22,293,,Pandurii Târgu Jiu,pandurii târgu jiu,ROU,1,,,,,1,3.64,3.64,true,Kassiesa / public UEFA coefficient tables,https://kassiesa.net/uefa/data/method5/trank2021.html
2021,2021/22,293,,CSMS Iasi,csms iasi,ROU,0.5,,,,,0.5,3.64,3.64,true,Kassiesa / public UEFA coefficient tables,https://kassiesa.net/uefa/data/method5/trank2021.html
2021,2021/22,297,,Chikhura Sachkhere,chikhura sachkhere,GEO,0.25,0.25,1.5,1.5,,3.5,1.375,3.5,false,Kassiesa / public UEFA coefficient tables,https://kassiesa.net/uefa/data/method5/trank2021.html
2021,2021/22,297,297,FC Drita,fc drita,KOS,,,1.5,,2,3.5,1.166,3.5,false,Kassiesa / public UEFA coefficient tables,https://kassiesa.net/uefa/data/method5/trank2021.html
2021,2021/22,297,,KR Reykjavik,kr reykjavik,ISL,0.5,0.5,,1,1.5,3.5,0.975,3.5,false,Kassiesa / public UEFA coefficient tables,https://kassiesa.net/uefa/data/method5/trank2021.html
2021,2021/22,297,,OFK Titograd,ofk titograd,MNE,1,0.5,1,1,,3.5,1,3.5,false,Kassiesa / public UEFA coefficient tables,https://kassiesa.net/uefa/data/method5/trank2021.html
2021,2021/22,301,301,Kesla FK,kesla fk,AZE,,0.5,1,,1,2.5,3.375,3.375,true,Kassiesa / public UEFA coefficient tables,https://kassiesa.net/uefa/data/method5/trank2021.html
2021,2021/22,301,,Sabail FK,sabail fk,AZE,,,,1,,1,3.375,3.375,true,Kassiesa / public UEFA coefficient tables,https://kassiesa.net/uefa/data/method5/trank2021.html
2021,2021/22,301,,Sumgayit FK,sumgayit fk,AZE,,,,,1,1,3.375,3.375,true,Kassiesa / public UEFA coefficient tables,https://kassiesa.net/uefa/data/method5/trank2021.html
2021,2021/22,301,,Kapaz Ganja,kapaz ganja,AZE,0.5,,,,,0.5,3.375,3.375,true,Kassiesa / public UEFA coefficient tables,https://kassiesa.net/uefa/data/method5/trank2021.html
2021,2021/22,301,,Zira FK,zira fk,AZE,,0.5,,,,0.5,3.375,3.375,true,Kassiesa / public UEFA coefficient tables,https://kassiesa.net/uefa/data/method5/trank2021.html
2021,2021/22,306,306,La Fiorita,la fiorita,SMR,0.25,0.5,1.5,0.5,0.5,3.25,0.233,3.25,false,Kassiesa / public UEFA coefficient tables,https://kassiesa.net/uefa/data/method5/trank2021.html
2021,2021/22,306,,Spartaks Jurmala,spartaks jurmala,LVA,0.25,1,2,,,3.25,1.475,3.25,false,Kassiesa / public UEFA coefficient tables,https://kassiesa.net/uefa/data/method5/trank2021.html
2021,2021/22,306,,Stjarnan FC,stjarnan fc,ISL,,0.25,1.5,1.5,,3.25,0.975,3.25,false,Kassiesa / public UEFA coefficient tables,https://kassiesa.net/uefa/data/method5/trank2021.html
2021,2021/22,309,,Ordabasy Shymkent,ordabasy shymkent,KAZ,0.25,0.25,,1.5,1,3,3.125,3.125,true,Kassiesa / public UEFA coefficient tables,https://kassiesa.net/uefa/data/method5/trank2021.html
2021,2021/22,309,,Tobol Kustanai,tobol kustanai,KAZ,,,1.5,1,,2.5,3.125,3.125,true,Kassiesa / public UEFA coefficient tables,https://kassiesa.net/uefa/data/method5/trank2021.html
2021,2021/22,309,,Irtysh Pavlodar,irtysh pavlodar,KAZ,,0.5,1,,,1.5,3.125,3.125,true,Kassiesa / public UEFA coefficient tables,https://kassiesa.net/uefa/data/method5/trank2021.html
2021,2021/22,309,309,Kaysar Kyzylorda,kaysar kyzylorda,KAZ,,,,,1.5,1.5,3.125,3.125,true,Kassiesa / public UEFA coefficient tables,https://kassiesa.net/uefa/data/method5/trank2021.html
2021,2021/22,309,,FK Aktobe,fk aktobe,KAZ,0.25,,,,,0.25,3.125,3.125,true,Kassiesa / public UEFA coefficient tables,https://kassiesa.net/uefa/data/method5/trank2021.html
2021,2021/22,314,,DVSC Debrecen,dvsc debrecen,HUN,0.5,,,1.5,,2,3.1,3.1,true,Kassiesa / public UEFA coefficient tables,https://kassiesa.net/uefa/data/method5/trank2021.html
2021,2021/22,314,,Újpest TE,újpest te,HUN,,,1.5,,,1.5,3.1,3.1,true,Kassiesa / public UEFA coefficient tables,https://kassiesa.net/uefa/data/method5/trank2021.html
2021,2021/22,314,314,Puskás Akadémia,puskás akadémia,HUN,,,,,1,1,3.1,3.1,true,Kassiesa / public UEFA coefficient tables,https://kassiesa.net/uefa/data/method5/trank2021.html
2021,2021/22,314,,MTK Budapest,mtk budapest,HUN,0.5,,,,,0.5,3.1,3.1,true,Kassiesa / public UEFA coefficient tables,https://kassiesa.net/uefa/data/method5/trank2021.html
2021,2021/22,314,,Vasas Budapest,vasas budapest,HUN,,0.25,,,,0.25,3.1,3.1,true,Kassiesa / public UEFA coefficient tables,https://kassiesa.net/uefa/data/method5/trank2021.html
2021,2021/22,319,319,FC Vitebsk,fc vitebsk,BLR,,,,1,,1,3.05,3.05,true,Kassiesa / public UEFA coefficient tables,https://kassiesa.net/uefa/data/method5/trank2021.html
2021,2021/22,319,,Torpedo Zhodino,torpedo zhodino,BLR,1,,,,,1,3.05,3.05,true,Kassiesa / public UEFA coefficient tables,https://kassiesa.net/uefa/data/method5/trank2021.html
2021,2021/22,321,,Jagiellonia Bialystok,jagiellonia bialystok,POL,,0.5,2,,,2.5,3.025,3.025,true,Kassiesa / public UEFA coefficient tables,https://kassiesa.net/uefa/data/method5/trank2021.html
2021,2021/22,321,321,Cracovia Kraków,cracovia kraków,POL,0.25,,,1,1,2.25,3.025,3.025,true,Kassiesa / public UEFA coefficient tables,https://kassiesa.net/uefa/data/method5/trank2021.html
2021,2021/22,321,,Górnik Zabrze,górnik zabrze,POL,,,1.5,,,1.5,3.025,3.025,true,Kassiesa / public UEFA coefficient tables,https://kassiesa.net/uefa/data/method5/trank2021.html
2021,2021/22,321,,Lechia Gdansk,lechia gdansk,POL,,,,1.5,,1.5,3.025,3.025,true,Kassiesa / public UEFA coefficient tables,https://kassiesa.net/uefa/data/method5/trank2021.html
2021,2021/22,321,,Arka Gdynia,arka gdynia,POL,,1,,,,1,3.025,3.025,true,Kassiesa / public UEFA coefficient tables,https://kassiesa.net/uefa/data/method5/trank2021.html
2021,2021/22,321,,Zaglebie Lubin,zaglebie lubin,POL,1,,,,,1,3.025,3.025,true,Kassiesa / public UEFA coefficient tables,https://kassiesa.net/uefa/data/method5/trank2021.html
2021,2021/22,327,,Balzan FC,balzan fc,MLT,0.25,0.25,1.5,1,,3,1.275,3,false,Kassiesa / public UEFA coefficient tables,https://kassiesa.net/uefa/data/method5/trank2021.html
2021,2021/22,327,,FK Shkupi,fk shkupi,MKD,,,1,1,1,3,1.525,3,false,Kassiesa / public UEFA coefficient tables,https://kassiesa.net/uefa/data/method5/trank2021.html
2021,2021/22,327,,MFK Ruzomberok,mfk ruzomberok,SVK,,1,,1,1,3,2.725,3,false,Kassiesa / public UEFA coefficient tables,https://kassiesa.net/uefa/data/method5/trank2021.html
2021,2021/22,327,327,Mura Murska Sobota,mura murska sobota,SVN,,,,1,2,3,2.85,3,false,Kassiesa / public UEFA coefficient tables,https://kassiesa.net/uefa/data/method5/trank2021.html
2021,2021/22,327,,NSI Runavik,nsi runavik,FRO,0.25,0.25,1,0.5,1,3,1.225,3,false,Kassiesa / public UEFA coefficient tables,https://kassiesa.net/uefa/data/method5/trank2021.html
2021,2021/22,327,,Petrocub Hîncesti,petrocub hîncesti,MDA,,,1,1,1,3,1.375,3,false,Kassiesa / public UEFA coefficient tables,https://kassiesa.net/uefa/data/method5/trank2021.html
2021,2021/22,327,,Saburtalo Tbilisi,saburtalo tbilisi,GEO,,,,2,1,3,1.375,3,false,Kassiesa / public UEFA coefficient tables,https://kassiesa.net/uefa/data/method5/trank2021.html
2021,2021/22,327,,Tre Fiori,tre fiori,SMR,,,1,0.5,1.5,3,0.233,3,false,Kassiesa / public UEFA coefficient tables,https://kassiesa.net/uefa/data/method5/trank2021.html
2021,2021/22,327,,Zeljeznicar Sarajevo,zeljeznicar sarajevo,BIH,,0.5,1.5,,1,3,1.6,3,false,Kassiesa / public UEFA coefficient tables,https://kassiesa.net/uefa/data/method5/trank2021.html
2021,2021/22,336,336,NK Celje,nk celje,SVN,,,,,2,2,2.85,2.85,true,Kassiesa / public UEFA coefficient tables,https://kassiesa.net/uefa/data/method5/trank2021.html
2021,2021/22,336,,Rudar Velenje,rudar velenje,SVN,,,1.5,,,1.5,2.85,2.85,true,Kassiesa / public UEFA coefficient tables,https://kassiesa.net/uefa/data/method5/trank2021.html
2021,2021/22,336,,Nova Gorica,nova gorica,SVN,0.25,0.5,,,,0.75,2.85,2.85,true,Kassiesa / public UEFA coefficient tables,https://kassiesa.net/uefa/data/method5/trank2021.html
2021,2021/22,339,,Coleraine,coleraine,NIR,,0.25,1,,1.5,2.75,1.391,2.75,false,Kassiesa / public UEFA coefficient tables,https://kassiesa.net/uefa/data/method5/trank2021.html
2021,2021/22,339,339,KF Tirana,kf tirana,ALB,,0.25,,,2.5,2.75,1.45,2.75,false,Kassiesa / public UEFA coefficient tables,https://kassiesa.net/uefa/data/method5/trank2021.html
2021,2021/22,339,,Siroki Brijeg,siroki brijeg,BIH,0.25,0.5,1,1,,2.75,1.6,2.75,false,Kassiesa / public UEFA coefficient tables,https://kassiesa.net/uefa/data/method5/trank2021.html
2021,2021/22,339,,Teuta Durrës,teuta durrës,ALB,0.25,,,1,1.5,2.75,1.45,2.75,false,Kassiesa / public UEFA coefficient tables,https://kassiesa.net/uefa/data/method5/trank2021.html
2021,2021/22,339,,Tre Penne,tre penne,SMR,0.5,0.25,,1.5,0.5,2.75,0.233,2.75,false,Kassiesa / public UEFA coefficient tables,https://kassiesa.net/uefa/data/method5/trank2021.html
2021,2021/22,339,,Víkingur,víkingur,FRO,0.25,1,1.5,,,2.75,1.225,2.75,false,Kassiesa / public UEFA coefficient tables,https://kassiesa.net/uefa/data/method5/trank2021.html
2021,2021/22,345,345,MSK Zilina,msk zilina,SVK,,1,,,1,2,2.725,2.725,true,Kassiesa / public UEFA coefficient tables,https://kassiesa.net/uefa/data/method5/trank2021.html
2021,2021/22,345,,Spartak Myjava,spartak myjava,SVK,0.25,,,,,0.25,2.725,2.725,true,Kassiesa / public UEFA coefficient tables,https://kassiesa.net/uefa/data/method5/trank2021.html
2021,2021/22,347,347,Bala Town,bala town,WAL,0.25,0.25,0.5,,1.5,2.5,1,2.5,false,Kassiesa / public UEFA coefficient tables,https://kassiesa.net/uefa/data/method5/trank2021.html
2021,2021/22,347,,Cliftonville,cliftonville,NIR,0.5,,1,1,,2.5,1.391,2.5,false,Kassiesa / public UEFA coefficient tables,https://kassiesa.net/uefa/data/method5/trank2021.html
2021,2021/22,347,,Gzira United,gzira united,MLT,,,1,1.5,,2.5,1.275,2.5,false,Kassiesa / public UEFA coefficient tables,https://kassiesa.net/uefa/data/method5/trank2021.html
2021,2021/22,347,,UE Engordany,ue engordany,AND,,,1,1,0.5,2.5,0.666,2.5,false,Kassiesa / public UEFA coefficient tables,https://kassiesa.net/uefa/data/method5/trank2021.html
2021,2021/22,351,,Breidablik,breidablik,ISL,0.25,,,1,1,2.25,0.975,2.25,false,Kassiesa / public UEFA coefficient tables,https://kassiesa.net/uefa/data/method5/trank2021.html
2021,2021/22,351,,Derry City,derry city,IRL,,0.25,1,,1,2.25,1.575,2.25,false,Kassiesa / public UEFA coefficient tables,https://kassiesa.net/uefa/data/method5/trank2021.html
2021,2021/22,351,,FC Prishtina,fc prishtina,KOS,,0.25,1,0.5,0.5,2.25,1.166,2.25,false,Kassiesa / public UEFA coefficient tables,https://kassiesa.net/uefa/data/method5/trank2021.html
2021,2021/22,351,351,Floriana,floriana,MLT,,0.25,,,2,2.25,1.275,2.25,false,Kassiesa / public UEFA coefficient tables,https://kassiesa.net/uefa/data/method5/trank2021.html
2021,2021/22,351,,HB Torshavn,hb torshavn,FRO,0.25,,,1.5,0.5,2.25,1.225,2.25,false,Kassiesa / public UEFA coefficient tables,https://kassiesa.net/uefa/data/method5/trank2021.html
2021,2021/22,351,,Milsami Orhei,milsami orhei,MDA,,0.25,1,1,,2.25,1.375,2.25,false,Kassiesa / public UEFA coefficient tables,https://kassiesa.net/uefa/data/method5/trank2021.html
2021,2021/22,351,,Samtredia,samtredia,GEO,0.25,1,1,,,2.25,1.375,2.25,false,Kassiesa / public UEFA coefficient tables,https://kassiesa.net/uefa/data/method5/trank2021.html
2021,2021/22,351,,St Joseph's FC,st joseph's fc,GIB,,0.25,0.5,1,0.5,2.25,1.133,2.25,false,Kassiesa / public UEFA coefficient tables,https://kassiesa.net/uefa/data/method5/trank2021.html
2021,2021/22,351,,Urartu FC,urartu fc,ARM,0.25,,1,1,,2.25,1.475,2.25,false,Kassiesa / public UEFA coefficient tables,https://kassiesa.net/uefa/data/method5/trank2021.html
2021,2021/22,351,,Zeta Golubovci,zeta golubovci,MNE,,0.25,,1,1,2.25,1,2.25,false,Kassiesa / public UEFA coefficient tables,https://kassiesa.net/uefa/data/method5/trank2021.html
2021,2021/22,361,,Ilves Tampere,ilves tampere,FIN,,,1,,1,2,1.375,2,false,Kassiesa / public UEFA coefficient tables,https://kassiesa.net/uefa/data/method5/trank2021.html
2021,2021/22,361,,Inter Turku,inter turku,FIN,,,,1,1,2,1.375,2,false,Kassiesa / public UEFA coefficient tables,https://kassiesa.net/uefa/data/method5/trank2021.html
2021,2021/22,361,,Kauno Zalgiris,kauno zalgiris,LTU,,,,1,1,2,1.75,2,false,Kassiesa / public UEFA coefficient tables,https://kassiesa.net/uefa/data/method5/trank2021.html
2021,2021/22,361,361,Lokomotivi Tbilisi,lokomotivi tbilisi,GEO,,,,,2,2,1.375,2,false,Kassiesa / public UEFA coefficient tables,https://kassiesa.net/uefa/data/method5/trank2021.html
2021,2021/22,361,,RFS Riga,rfs riga,LVA,,,,1,1,2,1.475,2,false,Kassiesa / public UEFA coefficient tables,https://kassiesa.net/uefa/data/method5/trank2021.html
2021,2021/22,361,,Trans Narva,trans narva,EST,,,1,1,,2,0.95,2,false,Kassiesa / public UEFA coefficient tables,https://kassiesa.net/uefa/data/method5/trank2021.html
2021,2021/22,367,,Jeunesse d'Esch,jeunesse d'esch,LUX,0.25,,,1.5,,1.75,1.65,1.75,false,Kassiesa / public UEFA coefficient tables,https://kassiesa.net/uefa/data/method5/trank2021.html
2021,2021/22,367,,Rabotnicki Skopje,rabotnicki skopje,MKD,0.25,0.5,1,,,1.75,1.525,1.75,false,Kassiesa / public UEFA coefficient tables,https://kassiesa.net/uefa/data/method5/trank2021.html
2021,2021/22,367,,Shirak Gyumri,shirak gyumri,ARM,0.5,0.25,,,1,1.75,1.475,1.75,false,Kassiesa / public UEFA coefficient tables,https://kassiesa.net/uefa/data/method5/trank2021.html
2021,2021/22,367,367,Sileks Kratovo,sileks kratovo,MKD,0.25,,,,1.5,1.75,1.525,1.75,false,Kassiesa / public UEFA coefficient tables,https://kassiesa.net/uefa/data/method5/trank2021.html
2021,2021/22,367,,Zaria Balti,zaria balti,MDA,0.25,0.5,1,,,1.75,1.375,1.75,false,Kassiesa / public UEFA coefficient tables,https://kassiesa.net/uefa/data/method5/trank2021.html
2021,2021/22,367,,Stumbras Kaunas,stumbras kaunas,LTU,,,1,,,1,1.75,1.75,true,Kassiesa / public UEFA coefficient tables,https://kassiesa.net/uefa/data/method5/trank2021.html
2021,2021/22,367,,Atlantas Klaipeda,atlantas klaipeda,LTU,0.25,0.25,,,,0.5,1.75,1.75,true,Kassiesa / public UEFA coefficient tables,https://kassiesa.net/uefa/data/method5/trank2021.html
2021,2021/22,374,374,Differdange 03,differdange 03,LUX,0.25,0.25,,,1,1.5,1.65,1.65,true,Kassiesa / public UEFA coefficient tables,https://kassiesa.net/uefa/data/method5/trank2021.html
2021,2021/22,374,,Racing Union Luxembourg,racing union luxembourg,LUX,,,1,,,1,1.65,1.65,true,Kassiesa / public UEFA coefficient tables,https://kassiesa.net/uefa/data/method5/trank2021.html
2021,2021/22,374,,Union Titus Pétange,union titus pétange,LUX,,,,,1,1,1.65,1.65,true,Kassiesa / public UEFA coefficient tables,https://kassiesa.net/uefa/data/method5/trank2021.html
2021,2021/22,377,377,Borac Banja Luka,borac banja luka,BIH,,,,,1.5,1.5,1.6,1.6,true,Kassiesa / public UEFA coefficient tables,https://kassiesa.net/uefa/data/method5/trank2021.html
2021,2021/22,377,,Radnik Bijeljina,radnik bijeljina,BIH,0.25,,,1,,1.25,1.6,1.6,true,Kassiesa / public UEFA coefficient tables,https://kassiesa.net/uefa/data/method5/trank2021.html
2021,2021/22,377,,Sloboda Tuzla,sloboda tuzla,BIH,0.25,,,,,0.25,1.6,1.6,true,Kassiesa / public UEFA coefficient tables,https://kassiesa.net/uefa/data/method5/trank2021.html
2021,2021/22,380,,St. Patrick's Athletic,st. patrick's athletic,IRL,0.5,,,1,,1.5,1.575,1.575,true,Kassiesa / public UEFA coefficient tables,https://kassiesa.net/uefa/data/method5/trank2021.html
2021,2021/22,380,380,Bohemians Dublin,bohemians dublin,IRL,,,,,1,1,1.575,1.575,true,Kassiesa / public UEFA coefficient tables,https://kassiesa.net/uefa/data/method5/trank2021.html
2021,2021/22,382,382,Renova Dzepciste,renova dzepciste,MKD,,,,,1.5,1.5,1.525,1.525,true,Kassiesa / public UEFA coefficient tables,https://kassiesa.net/uefa/data/method5/trank2021.html
2021,2021/22,382,,Akademija Pandev,akademija pandev,MKD,,,,1,,1,1.525,1.525,true,Kassiesa / public UEFA coefficient tables,https://kassiesa.net/uefa/data/method5/trank2021.html
2021,2021/22,382,,Makedonija GjP,makedonija gjp,MKD,,,,1,,1,1.525,1.525,true,Kassiesa / public UEFA coefficient tables,https://kassiesa.net/uefa/data/method5/trank2021.html
2021,2021/22,382,,Pelister Bitola,pelister bitola,MKD,,0.25,,,,0.25,1.525,1.525,true,Kassiesa / public UEFA coefficient tables,https://kassiesa.net/uefa/data/method5/trank2021.html
2021,2021/22,386,,Birkirkara,birkirkara,MLT,1,,0.5,,,1.5,1.275,1.5,false,Kassiesa / public UEFA coefficient tables,https://kassiesa.net/uefa/data/method5/trank2021.html
2021,2021/22,386,,Feronikeli,feronikeli,KOS,,,,1.5,,1.5,1.166,1.5,false,Kassiesa / public UEFA coefficient tables,https://kassiesa.net/uefa/data/method5/trank2021.html
2021,2021/22,386,,Inter Club d'Escaldes,inter club d'escaldes,AND,,,,,1.5,1.5,0.666,1.5,false,Kassiesa / public UEFA coefficient tables,https://kassiesa.net/uefa/data/method5/trank2021.html
2021,2021/22,386,,RoPS Rovaniemi,rops rovaniemi,FIN,0.5,,,1,,1.5,1.375,1.5,false,Kassiesa / public UEFA coefficient tables,https://kassiesa.net/uefa/data/method5/trank2021.html
2021,2021/22,386,386,Sfântul Gheorghe,sfântul gheorghe,MDA,,,,,1.5,1.5,1.375,1.5,false,Kassiesa / public UEFA coefficient tables,https://kassiesa.net/uefa/data/method5/trank2021.html
2021,2021/22,391,,FK Jelgava,fk jelgava,LVA,1,0.25,,,,1.25,1.475,1.475,true,Kassiesa / public UEFA coefficient tables,https://kassiesa.net/uefa/data/method5/trank2021.html
2021,2021/22,391,,Gandzasar Kapan,gandzasar kapan,ARM,,0.25,1,,,1.25,1.475,1.475,true,Kassiesa / public UEFA coefficient tables,https://kassiesa.net/uefa/data/method5/trank2021.html
2021,2021/22,391,391,FC Noah,fc noah,ARM,,,,,1,1,1.475,1.475,true,Kassiesa / public UEFA coefficient tables,https://kassiesa.net/uefa/data/method5/trank2021.html
2021,2021/22,391,,Valmieras FK,valmieras fk,LVA,,,,,1,1,1.475,1.475,true,Kassiesa / public UEFA coefficient tables,https://kassiesa.net/uefa/data/method5/trank2021.html
2021,2021/22,395,395,Luftëtari Gjirokastër,luftëtari gjirokastër,ALB,,,1,,,1,1.45,1.45,true,Kassiesa / public UEFA coefficient tables,https://kassiesa.net/uefa/data/method5/trank2021.html
2021,2021/22,396,,Ballymena United,ballymena united,NIR,,0.25,,1,,1.25,1.391,1.391,true,Kassiesa / public UEFA coefficient tables,https://kassiesa.net/uefa/data/method5/trank2021.html
2021,2021/22,396,,Glenavon,glenavon,NIR,0.25,,1,,,1.25,1.391,1.391,true,Kassiesa / public UEFA coefficient tables,https://kassiesa.net/uefa/data/method5/trank2021.html
2021,2021/22,396,396,Glentoran,glentoran,NIR,,,,,1,1,1.391,1.391,true,Kassiesa / public UEFA coefficient tables,https://kassiesa.net/uefa/data/method5/trank2021.html
2021,2021/22,399,399,Dinamo Batumi,dinamo batumi,GEO,,0.25,,,1,1.25,1.375,1.375,true,Kassiesa / public UEFA coefficient tables,https://kassiesa.net/uefa/data/method5/trank2021.html
2021,2021/22,399,,IFK Mariehamn,ifk mariehamn,FIN,0.25,1,,,,1.25,1.375,1.375,true,Kassiesa / public UEFA coefficient tables,https://kassiesa.net/uefa/data/method5/trank2021.html
2021,2021/22,399,,SJK Seinäjoki,sjk seinäjoki,FIN,1,0.25,,,,1.25,1.375,1.375,true,Kassiesa / public UEFA coefficient tables,https://kassiesa.net/uefa/data/method5/trank2021.html
2021,2021/22,399,,Dinamo-Auto Tiraspol,dinamo-auto tiraspol,MDA,,,,,1,1,1.375,1.375,true,Kassiesa / public UEFA coefficient tables,https://kassiesa.net/uefa/data/method5/trank2021.html
2021,2021/22,399,,FC Lahti,fc lahti,FIN,,,1,,,1,1.375,1.375,true,Kassiesa / public UEFA coefficient tables,https://kassiesa.net/uefa/data/method5/trank2021.html
2021,2021/22,399,,Honka Espoo,honka espoo,FIN,,,,,1,1,1.375,1.375,true,Kassiesa / public UEFA coefficient tables,https://kassiesa.net/uefa/data/method5/trank2021.html
2021,2021/22,399,,Speranta Nisporeni,speranta nisporeni,MDA,,,,1,,1,1.375,1.375,true,Kassiesa / public UEFA coefficient tables,https://kassiesa.net/uefa/data/method5/trank2021.html
2021,2021/22,399,,Dacia Chisinau,dacia chisinau,MDA,0.25,0.25,,,,0.5,1.375,1.375,true,Kassiesa / public UEFA coefficient tables,https://kassiesa.net/uefa/data/method5/trank2021.html
2021,2021/22,399,,VPS Vaasa,vps vaasa,FIN,,0.5,,,,0.5,1.375,1.375,true,Kassiesa / public UEFA coefficient tables,https://kassiesa.net/uefa/data/method5/trank2021.html
2021,2021/22,399,,Zimbru Chisinau,zimbru chisinau,MDA,0.5,,,,,0.5,1.375,1.375,true,Kassiesa / public UEFA coefficient tables,https://kassiesa.net/uefa/data/method5/trank2021.html
2021,2021/22,399,,Dila Gori,dila gori,GEO,0.25,,,,,0.25,1.375,1.375,true,Kassiesa / public UEFA coefficient tables,https://kassiesa.net/uefa/data/method5/trank2021.html
2021,2021/22,410,410,Sirens FC,sirens fc,MLT,,,,,1,1,1.275,1.275,true,Kassiesa / public UEFA coefficient tables,https://kassiesa.net/uefa/data/method5/trank2021.html
2021,2021/22,411,,Rudar Pljevlja,rudar pljevlja,MNE,0.25,,1,,,1.25,1,1.25,false,Kassiesa / public UEFA coefficient tables,https://kassiesa.net/uefa/data/method5/trank2021.html
2021,2021/22,411,411,Sant Julià,sant julià,AND,,0.25,0.5,0.5,,1.25,0.666,1.25,false,Kassiesa / public UEFA coefficient tables,https://kassiesa.net/uefa/data/method5/trank2021.html
2021,2021/22,413,413,SC Gjilani,sc gjilani,KOS,,,,,1,1,1.166,1.166,true,Kassiesa / public UEFA coefficient tables,https://kassiesa.net/uefa/data/method5/trank2021.html
2021,2021/22,413,,Trepça'89,trepça'89,KOS,,0.5,,,,0.5,1.166,1.166,true,Kassiesa / public UEFA coefficient tables,https://kassiesa.net/uefa/data/method5/trank2021.html
2021,2021/22,415,,Barry Town,barry town,WAL,,,,0.5,0.5,1,1,1,false,Kassiesa / public UEFA coefficient tables,https://kassiesa.net/uefa/data/method5/trank2021.html
2021,2021/22,415,,Folgore,folgore,SMR,0.25,0.25,0.5,,,1,0.233,1,false,Kassiesa / public UEFA coefficient tables,https://kassiesa.net/uefa/data/method5/trank2021.html
2021,2021/22,415,,IBV Vestmannaeyjar,ibv vestmannaeyjar,ISL,,,1,,,1,0.975,1,false,Kassiesa / public UEFA coefficient tables,https://kassiesa.net/uefa/data/method5/trank2021.html
2021,2021/22,415,415,Iskra Danilovgrad,iskra danilovgrad,MNE,,,,,1,1,1,1,false,Kassiesa / public UEFA coefficient tables,https://kassiesa.net/uefa/data/method5/trank2021.html
2021,2021/22,415,,Paide Linnameeskond,paide linnameeskond,EST,,,,,1,1,0.95,1,false,Kassiesa / public UEFA coefficient tables,https://kassiesa.net/uefa/data/method5/trank2021.html
2021,2021/22,415,,Vikingur Reykjavik,vikingur reykjavik,ISL,,,,,1,1,0.975,1,false,Kassiesa / public UEFA coefficient tables,https://kassiesa.net/uefa/data/method5/trank2021.html
2021,2021/22,415,,Cardiff MU,cardiff mu,WAL,,,,0.5,,0.5,1,1,true,Kassiesa / public UEFA coefficient tables,https://kassiesa.net/uefa/data/method5/trank2021.html
2021,2021/22,415,,Cefn Druids,cefn druids,WAL,,,0.5,,,0.5,1,1,true,Kassiesa / public UEFA coefficient tables,https://kassiesa.net/uefa/data/method5/trank2021.html
2021,2021/22,415,,Bangor City,bangor city,WAL,,0.25,,,,0.25,1,1,true,Kassiesa / public UEFA coefficient tables,https://kassiesa.net/uefa/data/method5/trank2021.html
2021,2021/22,415,,Bokelj Kotor,bokelj kotor,MNE,0.25,,,,,0.25,1,1,true,Kassiesa / public UEFA coefficient tables,https://kassiesa.net/uefa/data/method5/trank2021.html
2021,2021/22,415,,Llandudno FC,llandudno fc,WAL,0.25,,,,,0.25,1,1,true,Kassiesa / public UEFA coefficient tables,https://kassiesa.net/uefa/data/method5/trank2021.html
2021,2021/22,426,426,FCI Tallinn,fci tallinn,EST,0.25,0.5,,,,0.75,0.95,0.95,true,Kassiesa / public UEFA coefficient tables,https://kassiesa.net/uefa/data/method5/trank2021.html
2021,2021/22,427,427,UE Santa Coloma,ue santa coloma,AND,0.25,0.25,,,,0.5,0.666,0.666,true,Kassiesa / public UEFA coefficient tables,https://kassiesa.net/uefa/data/method5/trank2021.html
2021,2021/22,427,,FC Lusitanos,fc lusitanos,AND,0.25,,,,,0.25,0.666,0.666,true,Kassiesa / public UEFA coefficient tables,https://kassiesa.net/uefa/data/method5/trank2021.html
2022,2022/23,1,1,Bayern München,bayern münchen,GER,29,20,36,27,26,138,15.042,138,false,Kassiesa / public UEFA coefficient tables,https://kassiesa.net/uefa/data/method5/trank2022.html
2022,2022/23,2,2,Liverpool,liverpool,ENG,30,29,18,24,33,134,21.328,134,false,Kassiesa / public UEFA coefficient tables,https://kassiesa.net/uefa/data/method5/trank2022.html
2022,2022/23,2,,Manchester City,manchester city,ENG,22,25,25,35,27,134,21.328,134,false,Kassiesa / public UEFA coefficient tables,https://kassiesa.net/uefa/data/method5/trank2022.html
2022,2022/23,4,4,Real Madrid,real madrid,ESP,32,19,17,26,30,124,19.228,124,false,Kassiesa / public UEFA coefficient tables,https://kassiesa.net/uefa/data/method5/trank2022.html
2022,2022/23,5,5,Chelsea,chelsea,ENG,18,30,17,33,25,123,21.328,123,false,Kassiesa / public UEFA coefficient tables,https://kassiesa.net/uefa/data/method5/trank2022.html
2022,2022/23,6,6,FC Barcelona,fc barcelona,ESP,25,30,24,20,15,114,19.228,114,false,Kassiesa / public UEFA coefficient tables,https://kassiesa.net/uefa/data/method5/trank2022.html
2022,2022/23,7,7,Paris Saint-Germain,paris saint-germain,FRA,19,19,31,24,19,112,12.016,112,false,Kassiesa / public UEFA coefficient tables,https://kassiesa.net/uefa/data/method5/trank2022.html
2022,2022/23,8,8,Juventus,juventus,ITA,23,21,22,21,20,107,15.38,107,false,Kassiesa / public UEFA coefficient tables,https://kassiesa.net/uefa/data/method5/trank2022.html
2022,2022/23,9,9,Atlético Madrid,atlético madrid,ESP,28,20,22,16,19,105,19.228,105,false,Kassiesa / public UEFA coefficient tables,https://kassiesa.net/uefa/data/method5/trank2022.html
2022,2022/23,9,,Manchester United,manchester united,ENG,20,19,22,26,18,105,21.328,105,false,Kassiesa / public UEFA coefficient tables,https://kassiesa.net/uefa/data/method5/trank2022.html
2022,2022/23,11,11,AS Roma,as roma,ITA,25,17,11,24,23,100,15.38,100,false,Kassiesa / public UEFA coefficient tables,https://kassiesa.net/uefa/data/method5/trank2022.html
2022,2022/23,12,12,Sevilla,sevilla,ESP,21,13,26,19,12,91,19.228,91,false,Kassiesa / public UEFA coefficient tables,https://kassiesa.net/uefa/data/method5/trank2022.html
2022,2022/23,13,13,RB Leipzig,rb leipzig,GER,17,5,27,17,17,83,15.042,83,false,Kassiesa / public UEFA coefficient tables,https://kassiesa.net/uefa/data/method5/trank2022.html
2022,2022/23,13,,Tottenham Hotspur,tottenham hotspur,ENG,21,26,16,15,5,83,21.328,83,false,Kassiesa / public UEFA coefficient tables,https://kassiesa.net/uefa/data/method5/trank2022.html
2022,2022/23,15,15,Ajax,ajax,NED,1.5,27,13,19,22,82.5,9.86,82.5,false,Kassiesa / public UEFA coefficient tables,https://kassiesa.net/uefa/data/method5/trank2022.html
2022,2022/23,16,,Arsenal,arsenal,ENG,21,26,10,23,,80,21.328,80,false,Kassiesa / public UEFA coefficient tables,https://kassiesa.net/uefa/data/method5/trank2022.html
2022,2022/23,16,16,FC Porto,fc porto,POR,17,23,7,23,10,80,10.676,80,false,Kassiesa / public UEFA coefficient tables,https://kassiesa.net/uefa/data/method5/trank2022.html
2022,2022/23,18,,Borussia Dortmund,borussia dortmund,GER,10,18,18,22,10,78,15.042,78,false,Kassiesa / public UEFA coefficient tables,https://kassiesa.net/uefa/data/method5/trank2022.html
2022,2022/23,18,18,Villarreal,villarreal,ESP,8,16,,30,24,78,19.228,78,false,Kassiesa / public UEFA coefficient tables,https://kassiesa.net/uefa/data/method5/trank2022.html
2022,2022/23,20,20,Olympique Lyon,olympique lyon,FRA,14,17,23,,21,75,12.016,75,false,Kassiesa / public UEFA coefficient tables,https://kassiesa.net/uefa/data/method5/trank2022.html
2022,2022/23,21,21,FC Salzburg,fc salzburg,AUT,21,16,10,7,17,71,7.77,71,false,Kassiesa / public UEFA coefficient tables,https://kassiesa.net/uefa/data/method5/trank2022.html
2022,2022/23,21,,Shakhtar Donetsk,shakhtar donetsk,UKR,19,10,22,14,6,71,6.36,71,false,Kassiesa / public UEFA coefficient tables,https://kassiesa.net/uefa/data/method5/trank2022.html
2022,2022/23,23,23,Internazionale,internazionale,ITA,,15,25,9,18,67,15.38,67,false,Kassiesa / public UEFA coefficient tables,https://kassiesa.net/uefa/data/method5/trank2022.html
2022,2022/23,24,24,Atalanta,atalanta,ITA,11,2.5,20,17,16,66.5,15.38,66.5,false,Kassiesa / public UEFA coefficient tables,https://kassiesa.net/uefa/data/method5/trank2022.html
2022,2022/23,25,25,Napoli,napoli,ITA,10,18,19,10,9,66,15.38,66,false,Kassiesa / public UEFA coefficient tables,https://kassiesa.net/uefa/data/method5/trank2022.html
2022,2022/23,26,,Benfica,benfica,POR,4,17,10,10,20,61,10.676,61,false,Kassiesa / public UEFA coefficient tables,https://kassiesa.net/uefa/data/method5/trank2022.html
2022,2022/23,26,26,Eintracht Frankfurt,eintracht frankfurt,GER,,24,9,,28,61,15.042,61,false,Kassiesa / public UEFA coefficient tables,https://kassiesa.net/uefa/data/method5/trank2022.html
2022,2022/23,28,28,Sporting CP Lisbon,sporting cp lisbon,POR,17,10,10,2.5,16,55.5,10.676,55.5,false,Kassiesa / public UEFA coefficient tables,https://kassiesa.net/uefa/data/method5/trank2022.html
2022,2022/23,29,29,FC Basel,fc basel,SUI,19,2.5,19,2.5,12,55,5.935,55,false,Kassiesa / public UEFA coefficient tables,https://kassiesa.net/uefa/data/method5/trank2022.html
2022,2022/23,30,30,Bayer Leverkusen,bayer leverkusen,GER,,11,18,10,14,53,15.042,53,false,Kassiesa / public UEFA coefficient tables,https://kassiesa.net/uefa/data/method5/trank2022.html
2022,2022/23,30,,Lazio,lazio,ITA,17,6,4,17,9,53,15.38,53,false,Kassiesa / public UEFA coefficient tables,https://kassiesa.net/uefa/data/method5/trank2022.html
2022,2022/23,32,32,Slavia Praha,slavia praha,CZE,6,14,6,16,10,52,5.56,52,false,Kassiesa / public UEFA coefficient tables,https://kassiesa.net/uefa/data/method5/trank2022.html
2022,2022/23,33,33,Glasgow Rangers,glasgow rangers,SCO,0.25,5,11,15,19,50.25,7.38,50.25,false,Kassiesa / public UEFA coefficient tables,https://kassiesa.net/uefa/data/method5/trank2022.html
2022,2022/23,34,34,Dinamo Zagreb,dinamo zagreb,CRO,1.5,14,8,17,9,49.5,5.43,49.5,false,Kassiesa / public UEFA coefficient tables,https://kassiesa.net/uefa/data/method5/trank2022.html
2022,2022/23,35,,Red Star Belgrade,red star belgrade,SRB,8,7,6,10,15,46,6.675,46,false,Kassiesa / public UEFA coefficient tables,https://kassiesa.net/uefa/data/method5/trank2022.html
2022,2022/23,35,35,Sporting Braga,sporting braga,POR,9,2,10,9,16,46,10.676,46,false,Kassiesa / public UEFA coefficient tables,https://kassiesa.net/uefa/data/method5/trank2022.html
2022,2022/23,35,,Zenit St. Petersburg,zenit st. petersburg,RUS,14,10,9,5,8,46,6.896,46,false,Kassiesa / public UEFA coefficient tables,https://kassiesa.net/uefa/data/method5/trank2022.html
2022,2022/23,38,,Dinamo Kiev,dinamo kiev,UKR,12,11,6,10,5,44,6.36,44,false,Kassiesa / public UEFA coefficient tables,https://kassiesa.net/uefa/data/method5/trank2022.html
2022,2022/23,38,38,Olympique Marseille,olympique marseille,FRA,19,3,,6,16,44,12.016,44,false,Kassiesa / public UEFA coefficient tables,https://kassiesa.net/uefa/data/method5/trank2022.html
2022,2022/23,40,40,Olympiakos Piraeus,olympiakos piraeus,GRE,5,8,10,10,8,41,5.64,41,false,Kassiesa / public UEFA coefficient tables,https://kassiesa.net/uefa/data/method5/trank2022.html
2022,2022/23,41,41,FC København,fc københavn,DEN,7,4,14,2.5,13,40.5,5.435,40.5,false,Kassiesa / public UEFA coefficient tables,https://kassiesa.net/uefa/data/method5/trank2022.html
2022,2022/23,42,42,Feyenoord,feyenoord,NED,6,2,4,4,24,40,9.86,40,false,Kassiesa / public UEFA coefficient tables,https://kassiesa.net/uefa/data/method5/trank2022.html
2022,2022/23,42,,Valencia,valencia,ESP,,23,17,,,40,19.228,40,false,Kassiesa / public UEFA coefficient tables,https://kassiesa.net/uefa/data/method5/trank2022.html
2022,2022/23,44,44,Club Brugge,club brugge,BEL,1.5,11,8,11,7,38.5,6.12,38.5,false,Kassiesa / public UEFA coefficient tables,https://kassiesa.net/uefa/data/method5/trank2022.html
2022,2022/23,45,45,AC Milan,ac milan,ITA,12,7,,12,7,38,15.38,38,false,Kassiesa / public UEFA coefficient tables,https://kassiesa.net/uefa/data/method5/trank2022.html
2022,2022/23,46,46,Young Boys,young boys,SUI,5,7,6,11,8,37,5.935,37,false,Kassiesa / public UEFA coefficient tables,https://kassiesa.net/uefa/data/method5/trank2022.html
2022,2022/23,47,47,LASK,lask,AUT,,2,12,7,15,36,7.77,36,false,Kassiesa / public UEFA coefficient tables,https://kassiesa.net/uefa/data/method5/trank2022.html
2022,2022/23,48,48,Lokomotiv Moscow,lokomotiv moscow,RUS,12,6,6,7,3,34,6.896,34,false,Kassiesa / public UEFA coefficient tables,https://kassiesa.net/uefa/data/method5/trank2022.html
2022,2022/23,49,,Besiktas,besiktas,TUR,19,5,3,2,4,33,5.42,33,false,Kassiesa / public UEFA coefficient tables,https://kassiesa.net/uefa/data/method5/trank2022.html
2022,2022/23,49,,Celtic,celtic,SCO,8,6,10,3,6,33,7.38,33,false,Kassiesa / public UEFA coefficient tables,https://kassiesa.net/uefa/data/method5/trank2022.html
2022,2022/23,49,,CSKA Moscow,cska moscow,RUS,17,9,4,3,,33,6.896,33,false,Kassiesa / public UEFA coefficient tables,https://kassiesa.net/uefa/data/method5/trank2022.html
2022,2022/23,49,,PSV Eindhoven,psv eindhoven,NED,1,6,6,10,10,33,9.86,33,false,Kassiesa / public UEFA coefficient tables,https://kassiesa.net/uefa/data/method5/trank2022.html
2022,2022/23,49,49,Stade Rennais,stade rennais,FRA,,11,3,5,14,33,12.016,33,false,Kassiesa / public UEFA coefficient tables,https://kassiesa.net/uefa/data/method5/trank2022.html
2022,2022/23,54,54,Galatasaray,galatasaray,TUR,0.5,8,6,2.5,15,32,5.42,32,false,Kassiesa / public UEFA coefficient tables,https://kassiesa.net/uefa/data/method5/trank2022.html
2022,2022/23,55,55,Viktoria Plzen,viktoria plzen,CZE,13,11,2,2.5,2.5,31,5.56,31,false,Kassiesa / public UEFA coefficient tables,https://kassiesa.net/uefa/data/method5/trank2022.html
2022,2022/23,56,56,Lille OSC,lille osc,FRA,,,5,8,17,30,12.016,30,false,Kassiesa / public UEFA coefficient tables,https://kassiesa.net/uefa/data/method5/trank2022.html
2022,2022/23,57,57,Spartak Moscow,spartak moscow,RUS,11,4,2.5,,12,29.5,6.896,29.5,false,Kassiesa / public UEFA coefficient tables,https://kassiesa.net/uefa/data/method5/trank2022.html
2022,2022/23,58,58,AZ Alkmaar,az alkmaar,NED,,1.5,8,6,13,28.5,9.86,28.5,false,Kassiesa / public UEFA coefficient tables,https://kassiesa.net/uefa/data/method5/trank2022.html
2022,2022/23,59,59,AA Gent,aa gent,BEL,1,2.5,10,3,11,27.5,6.12,27.5,false,Kassiesa / public UEFA coefficient tables,https://kassiesa.net/uefa/data/method5/trank2022.html
2022,2022/23,60,60,FK Krasnodar,fk krasnodar,RUS,1.5,11,6,8,,26.5,6.896,26.5,false,Kassiesa / public UEFA coefficient tables,https://kassiesa.net/uefa/data/method5/trank2022.html
2022,2022/23,61,61,AS Monaco,as monaco,FRA,6,5,,,15,26,12.016,26,false,Kassiesa / public UEFA coefficient tables,https://kassiesa.net/uefa/data/method5/trank2022.html
2022,2022/23,61,,Real Sociedad,real sociedad,ESP,9,,,8,9,26,19.228,26,false,Kassiesa / public UEFA coefficient tables,https://kassiesa.net/uefa/data/method5/trank2022.html
2022,2022/23,63,,Istanbul Basaksehir,istanbul basaksehir,TUR,6,2,11,6,,25,5.42,25,false,Kassiesa / public UEFA coefficient tables,https://kassiesa.net/uefa/data/method5/trank2022.html
2022,2022/23,63,63,PAOK Thessaloniki,paok thessaloniki,GRE,1.5,3,2.5,5,13,25,5.64,25,false,Kassiesa / public UEFA coefficient tables,https://kassiesa.net/uefa/data/method5/trank2022.html
2022,2022/23,63,,Qarabag FK,qarabag fk,AZE,6,3,4,3,9,25,3.4,25,false,Kassiesa / public UEFA coefficient tables,https://kassiesa.net/uefa/data/method5/trank2022.html
2022,2022/23,66,66,Maccabi Tel-Aviv,maccabi tel-aviv,ISR,3,2.5,2,8,9,24.5,4.875,24.5,false,Kassiesa / public UEFA coefficient tables,https://kassiesa.net/uefa/data/method5/trank2022.html
2022,2022/23,66,,Partizan Belgrade,partizan belgrade,SRB,7,2.5,6,2,7,24.5,6.675,24.5,false,Kassiesa / public UEFA coefficient tables,https://kassiesa.net/uefa/data/method5/trank2022.html
2022,2022/23,68,68,Malmö FF,malmö ff,SWE,1,7,8,2.5,5,23.5,4.575,23.5,false,Kassiesa / public UEFA coefficient tables,https://kassiesa.net/uefa/data/method5/trank2022.html
2022,2022/23,69,,1899 Hoffenheim,1899 hoffenheim,GER,4,7,,12,,23,15.042,23,false,Kassiesa / public UEFA coefficient tables,https://kassiesa.net/uefa/data/method5/trank2022.html
2022,2022/23,69,69,Leicester City,leicester city,ENG,,,,10,13,23,21.328,23,false,Kassiesa / public UEFA coefficient tables,https://kassiesa.net/uefa/data/method5/trank2022.html
2022,2022/23,69,,Ludogorets Razgrad,ludogorets razgrad,BUL,7,4,6,3,3,23,3.9,23,false,Kassiesa / public UEFA coefficient tables,https://kassiesa.net/uefa/data/method5/trank2022.html
2022,2022/23,72,72,Sheriff Tiraspol,sheriff tiraspol,MDA,7,2.5,2,2,9,22.5,2.25,22.5,false,Kassiesa / public UEFA coefficient tables,https://kassiesa.net/uefa/data/method5/trank2022.html
2022,2022/23,72,,VfL Wolfsburg,vfl wolfsburg,GER,,,12,2.5,8,22.5,15.042,22.5,false,Kassiesa / public UEFA coefficient tables,https://kassiesa.net/uefa/data/method5/trank2022.html
2022,2022/23,74,74,West Ham United,west ham united,ENG,,,,,21,21,21.328,21.328,true,Kassiesa / public UEFA coefficient tables,https://kassiesa.net/uefa/data/method5/trank2022.html
2022,2022/23,74,,Wolverhampton Wanderers,wolverhampton wanderers,ENG,,,16,,,16,21.328,21.328,true,Kassiesa / public UEFA coefficient tables,https://kassiesa.net/uefa/data/method5/trank2022.html
2022,2022/23,74,,Everton,everton,ENG,3,,,,,3,21.328,21.328,true,Kassiesa / public UEFA coefficient tables,https://kassiesa.net/uefa/data/method5/trank2022.html
2022,2022/23,74,,Burnley FC,burnley fc,ENG,,2.5,,,,2.5,21.328,21.328,true,Kassiesa / public UEFA coefficient tables,https://kassiesa.net/uefa/data/method5/trank2022.html
2022,2022/23,78,,Borussia Mönchengladbach,borussia mönchengladbach,GER,,,6,15,,21,15.042,21,false,Kassiesa / public UEFA coefficient tables,https://kassiesa.net/uefa/data/method5/trank2022.html
2022,2022/23,78,78,Real Betis,real betis,ESP,,10,,,11,21,19.228,21,false,Kassiesa / public UEFA coefficient tables,https://kassiesa.net/uefa/data/method5/trank2022.html
2022,2022/23,80,80,FK Astana,fk astana,KAZ,8,6,3,1.5,2,20.5,3.15,20.5,false,Kassiesa / public UEFA coefficient tables,https://kassiesa.net/uefa/data/method5/trank2022.html
2022,2022/23,81,81,AEK Athens,aek athens,GRE,9,4,2.5,3,1.5,20,5.64,20,false,Kassiesa / public UEFA coefficient tables,https://kassiesa.net/uefa/data/method5/trank2022.html
2022,2022/23,82,82,CFR Cluj,cfr cluj,ROU,,2.5,10,4,3,19.5,3.43,19.5,false,Kassiesa / public UEFA coefficient tables,https://kassiesa.net/uefa/data/method5/trank2022.html
2022,2022/23,83,83,Granada CF,granada cf,ESP,,,,13,,13,19.228,19.228,true,Kassiesa / public UEFA coefficient tables,https://kassiesa.net/uefa/data/method5/trank2022.html
2022,2022/23,83,,Getafe,getafe,ESP,,,11,,,11,19.228,19.228,true,Kassiesa / public UEFA coefficient tables,https://kassiesa.net/uefa/data/method5/trank2022.html
2022,2022/23,83,,Athletic Bilbao,athletic bilbao,ESP,10,,,,,10,19.228,19.228,true,Kassiesa / public UEFA coefficient tables,https://kassiesa.net/uefa/data/method5/trank2022.html
2022,2022/23,83,,Espanyol,espanyol,ESP,,,10,,,10,19.228,19.228,true,Kassiesa / public UEFA coefficient tables,https://kassiesa.net/uefa/data/method5/trank2022.html
2022,2022/23,87,87,FC Midtjylland,fc midtjylland,DEN,1.5,2.5,2,6,7,19,5.435,19,false,Kassiesa / public UEFA coefficient tables,https://kassiesa.net/uefa/data/method5/trank2022.html
2022,2022/23,87,,Molde FK,molde fk,NOR,,2.5,2.5,12,2,19,5.45,19,false,Kassiesa / public UEFA coefficient tables,https://kassiesa.net/uefa/data/method5/trank2022.html
2022,2022/23,89,,APOEL Nicosia,apoel nicosia,CYP,6,2.5,7,2.5,,18,5.275,18,false,Kassiesa / public UEFA coefficient tables,https://kassiesa.net/uefa/data/method5/trank2022.html
2022,2022/23,89,,Racing Genk,racing genk,BEL,,9,5,,4,18,6.12,18,false,Kassiesa / public UEFA coefficient tables,https://kassiesa.net/uefa/data/method5/trank2022.html
2022,2022/23,89,89,Zorya Luhansk,zorya luhansk,UKR,4,2.5,2.5,4,5,18,6.36,18,false,Kassiesa / public UEFA coefficient tables,https://kassiesa.net/uefa/data/method5/trank2022.html
2022,2022/23,92,,BATE Borisov,bate borisov,BLR,4,8,2.5,1.5,1.5,17.5,2.5,17.5,false,Kassiesa / public UEFA coefficient tables,https://kassiesa.net/uefa/data/method5/trank2022.html
2022,2022/23,92,92,FCSB,fcsb,ROU,9,2.5,2.5,2,1.5,17.5,3.43,17.5,false,Kassiesa / public UEFA coefficient tables,https://kassiesa.net/uefa/data/method5/trank2022.html
2022,2022/23,94,94,Bodø/Glimt,bodø/glimt,NOR,,,,2,15,17,5.45,17,false,Kassiesa / public UEFA coefficient tables,https://kassiesa.net/uefa/data/method5/trank2022.html
2022,2022/23,94,,Schalke 04,schalke 04,GER,,17,,,,17,15.042,17,false,Kassiesa / public UEFA coefficient tables,https://kassiesa.net/uefa/data/method5/trank2022.html
2022,2022/23,96,96,Rapid Wien,rapid wien,AUT,,7,,5,4,16,7.77,16,false,Kassiesa / public UEFA coefficient tables,https://kassiesa.net/uefa/data/method5/trank2022.html
2022,2022/23,96,,Standard Liège,standard liège,BEL,,7,6,3,,16,6.12,16,false,Kassiesa / public UEFA coefficient tables,https://kassiesa.net/uefa/data/method5/trank2022.html
2022,2022/23,98,98,Ferencváros,ferencváros,HUN,0.5,1,6,5,3,15.5,3.275,15.5,false,Kassiesa / public UEFA coefficient tables,https://kassiesa.net/uefa/data/method5/trank2022.html
2022,2022/23,99,99,Torino,torino,ITA,,,2.5,,,2.5,15.38,15.38,true,Kassiesa / public UEFA coefficient tables,https://kassiesa.net/uefa/data/method5/trank2022.html
2022,2022/23,100,100,Union Berlin,union berlin,GER,,,,,5,5,15.042,15.042,true,Kassiesa / public UEFA coefficient tables,https://kassiesa.net/uefa/data/method5/trank2022.html
2022,2022/23,100,,1.FC Köln,1.fc köln,GER,4,,,,,4,15.042,15.042,true,Kassiesa / public UEFA coefficient tables,https://kassiesa.net/uefa/data/method5/trank2022.html
2022,2022/23,100,,Hertha BSC,hertha bsc,GER,4,,,,,4,15.042,15.042,true,Kassiesa / public UEFA coefficient tables,https://kassiesa.net/uefa/data/method5/trank2022.html
2022,2022/23,100,,SC Freiburg,sc freiburg,GER,1,,,,,1,15.042,15.042,true,Kassiesa / public UEFA coefficient tables,https://kassiesa.net/uefa/data/method5/trank2022.html
2022,2022/23,104,,NK Rijeka,nk rijeka,CRO,5,2,2.5,3,2.5,15,5.43,15,false,Kassiesa / public UEFA coefficient tables,https://kassiesa.net/uefa/data/method5/trank2022.html
2022,2022/23,104,,Rosenborg BK,rosenborg bk,NOR,4,3,3,2.5,2.5,15,5.45,15,false,Kassiesa / public UEFA coefficient tables,https://kassiesa.net/uefa/data/method5/trank2022.html
2022,2022/23,104,104,Vitesse Arnhem,vitesse arnhem,NED,4,2,,,9,15,9.86,15,false,Kassiesa / public UEFA coefficient tables,https://kassiesa.net/uefa/data/method5/trank2022.html
2022,2022/23,107,107,Fenerbahçe,fenerbahçe,TUR,1.5,8,,,5,14.5,5.42,14.5,false,Kassiesa / public UEFA coefficient tables,https://kassiesa.net/uefa/data/method5/trank2022.html
2022,2022/23,107,,Royal Antwerp,royal antwerp,BEL,,,2.5,8,4,14.5,6.12,14.5,false,Kassiesa / public UEFA coefficient tables,https://kassiesa.net/uefa/data/method5/trank2022.html
2022,2022/23,109,,Apollon Limassol,apollon limassol,CYP,3,5,2.5,2,1.5,14,5.275,14,false,Kassiesa / public UEFA coefficient tables,https://kassiesa.net/uefa/data/method5/trank2022.html
2022,2022/23,109,109,Hapoel Beer-Sheva,hapoel beer-sheva,ISR,3,2,2.5,4,2.5,14,4.875,14,false,Kassiesa / public UEFA coefficient tables,https://kassiesa.net/uefa/data/method5/trank2022.html
2022,2022/23,109,,NK Maribor,nk maribor,SVN,7,2,2.5,1,1.5,14,3,14,false,Kassiesa / public UEFA coefficient tables,https://kassiesa.net/uefa/data/method5/trank2022.html
2022,2022/23,112,112,Sparta Praha,sparta praha,CZE,1,1.5,2,4,5,13.5,5.56,13.5,false,Kassiesa / public UEFA coefficient tables,https://kassiesa.net/uefa/data/method5/trank2022.html
2022,2022/23,113,113,Slovan Bratislava,slovan bratislava,SVK,0.5,2,3,1.5,6,13,3.125,13,false,Kassiesa / public UEFA coefficient tables,https://kassiesa.net/uefa/data/method5/trank2022.html
2022,2022/23,114,114,Legia Warsaw,legia warsaw,POL,1.5,2,2.5,2.5,4,12.5,3.175,12.5,false,Kassiesa / public UEFA coefficient tables,https://kassiesa.net/uefa/data/method5/trank2022.html
2022,2022/23,115,115,OGC Nice,ogc nice,FRA,6,,,3,,9,12.016,12.016,true,Kassiesa / public UEFA coefficient tables,https://kassiesa.net/uefa/data/method5/trank2022.html
2022,2022/23,115,,Girondins Bordeaux,girondins bordeaux,FRA,1,5,,,,6,12.016,12.016,true,Kassiesa / public UEFA coefficient tables,https://kassiesa.net/uefa/data/method5/trank2022.html
2022,2022/23,115,,AS Saint-Étienne,as saint-étienne,FRA,,,4,,,4,12.016,12.016,true,Kassiesa / public UEFA coefficient tables,https://kassiesa.net/uefa/data/method5/trank2022.html
2022,2022/23,115,,RC Strasbourg,rc strasbourg,FRA,,,2.5,,,2.5,12.016,12.016,true,Kassiesa / public UEFA coefficient tables,https://kassiesa.net/uefa/data/method5/trank2022.html
2022,2022/23,115,,Stade de Reims,stade de reims,FRA,,,,2,,2,12.016,12.016,true,Kassiesa / public UEFA coefficient tables,https://kassiesa.net/uefa/data/method5/trank2022.html
2022,2022/23,120,120,FK Jablonec,fk jablonec,CZE,,4,1.5,1.5,5,12,5.56,12,false,Kassiesa / public UEFA coefficient tables,https://kassiesa.net/uefa/data/method5/trank2022.html
2022,2022/23,121,121,Anderlecht,anderlecht,BEL,6,3,,,2.5,11.5,6.12,11.5,false,Kassiesa / public UEFA coefficient tables,https://kassiesa.net/uefa/data/method5/trank2022.html
2022,2022/23,121,,FC Fehérvár,fc fehérvár,HUN,1.5,5,1.5,2.5,1,11.5,3.275,11.5,false,Kassiesa / public UEFA coefficient tables,https://kassiesa.net/uefa/data/method5/trank2022.html
2022,2022/23,123,123,Wolfsberger AC,wolfsberger ac,AUT,,,4,7,,11,7.77,11,false,Kassiesa / public UEFA coefficient tables,https://kassiesa.net/uefa/data/method5/trank2022.html
2022,2022/23,124,,Vitória Guimarães,vitória guimarães,POR,4,,4,,,8,10.676,10.676,true,Kassiesa / public UEFA coefficient tables,https://kassiesa.net/uefa/data/method5/trank2022.html
2022,2022/23,124,,Rio Ave,rio ave,POR,,1.5,,2.5,,4,10.676,10.676,true,Kassiesa / public UEFA coefficient tables,https://kassiesa.net/uefa/data/method5/trank2022.html
2022,2022/23,124,124,CD Santa Clara,cd santa clara,POR,,,,,2.5,2.5,10.676,10.676,true,Kassiesa / public UEFA coefficient tables,https://kassiesa.net/uefa/data/method5/trank2022.html
2022,2022/23,124,,Paços de Ferreira,paços de ferreira,POR,,,,,2.5,2.5,10.676,10.676,true,Kassiesa / public UEFA coefficient tables,https://kassiesa.net/uefa/data/method5/trank2022.html
2022,2022/23,124,,Maritimo Funchal,maritimo funchal,POR,1.5,,,,,1.5,10.676,10.676,true,Kassiesa / public UEFA coefficient tables,https://kassiesa.net/uefa/data/method5/trank2022.html
2022,2022/23,129,129,CSKA Sofia,cska sofia,BUL,,2,2,4,2.5,10.5,3.9,10.5,false,Kassiesa / public UEFA coefficient tables,https://kassiesa.net/uefa/data/method5/trank2022.html
2022,2022/23,130,,Östersunds FK,östersunds fk,SWE,10,,,,,10,4.575,10,false,Kassiesa / public UEFA coefficient tables,https://kassiesa.net/uefa/data/method5/trank2022.html
2022,2022/23,130,130,Suduva Marijampole,suduva marijampole,LTU,1.5,2.5,2.5,2,1.5,10,2,10,false,Kassiesa / public UEFA coefficient tables,https://kassiesa.net/uefa/data/method5/trank2022.html
2022,2022/23,132,,FC Utrecht,fc utrecht,NED,1.5,,1.5,,,3,9.86,9.86,true,Kassiesa / public UEFA coefficient tables,https://kassiesa.net/uefa/data/method5/trank2022.html
2022,2022/23,132,132,Willem II Tilburg,willem ii tilburg,NED,,,,2,,2,9.86,9.86,true,Kassiesa / public UEFA coefficient tables,https://kassiesa.net/uefa/data/method5/trank2022.html
2022,2022/23,134,134,Flora Tallinn,flora tallinn,EST,0.25,1.5,1.5,2.5,4,9.75,1.408,9.75,false,Kassiesa / public UEFA coefficient tables,https://kassiesa.net/uefa/data/method5/trank2022.html
2022,2022/23,135,135,Dundalk,dundalk,IRL,1,1.5,2,3,2,9.5,1.625,9.5,false,Kassiesa / public UEFA coefficient tables,https://kassiesa.net/uefa/data/method5/trank2022.html
2022,2022/23,136,136,Aberdeen,aberdeen,SCO,1,1.5,2,2,2.5,9,7.38,9,false,Kassiesa / public UEFA coefficient tables,https://kassiesa.net/uefa/data/method5/trank2022.html
2022,2022/23,136,,FC Lugano,fc lugano,SUI,6,,3,,,9,5.935,9,false,Kassiesa / public UEFA coefficient tables,https://kassiesa.net/uefa/data/method5/trank2022.html
2022,2022/23,136,,Shkendija Tetovo,shkendija tetovo,MKD,1.5,2.5,1.5,2,1.5,9,1.4,9,false,Kassiesa / public UEFA coefficient tables,https://kassiesa.net/uefa/data/method5/trank2022.html
2022,2022/23,139,,Brøndby IF,brøndby if,DEN,1,2.5,2,,3,8.5,5.435,8.5,false,Kassiesa / public UEFA coefficient tables,https://kassiesa.net/uefa/data/method5/trank2022.html
2022,2022/23,139,,F91 Dudelange,f91 dudelange,LUX,1,3,3,,1.5,8.5,1.75,8.5,false,Kassiesa / public UEFA coefficient tables,https://kassiesa.net/uefa/data/method5/trank2022.html
2022,2022/23,139,139,HJK Helsinki,hjk helsinki,FIN,0.5,2,2,,4,8.5,1.775,8.5,false,Kassiesa / public UEFA coefficient tables,https://kassiesa.net/uefa/data/method5/trank2022.html
2022,2022/23,139,,Spartak Trnava,spartak trnava,SVK,,5,1.5,,2,8.5,3.125,8.5,false,Kassiesa / public UEFA coefficient tables,https://kassiesa.net/uefa/data/method5/trank2022.html
2022,2022/23,139,,The New Saints,the new saints,WAL,1,2,2,1.5,2,8.5,1.1,8.5,false,Kassiesa / public UEFA coefficient tables,https://kassiesa.net/uefa/data/method5/trank2022.html
2022,2022/23,144,,Alashkert FC,alashkert fc,ARM,1,2,1.5,1,2.5,8,1.625,8,false,Kassiesa / public UEFA coefficient tables,https://kassiesa.net/uefa/data/method5/trank2022.html
2022,2022/23,144,144,Anorthosis Famagusta,anorthosis famagusta,CYP,,1,,2,5,8,5.275,8,false,Kassiesa / public UEFA coefficient tables,https://kassiesa.net/uefa/data/method5/trank2022.html
2022,2022/23,144,,Hajduk Split,hajduk split,CRO,1.5,2,1,2,1.5,8,5.43,8,false,Kassiesa / public UEFA coefficient tables,https://kassiesa.net/uefa/data/method5/trank2022.html
2022,2022/23,144,,Kairat Almaty,kairat almaty,KAZ,0.5,2,1.5,1.5,2.5,8,3.15,8,false,Kassiesa / public UEFA coefficient tables,https://kassiesa.net/uefa/data/method5/trank2022.html
2022,2022/23,144,,NK Osijek,nk osijek,CRO,1.5,1.5,1.5,1.5,2,8,5.43,8,false,Kassiesa / public UEFA coefficient tables,https://kassiesa.net/uefa/data/method5/trank2022.html
2022,2022/23,144,,Riga FC,riga fc,LVA,,1,2.5,2,2.5,8,1.725,8,false,Kassiesa / public UEFA coefficient tables,https://kassiesa.net/uefa/data/method5/trank2022.html
2022,2022/23,144,,Zalgiris Vilnius,zalgiris vilnius,LTU,1,2,1,1.5,2.5,8,2,8,false,Kassiesa / public UEFA coefficient tables,https://kassiesa.net/uefa/data/method5/trank2022.html
2022,2022/23,151,,Austria Wien,austria wien,AUT,4,,2,,1.5,7.5,7.77,7.77,true,Kassiesa / public UEFA coefficient tables,https://kassiesa.net/uefa/data/method5/trank2022.html
2022,2022/23,151,151,Sturm Graz,sturm graz,AUT,1,2,1.5,,3,7.5,7.77,7.77,true,Kassiesa / public UEFA coefficient tables,https://kassiesa.net/uefa/data/method5/trank2022.html
2022,2022/23,151,,Admira Wacker,admira wacker,AUT,,1.5,,,,1.5,7.77,7.77,true,Kassiesa / public UEFA coefficient tables,https://kassiesa.net/uefa/data/method5/trank2022.html
2022,2022/23,151,,SCR Altach,scr altach,AUT,1.5,,,,,1.5,7.77,7.77,true,Kassiesa / public UEFA coefficient tables,https://kassiesa.net/uefa/data/method5/trank2022.html
2022,2022/23,151,,TSV Hartberg,tsv hartberg,AUT,,,,1.5,,1.5,7.77,7.77,true,Kassiesa / public UEFA coefficient tables,https://kassiesa.net/uefa/data/method5/trank2022.html
2022,2022/23,156,156,Olimpija Ljubljana,olimpija ljubljana,SVN,0.25,2.5,1.5,1.5,2,7.75,3,7.75,false,Kassiesa / public UEFA coefficient tables,https://kassiesa.net/uefa/data/method5/trank2022.html
2022,2022/23,157,,AEK Larnaca,aek larnaca,CYP,1.5,4,2,,,7.5,5.275,7.5,false,Kassiesa / public UEFA coefficient tables,https://kassiesa.net/uefa/data/method5/trank2022.html
2022,2022/23,157,,CS Fola Esch,cs fola esch,LUX,1,1.5,1,1.5,2.5,7.5,1.75,7.5,false,Kassiesa / public UEFA coefficient tables,https://kassiesa.net/uefa/data/method5/trank2022.html
2022,2022/23,157,157,KuPS Kuopio,kups kuopio,FIN,,1,1.5,2.5,2.5,7.5,1.775,7.5,false,Kassiesa / public UEFA coefficient tables,https://kassiesa.net/uefa/data/method5/trank2022.html
2022,2022/23,157,,Universitatea Craiova,universitatea craiova,ROU,1,2,2,1,1.5,7.5,3.43,7.5,false,Kassiesa / public UEFA coefficient tables,https://kassiesa.net/uefa/data/method5/trank2022.html
2022,2022/23,161,,Hibernian,hibernian,SCO,,2,,,2,4,7.38,7.38,true,Kassiesa / public UEFA coefficient tables,https://kassiesa.net/uefa/data/method5/trank2022.html
2022,2022/23,161,161,St. Johnstone,st. johnstone,SCO,0.25,,,,2.5,2.75,7.38,7.38,true,Kassiesa / public UEFA coefficient tables,https://kassiesa.net/uefa/data/method5/trank2022.html
2022,2022/23,161,,Motherwell,motherwell,SCO,,,,2,,2,7.38,7.38,true,Kassiesa / public UEFA coefficient tables,https://kassiesa.net/uefa/data/method5/trank2022.html
2022,2022/23,161,,Kilmarnock,kilmarnock,SCO,,,1,,,1,7.38,7.38,true,Kassiesa / public UEFA coefficient tables,https://kassiesa.net/uefa/data/method5/trank2022.html
2022,2022/23,165,,FK Sarajevo,fk sarajevo,BIH,0.25,1.5,2,2.5,1,7.25,1.825,7.25,false,Kassiesa / public UEFA coefficient tables,https://kassiesa.net/uefa/data/method5/trank2022.html
2022,2022/23,165,165,Lincoln Red Imps,lincoln red imps,GIB,0.25,1.5,1.5,1.5,2.5,7.25,1.083,7.25,false,Kassiesa / public UEFA coefficient tables,https://kassiesa.net/uefa/data/method5/trank2022.html
2022,2022/23,167,,Buducnost Podgorica,buducnost podgorica,MNE,1,1,1.5,2,1.5,7,0.975,7,false,Kassiesa / public UEFA coefficient tables,https://kassiesa.net/uefa/data/method5/trank2022.html
2022,2022/23,167,,FC Zürich,fc zürich,SUI,,7,,,,7,5.935,7,false,Kassiesa / public UEFA coefficient tables,https://kassiesa.net/uefa/data/method5/trank2022.html
2022,2022/23,167,,Linfield Belfast,linfield belfast,NIR,1,,2.5,1.5,2,7,1.616,7,false,Kassiesa / public UEFA coefficient tables,https://kassiesa.net/uefa/data/method5/trank2022.html
2022,2022/23,167,,Maccabi Haifa,maccabi haifa,ISR,,,1.5,2.5,3,7,4.875,7,false,Kassiesa / public UEFA coefficient tables,https://kassiesa.net/uefa/data/method5/trank2022.html
2022,2022/23,167,,Neftchi Baku,neftchi baku,AZE,,1,2,1.5,2.5,7,3.4,7,false,Kassiesa / public UEFA coefficient tables,https://kassiesa.net/uefa/data/method5/trank2022.html
2022,2022/23,167,,Omonia Nicosia,omonia nicosia,CYP,,,,3,4,7,5.275,7,false,Kassiesa / public UEFA coefficient tables,https://kassiesa.net/uefa/data/method5/trank2022.html
2022,2022/23,167,167,Randers FC,randers fc,DEN,,,,,7,7,5.435,7,false,Kassiesa / public UEFA coefficient tables,https://kassiesa.net/uefa/data/method5/trank2022.html
2022,2022/23,167,,Shamrock Rovers,shamrock rovers,IRL,0.5,1,1.5,1.5,2.5,7,1.625,7,false,Kassiesa / public UEFA coefficient tables,https://kassiesa.net/uefa/data/method5/trank2022.html
2022,2022/23,167,,Zrinjski Mostar,zrinjski mostar,BIH,1,2,2,2,,7,1.825,7,false,Kassiesa / public UEFA coefficient tables,https://kassiesa.net/uefa/data/method5/trank2022.html
2022,2022/23,176,,FC Ufa,fc ufa,RUS,,2.5,,,,2.5,6.896,6.896,true,Kassiesa / public UEFA coefficient tables,https://kassiesa.net/uefa/data/method5/trank2022.html
2022,2022/23,176,176,FC Sochi,fc sochi,RUS,,,,,2,2,6.896,6.896,true,Kassiesa / public UEFA coefficient tables,https://kassiesa.net/uefa/data/method5/trank2022.html
2022,2022/23,176,,FK Rostov,fk rostov,RUS,,,,2,,2,6.896,6.896,true,Kassiesa / public UEFA coefficient tables,https://kassiesa.net/uefa/data/method5/trank2022.html
2022,2022/23,176,,Rubin Kazan,rubin kazan,RUS,,,,,2,2,6.896,6.896,true,Kassiesa / public UEFA coefficient tables,https://kassiesa.net/uefa/data/method5/trank2022.html
2022,2022/23,176,,Arsenal Tula,arsenal tula,RUS,,,1.5,,,1.5,6.896,6.896,true,Kassiesa / public UEFA coefficient tables,https://kassiesa.net/uefa/data/method5/trank2022.html
2022,2022/23,176,,Dinamo Moscow,dinamo moscow,RUS,,,,1.5,,1.5,6.896,6.896,true,Kassiesa / public UEFA coefficient tables,https://kassiesa.net/uefa/data/method5/trank2022.html
2022,2022/23,182,182,Vojvodina Novi Sad,vojvodina novi sad,SRB,0.25,,,2,2,4.25,6.675,6.675,true,Kassiesa / public UEFA coefficient tables,https://kassiesa.net/uefa/data/method5/trank2022.html
2022,2022/23,182,,Cukaricki Belgrade,cukaricki belgrade,SRB,,,1.5,,2,3.5,6.675,6.675,true,Kassiesa / public UEFA coefficient tables,https://kassiesa.net/uefa/data/method5/trank2022.html
2022,2022/23,182,,Radnicki Nis,radnicki nis,SRB,,1.5,1,,,2.5,6.675,6.675,true,Kassiesa / public UEFA coefficient tables,https://kassiesa.net/uefa/data/method5/trank2022.html
2022,2022/23,182,,Spartak Subotica,spartak subotica,SRB,,2,,,,2,6.675,6.675,true,Kassiesa / public UEFA coefficient tables,https://kassiesa.net/uefa/data/method5/trank2022.html
2022,2022/23,182,,TSC Backa Topola,tsc backa topola,SRB,,,,1.5,,1.5,6.675,6.675,true,Kassiesa / public UEFA coefficient tables,https://kassiesa.net/uefa/data/method5/trank2022.html
2022,2022/23,182,,Mladost Lucani,mladost lucani,SRB,0.25,,,,,0.25,6.675,6.675,true,Kassiesa / public UEFA coefficient tables,https://kassiesa.net/uefa/data/method5/trank2022.html
2022,2022/23,188,,DAC Dunajska Streda,dac dunajska streda,SVK,,1.5,1.5,2,1.5,6.5,3.125,6.5,false,Kassiesa / public UEFA coefficient tables,https://kassiesa.net/uefa/data/method5/trank2022.html
2022,2022/23,188,,Dinamo Tbilisi,dinamo tbilisi,GEO,,1,2,2,1.5,6.5,1.4,6.5,false,Kassiesa / public UEFA coefficient tables,https://kassiesa.net/uefa/data/method5/trank2022.html
2022,2022/23,188,,Dynamo Brest,dynamo brest,BLR,0.5,2,,2.5,1.5,6.5,2.5,6.5,false,Kassiesa / public UEFA coefficient tables,https://kassiesa.net/uefa/data/method5/trank2022.html
2022,2022/23,188,,FC Luzern,fc luzern,SUI,0.5,2,2,,2,6.5,5.935,6.5,false,Kassiesa / public UEFA coefficient tables,https://kassiesa.net/uefa/data/method5/trank2022.html
2022,2022/23,188,,FC Vaduz,fc vaduz,LIE,0.5,1.5,2,1,1.5,6.5,1.3,6.5,false,Kassiesa / public UEFA coefficient tables,https://kassiesa.net/uefa/data/method5/trank2022.html
2022,2022/23,188,,NK Domzale,nk domzale,SVN,1.5,1.5,1.5,,2,6.5,3,6.5,false,Kassiesa / public UEFA coefficient tables,https://kassiesa.net/uefa/data/method5/trank2022.html
2022,2022/23,188,188,Sivasspor,sivasspor,TUR,,,,4,2.5,6.5,5.42,6.5,false,Kassiesa / public UEFA coefficient tables,https://kassiesa.net/uefa/data/method5/trank2022.html
2022,2022/23,195,,FC Oleksandriya,fc oleksandriya,UKR,1.5,,3,,,4.5,6.36,6.36,true,Kassiesa / public UEFA coefficient tables,https://kassiesa.net/uefa/data/method5/trank2022.html
2022,2022/23,195,,Vorskla Poltava,vorskla poltava,UKR,,3,,,1.5,4.5,6.36,6.36,true,Kassiesa / public UEFA coefficient tables,https://kassiesa.net/uefa/data/method5/trank2022.html
2022,2022/23,195,,FC Mariupol,fc mariupol,UKR,,2,2,,,4,6.36,6.36,true,Kassiesa / public UEFA coefficient tables,https://kassiesa.net/uefa/data/method5/trank2022.html
2022,2022/23,195,195,Kolos Kovalivka,kolos kovalivka,UKR,,,,2,2,4,6.36,6.36,true,Kassiesa / public UEFA coefficient tables,https://kassiesa.net/uefa/data/method5/trank2022.html
2022,2022/23,195,,Desna Chernihiv,desna chernihiv,UKR,,,,2,,2,6.36,6.36,true,Kassiesa / public UEFA coefficient tables,https://kassiesa.net/uefa/data/method5/trank2022.html
2022,2022/23,195,,Olimpik Donetsk,olimpik donetsk,UKR,1,,,,,1,6.36,6.36,true,Kassiesa / public UEFA coefficient tables,https://kassiesa.net/uefa/data/method5/trank2022.html
2022,2022/23,201,,KI Klaksvik,ki klaksvik,FRO,0.25,1,1.5,2.5,1,6.25,1.45,6.25,false,Kassiesa / public UEFA coefficient tables,https://kassiesa.net/uefa/data/method5/trank2022.html
2022,2022/23,201,201,Shakhtior Saligorsk,shakhtior saligorsk,BLR,0.25,1.5,2,1,1.5,6.25,2.5,6.25,false,Kassiesa / public UEFA coefficient tables,https://kassiesa.net/uefa/data/method5/trank2022.html
2022,2022/23,201,,Sutjeska Niksic,sutjeska niksic,MNE,0.25,1.5,2,1,1.5,6.25,0.975,6.25,false,Kassiesa / public UEFA coefficient tables,https://kassiesa.net/uefa/data/method5/trank2022.html
2022,2022/23,204,,Zulte Waregem,zulte waregem,BEL,5,,,,,5,6.12,6.12,true,Kassiesa / public UEFA coefficient tables,https://kassiesa.net/uefa/data/method5/trank2022.html
2022,2022/23,204,204,Charleroi,charleroi,BEL,,,,2.5,,2.5,6.12,6.12,true,Kassiesa / public UEFA coefficient tables,https://kassiesa.net/uefa/data/method5/trank2022.html
2022,2022/23,204,,KV Oostende,kv oostende,BEL,1,,,,,1,6.12,6.12,true,Kassiesa / public UEFA coefficient tables,https://kassiesa.net/uefa/data/method5/trank2022.html
2022,2022/23,207,207,KF Laçi,kf laçi,ALB,,1.5,1,1.5,2,6,1.6,6,false,Kassiesa / public UEFA coefficient tables,https://kassiesa.net/uefa/data/method5/trank2022.html
2022,2022/23,207,,Lech Poznan,lech poznan,POL,1,2,,3,,6,3.175,6,false,Kassiesa / public UEFA coefficient tables,https://kassiesa.net/uefa/data/method5/trank2022.html
2022,2022/23,209,,FC Sankt Gallen,fc sankt gallen,SUI,,1.5,,2,,3.5,5.935,5.935,true,Kassiesa / public UEFA coefficient tables,https://kassiesa.net/uefa/data/method5/trank2022.html
2022,2022/23,209,209,Servette FC Genève,servette fc genève,SUI,,,,1.5,1.5,3,5.935,5.935,true,Kassiesa / public UEFA coefficient tables,https://kassiesa.net/uefa/data/method5/trank2022.html
2022,2022/23,209,,FC Thun,fc thun,SUI,,,2,,,2,5.935,5.935,true,Kassiesa / public UEFA coefficient tables,https://kassiesa.net/uefa/data/method5/trank2022.html
2022,2022/23,209,,FC Sion,fc sion,SUI,1,,,,,1,5.935,5.935,true,Kassiesa / public UEFA coefficient tables,https://kassiesa.net/uefa/data/method5/trank2022.html
2022,2022/23,213,213,Connah's Quay,connah's quay,WAL,0.25,1,1.5,1.5,1.5,5.75,1.1,5.75,false,Kassiesa / public UEFA coefficient tables,https://kassiesa.net/uefa/data/method5/trank2022.html
2022,2022/23,214,214,Aris Thessaloniki,aris thessaloniki,GRE,,,2,1.5,1.5,5,5.64,5.64,true,Kassiesa / public UEFA coefficient tables,https://kassiesa.net/uefa/data/method5/trank2022.html
2022,2022/23,214,,Atromitos FC,atromitos fc,GRE,,1.5,2,,,3.5,5.64,5.64,true,Kassiesa / public UEFA coefficient tables,https://kassiesa.net/uefa/data/method5/trank2022.html
2022,2022/23,214,,Asteras Tripolis,asteras tripolis,GRE,,1.5,,,,1.5,5.64,5.64,true,Kassiesa / public UEFA coefficient tables,https://kassiesa.net/uefa/data/method5/trank2022.html
2022,2022/23,214,,OFI Heraklion,ofi heraklion,GRE,,,,1.5,,1.5,5.64,5.64,true,Kassiesa / public UEFA coefficient tables,https://kassiesa.net/uefa/data/method5/trank2022.html
2022,2022/23,214,,Panathinaikos,panathinaikos,GRE,1.5,,,,,1.5,5.64,5.64,true,Kassiesa / public UEFA coefficient tables,https://kassiesa.net/uefa/data/method5/trank2022.html
2022,2022/23,214,,Panionios,panionios,GRE,1,,,,,1,5.64,5.64,true,Kassiesa / public UEFA coefficient tables,https://kassiesa.net/uefa/data/method5/trank2022.html
2022,2022/23,220,,Slovan Liberec,slovan liberec,CZE,,,,5,,5,5.56,5.56,true,Kassiesa / public UEFA coefficient tables,https://kassiesa.net/uefa/data/method5/trank2022.html
2022,2022/23,220,,Mladá Boleslav,mladá boleslav,CZE,1,,2,,,3,5.56,5.56,true,Kassiesa / public UEFA coefficient tables,https://kassiesa.net/uefa/data/method5/trank2022.html
2022,2022/23,220,,Sigma Olomouc,sigma olomouc,CZE,,2.5,,,,2.5,5.56,5.56,true,Kassiesa / public UEFA coefficient tables,https://kassiesa.net/uefa/data/method5/trank2022.html
2022,2022/23,220,,FC Zlin,fc zlin,CZE,2,,,,,2,5.56,5.56,true,Kassiesa / public UEFA coefficient tables,https://kassiesa.net/uefa/data/method5/trank2022.html
2022,2022/23,220,220,1.FC Slovácko,1.fc slovácko,CZE,,,,,1.5,1.5,5.56,5.56,true,Kassiesa / public UEFA coefficient tables,https://kassiesa.net/uefa/data/method5/trank2022.html
2022,2022/23,225,,FC Santa Coloma,fc santa coloma,AND,0.5,1.5,1.5,0.5,1.5,5.5,0.933,5.5,false,Kassiesa / public UEFA coefficient tables,https://kassiesa.net/uefa/data/method5/trank2022.html
2022,2022/23,225,,FH Hafnarfjardar,fh hafnarfjardar,ISL,1.5,1.5,,1,1.5,5.5,1.075,5.5,false,Kassiesa / public UEFA coefficient tables,https://kassiesa.net/uefa/data/method5/trank2022.html
2022,2022/23,225,,FK Kukësi,fk kukësi,ALB,1,2,1,1.5,,5.5,1.6,5.5,false,Kassiesa / public UEFA coefficient tables,https://kassiesa.net/uefa/data/method5/trank2022.html
2022,2022/23,225,,Hibernians FC,hibernians fc,MLT,1,,1,1.5,2,5.5,1.4,5.5,false,Kassiesa / public UEFA coefficient tables,https://kassiesa.net/uefa/data/method5/trank2022.html
2022,2022/23,225,,Honvéd Budapest,honvéd budapest,HUN,1,1.5,1.5,1.5,,5.5,3.275,5.5,false,Kassiesa / public UEFA coefficient tables,https://kassiesa.net/uefa/data/method5/trank2022.html
2022,2022/23,225,,Lokomotiv Plovdiv,lokomotiv plovdiv,BUL,,,2,1.5,2,5.5,3.9,5.5,false,Kassiesa / public UEFA coefficient tables,https://kassiesa.net/uefa/data/method5/trank2022.html
2022,2022/23,225,225,Mura Murska Sobota,mura murska sobota,SVN,,,1,2,2.5,5.5,3,5.5,false,Kassiesa / public UEFA coefficient tables,https://kassiesa.net/uefa/data/method5/trank2022.html
2022,2022/23,225,,Progrès Niederkorn,progrès niederkorn,LUX,0.5,2,1.5,1.5,,5.5,1.75,5.5,false,Kassiesa / public UEFA coefficient tables,https://kassiesa.net/uefa/data/method5/trank2022.html
2022,2022/23,225,,Trabzonspor,trabzonspor,TUR,,,3,,2.5,5.5,5.42,5.5,false,Kassiesa / public UEFA coefficient tables,https://kassiesa.net/uefa/data/method5/trank2022.html
2022,2022/23,225,,Valur Reykjavik,valur reykjavik,ISL,0.5,2,1.5,,1.5,5.5,1.075,5.5,false,Kassiesa / public UEFA coefficient tables,https://kassiesa.net/uefa/data/method5/trank2022.html
2022,2022/23,235,,Sarpsborg 08,sarpsborg 08,NOR,,4,,,,4,5.45,5.45,true,Kassiesa / public UEFA coefficient tables,https://kassiesa.net/uefa/data/method5/trank2022.html
2022,2022/23,235,,FK Haugesund,fk haugesund,NOR,0.5,,2,,,2.5,5.45,5.45,true,Kassiesa / public UEFA coefficient tables,https://kassiesa.net/uefa/data/method5/trank2022.html
2022,2022/23,235,,Lillestrøm SK,lillestrøm sk,NOR,,1.5,,,,1.5,5.45,5.45,true,Kassiesa / public UEFA coefficient tables,https://kassiesa.net/uefa/data/method5/trank2022.html
2022,2022/23,235,,SK Brann Bergen,sk brann bergen,NOR,0.5,,1,,,1.5,5.45,5.45,true,Kassiesa / public UEFA coefficient tables,https://kassiesa.net/uefa/data/method5/trank2022.html
2022,2022/23,235,235,Vålerengens IF,vålerengens if,NOR,,,,,1.5,1.5,5.45,5.45,true,Kassiesa / public UEFA coefficient tables,https://kassiesa.net/uefa/data/method5/trank2022.html
2022,2022/23,235,,Viking Stavanger,viking stavanger,NOR,,,,1.5,,1.5,5.45,5.45,true,Kassiesa / public UEFA coefficient tables,https://kassiesa.net/uefa/data/method5/trank2022.html
2022,2022/23,235,,Odd Grenland,odd grenland,NOR,1,,,,,1,5.45,5.45,true,Kassiesa / public UEFA coefficient tables,https://kassiesa.net/uefa/data/method5/trank2022.html
2022,2022/23,242,242,AGF Aarhus,agf aarhus,DEN,,,,1.5,1.5,3,5.435,5.435,true,Kassiesa / public UEFA coefficient tables,https://kassiesa.net/uefa/data/method5/trank2022.html
2022,2022/23,242,,FC Nordsjælland,fc nordsjælland,DEN,,2,,,,2,5.435,5.435,true,Kassiesa / public UEFA coefficient tables,https://kassiesa.net/uefa/data/method5/trank2022.html
2022,2022/23,242,,SønderjyskE,sønderjyske,DEN,,,,2,,2,5.435,5.435,true,Kassiesa / public UEFA coefficient tables,https://kassiesa.net/uefa/data/method5/trank2022.html
2022,2022/23,242,,Esbjerg fB,esbjerg fb,DEN,,,1.5,,,1.5,5.435,5.435,true,Kassiesa / public UEFA coefficient tables,https://kassiesa.net/uefa/data/method5/trank2022.html
2022,2022/23,242,,Lyngby BK,lyngby bk,DEN,1,,,,,1,5.435,5.435,true,Kassiesa / public UEFA coefficient tables,https://kassiesa.net/uefa/data/method5/trank2022.html
2022,2022/23,247,247,Lokomotiva Zagreb,lokomotiva zagreb,CRO,,,,2,,2,5.43,5.43,true,Kassiesa / public UEFA coefficient tables,https://kassiesa.net/uefa/data/method5/trank2022.html
2022,2022/23,248,,Konyaspor,konyaspor,TUR,5,,,,,5,5.42,5.42,true,Kassiesa / public UEFA coefficient tables,https://kassiesa.net/uefa/data/method5/trank2022.html
2022,2022/23,248,,Akhisarspor,akhisarspor,TUR,,3,,,,3,5.42,5.42,true,Kassiesa / public UEFA coefficient tables,https://kassiesa.net/uefa/data/method5/trank2022.html
2022,2022/23,248,248,Alanyaspor,alanyaspor,TUR,,,,2,,2,5.42,5.42,true,Kassiesa / public UEFA coefficient tables,https://kassiesa.net/uefa/data/method5/trank2022.html
2022,2022/23,248,,Yeni Malatyaspor,yeni malatyaspor,TUR,,,2,,,2,5.42,5.42,true,Kassiesa / public UEFA coefficient tables,https://kassiesa.net/uefa/data/method5/trank2022.html
2022,2022/23,252,252,AEL Limassol,ael limassol,CYP,1,,1.5,,2,4.5,5.275,5.275,true,Kassiesa / public UEFA coefficient tables,https://kassiesa.net/uefa/data/method5/trank2022.html
2022,2022/23,253,253,FK Ventspils,fk ventspils,LVA,0.25,1.5,2,1.5,,5.25,1.725,5.25,false,Kassiesa / public UEFA coefficient tables,https://kassiesa.net/uefa/data/method5/trank2022.html
2022,2022/23,254,,AIK Stockholm,aik stockholm,SWE,1,1.5,2.5,,,5,4.575,5,false,Kassiesa / public UEFA coefficient tables,https://kassiesa.net/uefa/data/method5/trank2022.html
2022,2022/23,254,,Ararat-Armenia,ararat-armenia,ARM,,,2.5,2.5,,5,1.625,5,false,Kassiesa / public UEFA coefficient tables,https://kassiesa.net/uefa/data/method5/trank2022.html
2022,2022/23,254,,Dinamo Minsk,dinamo minsk,BLR,1,2,1,1,,5,2.5,5,false,Kassiesa / public UEFA coefficient tables,https://kassiesa.net/uefa/data/method5/trank2022.html
2022,2022/23,254,254,FC Drita,fc drita,KOS,,1.5,,2,1.5,5,1.633,5,false,Kassiesa / public UEFA coefficient tables,https://kassiesa.net/uefa/data/method5/trank2022.html
2022,2022/23,254,,FK Riteriai,fk riteriai,LTU,1,1.5,1,1.5,,5,2,5,false,Kassiesa / public UEFA coefficient tables,https://kassiesa.net/uefa/data/method5/trank2022.html
2022,2022/23,254,,Valletta FC,valletta fc,MLT,0.5,1.5,2,1,,5,1.4,5,false,Kassiesa / public UEFA coefficient tables,https://kassiesa.net/uefa/data/method5/trank2022.html
2022,2022/23,260,,Bnei Yehuda,bnei yehuda,ISR,1,,2.5,,,3.5,4.875,4.875,true,Kassiesa / public UEFA coefficient tables,https://kassiesa.net/uefa/data/method5/trank2022.html
2022,2022/23,260,,Beitar Jerusalem,beitar jerusalem,ISR,0.5,1,,1,,2.5,4.875,4.875,true,Kassiesa / public UEFA coefficient tables,https://kassiesa.net/uefa/data/method5/trank2022.html
2022,2022/23,260,,Hapoel Haifa,hapoel haifa,ISR,,2,,,,2,4.875,4.875,true,Kassiesa / public UEFA coefficient tables,https://kassiesa.net/uefa/data/method5/trank2022.html
2022,2022/23,260,260,MS Ashdod,ms ashdod,ISR,,,,,1.5,1.5,4.875,4.875,true,Kassiesa / public UEFA coefficient tables,https://kassiesa.net/uefa/data/method5/trank2022.html
2022,2022/23,264,,B36 Torshavn,b36 torshavn,FRO,0.25,1.5,1,2,,4.75,1.45,4.75,false,Kassiesa / public UEFA coefficient tables,https://kassiesa.net/uefa/data/method5/trank2022.html
2022,2022/23,264,264,Levadia Tallinn,levadia tallinn,EST,0.25,1,1,1,1.5,4.75,1.408,4.75,false,Kassiesa / public UEFA coefficient tables,https://kassiesa.net/uefa/data/method5/trank2022.html
2022,2022/23,266,,BK Häcken,bk häcken,SWE,,1.5,1.5,,1.5,4.5,4.575,4.575,true,Kassiesa / public UEFA coefficient tables,https://kassiesa.net/uefa/data/method5/trank2022.html
2022,2022/23,266,266,Hammarby IF,hammarby if,SWE,,,,1.5,2.5,4,4.575,4.575,true,Kassiesa / public UEFA coefficient tables,https://kassiesa.net/uefa/data/method5/trank2022.html
2022,2022/23,266,,Djurgårdens IF,djurgårdens if,SWE,,1.5,,2,,3.5,4.575,4.575,true,Kassiesa / public UEFA coefficient tables,https://kassiesa.net/uefa/data/method5/trank2022.html
2022,2022/23,266,,IF Elfsborg,if elfsborg,SWE,,,,,2.5,2.5,4.575,4.575,true,Kassiesa / public UEFA coefficient tables,https://kassiesa.net/uefa/data/method5/trank2022.html
2022,2022/23,266,,IFK Norrköping,ifk norrköping,SWE,0.5,,2,,,2.5,4.575,4.575,true,Kassiesa / public UEFA coefficient tables,https://kassiesa.net/uefa/data/method5/trank2022.html
2022,2022/23,266,,IFK Göteborg,ifk göteborg,SWE,,,,1.5,,1.5,4.575,4.575,true,Kassiesa / public UEFA coefficient tables,https://kassiesa.net/uefa/data/method5/trank2022.html
2022,2022/23,272,,Europa FC,europa fc,GIB,0.5,0.5,1,1.5,1,4.5,1.083,4.5,false,Kassiesa / public UEFA coefficient tables,https://kassiesa.net/uefa/data/method5/trank2022.html
2022,2022/23,272,,Farul Constanta,farul constanta,ROU,1.5,1.5,1.5,,,4.5,3.43,4.5,false,Kassiesa / public UEFA coefficient tables,https://kassiesa.net/uefa/data/method5/trank2022.html
2022,2022/23,272,,FK Liepaja,fk liepaja,LVA,0.5,1,1.5,,1.5,4.5,1.725,4.5,false,Kassiesa / public UEFA coefficient tables,https://kassiesa.net/uefa/data/method5/trank2022.html
2022,2022/23,272,,FK Shkupi,fk shkupi,MKD,,1,1,1,1.5,4.5,1.4,4.5,false,Kassiesa / public UEFA coefficient tables,https://kassiesa.net/uefa/data/method5/trank2022.html
2022,2022/23,272,,Kalju Nomme,kalju nomme,EST,0.5,1,2,1,,4.5,1.408,4.5,false,Kassiesa / public UEFA coefficient tables,https://kassiesa.net/uefa/data/method5/trank2022.html
2022,2022/23,272,272,MSK Zilina,msk zilina,SVK,1,,,1,2.5,4.5,3.125,4.5,false,Kassiesa / public UEFA coefficient tables,https://kassiesa.net/uefa/data/method5/trank2022.html
2022,2022/23,272,,Petrocub Hîncesti,petrocub hîncesti,MDA,,1,1,1,1.5,4.5,2.25,4.5,false,Kassiesa / public UEFA coefficient tables,https://kassiesa.net/uefa/data/method5/trank2022.html
2022,2022/23,272,,Teuta Durrës,teuta durrës,ALB,,,1,1.5,2,4.5,1.6,4.5,false,Kassiesa / public UEFA coefficient tables,https://kassiesa.net/uefa/data/method5/trank2022.html
2022,2022/23,272,,Tobol Kustanai,tobol kustanai,KAZ,,1.5,1,,2,4.5,3.15,4.5,false,Kassiesa / public UEFA coefficient tables,https://kassiesa.net/uefa/data/method5/trank2022.html
2022,2022/23,281,281,FC Prishtina,fc prishtina,KOS,0.25,1,0.5,0.5,2,4.25,1.633,4.25,false,Kassiesa / public UEFA coefficient tables,https://kassiesa.net/uefa/data/method5/trank2022.html
2022,2022/23,281,,Partizani Tirana,partizani tirana,ALB,0.25,1,1.5,,1.5,4.25,1.6,4.25,false,Kassiesa / public UEFA coefficient tables,https://kassiesa.net/uefa/data/method5/trank2022.html
2022,2022/23,281,,Pyunik Yerevan,pyunik yerevan,ARM,0.25,2,2,,,4.25,1.625,4.25,false,Kassiesa / public UEFA coefficient tables,https://kassiesa.net/uefa/data/method5/trank2022.html
2022,2022/23,281,,Stjarnan FC,stjarnan fc,ISL,0.25,1.5,1.5,,1,4.25,1.075,4.25,false,Kassiesa / public UEFA coefficient tables,https://kassiesa.net/uefa/data/method5/trank2022.html
2022,2022/23,285,,Breidablik,breidablik,ISL,,,1,1,2,4,1.075,4,false,Kassiesa / public UEFA coefficient tables,https://kassiesa.net/uefa/data/method5/trank2022.html
2022,2022/23,285,,Gzira United,gzira united,MLT,,1,1.5,,1.5,4,1.4,4,false,Kassiesa / public UEFA coefficient tables,https://kassiesa.net/uefa/data/method5/trank2022.html
2022,2022/23,285,,HB Torshavn,hb torshavn,FRO,,,1.5,0.5,2,4,1.45,4,false,Kassiesa / public UEFA coefficient tables,https://kassiesa.net/uefa/data/method5/trank2022.html
2022,2022/23,285,,Kesla FK,kesla fk,AZE,0.5,1,,1,1.5,4,3.4,4,false,Kassiesa / public UEFA coefficient tables,https://kassiesa.net/uefa/data/method5/trank2022.html
2022,2022/23,285,,La Fiorita,la fiorita,SMR,0.5,1.5,0.5,0.5,1,4,0.266,4,false,Kassiesa / public UEFA coefficient tables,https://kassiesa.net/uefa/data/method5/trank2022.html
2022,2022/23,285,285,RFS Riga,rfs riga,LVA,,,1,1,2,4,1.725,4,false,Kassiesa / public UEFA coefficient tables,https://kassiesa.net/uefa/data/method5/trank2022.html
2022,2022/23,285,,Skënderbeu Korçë,skënderbeu korçë,ALB,4,,,,,4,1.6,4,false,Kassiesa / public UEFA coefficient tables,https://kassiesa.net/uefa/data/method5/trank2022.html
2022,2022/23,292,,Levski Sofia,levski sofia,BUL,0.5,1,1.5,,,3,3.9,3.9,true,Kassiesa / public UEFA coefficient tables,https://kassiesa.net/uefa/data/method5/trank2022.html
2022,2022/23,292,,Slavia Sofia,slavia sofia,BUL,,1.5,,1,,2.5,3.9,3.9,true,Kassiesa / public UEFA coefficient tables,https://kassiesa.net/uefa/data/method5/trank2022.html
2022,2022/23,292,292,Arda Kardzhali,arda kardzhali,BUL,,,,,1.5,1.5,3.9,3.9,true,Kassiesa / public UEFA coefficient tables,https://kassiesa.net/uefa/data/method5/trank2022.html
2022,2022/23,292,,Botev Plovdiv,botev plovdiv,BUL,1,,,,,1,3.9,3.9,true,Kassiesa / public UEFA coefficient tables,https://kassiesa.net/uefa/data/method5/trank2022.html
2022,2022/23,292,,Dunav Ruse,dunav ruse,BUL,0.25,,,,,0.25,3.9,3.9,true,Kassiesa / public UEFA coefficient tables,https://kassiesa.net/uefa/data/method5/trank2022.html
2022,2022/23,297,,Coleraine,coleraine,NIR,0.25,1,,1.5,1,3.75,1.616,3.75,false,Kassiesa / public UEFA coefficient tables,https://kassiesa.net/uefa/data/method5/trank2022.html
2022,2022/23,297,297,Milsami Orhei,milsami orhei,MDA,0.25,1,1,,1.5,3.75,2.25,3.75,false,Kassiesa / public UEFA coefficient tables,https://kassiesa.net/uefa/data/method5/trank2022.html
2022,2022/23,297,,NSI Runavik,nsi runavik,FRO,0.25,1,0.5,1,1,3.75,1.45,3.75,false,Kassiesa / public UEFA coefficient tables,https://kassiesa.net/uefa/data/method5/trank2022.html
2022,2022/23,297,,Torpedo Kutaisi,torpedo kutaisi,GEO,0.25,2.5,1,,,3.75,1.4,3.75,false,Kassiesa / public UEFA coefficient tables,https://kassiesa.net/uefa/data/method5/trank2022.html
2022,2022/23,301,,Cork City,cork city,IRL,0.5,2,1,,,3.5,1.625,3.5,false,Kassiesa / public UEFA coefficient tables,https://kassiesa.net/uefa/data/method5/trank2022.html
2022,2022/23,301,,Gabala FK,gabala fk,AZE,1,1,1.5,,,3.5,3.4,3.5,false,Kassiesa / public UEFA coefficient tables,https://kassiesa.net/uefa/data/method5/trank2022.html
2022,2022/23,301,,Kauno Zalgiris,kauno zalgiris,LTU,,,1,1,1.5,3.5,2,3.5,false,Kassiesa / public UEFA coefficient tables,https://kassiesa.net/uefa/data/method5/trank2022.html
2022,2022/23,301,,Piast Gliwice,piast gliwice,POL,,,1.5,2,,3.5,3.175,3.5,false,Kassiesa / public UEFA coefficient tables,https://kassiesa.net/uefa/data/method5/trank2022.html
2022,2022/23,301,,Siroki Brijeg,siroki brijeg,BIH,0.5,1,1,,1,3.5,1.825,3.5,false,Kassiesa / public UEFA coefficient tables,https://kassiesa.net/uefa/data/method5/trank2022.html
2022,2022/23,301,301,Újpest TE,újpest te,HUN,,1.5,,,2,3.5,3.275,3.5,false,Kassiesa / public UEFA coefficient tables,https://kassiesa.net/uefa/data/method5/trank2022.html
2022,2022/23,307,,FC Botosani,fc botosani,ROU,,,,1.5,,1.5,3.43,3.43,true,Kassiesa / public UEFA coefficient tables,https://kassiesa.net/uefa/data/method5/trank2022.html
2022,2022/23,307,307,Sepsi OSK,sepsi osk,ROU,,,,,1.5,1.5,3.43,3.43,true,Kassiesa / public UEFA coefficient tables,https://kassiesa.net/uefa/data/method5/trank2022.html
2022,2022/23,307,,Astra Giurgiu,astra giurgiu,ROU,1,,,,,1,3.43,3.43,true,Kassiesa / public UEFA coefficient tables,https://kassiesa.net/uefa/data/method5/trank2022.html
2022,2022/23,307,,Dinamo Bucuresti,dinamo bucuresti,ROU,1,,,,,1,3.43,3.43,true,Kassiesa / public UEFA coefficient tables,https://kassiesa.net/uefa/data/method5/trank2022.html
2022,2022/23,311,311,Sumgayit FK,sumgayit fk,AZE,,,,1,1.5,2.5,3.4,3.4,true,Kassiesa / public UEFA coefficient tables,https://kassiesa.net/uefa/data/method5/trank2022.html
2022,2022/23,311,,Sabail FK,sabail fk,AZE,,,1,,,1,3.4,3.4,true,Kassiesa / public UEFA coefficient tables,https://kassiesa.net/uefa/data/method5/trank2022.html
2022,2022/23,311,,Zira FK,zira fk,AZE,0.5,,,,,0.5,3.4,3.4,true,Kassiesa / public UEFA coefficient tables,https://kassiesa.net/uefa/data/method5/trank2022.html
2022,2022/23,314,314,Puskás Akadémia,puskás akadémia,HUN,,,,1,1.5,2.5,3.275,3.275,true,Kassiesa / public UEFA coefficient tables,https://kassiesa.net/uefa/data/method5/trank2022.html
2022,2022/23,314,,DVSC Debrecen,dvsc debrecen,HUN,,,1.5,,,1.5,3.275,3.275,true,Kassiesa / public UEFA coefficient tables,https://kassiesa.net/uefa/data/method5/trank2022.html
2022,2022/23,314,,Vasas Budapest,vasas budapest,HUN,0.25,,,,,0.25,3.275,3.275,true,Kassiesa / public UEFA coefficient tables,https://kassiesa.net/uefa/data/method5/trank2022.html
2022,2022/23,317,,Bala Town,bala town,WAL,0.25,0.5,,1.5,1,3.25,1.1,3.25,false,Kassiesa / public UEFA coefficient tables,https://kassiesa.net/uefa/data/method5/trank2022.html
2022,2022/23,317,,Chikhura Sachkhere,chikhura sachkhere,GEO,0.25,1.5,1.5,,,3.25,1.4,3.25,false,Kassiesa / public UEFA coefficient tables,https://kassiesa.net/uefa/data/method5/trank2022.html
2022,2022/23,317,,Crusaders Belfast,crusaders belfast,NIR,0.25,1.5,1.5,,,3.25,1.616,3.25,false,Kassiesa / public UEFA coefficient tables,https://kassiesa.net/uefa/data/method5/trank2022.html
2022,2022/23,317,317,Dinamo Batumi,dinamo batumi,GEO,0.25,,,1,2,3.25,1.4,3.25,false,Kassiesa / public UEFA coefficient tables,https://kassiesa.net/uefa/data/method5/trank2022.html
2022,2022/23,317,,St Joseph's FC,st joseph's fc,GIB,0.25,0.5,1,0.5,1,3.25,1.083,3.25,false,Kassiesa / public UEFA coefficient tables,https://kassiesa.net/uefa/data/method5/trank2022.html
2022,2022/23,317,,Tre Penne,tre penne,SMR,0.25,,1.5,0.5,1,3.25,0.266,3.25,false,Kassiesa / public UEFA coefficient tables,https://kassiesa.net/uefa/data/method5/trank2022.html
2022,2022/23,323,,Jagiellonia Bialystok,jagiellonia bialystok,POL,0.5,2,,,,2.5,3.175,3.175,true,Kassiesa / public UEFA coefficient tables,https://kassiesa.net/uefa/data/method5/trank2022.html
2022,2022/23,323,323,Raków Czestochowa,raków czestochowa,POL,,,,,2.5,2.5,3.175,3.175,true,Kassiesa / public UEFA coefficient tables,https://kassiesa.net/uefa/data/method5/trank2022.html
2022,2022/23,323,,Cracovia Kraków,cracovia kraków,POL,,,1,1,,2,3.175,3.175,true,Kassiesa / public UEFA coefficient tables,https://kassiesa.net/uefa/data/method5/trank2022.html
2022,2022/23,323,,Slask Wroclaw,slask wroclaw,POL,,,,,2,2,3.175,3.175,true,Kassiesa / public UEFA coefficient tables,https://kassiesa.net/uefa/data/method5/trank2022.html
2022,2022/23,323,,Górnik Zabrze,górnik zabrze,POL,,1.5,,,,1.5,3.175,3.175,true,Kassiesa / public UEFA coefficient tables,https://kassiesa.net/uefa/data/method5/trank2022.html
2022,2022/23,323,,Lechia Gdansk,lechia gdansk,POL,,,1.5,,,1.5,3.175,3.175,true,Kassiesa / public UEFA coefficient tables,https://kassiesa.net/uefa/data/method5/trank2022.html
2022,2022/23,323,,Pogon Szczecin,pogon szczecin,POL,,,,,1.5,1.5,3.175,3.175,true,Kassiesa / public UEFA coefficient tables,https://kassiesa.net/uefa/data/method5/trank2022.html
2022,2022/23,323,,Arka Gdynia,arka gdynia,POL,1,,,,,1,3.175,3.175,true,Kassiesa / public UEFA coefficient tables,https://kassiesa.net/uefa/data/method5/trank2022.html
2022,2022/23,331,,Ordabasy Shymkent,ordabasy shymkent,KAZ,0.25,,1.5,1,,2.75,3.15,3.15,true,Kassiesa / public UEFA coefficient tables,https://kassiesa.net/uefa/data/method5/trank2022.html
2022,2022/23,331,331,Shakhtyor Karaganda,shakhtyor karaganda,KAZ,,,,,2.5,2.5,3.15,3.15,true,Kassiesa / public UEFA coefficient tables,https://kassiesa.net/uefa/data/method5/trank2022.html
2022,2022/23,331,,Irtysh Pavlodar,irtysh pavlodar,KAZ,0.5,1,,,,1.5,3.15,3.15,true,Kassiesa / public UEFA coefficient tables,https://kassiesa.net/uefa/data/method5/trank2022.html
2022,2022/23,331,,Kaysar Kyzylorda,kaysar kyzylorda,KAZ,,,,1.5,,1.5,3.15,3.15,true,Kassiesa / public UEFA coefficient tables,https://kassiesa.net/uefa/data/method5/trank2022.html
2022,2022/23,335,,AS Trencín,as trencín,SVK,0.5,2.5,,,,3,3.125,3.125,true,Kassiesa / public UEFA coefficient tables,https://kassiesa.net/uefa/data/method5/trank2022.html
2022,2022/23,335,335,MFK Ruzomberok,mfk ruzomberok,SVK,1,,1,1,,3,3.125,3.125,true,Kassiesa / public UEFA coefficient tables,https://kassiesa.net/uefa/data/method5/trank2022.html
2022,2022/23,337,337,Bohemians Dublin,bohemians dublin,IRL,,,,1,2,3,1.625,3,false,Kassiesa / public UEFA coefficient tables,https://kassiesa.net/uefa/data/method5/trank2022.html
2022,2022/23,337,,Borac Banja Luka,borac banja luka,BIH,,,,1.5,1.5,3,1.825,3,false,Kassiesa / public UEFA coefficient tables,https://kassiesa.net/uefa/data/method5/trank2022.html
2022,2022/23,337,,Inter Club d'Escaldes,inter club d'escaldes,AND,,,,1.5,1.5,3,0.933,3,false,Kassiesa / public UEFA coefficient tables,https://kassiesa.net/uefa/data/method5/trank2022.html
2022,2022/23,337,,Inter Turku,inter turku,FIN,,,1,1,1,3,1.775,3,false,Kassiesa / public UEFA coefficient tables,https://kassiesa.net/uefa/data/method5/trank2022.html
2022,2022/23,337,,KR Reykjavik,kr reykjavik,ISL,0.5,,1,1.5,,3,1.075,3,false,Kassiesa / public UEFA coefficient tables,https://kassiesa.net/uefa/data/method5/trank2022.html
2022,2022/23,337,,Saburtalo Tbilisi,saburtalo tbilisi,GEO,,,2,1,,3,1.4,3,false,Kassiesa / public UEFA coefficient tables,https://kassiesa.net/uefa/data/method5/trank2022.html
2022,2022/23,337,,Spartaks Jurmala,spartaks jurmala,LVA,1,2,,,,3,1.725,3,false,Kassiesa / public UEFA coefficient tables,https://kassiesa.net/uefa/data/method5/trank2022.html
2022,2022/23,337,,Tre Fiori,tre fiori,SMR,,1,0.5,1.5,,3,0.266,3,false,Kassiesa / public UEFA coefficient tables,https://kassiesa.net/uefa/data/method5/trank2022.html
2022,2022/23,337,,Urartu FC,urartu fc,ARM,,1,1,,1,3,1.625,3,false,Kassiesa / public UEFA coefficient tables,https://kassiesa.net/uefa/data/method5/trank2022.html
2022,2022/23,337,,Vardar Skopje,vardar skopje,MKD,2,1,,,,3,1.4,3,false,Kassiesa / public UEFA coefficient tables,https://kassiesa.net/uefa/data/method5/trank2022.html
2022,2022/23,337,,Zeljeznicar Sarajevo,zeljeznicar sarajevo,BIH,0.5,1.5,,1,,3,1.825,3,false,Kassiesa / public UEFA coefficient tables,https://kassiesa.net/uefa/data/method5/trank2022.html
2022,2022/23,337,,NK Celje,nk celje,SVN,,,,2,,2,3,3,true,Kassiesa / public UEFA coefficient tables,https://kassiesa.net/uefa/data/method5/trank2022.html
2022,2022/23,337,,Rudar Velenje,rudar velenje,SVN,,1.5,,,,1.5,3,3,true,Kassiesa / public UEFA coefficient tables,https://kassiesa.net/uefa/data/method5/trank2022.html
2022,2022/23,337,,Nova Gorica,nova gorica,SVN,0.5,,,,,0.5,3,3,true,Kassiesa / public UEFA coefficient tables,https://kassiesa.net/uefa/data/method5/trank2022.html
2022,2022/23,351,,Balzan FC,balzan fc,MLT,0.25,1.5,1,,,2.75,1.4,2.75,false,Kassiesa / public UEFA coefficient tables,https://kassiesa.net/uefa/data/method5/trank2022.html
2022,2022/23,351,351,KF Tirana,kf tirana,ALB,0.25,,,2.5,,2.75,1.6,2.75,false,Kassiesa / public UEFA coefficient tables,https://kassiesa.net/uefa/data/method5/trank2022.html
2022,2022/23,353,353,Honka Espoo,honka espoo,FIN,,,,1,1.5,2.5,1.775,2.5,false,Kassiesa / public UEFA coefficient tables,https://kassiesa.net/uefa/data/method5/trank2022.html
2022,2022/23,353,,OFK Titograd,ofk titograd,MNE,0.5,1,1,,,2.5,0.975,2.5,false,Kassiesa / public UEFA coefficient tables,https://kassiesa.net/uefa/data/method5/trank2022.html
2022,2022/23,353,,Sfântul Gheorghe,sfântul gheorghe,MDA,,,,1.5,1,2.5,2.25,2.5,false,Kassiesa / public UEFA coefficient tables,https://kassiesa.net/uefa/data/method5/trank2022.html
2022,2022/23,353,,Sileks Kratovo,sileks kratovo,MKD,,,,1.5,1,2.5,1.4,2.5,false,Kassiesa / public UEFA coefficient tables,https://kassiesa.net/uefa/data/method5/trank2022.html
2022,2022/23,353,,UE Engordany,ue engordany,AND,,1,1,0.5,,2.5,0.933,2.5,false,Kassiesa / public UEFA coefficient tables,https://kassiesa.net/uefa/data/method5/trank2022.html
2022,2022/23,353,,Víkingur,víkingur,FRO,1,1.5,,,,2.5,1.45,2.5,false,Kassiesa / public UEFA coefficient tables,https://kassiesa.net/uefa/data/method5/trank2022.html
2022,2022/23,353,,Torpedo Zhodino,torpedo zhodino,BLR,,,,,1.5,1.5,2.5,2.5,true,Kassiesa / public UEFA coefficient tables,https://kassiesa.net/uefa/data/method5/trank2022.html
2022,2022/23,353,,FC Vitebsk,fc vitebsk,BLR,,,1,,,1,2.5,2.5,true,Kassiesa / public UEFA coefficient tables,https://kassiesa.net/uefa/data/method5/trank2022.html
2022,2022/23,361,,Derry City,derry city,IRL,0.25,1,,1,,2.25,1.625,2.25,false,Kassiesa / public UEFA coefficient tables,https://kassiesa.net/uefa/data/method5/trank2022.html
2022,2022/23,361,,Floriana,floriana,MLT,0.25,,,2,,2.25,1.4,2.25,false,Kassiesa / public UEFA coefficient tables,https://kassiesa.net/uefa/data/method5/trank2022.html
2022,2022/23,361,361,Folgore,folgore,SMR,0.25,0.5,,,1.5,2.25,0.266,2.25,false,Kassiesa / public UEFA coefficient tables,https://kassiesa.net/uefa/data/method5/trank2022.html
2022,2022/23,361,,Sant Julià,sant julià,AND,0.25,0.5,0.5,,1,2.25,0.933,2.25,false,Kassiesa / public UEFA coefficient tables,https://kassiesa.net/uefa/data/method5/trank2022.html
2022,2022/23,361,,Zeta Golubovci,zeta golubovci,MNE,0.25,,1,1,,2.25,0.975,2.25,false,Kassiesa / public UEFA coefficient tables,https://kassiesa.net/uefa/data/method5/trank2022.html
2022,2022/23,361,,Zaria Balti,zaria balti,MDA,0.5,1,,,,1.5,2.25,2.25,true,Kassiesa / public UEFA coefficient tables,https://kassiesa.net/uefa/data/method5/trank2022.html
2022,2022/23,361,,Dinamo-Auto Tiraspol,dinamo-auto tiraspol,MDA,,,,1,,1,2.25,2.25,true,Kassiesa / public UEFA coefficient tables,https://kassiesa.net/uefa/data/method5/trank2022.html
2022,2022/23,361,,Speranta Nisporeni,speranta nisporeni,MDA,,,1,,,1,2.25,2.25,true,Kassiesa / public UEFA coefficient tables,https://kassiesa.net/uefa/data/method5/trank2022.html
2022,2022/23,361,,Dacia Chisinau,dacia chisinau,MDA,0.25,,,,,0.25,2.25,2.25,true,Kassiesa / public UEFA coefficient tables,https://kassiesa.net/uefa/data/method5/trank2022.html
2022,2022/23,370,,Birkirkara,birkirkara,MLT,,0.5,,,1.5,2,1.4,2,false,Kassiesa / public UEFA coefficient tables,https://kassiesa.net/uefa/data/method5/trank2022.html
2022,2022/23,370,,Cliftonville,cliftonville,NIR,,1,1,,,2,1.616,2,false,Kassiesa / public UEFA coefficient tables,https://kassiesa.net/uefa/data/method5/trank2022.html
2022,2022/23,370,,FC Noah,fc noah,ARM,,,,1,1,2,1.625,2,false,Kassiesa / public UEFA coefficient tables,https://kassiesa.net/uefa/data/method5/trank2022.html
2022,2022/23,370,,Glentoran,glentoran,NIR,,,,1,1,2,1.616,2,false,Kassiesa / public UEFA coefficient tables,https://kassiesa.net/uefa/data/method5/trank2022.html
2022,2022/23,370,,Ilves Tampere,ilves tampere,FIN,,1,,1,,2,1.775,2,false,Kassiesa / public UEFA coefficient tables,https://kassiesa.net/uefa/data/method5/trank2022.html
2022,2022/23,370,,Larne FC,larne fc,NIR,,,,,2,2,1.616,2,false,Kassiesa / public UEFA coefficient tables,https://kassiesa.net/uefa/data/method5/trank2022.html
2022,2022/23,370,,Lokomotivi Tbilisi,lokomotivi tbilisi,GEO,,,,2,,2,1.4,2,false,Kassiesa / public UEFA coefficient tables,https://kassiesa.net/uefa/data/method5/trank2022.html
2022,2022/23,370,,Paide Linnameeskond,paide linnameeskond,EST,,,,1,1,2,1.408,2,false,Kassiesa / public UEFA coefficient tables,https://kassiesa.net/uefa/data/method5/trank2022.html
2022,2022/23,370,,Racing Union Luxembourg,racing union luxembourg,LUX,,1,,,1,2,1.75,2,false,Kassiesa / public UEFA coefficient tables,https://kassiesa.net/uefa/data/method5/trank2022.html
2022,2022/23,370,,Samtredia,samtredia,GEO,1,1,,,,2,1.4,2,false,Kassiesa / public UEFA coefficient tables,https://kassiesa.net/uefa/data/method5/trank2022.html
2022,2022/23,370,,Trans Narva,trans narva,EST,,1,1,,,2,1.408,2,false,Kassiesa / public UEFA coefficient tables,https://kassiesa.net/uefa/data/method5/trank2022.html
2022,2022/23,370,,Valmieras FK,valmieras fk,LVA,,,,1,1,2,1.725,2,false,Kassiesa / public UEFA coefficient tables,https://kassiesa.net/uefa/data/method5/trank2022.html
2022,2022/23,370,370,Velez Mostar,velez mostar,BIH,,,,,2,2,1.825,2,false,Kassiesa / public UEFA coefficient tables,https://kassiesa.net/uefa/data/method5/trank2022.html
2022,2022/23,370,,FK Panevezys,fk panevezys,LTU,,,,,1.5,1.5,2,2,true,Kassiesa / public UEFA coefficient tables,https://kassiesa.net/uefa/data/method5/trank2022.html
2022,2022/23,370,,Stumbras Kaunas,stumbras kaunas,LTU,,1,,,,1,2,2,true,Kassiesa / public UEFA coefficient tables,https://kassiesa.net/uefa/data/method5/trank2022.html
2022,2022/23,370,,Atlantas Klaipeda,atlantas klaipeda,LTU,0.25,,,,,0.25,2,2,true,Kassiesa / public UEFA coefficient tables,https://kassiesa.net/uefa/data/method5/trank2022.html
2022,2022/23,386,386,Radnik Bijeljina,radnik bijeljina,BIH,,,1,,,1,1.825,1.825,true,Kassiesa / public UEFA coefficient tables,https://kassiesa.net/uefa/data/method5/trank2022.html
2022,2022/23,387,,FC Lahti,fc lahti,FIN,,1,,,,1,1.775,1.775,true,Kassiesa / public UEFA coefficient tables,https://kassiesa.net/uefa/data/method5/trank2022.html
2022,2022/23,387,,IFK Mariehamn,ifk mariehamn,FIN,1,,,,,1,1.775,1.775,true,Kassiesa / public UEFA coefficient tables,https://kassiesa.net/uefa/data/method5/trank2022.html
2022,2022/23,387,387,RoPS Rovaniemi,rops rovaniemi,FIN,,,1,,,1,1.775,1.775,true,Kassiesa / public UEFA coefficient tables,https://kassiesa.net/uefa/data/method5/trank2022.html
2022,2022/23,387,,VPS Vaasa,vps vaasa,FIN,0.5,,,,,0.5,1.775,1.775,true,Kassiesa / public UEFA coefficient tables,https://kassiesa.net/uefa/data/method5/trank2022.html
2022,2022/23,387,,SJK Seinäjoki,sjk seinäjoki,FIN,0.25,,,,,0.25,1.775,1.775,true,Kassiesa / public UEFA coefficient tables,https://kassiesa.net/uefa/data/method5/trank2022.html
2022,2022/23,392,,Jeunesse d'Esch,jeunesse d'esch,LUX,,,1.5,,,1.5,1.75,1.75,true,Kassiesa / public UEFA coefficient tables,https://kassiesa.net/uefa/data/method5/trank2022.html
2022,2022/23,392,,Differdange 03,differdange 03,LUX,0.25,,,1,,1.25,1.75,1.75,true,Kassiesa / public UEFA coefficient tables,https://kassiesa.net/uefa/data/method5/trank2022.html
2022,2022/23,392,392,Swift Hesperange,swift hesperange,LUX,,,,,1,1,1.75,1.75,true,Kassiesa / public UEFA coefficient tables,https://kassiesa.net/uefa/data/method5/trank2022.html
2022,2022/23,392,,Union Titus Pétange,union titus pétange,LUX,,,,1,,1,1.75,1.75,true,Kassiesa / public UEFA coefficient tables,https://kassiesa.net/uefa/data/method5/trank2022.html
2022,2022/23,396,396,FK Jelgava,fk jelgava,LVA,0.25,,,,,0.25,1.725,1.725,true,Kassiesa / public UEFA coefficient tables,https://kassiesa.net/uefa/data/method5/trank2022.html
2022,2022/23,397,,Feronikeli,feronikeli,KOS,,,1.5,,,1.5,1.633,1.633,true,Kassiesa / public UEFA coefficient tables,https://kassiesa.net/uefa/data/method5/trank2022.html
2022,2022/23,397,397,KF Llapi,kf llapi,KOS,,,,,1,1,1.633,1.633,true,Kassiesa / public UEFA coefficient tables,https://kassiesa.net/uefa/data/method5/trank2022.html
2022,2022/23,397,,SC Gjilani,sc gjilani,KOS,,,,1,,1,1.633,1.633,true,Kassiesa / public UEFA coefficient tables,https://kassiesa.net/uefa/data/method5/trank2022.html
2022,2022/23,397,,Trepça'89,trepça'89,KOS,0.5,,,,,0.5,1.633,1.633,true,Kassiesa / public UEFA coefficient tables,https://kassiesa.net/uefa/data/method5/trank2022.html
2022,2022/23,401,401,Ararat Yerevan,ararat yerevan,ARM,,,,,1.5,1.5,1.625,1.625,true,Kassiesa / public UEFA coefficient tables,https://kassiesa.net/uefa/data/method5/trank2022.html
2022,2022/23,401,,Gandzasar Kapan,gandzasar kapan,ARM,0.25,1,,,,1.25,1.625,1.625,true,Kassiesa / public UEFA coefficient tables,https://kassiesa.net/uefa/data/method5/trank2022.html
2022,2022/23,401,,Shirak Gyumri,shirak gyumri,ARM,0.25,,,1,,1.25,1.625,1.625,true,Kassiesa / public UEFA coefficient tables,https://kassiesa.net/uefa/data/method5/trank2022.html
2022,2022/23,401,,Sligo Rovers,sligo rovers,IRL,,,,,1,1,1.625,1.625,true,Kassiesa / public UEFA coefficient tables,https://kassiesa.net/uefa/data/method5/trank2022.html
2022,2022/23,401,,St. Patrick's Athletic,st. patrick's athletic,IRL,,,1,,,1,1.625,1.625,true,Kassiesa / public UEFA coefficient tables,https://kassiesa.net/uefa/data/method5/trank2022.html
2022,2022/23,406,406,Ballymena United,ballymena united,NIR,0.25,,1,,,1.25,1.616,1.616,true,Kassiesa / public UEFA coefficient tables,https://kassiesa.net/uefa/data/method5/trank2022.html
2022,2022/23,406,,Glenavon,glenavon,NIR,,1,,,,1,1.616,1.616,true,Kassiesa / public UEFA coefficient tables,https://kassiesa.net/uefa/data/method5/trank2022.html
2022,2022/23,408,408,Vllaznia Shkodër,vllaznia shkodër,ALB,,,,,1.5,1.5,1.6,1.6,true,Kassiesa / public UEFA coefficient tables,https://kassiesa.net/uefa/data/method5/trank2022.html
2022,2022/23,408,,Luftëtari Gjirokastër,luftëtari gjirokastër,ALB,,1,,,,1,1.6,1.6,true,Kassiesa / public UEFA coefficient tables,https://kassiesa.net/uefa/data/method5/trank2022.html
2022,2022/23,410,,Rabotnicki Skopje,rabotnicki skopje,MKD,0.5,1,,,,1.5,1.4,1.5,false,Kassiesa / public UEFA coefficient tables,https://kassiesa.net/uefa/data/method5/trank2022.html
2022,2022/23,410,410,Renova Dzepciste,renova dzepciste,MKD,,,,1.5,,1.5,1.4,1.5,false,Kassiesa / public UEFA coefficient tables,https://kassiesa.net/uefa/data/method5/trank2022.html
2022,2022/23,412,412,FCI Tallinn,fci tallinn,EST,0.5,,,,,0.5,1.408,1.408,true,Kassiesa / public UEFA coefficient tables,https://kassiesa.net/uefa/data/method5/trank2022.html
2022,2022/23,413,,Akademija Pandev,akademija pandev,MKD,,,1,,,1,1.4,1.4,true,Kassiesa / public UEFA coefficient tables,https://kassiesa.net/uefa/data/method5/trank2022.html
2022,2022/23,413,413,Dila Gori,dila gori,GEO,,,,,1,1,1.4,1.4,true,Kassiesa / public UEFA coefficient tables,https://kassiesa.net/uefa/data/method5/trank2022.html
2022,2022/23,413,,FC Struga,fc struga,MKD,,,,,1,1,1.4,1.4,true,Kassiesa / public UEFA coefficient tables,https://kassiesa.net/uefa/data/method5/trank2022.html
2022,2022/23,413,,Gagra Tbilisi,gagra tbilisi,GEO,,,,,1,1,1.4,1.4,true,Kassiesa / public UEFA coefficient tables,https://kassiesa.net/uefa/data/method5/trank2022.html
2022,2022/23,413,,Makedonija GjP,makedonija gjp,MKD,,,1,,,1,1.4,1.4,true,Kassiesa / public UEFA coefficient tables,https://kassiesa.net/uefa/data/method5/trank2022.html
2022,2022/23,413,,Mosta FC,mosta fc,MLT,,,,,1,1,1.4,1.4,true,Kassiesa / public UEFA coefficient tables,https://kassiesa.net/uefa/data/method5/trank2022.html
2022,2022/23,413,,Sirens FC,sirens fc,MLT,,,,1,,1,1.4,1.4,true,Kassiesa / public UEFA coefficient tables,https://kassiesa.net/uefa/data/method5/trank2022.html
2022,2022/23,413,,Pelister Bitola,pelister bitola,MKD,0.25,,,,,0.25,1.4,1.4,true,Kassiesa / public UEFA coefficient tables,https://kassiesa.net/uefa/data/method5/trank2022.html
2022,2022/23,421,,Barry Town,barry town,WAL,,,0.5,0.5,,1,1.1,1.1,true,Kassiesa / public UEFA coefficient tables,https://kassiesa.net/uefa/data/method5/trank2022.html
2022,2022/23,421,421,Newtown,newtown,WAL,,,,,1,1,1.1,1.1,true,Kassiesa / public UEFA coefficient tables,https://kassiesa.net/uefa/data/method5/trank2022.html
2022,2022/23,421,,Cardiff MU,cardiff mu,WAL,,,0.5,,,0.5,1.1,1.1,true,Kassiesa / public UEFA coefficient tables,https://kassiesa.net/uefa/data/method5/trank2022.html
2022,2022/23,421,,Cefn Druids,cefn druids,WAL,,0.5,,,,0.5,1.1,1.1,true,Kassiesa / public UEFA coefficient tables,https://kassiesa.net/uefa/data/method5/trank2022.html
2022,2022/23,421,,Bangor City,bangor city,WAL,0.25,,,,,0.25,1.1,1.1,true,Kassiesa / public UEFA coefficient tables,https://kassiesa.net/uefa/data/method5/trank2022.html
2022,2022/23,426,426,Mons Calpe,mons calpe,GIB,,,,,1,1,1.083,1.083,true,Kassiesa / public UEFA coefficient tables,https://kassiesa.net/uefa/data/method5/trank2022.html
2022,2022/23,427,,IBV Vestmannaeyjar,ibv vestmannaeyjar,ISL,,1,,,,1,1.075,1.075,true,Kassiesa / public UEFA coefficient tables,https://kassiesa.net/uefa/data/method5/trank2022.html
2022,2022/23,427,427,Vikingur Reykjavik,vikingur reykjavik,ISL,,,,1,,1,1.075,1.075,true,Kassiesa / public UEFA coefficient tables,https://kassiesa.net/uefa/data/method5/trank2022.html
2022,2022/23,429,429,Decic Tuzi,decic tuzi,MNE,,,,,1,1,0.975,1,false,Kassiesa / public UEFA coefficient tables,https://kassiesa.net/uefa/data/method5/trank2022.html
2022,2022/23,429,,FK Podgorica,fk podgorica,MNE,,,,,1,1,0.975,1,false,Kassiesa / public UEFA coefficient tables,https://kassiesa.net/uefa/data/method5/trank2022.html
2022,2022/23,429,,Iskra Danilovgrad,iskra danilovgrad,MNE,,,,1,,1,0.975,1,false,Kassiesa / public UEFA coefficient tables,https://kassiesa.net/uefa/data/method5/trank2022.html
2022,2022/23,429,,Rudar Pljevlja,rudar pljevlja,MNE,,1,,,,1,0.975,1,false,Kassiesa / public UEFA coefficient tables,https://kassiesa.net/uefa/data/method5/trank2022.html
2022,2022/23,433,433,UE Santa Coloma,ue santa coloma,AND,0.25,,,,,0.25,0.933,0.933,true,Kassiesa / public UEFA coefficient tables,https://kassiesa.net/uefa/data/method5/trank2022.html
2023,2023/24,1,1,Manchester City,manchester city,ENG,25,25,35,27,33,145,21.914,145,false,Kassiesa / public UEFA coefficient tables,https://kassiesa.net/uefa/data/method5/trank2023.html
2023,2023/24,2,2,Bayern München,bayern münchen,GER,20,36,27,26,27,136,16.496,136,false,Kassiesa / public UEFA coefficient tables,https://kassiesa.net/uefa/data/method5/trank2023.html
2023,2023/24,3,3,Chelsea,chelsea,ENG,30,17,33,25,21,126,21.914,126,false,Kassiesa / public UEFA coefficient tables,https://kassiesa.net/uefa/data/method5/trank2023.html
2023,2023/24,4,4,Liverpool,liverpool,ENG,29,18,24,33,19,123,21.914,123,false,Kassiesa / public UEFA coefficient tables,https://kassiesa.net/uefa/data/method5/trank2023.html
2023,2023/24,5,5,Real Madrid,real madrid,ESP,19,17,26,30,29,121,18.599,121,false,Kassiesa / public UEFA coefficient tables,https://kassiesa.net/uefa/data/method5/trank2023.html
2023,2023/24,6,6,Paris Saint-Germain,paris saint-germain,FRA,19,31,24,19,19,112,12.232,112,false,Kassiesa / public UEFA coefficient tables,https://kassiesa.net/uefa/data/method5/trank2023.html
2023,2023/24,7,7,Manchester United,manchester united,ENG,19,22,26,18,19,104,21.914,104,false,Kassiesa / public UEFA coefficient tables,https://kassiesa.net/uefa/data/method5/trank2023.html
2023,2023/24,8,8,Juventus,juventus,ITA,21,22,21,20,17,101,16.385,101,false,Kassiesa / public UEFA coefficient tables,https://kassiesa.net/uefa/data/method5/trank2023.html
2023,2023/24,9,9,FC Barcelona,fc barcelona,ESP,30,24,20,15,9,98,18.599,98,false,Kassiesa / public UEFA coefficient tables,https://kassiesa.net/uefa/data/method5/trank2023.html
2023,2023/24,10,10,AS Roma,as roma,ITA,17,11,24,23,22,97,16.385,97,false,Kassiesa / public UEFA coefficient tables,https://kassiesa.net/uefa/data/method5/trank2023.html
2023,2023/24,11,11,Internazionale,internazionale,ITA,15,25,9,18,29,96,16.385,96,false,Kassiesa / public UEFA coefficient tables,https://kassiesa.net/uefa/data/method5/trank2023.html
2023,2023/24,12,12,Sevilla,sevilla,ESP,13,26,19,12,21,91,18.599,91,false,Kassiesa / public UEFA coefficient tables,https://kassiesa.net/uefa/data/method5/trank2023.html
2023,2023/24,13,13,Ajax,ajax,NED,27,13,19,22,8,89,11.98,89,false,Kassiesa / public UEFA coefficient tables,https://kassiesa.net/uefa/data/method5/trank2023.html
2023,2023/24,14,14,Borussia Dortmund,borussia dortmund,GER,18,18,22,10,18,86,16.496,86,false,Kassiesa / public UEFA coefficient tables,https://kassiesa.net/uefa/data/method5/trank2023.html
2023,2023/24,15,15,Atlético Madrid,atlético madrid,ESP,20,22,16,19,8,85,18.599,85,false,Kassiesa / public UEFA coefficient tables,https://kassiesa.net/uefa/data/method5/trank2023.html
2023,2023/24,16,16,RB Leipzig,rb leipzig,GER,5,27,17,17,18,84,16.496,84,false,Kassiesa / public UEFA coefficient tables,https://kassiesa.net/uefa/data/method5/trank2023.html
2023,2023/24,17,17,Benfica,benfica,POR,17,10,10,20,25,82,11.243,82,false,Kassiesa / public UEFA coefficient tables,https://kassiesa.net/uefa/data/method5/trank2023.html
2023,2023/24,17,,Villarreal,villarreal,ESP,16,,30,24,12,82,18.599,82,false,Kassiesa / public UEFA coefficient tables,https://kassiesa.net/uefa/data/method5/trank2023.html
2023,2023/24,19,,FC Porto,fc porto,POR,23,7,23,10,18,81,11.243,81,false,Kassiesa / public UEFA coefficient tables,https://kassiesa.net/uefa/data/method5/trank2023.html
2023,2023/24,19,19,Napoli,napoli,ITA,18,19,10,9,25,81,16.385,81,false,Kassiesa / public UEFA coefficient tables,https://kassiesa.net/uefa/data/method5/trank2023.html
2023,2023/24,21,21,Tottenham Hotspur,tottenham hotspur,ENG,26,16,15,5,18,80,21.914,80,false,Kassiesa / public UEFA coefficient tables,https://kassiesa.net/uefa/data/method5/trank2023.html
2023,2023/24,22,22,Eintracht Frankfurt,eintracht frankfurt,GER,24,9,,28,16,77,16.496,77,false,Kassiesa / public UEFA coefficient tables,https://kassiesa.net/uefa/data/method5/trank2023.html
2023,2023/24,23,23,Arsenal,arsenal,ENG,26,10,23,,17,76,21.914,76,false,Kassiesa / public UEFA coefficient tables,https://kassiesa.net/uefa/data/method5/trank2023.html
2023,2023/24,24,24,Bayer Leverkusen,bayer leverkusen,GER,11,18,10,14,19,72,16.496,72,false,Kassiesa / public UEFA coefficient tables,https://kassiesa.net/uefa/data/method5/trank2023.html
2023,2023/24,25,25,Shakhtar Donetsk,shakhtar donetsk,UKR,10,22,14,6,11,63,5.9,63,false,Kassiesa / public UEFA coefficient tables,https://kassiesa.net/uefa/data/method5/trank2023.html
2023,2023/24,26,26,Olympique Lyon,olympique lyon,FRA,17,23,,21,,61,12.232,61,false,Kassiesa / public UEFA coefficient tables,https://kassiesa.net/uefa/data/method5/trank2023.html
2023,2023/24,27,27,FC Salzburg,fc salzburg,AUT,16,10,7,17,9,59,6.8,59,false,Kassiesa / public UEFA coefficient tables,https://kassiesa.net/uefa/data/method5/trank2023.html
2023,2023/24,28,28,Atalanta,atalanta,ITA,2.5,20,17,16,,55.5,16.385,55.5,false,Kassiesa / public UEFA coefficient tables,https://kassiesa.net/uefa/data/method5/trank2023.html
2023,2023/24,29,29,Dinamo Zagreb,dinamo zagreb,CRO,14,8,17,9,7,55,5.08,55,false,Kassiesa / public UEFA coefficient tables,https://kassiesa.net/uefa/data/method5/trank2023.html
2023,2023/24,30,30,Club Brugge,club brugge,BEL,11,8,11,7,17,54,8.44,54,false,Kassiesa / public UEFA coefficient tables,https://kassiesa.net/uefa/data/method5/trank2023.html
2023,2023/24,30,,Glasgow Rangers,glasgow rangers,SCO,5,11,15,19,4,54,7.28,54,false,Kassiesa / public UEFA coefficient tables,https://kassiesa.net/uefa/data/method5/trank2023.html
2023,2023/24,32,32,FC Basel,fc basel,SUI,2.5,19,2.5,12,17,53,6.335,53,false,Kassiesa / public UEFA coefficient tables,https://kassiesa.net/uefa/data/method5/trank2023.html
2023,2023/24,33,33,Sporting CP Lisbon,sporting cp lisbon,POR,10,10,2.5,16,14,52.5,11.243,52.5,false,Kassiesa / public UEFA coefficient tables,https://kassiesa.net/uefa/data/method5/trank2023.html
2023,2023/24,34,34,Slavia Praha,slavia praha,CZE,14,6,16,10,6,52,5.81,52,false,Kassiesa / public UEFA coefficient tables,https://kassiesa.net/uefa/data/method5/trank2023.html
2023,2023/24,35,35,Feyenoord,feyenoord,NED,2,4,4,24,17,51,11.98,51,false,Kassiesa / public UEFA coefficient tables,https://kassiesa.net/uefa/data/method5/trank2023.html
2023,2023/24,36,,AC Milan,ac milan,ITA,7,,12,7,24,50,16.385,50,false,Kassiesa / public UEFA coefficient tables,https://kassiesa.net/uefa/data/method5/trank2023.html
2023,2023/24,36,36,West Ham United,west ham united,ENG,,,,21,29,50,21.914,50,false,Kassiesa / public UEFA coefficient tables,https://kassiesa.net/uefa/data/method5/trank2023.html
2023,2023/24,38,38,AZ Alkmaar,az alkmaar,NED,1.5,8,6,13,19,47.5,11.98,47.5,false,Kassiesa / public UEFA coefficient tables,https://kassiesa.net/uefa/data/method5/trank2023.html
2023,2023/24,39,,Sporting Braga,sporting braga,POR,2,10,9,16,7,44,11.243,44,false,Kassiesa / public UEFA coefficient tables,https://kassiesa.net/uefa/data/method5/trank2023.html
2023,2023/24,39,39,Stade Rennais,stade rennais,FRA,11,3,5,14,11,44,12.232,44,false,Kassiesa / public UEFA coefficient tables,https://kassiesa.net/uefa/data/method5/trank2023.html
2023,2023/24,41,41,PSV Eindhoven,psv eindhoven,NED,6,6,10,10,11,43,11.98,43,false,Kassiesa / public UEFA coefficient tables,https://kassiesa.net/uefa/data/method5/trank2023.html
2023,2023/24,42,42,Lazio,lazio,ITA,6,4,17,9,6,42,16.385,42,false,Kassiesa / public UEFA coefficient tables,https://kassiesa.net/uefa/data/method5/trank2023.html
2023,2023/24,42,,Red Star Belgrade,red star belgrade,SRB,7,6,10,15,4,42,6.475,42,false,Kassiesa / public UEFA coefficient tables,https://kassiesa.net/uefa/data/method5/trank2023.html
2023,2023/24,44,44,FC København,fc københavn,DEN,4,14,2.5,13,7,40.5,5.565,40.5,false,Kassiesa / public UEFA coefficient tables,https://kassiesa.net/uefa/data/method5/trank2023.html
2023,2023/24,45,45,Valencia,valencia,ESP,23,17,,,,40,18.599,40,false,Kassiesa / public UEFA coefficient tables,https://kassiesa.net/uefa/data/method5/trank2023.html
2023,2023/24,46,46,Olympiakos Piraeus,olympiakos piraeus,GRE,8,10,10,8,3,39,5.045,39,false,Kassiesa / public UEFA coefficient tables,https://kassiesa.net/uefa/data/method5/trank2023.html
2023,2023/24,47,47,AA Gent,aa gent,BEL,2.5,10,3,11,11,37.5,8.44,37.5,false,Kassiesa / public UEFA coefficient tables,https://kassiesa.net/uefa/data/method5/trank2023.html
2023,2023/24,48,48,Real Betis,real betis,ESP,10,,,11,16,37,18.599,37,false,Kassiesa / public UEFA coefficient tables,https://kassiesa.net/uefa/data/method5/trank2023.html
2023,2023/24,49,49,LASK,lask,AUT,2,12,7,15,,36,6.8,36,false,Kassiesa / public UEFA coefficient tables,https://kassiesa.net/uefa/data/method5/trank2023.html
2023,2023/24,50,50,Dynamo Kyiv,dynamo kyiv,UKR,11,6,10,5,3,35,5.9,35,false,Kassiesa / public UEFA coefficient tables,https://kassiesa.net/uefa/data/method5/trank2023.html
2023,2023/24,51,51,Young Boys,young boys,SUI,7,6,11,8,2.5,34.5,6.335,34.5,false,Kassiesa / public UEFA coefficient tables,https://kassiesa.net/uefa/data/method5/trank2023.html
2023,2023/24,52,,Olympique Marseille,olympique marseille,FRA,3,,6,16,8,33,12.232,33,false,Kassiesa / public UEFA coefficient tables,https://kassiesa.net/uefa/data/method5/trank2023.html
2023,2023/24,52,52,Real Sociedad,real sociedad,ESP,,,8,9,16,33,18.599,33,false,Kassiesa / public UEFA coefficient tables,https://kassiesa.net/uefa/data/method5/trank2023.html
2023,2023/24,54,54,Zenit St. Petersburg,zenit st. petersburg,RUS,10,9,5,8,,32,5.243,32,false,Kassiesa / public UEFA coefficient tables,https://kassiesa.net/uefa/data/method5/trank2023.html
2023,2023/24,55,55,Galatasaray,galatasaray,TUR,8,6,2.5,15,,31.5,6.42,31.5,false,Kassiesa / public UEFA coefficient tables,https://kassiesa.net/uefa/data/method5/trank2023.html
2023,2023/24,56,,Celtic,celtic,SCO,6,10,3,6,6,31,7.28,31,false,Kassiesa / public UEFA coefficient tables,https://kassiesa.net/uefa/data/method5/trank2023.html
2023,2023/24,56,56,Istanbul Basaksehir,istanbul basaksehir,TUR,2,11,6,,12,31,6.42,31,false,Kassiesa / public UEFA coefficient tables,https://kassiesa.net/uefa/data/method5/trank2023.html
2023,2023/24,58,58,Fenerbahçe,fenerbahçe,TUR,8,,,5,17,30,6.42,30,false,Kassiesa / public UEFA coefficient tables,https://kassiesa.net/uefa/data/method5/trank2023.html
2023,2023/24,58,,Lille OSC,lille osc,FRA,,5,8,17,,30,12.232,30,false,Kassiesa / public UEFA coefficient tables,https://kassiesa.net/uefa/data/method5/trank2023.html
2023,2023/24,60,60,AS Monaco,as monaco,FRA,5,,,15,9,29,12.232,29,false,Kassiesa / public UEFA coefficient tables,https://kassiesa.net/uefa/data/method5/trank2023.html
2023,2023/24,61,61,CFR Cluj,cfr cluj,ROU,2.5,10,4,3,8,27.5,4.1,27.5,false,Kassiesa / public UEFA coefficient tables,https://kassiesa.net/uefa/data/method5/trank2023.html
2023,2023/24,62,62,Ferencváros,ferencváros,HUN,1,6,5,3,12,27,4.125,27,false,Kassiesa / public UEFA coefficient tables,https://kassiesa.net/uefa/data/method5/trank2023.html
2023,2023/24,63,63,FC Midtjylland,fc midtjylland,DEN,2.5,2,6,7,8,25.5,5.565,25.5,false,Kassiesa / public UEFA coefficient tables,https://kassiesa.net/uefa/data/method5/trank2023.html
2023,2023/24,63,,Malmö FF,malmö ff,SWE,7,8,2.5,5,3,25.5,4.75,25.5,false,Kassiesa / public UEFA coefficient tables,https://kassiesa.net/uefa/data/method5/trank2023.html
2023,2023/24,63,,Partizan Belgrade,partizan belgrade,SRB,2.5,6,2,7,8,25.5,6.475,25.5,false,Kassiesa / public UEFA coefficient tables,https://kassiesa.net/uefa/data/method5/trank2023.html
2023,2023/24,66,,FK Krasnodar,fk krasnodar,RUS,11,6,8,,,25,5.243,25,false,Kassiesa / public UEFA coefficient tables,https://kassiesa.net/uefa/data/method5/trank2023.html
2023,2023/24,66,,PAOK Thessaloniki,paok thessaloniki,GRE,3,2.5,5,13,1.5,25,5.045,25,false,Kassiesa / public UEFA coefficient tables,https://kassiesa.net/uefa/data/method5/trank2023.html
2023,2023/24,66,66,Qarabag FK,qarabag fk,AZE,3,4,3,9,6,25,3.325,25,false,Kassiesa / public UEFA coefficient tables,https://kassiesa.net/uefa/data/method5/trank2023.html
2023,2023/24,69,69,Slovan Bratislava,slovan bratislava,SVK,2,3,1.5,6,12,24.5,3.95,24.5,false,Kassiesa / public UEFA coefficient tables,https://kassiesa.net/uefa/data/method5/trank2023.html
2023,2023/24,70,,Maccabi Tel-Aviv,maccabi tel-aviv,ISR,2.5,2,8,9,2.5,24,5,24,false,Kassiesa / public UEFA coefficient tables,https://kassiesa.net/uefa/data/method5/trank2023.html
2023,2023/24,70,70,Molde FK,molde fk,NOR,2.5,2.5,12,2,5,24,5.8,24,false,Kassiesa / public UEFA coefficient tables,https://kassiesa.net/uefa/data/method5/trank2023.html
2023,2023/24,72,72,Leicester City,leicester city,ENG,,,10,13,,23,21.914,23,false,Kassiesa / public UEFA coefficient tables,https://kassiesa.net/uefa/data/method5/trank2023.html
2023,2023/24,73,73,VfL Wolfsburg,vfl wolfsburg,GER,,12,2.5,8,,22.5,16.496,22.5,false,Kassiesa / public UEFA coefficient tables,https://kassiesa.net/uefa/data/method5/trank2023.html
2023,2023/24,74,,Lokomotiv Moscow,lokomotiv moscow,RUS,6,6,7,3,,22,5.243,22,false,Kassiesa / public UEFA coefficient tables,https://kassiesa.net/uefa/data/method5/trank2023.html
2023,2023/24,74,74,Viktoria Plzen,viktoria plzen,CZE,11,2,2.5,2.5,4,22,5.81,22,false,Kassiesa / public UEFA coefficient tables,https://kassiesa.net/uefa/data/method5/trank2023.html
2023,2023/24,76,76,Wolverhampton Wanderers,wolverhampton wanderers,ENG,,16,,,,16,21.914,21.914,true,Kassiesa / public UEFA coefficient tables,https://kassiesa.net/uefa/data/method5/trank2023.html
2023,2023/24,76,,Burnley FC,burnley fc,ENG,2.5,,,,,2.5,21.914,21.914,true,Kassiesa / public UEFA coefficient tables,https://kassiesa.net/uefa/data/method5/trank2023.html
2023,2023/24,78,,Borussia Mönchengladbach,borussia mönchengladbach,GER,,6,15,,,21,16.496,21,false,Kassiesa / public UEFA coefficient tables,https://kassiesa.net/uefa/data/method5/trank2023.html
2023,2023/24,78,78,Ludogorets Razgrad,ludogorets razgrad,BUL,4,6,3,3,5,21,4,21,false,Kassiesa / public UEFA coefficient tables,https://kassiesa.net/uefa/data/method5/trank2023.html
2023,2023/24,80,,Bodø/Glimt,bodø/glimt,NOR,,,2,15,3,20,5.8,20,false,Kassiesa / public UEFA coefficient tables,https://kassiesa.net/uefa/data/method5/trank2023.html
2023,2023/24,80,80,Fiorentina,fiorentina,ITA,,,,,20,20,16.385,20,false,Kassiesa / public UEFA coefficient tables,https://kassiesa.net/uefa/data/method5/trank2023.html
2023,2023/24,82,82,Sheriff Tiraspol,sheriff tiraspol,MDA,2.5,2,2,9,4,19.5,2.45,19.5,false,Kassiesa / public UEFA coefficient tables,https://kassiesa.net/uefa/data/method5/trank2023.html
2023,2023/24,83,,1899 Hoffenheim,1899 hoffenheim,GER,7,,12,,,19,16.496,19,false,Kassiesa / public UEFA coefficient tables,https://kassiesa.net/uefa/data/method5/trank2023.html
2023,2023/24,83,,Lech Poznan,lech poznan,POL,2,,3,,14,19,4.15,19,false,Kassiesa / public UEFA coefficient tables,https://kassiesa.net/uefa/data/method5/trank2023.html
2023,2023/24,83,83,Union Saint-Gilloise,union saint-gilloise,BEL,,,,,19,19,8.44,19,false,Kassiesa / public UEFA coefficient tables,https://kassiesa.net/uefa/data/method5/trank2023.html
2023,2023/24,86,86,Granada CF,granada cf,ESP,,,13,,,13,18.599,18.599,true,Kassiesa / public UEFA coefficient tables,https://kassiesa.net/uefa/data/method5/trank2023.html
2023,2023/24,86,,Getafe,getafe,ESP,,11,,,,11,18.599,18.599,true,Kassiesa / public UEFA coefficient tables,https://kassiesa.net/uefa/data/method5/trank2023.html
2023,2023/24,86,,Espanyol,espanyol,ESP,,10,,,,10,18.599,18.599,true,Kassiesa / public UEFA coefficient tables,https://kassiesa.net/uefa/data/method5/trank2023.html
2023,2023/24,89,89,Rapid Wien,rapid wien,AUT,7,,5,4,2.5,18.5,6.8,18.5,false,Kassiesa / public UEFA coefficient tables,https://kassiesa.net/uefa/data/method5/trank2023.html
2023,2023/24,89,,Spartak Moscow,spartak moscow,RUS,4,2.5,,12,,18.5,5.243,18.5,false,Kassiesa / public UEFA coefficient tables,https://kassiesa.net/uefa/data/method5/trank2023.html
2023,2023/24,91,91,Racing Genk,racing genk,BEL,9,5,,4,,18,8.44,18,false,Kassiesa / public UEFA coefficient tables,https://kassiesa.net/uefa/data/method5/trank2023.html
2023,2023/24,92,92,Anderlecht,anderlecht,BEL,3,,,2.5,12,17.5,8.44,17.5,false,Kassiesa / public UEFA coefficient tables,https://kassiesa.net/uefa/data/method5/trank2023.html
2023,2023/24,93,,Hapoel Beer-Sheva,hapoel beer-sheva,ISR,2,2.5,4,2.5,6,17,5,17,false,Kassiesa / public UEFA coefficient tables,https://kassiesa.net/uefa/data/method5/trank2023.html
2023,2023/24,93,93,OGC Nice,ogc nice,FRA,,,3,,14,17,12.232,17,false,Kassiesa / public UEFA coefficient tables,https://kassiesa.net/uefa/data/method5/trank2023.html
2023,2023/24,93,,Royal Antwerp,royal antwerp,BEL,,2.5,8,4,2.5,17,8.44,17,false,Kassiesa / public UEFA coefficient tables,https://kassiesa.net/uefa/data/method5/trank2023.html
2023,2023/24,93,,Schalke 04,schalke 04,GER,17,,,,,17,16.496,17,false,Kassiesa / public UEFA coefficient tables,https://kassiesa.net/uefa/data/method5/trank2023.html
2023,2023/24,93,,Union Berlin,union berlin,GER,,,,5,12,17,16.496,17,false,Kassiesa / public UEFA coefficient tables,https://kassiesa.net/uefa/data/method5/trank2023.html
2023,2023/24,98,98,Djurgårdens IF,djurgårdens if,SWE,1.5,,2,,13,16.5,4.75,16.5,false,Kassiesa / public UEFA coefficient tables,https://kassiesa.net/uefa/data/method5/trank2023.html
2023,2023/24,98,,Sivasspor,sivasspor,TUR,,,4,2.5,10,16.5,6.42,16.5,false,Kassiesa / public UEFA coefficient tables,https://kassiesa.net/uefa/data/method5/trank2023.html
2023,2023/24,100,100,SC Freiburg,sc freiburg,GER,,,,,15,15,16.496,16.496,true,Kassiesa / public UEFA coefficient tables,https://kassiesa.net/uefa/data/method5/trank2023.html
2023,2023/24,100,,1.FC Köln,1.fc köln,GER,,,,,6,6,16.496,16.496,true,Kassiesa / public UEFA coefficient tables,https://kassiesa.net/uefa/data/method5/trank2023.html
2023,2023/24,102,102,Torino,torino,ITA,,2.5,,,,2.5,16.385,16.385,true,Kassiesa / public UEFA coefficient tables,https://kassiesa.net/uefa/data/method5/trank2023.html
2023,2023/24,103,103,Apollon Limassol,apollon limassol,CYP,5,2.5,2,1.5,5,16,4.895,16,false,Kassiesa / public UEFA coefficient tables,https://kassiesa.net/uefa/data/method5/trank2023.html
2023,2023/24,103,,CSKA Moscow,cska moscow,RUS,9,4,3,,,16,5.243,16,false,Kassiesa / public UEFA coefficient tables,https://kassiesa.net/uefa/data/method5/trank2023.html
2023,2023/24,103,,Standard Liège,standard liège,BEL,7,6,3,,,16,8.44,16,false,Kassiesa / public UEFA coefficient tables,https://kassiesa.net/uefa/data/method5/trank2023.html
2023,2023/24,103,,Zorya Luhansk,zorya luhansk,UKR,2.5,2.5,4,5,2,16,5.9,16,false,Kassiesa / public UEFA coefficient tables,https://kassiesa.net/uefa/data/method5/trank2023.html
2023,2023/24,107,107,BATE Borisov,bate borisov,BLR,8,2.5,1.5,1.5,1.5,15,1.975,15,false,Kassiesa / public UEFA coefficient tables,https://kassiesa.net/uefa/data/method5/trank2023.html
2023,2023/24,108,108,APOEL Nicosia,apoel nicosia,CYP,2.5,7,2.5,,2.5,14.5,4.895,14.5,false,Kassiesa / public UEFA coefficient tables,https://kassiesa.net/uefa/data/method5/trank2023.html
2023,2023/24,109,,Besiktas,besiktas,TUR,5,3,2,4,,14,6.42,14,false,Kassiesa / public UEFA coefficient tables,https://kassiesa.net/uefa/data/method5/trank2023.html
2023,2023/24,109,,FK Astana,fk astana,KAZ,6,3,1.5,2,1.5,14,2.525,14,false,Kassiesa / public UEFA coefficient tables,https://kassiesa.net/uefa/data/method5/trank2023.html
2023,2023/24,109,109,Sparta Praha,sparta praha,CZE,1.5,2,4,5,1.5,14,5.81,14,false,Kassiesa / public UEFA coefficient tables,https://kassiesa.net/uefa/data/method5/trank2023.html
2023,2023/24,112,112,Wolfsberger AC,wolfsberger ac,AUT,,4,7,,2.5,13.5,6.8,13.5,false,Kassiesa / public UEFA coefficient tables,https://kassiesa.net/uefa/data/method5/trank2023.html
2023,2023/24,113,,CSKA Sofia,cska sofia,BUL,2,2,4,2.5,2.5,13,4,13,false,Kassiesa / public UEFA coefficient tables,https://kassiesa.net/uefa/data/method5/trank2023.html
2023,2023/24,113,113,Maccabi Haifa,maccabi haifa,ISR,,1.5,2.5,3,6,13,5,13,false,Kassiesa / public UEFA coefficient tables,https://kassiesa.net/uefa/data/method5/trank2023.html
2023,2023/24,115,,FC Fehérvár,fc fehérvár,HUN,5,1.5,2.5,1,2.5,12.5,4.125,12.5,false,Kassiesa / public UEFA coefficient tables,https://kassiesa.net/uefa/data/method5/trank2023.html
2023,2023/24,115,115,Sturm Graz,sturm graz,AUT,2,1.5,,3,6,12.5,6.8,12.5,false,Kassiesa / public UEFA coefficient tables,https://kassiesa.net/uefa/data/method5/trank2023.html
2023,2023/24,117,117,FC Nantes,fc nantes,FRA,,,,,8,8,12.232,12.232,true,Kassiesa / public UEFA coefficient tables,https://kassiesa.net/uefa/data/method5/trank2023.html
2023,2023/24,117,,Girondins Bordeaux,girondins bordeaux,FRA,5,,,,,5,12.232,12.232,true,Kassiesa / public UEFA coefficient tables,https://kassiesa.net/uefa/data/method5/trank2023.html
2023,2023/24,117,,AS Saint-Étienne,as saint-étienne,FRA,,4,,,,4,12.232,12.232,true,Kassiesa / public UEFA coefficient tables,https://kassiesa.net/uefa/data/method5/trank2023.html
2023,2023/24,117,,RC Strasbourg,rc strasbourg,FRA,,2.5,,,,2.5,12.232,12.232,true,Kassiesa / public UEFA coefficient tables,https://kassiesa.net/uefa/data/method5/trank2023.html
2023,2023/24,117,,Stade de Reims,stade de reims,FRA,,,2,,,2,12.232,12.232,true,Kassiesa / public UEFA coefficient tables,https://kassiesa.net/uefa/data/method5/trank2023.html
2023,2023/24,122,122,FK Jablonec,fk jablonec,CZE,4,1.5,1.5,5,,12,5.81,12,false,Kassiesa / public UEFA coefficient tables,https://kassiesa.net/uefa/data/method5/trank2023.html
2023,2023/24,123,,Vitesse Arnhem,vitesse arnhem,NED,2,,,9,,11,11.98,11.98,true,Kassiesa / public UEFA coefficient tables,https://kassiesa.net/uefa/data/method5/trank2023.html
2023,2023/24,123,123,FC Twente Enschede,fc twente enschede,NED,,,,,2.5,2.5,11.98,11.98,true,Kassiesa / public UEFA coefficient tables,https://kassiesa.net/uefa/data/method5/trank2023.html
2023,2023/24,123,,Willem II Tilburg,willem ii tilburg,NED,,,2,,,2,11.98,11.98,true,Kassiesa / public UEFA coefficient tables,https://kassiesa.net/uefa/data/method5/trank2023.html
2023,2023/24,123,,FC Utrecht,fc utrecht,NED,,1.5,,,,1.5,11.98,11.98,true,Kassiesa / public UEFA coefficient tables,https://kassiesa.net/uefa/data/method5/trank2023.html
2023,2023/24,127,,NK Rijeka,nk rijeka,CRO,2,2.5,3,2.5,1.5,11.5,5.08,11.5,false,Kassiesa / public UEFA coefficient tables,https://kassiesa.net/uefa/data/method5/trank2023.html
2023,2023/24,127,127,Trabzonspor,trabzonspor,TUR,,3,,2.5,6,11.5,6.42,11.5,false,Kassiesa / public UEFA coefficient tables,https://kassiesa.net/uefa/data/method5/trank2023.html
2023,2023/24,129,,Vitória Guimarães,vitória guimarães,POR,,4,,,2,6,11.243,11.243,true,Kassiesa / public UEFA coefficient tables,https://kassiesa.net/uefa/data/method5/trank2023.html
2023,2023/24,129,,Rio Ave,rio ave,POR,1.5,,2.5,,,4,11.243,11.243,true,Kassiesa / public UEFA coefficient tables,https://kassiesa.net/uefa/data/method5/trank2023.html
2023,2023/24,129,,CD Santa Clara,cd santa clara,POR,,,,2.5,,2.5,11.243,11.243,true,Kassiesa / public UEFA coefficient tables,https://kassiesa.net/uefa/data/method5/trank2023.html
2023,2023/24,129,129,Gil Vicente,gil vicente,POR,,,,,2.5,2.5,11.243,11.243,true,Kassiesa / public UEFA coefficient tables,https://kassiesa.net/uefa/data/method5/trank2023.html
2023,2023/24,129,,Paços de Ferreira,paços de ferreira,POR,,,,2.5,,2.5,11.243,11.243,true,Kassiesa / public UEFA coefficient tables,https://kassiesa.net/uefa/data/method5/trank2023.html
2023,2023/24,134,,AEK Athens,aek athens,GRE,4,2.5,3,1.5,,11,5.045,11,false,Kassiesa / public UEFA coefficient tables,https://kassiesa.net/uefa/data/method5/trank2023.html
2023,2023/24,134,,FCSB,fcsb,ROU,2.5,2.5,2,1.5,2.5,11,4.1,11,false,Kassiesa / public UEFA coefficient tables,https://kassiesa.net/uefa/data/method5/trank2023.html
2023,2023/24,134,,HJK Helsinki,hjk helsinki,FIN,2,2,,4,3,11,2.05,11,false,Kassiesa / public UEFA coefficient tables,https://kassiesa.net/uefa/data/method5/trank2023.html
2023,2023/24,134,,Legia Warsaw,legia warsaw,POL,2,2.5,2.5,4,,11,4.15,11,false,Kassiesa / public UEFA coefficient tables,https://kassiesa.net/uefa/data/method5/trank2023.html
2023,2023/24,134,,Rosenborg BK,rosenborg bk,NOR,3,3,2.5,2.5,,11,5.8,11,false,Kassiesa / public UEFA coefficient tables,https://kassiesa.net/uefa/data/method5/trank2023.html
2023,2023/24,134,134,Zalgiris Vilnius,zalgiris vilnius,LTU,2,1,1.5,2.5,4,11,2,11,false,Kassiesa / public UEFA coefficient tables,https://kassiesa.net/uefa/data/method5/trank2023.html
2023,2023/24,140,,Flora Tallinn,flora tallinn,EST,1.5,1.5,2.5,4,1,10.5,1.516,10.5,false,Kassiesa / public UEFA coefficient tables,https://kassiesa.net/uefa/data/method5/trank2023.html
2023,2023/24,140,140,Spartak Trnava,spartak trnava,SVK,5,1.5,,2,2,10.5,3.95,10.5,false,Kassiesa / public UEFA coefficient tables,https://kassiesa.net/uefa/data/method5/trank2023.html
2023,2023/24,142,142,AEK Larnaca,aek larnaca,CYP,4,2,,,4,10,4.895,10,false,Kassiesa / public UEFA coefficient tables,https://kassiesa.net/uefa/data/method5/trank2023.html
2023,2023/24,142,,F91 Dudelange,f91 dudelange,LUX,3,3,,1.5,2.5,10,1.8,10,false,Kassiesa / public UEFA coefficient tables,https://kassiesa.net/uefa/data/method5/trank2023.html
2023,2023/24,142,,FC Zürich,fc zürich,SUI,7,,,,3,10,6.335,10,false,Kassiesa / public UEFA coefficient tables,https://kassiesa.net/uefa/data/method5/trank2023.html
2023,2023/24,142,,Omonia Nicosia,omonia nicosia,CYP,,,3,4,3,10,4.895,10,false,Kassiesa / public UEFA coefficient tables,https://kassiesa.net/uefa/data/method5/trank2023.html
2023,2023/24,142,,Riga FC,riga fc,LVA,1,2.5,2,2.5,2,10,2.125,10,false,Kassiesa / public UEFA coefficient tables,https://kassiesa.net/uefa/data/method5/trank2023.html
2023,2023/24,142,,Suduva Marijampole,suduva marijampole,LTU,2.5,2.5,2,1.5,1.5,10,2,10,false,Kassiesa / public UEFA coefficient tables,https://kassiesa.net/uefa/data/method5/trank2023.html
2023,2023/24,148,,Brøndby IF,brøndby if,DEN,2.5,2,,3,2,9.5,5.565,9.5,false,Kassiesa / public UEFA coefficient tables,https://kassiesa.net/uefa/data/method5/trank2023.html
2023,2023/24,148,,KuPS Kuopio,kups kuopio,FIN,1,1.5,2.5,2.5,2,9.5,2.05,9.5,false,Kassiesa / public UEFA coefficient tables,https://kassiesa.net/uefa/data/method5/trank2023.html
2023,2023/24,148,148,NK Maribor,nk maribor,SVN,2,2.5,1,1.5,2.5,9.5,2.5,9.5,false,Kassiesa / public UEFA coefficient tables,https://kassiesa.net/uefa/data/method5/trank2023.html
2023,2023/24,148,,Shkendija Tetovo,shkendija tetovo,MKD,2.5,1.5,2,1.5,2,9.5,1.1,9.5,false,Kassiesa / public UEFA coefficient tables,https://kassiesa.net/uefa/data/method5/trank2023.html
2023,2023/24,152,,Hajduk Split,hajduk split,CRO,2,1,2,1.5,2.5,9,5.08,9,false,Kassiesa / public UEFA coefficient tables,https://kassiesa.net/uefa/data/method5/trank2023.html
2023,2023/24,152,,Kairat Almaty,kairat almaty,KAZ,2,1.5,1.5,2.5,1.5,9,2.525,9,false,Kassiesa / public UEFA coefficient tables,https://kassiesa.net/uefa/data/method5/trank2023.html
2023,2023/24,152,,Neftchi Baku,neftchi baku,AZE,1,2,1.5,2.5,2,9,3.325,9,false,Kassiesa / public UEFA coefficient tables,https://kassiesa.net/uefa/data/method5/trank2023.html
2023,2023/24,152,,Olimpija Ljubljana,olimpija ljubljana,SVN,2.5,1.5,1.5,2,1.5,9,2.5,9,false,Kassiesa / public UEFA coefficient tables,https://kassiesa.net/uefa/data/method5/trank2023.html
2023,2023/24,152,152,Shamrock Rovers,shamrock rovers,IRL,1,1.5,1.5,2.5,2.5,9,2.075,9,false,Kassiesa / public UEFA coefficient tables,https://kassiesa.net/uefa/data/method5/trank2023.html
2023,2023/24,152,,The New Saints,the new saints,WAL,2,2,1.5,2,1.5,9,1.233,9,false,Kassiesa / public UEFA coefficient tables,https://kassiesa.net/uefa/data/method5/trank2023.html
2023,2023/24,152,,Universitatea Craiova,universitatea craiova,ROU,2,2,1,1.5,2.5,9,4.1,9,false,Kassiesa / public UEFA coefficient tables,https://kassiesa.net/uefa/data/method5/trank2023.html
2023,2023/24,159,,DAC Dunajska Streda,dac dunajska streda,SVK,1.5,1.5,2,1.5,2,8.5,3.95,8.5,false,Kassiesa / public UEFA coefficient tables,https://kassiesa.net/uefa/data/method5/trank2023.html
2023,2023/24,159,,Dundalk,dundalk,IRL,1.5,2,3,2,,8.5,2.075,8.5,false,Kassiesa / public UEFA coefficient tables,https://kassiesa.net/uefa/data/method5/trank2023.html
2023,2023/24,159,,FC Vaduz,fc vaduz,LIE,1.5,2,1,1.5,2.5,8.5,2.2,8.5,false,Kassiesa / public UEFA coefficient tables,https://kassiesa.net/uefa/data/method5/trank2023.html
2023,2023/24,159,,Lincoln Red Imps,lincoln red imps,GIB,1.5,1.5,1.5,2.5,1.5,8.5,1.158,8.5,false,Kassiesa / public UEFA coefficient tables,https://kassiesa.net/uefa/data/method5/trank2023.html
2023,2023/24,159,159,Linfield Belfast,linfield belfast,NIR,,2.5,1.5,2,2.5,8.5,1.716,8.5,false,Kassiesa / public UEFA coefficient tables,https://kassiesa.net/uefa/data/method5/trank2023.html
2023,2023/24,159,,Zrinjski Mostar,zrinjski mostar,BIH,2,2,2,,2.5,8.5,1.95,8.5,false,Kassiesa / public UEFA coefficient tables,https://kassiesa.net/uefa/data/method5/trank2023.html
2023,2023/24,165,165,Charleroi,charleroi,BEL,,,2.5,,,2.5,8.44,8.44,true,Kassiesa / public UEFA coefficient tables,https://kassiesa.net/uefa/data/method5/trank2023.html
2023,2023/24,166,,Aberdeen,aberdeen,SCO,1.5,2,2,2.5,,8,7.28,8,false,Kassiesa / public UEFA coefficient tables,https://kassiesa.net/uefa/data/method5/trank2023.html
2023,2023/24,166,,Alashkert FC,alashkert fc,ARM,2,1.5,1,2.5,1,8,1.975,8,false,Kassiesa / public UEFA coefficient tables,https://kassiesa.net/uefa/data/method5/trank2023.html
2023,2023/24,166,,Anorthosis Famagusta,anorthosis famagusta,CYP,1,,2,5,,8,4.895,8,false,Kassiesa / public UEFA coefficient tables,https://kassiesa.net/uefa/data/method5/trank2023.html
2023,2023/24,166,,KI Klaksvik,ki klaksvik,FRO,1,1.5,2.5,1,2,8,1.75,8,false,Kassiesa / public UEFA coefficient tables,https://kassiesa.net/uefa/data/method5/trank2023.html
2023,2023/24,166,,NK Osijek,nk osijek,CRO,1.5,1.5,1.5,2,1.5,8,5.08,8,false,Kassiesa / public UEFA coefficient tables,https://kassiesa.net/uefa/data/method5/trank2023.html
2023,2023/24,166,,Pyunik Yerevan,pyunik yerevan,ARM,2,2,,,4,8,1.975,8,false,Kassiesa / public UEFA coefficient tables,https://kassiesa.net/uefa/data/method5/trank2023.html
2023,2023/24,166,166,SC Dnipro-1,sc dnipro-1,UKR,,,,,8,8,5.9,8,false,Kassiesa / public UEFA coefficient tables,https://kassiesa.net/uefa/data/method5/trank2023.html
2023,2023/24,166,,Shakhtior Saligorsk,shakhtior saligorsk,BLR,1.5,2,1,1.5,2,8,1.975,8,false,Kassiesa / public UEFA coefficient tables,https://kassiesa.net/uefa/data/method5/trank2023.html
2023,2023/24,174,,Buducnost Podgorica,buducnost podgorica,MNE,1,1.5,2,1.5,1.5,7.5,0.95,7.5,false,Kassiesa / public UEFA coefficient tables,https://kassiesa.net/uefa/data/method5/trank2023.html
2023,2023/24,174,,CS Fola Esch,cs fola esch,LUX,1.5,1,1.5,2.5,1,7.5,1.8,7.5,false,Kassiesa / public UEFA coefficient tables,https://kassiesa.net/uefa/data/method5/trank2023.html
2023,2023/24,174,,Dinamo Tbilisi,dinamo tbilisi,GEO,1,2,2,1.5,1,7.5,1.6,7.5,false,Kassiesa / public UEFA coefficient tables,https://kassiesa.net/uefa/data/method5/trank2023.html
2023,2023/24,174,174,KF Laçi,kf laçi,ALB,1.5,1,1.5,2,1.5,7.5,1.25,7.5,false,Kassiesa / public UEFA coefficient tables,https://kassiesa.net/uefa/data/method5/trank2023.html
2023,2023/24,174,,Sutjeska Niksic,sutjeska niksic,MNE,1.5,2,1,1.5,1.5,7.5,0.95,7.5,false,Kassiesa / public UEFA coefficient tables,https://kassiesa.net/uefa/data/method5/trank2023.html
2023,2023/24,179,179,Hearts FC,hearts fc,SCO,,,,,4,4,7.28,7.28,true,Kassiesa / public UEFA coefficient tables,https://kassiesa.net/uefa/data/method5/trank2023.html
2023,2023/24,179,,Hibernian,hibernian,SCO,2,,,2,,4,7.28,7.28,true,Kassiesa / public UEFA coefficient tables,https://kassiesa.net/uefa/data/method5/trank2023.html
2023,2023/24,179,,Motherwell,motherwell,SCO,,,2,,1.5,3.5,7.28,7.28,true,Kassiesa / public UEFA coefficient tables,https://kassiesa.net/uefa/data/method5/trank2023.html
2023,2023/24,179,,St. Johnstone,st. johnstone,SCO,,,,2.5,,2.5,7.28,7.28,true,Kassiesa / public UEFA coefficient tables,https://kassiesa.net/uefa/data/method5/trank2023.html
2023,2023/24,179,,Dundee United,dundee united,SCO,,,,,2,2,7.28,7.28,true,Kassiesa / public UEFA coefficient tables,https://kassiesa.net/uefa/data/method5/trank2023.html
2023,2023/24,179,,Kilmarnock,kilmarnock,SCO,,1,,,,1,7.28,7.28,true,Kassiesa / public UEFA coefficient tables,https://kassiesa.net/uefa/data/method5/trank2023.html
2023,2023/24,185,,Aris Thessaloniki,aris thessaloniki,GRE,,2,1.5,1.5,2,7,5.045,7,false,Kassiesa / public UEFA coefficient tables,https://kassiesa.net/uefa/data/method5/trank2023.html
2023,2023/24,185,,FK Sarajevo,fk sarajevo,BIH,1.5,2,2.5,1,,7,1.95,7,false,Kassiesa / public UEFA coefficient tables,https://kassiesa.net/uefa/data/method5/trank2023.html
2023,2023/24,185,185,FK Shkupi,fk shkupi,MKD,1,1,1,1.5,2.5,7,1.1,7,false,Kassiesa / public UEFA coefficient tables,https://kassiesa.net/uefa/data/method5/trank2023.html
2023,2023/24,185,,Mura Murska Sobota,mura murska sobota,SVN,,1,2,2.5,1.5,7,2.5,7,false,Kassiesa / public UEFA coefficient tables,https://kassiesa.net/uefa/data/method5/trank2023.html
2023,2023/24,185,,Randers FC,randers fc,DEN,,,,7,,7,5.565,7,false,Kassiesa / public UEFA coefficient tables,https://kassiesa.net/uefa/data/method5/trank2023.html
2023,2023/24,190,190,Austria Wien,austria wien,AUT,,2,,1.5,2.5,6,6.8,6.8,true,Kassiesa / public UEFA coefficient tables,https://kassiesa.net/uefa/data/method5/trank2023.html
2023,2023/24,190,,Admira Wacker,admira wacker,AUT,1.5,,,,,1.5,6.8,6.8,true,Kassiesa / public UEFA coefficient tables,https://kassiesa.net/uefa/data/method5/trank2023.html
2023,2023/24,190,,TSV Hartberg,tsv hartberg,AUT,,,1.5,,,1.5,6.8,6.8,true,Kassiesa / public UEFA coefficient tables,https://kassiesa.net/uefa/data/method5/trank2023.html
2023,2023/24,193,,AIK Stockholm,aik stockholm,SWE,1.5,2.5,,,2.5,6.5,4.75,6.5,false,Kassiesa / public UEFA coefficient tables,https://kassiesa.net/uefa/data/method5/trank2023.html
2023,2023/24,193,,Ararat-Armenia,ararat-armenia,ARM,,2.5,2.5,,1.5,6.5,1.975,6.5,false,Kassiesa / public UEFA coefficient tables,https://kassiesa.net/uefa/data/method5/trank2023.html
2023,2023/24,193,,B36 Torshavn,b36 torshavn,FRO,1.5,1,2,,2,6.5,1.75,6.5,false,Kassiesa / public UEFA coefficient tables,https://kassiesa.net/uefa/data/method5/trank2023.html
2023,2023/24,193,,FC Drita,fc drita,KOS,1.5,,2,1.5,1.5,6.5,2.208,6.5,false,Kassiesa / public UEFA coefficient tables,https://kassiesa.net/uefa/data/method5/trank2023.html
2023,2023/24,193,,Hibernians FC,hibernians fc,MLT,,1,1.5,2,2,6.5,1.65,6.5,false,Kassiesa / public UEFA coefficient tables,https://kassiesa.net/uefa/data/method5/trank2023.html
2023,2023/24,193,,Petrocub Hîncesti,petrocub hîncesti,MDA,1,1,1,1.5,2,6.5,2.45,6.5,false,Kassiesa / public UEFA coefficient tables,https://kassiesa.net/uefa/data/method5/trank2023.html
2023,2023/24,193,193,RFS Riga,rfs riga,LVA,,1,1,2,2.5,6.5,2.125,6.5,false,Kassiesa / public UEFA coefficient tables,https://kassiesa.net/uefa/data/method5/trank2023.html
2023,2023/24,193,,Tobol Kustanai,tobol kustanai,KAZ,1.5,1,,2,2,6.5,2.525,6.5,false,Kassiesa / public UEFA coefficient tables,https://kassiesa.net/uefa/data/method5/trank2023.html
2023,2023/24,201,201,Cukaricki Belgrade,cukaricki belgrade,SRB,,1.5,,2,2,5.5,6.475,6.475,true,Kassiesa / public UEFA coefficient tables,https://kassiesa.net/uefa/data/method5/trank2023.html
2023,2023/24,201,,Radnicki Nis,radnicki nis,SRB,1.5,1,,,1.5,4,6.475,6.475,true,Kassiesa / public UEFA coefficient tables,https://kassiesa.net/uefa/data/method5/trank2023.html
2023,2023/24,201,,Vojvodina Novi Sad,vojvodina novi sad,SRB,,,2,2,,4,6.475,6.475,true,Kassiesa / public UEFA coefficient tables,https://kassiesa.net/uefa/data/method5/trank2023.html
2023,2023/24,201,,Spartak Subotica,spartak subotica,SRB,2,,,,,2,6.475,6.475,true,Kassiesa / public UEFA coefficient tables,https://kassiesa.net/uefa/data/method5/trank2023.html
2023,2023/24,201,,TSC Backa Topola,tsc backa topola,SRB,,,1.5,,,1.5,6.475,6.475,true,Kassiesa / public UEFA coefficient tables,https://kassiesa.net/uefa/data/method5/trank2023.html
2023,2023/24,206,,Akhisarspor,akhisarspor,TUR,3,,,,,3,6.42,6.42,true,Kassiesa / public UEFA coefficient tables,https://kassiesa.net/uefa/data/method5/trank2023.html
2023,2023/24,206,,Alanyaspor,alanyaspor,TUR,,,2,,,2,6.42,6.42,true,Kassiesa / public UEFA coefficient tables,https://kassiesa.net/uefa/data/method5/trank2023.html
2023,2023/24,206,206,Konyaspor,konyaspor,TUR,,,,,2,2,6.42,6.42,true,Kassiesa / public UEFA coefficient tables,https://kassiesa.net/uefa/data/method5/trank2023.html
2023,2023/24,206,,Yeni Malatyaspor,yeni malatyaspor,TUR,,2,,,,2,6.42,6.42,true,Kassiesa / public UEFA coefficient tables,https://kassiesa.net/uefa/data/method5/trank2023.html
2023,2023/24,210,,FC Luzern,fc luzern,SUI,2,2,,2,,6,6.335,6.335,true,Kassiesa / public UEFA coefficient tables,https://kassiesa.net/uefa/data/method5/trank2023.html
2023,2023/24,210,210,FC Lugano,fc lugano,SUI,,3,,,2,5,6.335,6.335,true,Kassiesa / public UEFA coefficient tables,https://kassiesa.net/uefa/data/method5/trank2023.html
2023,2023/24,210,,FC Sankt Gallen,fc sankt gallen,SUI,1.5,,2,,,3.5,6.335,6.335,true,Kassiesa / public UEFA coefficient tables,https://kassiesa.net/uefa/data/method5/trank2023.html
2023,2023/24,210,,Servette FC Genève,servette fc genève,SUI,,,1.5,1.5,,3,6.335,6.335,true,Kassiesa / public UEFA coefficient tables,https://kassiesa.net/uefa/data/method5/trank2023.html
2023,2023/24,210,,FC Thun,fc thun,SUI,,2,,,,2,6.335,6.335,true,Kassiesa / public UEFA coefficient tables,https://kassiesa.net/uefa/data/method5/trank2023.html
2023,2023/24,215,215,Breidablik,breidablik,ISL,,1,1,2,2,6,1.45,6,false,Kassiesa / public UEFA coefficient tables,https://kassiesa.net/uefa/data/method5/trank2023.html
2023,2023/24,215,,Dynamo Brest,dynamo brest,BLR,2,,2.5,1.5,,6,1.975,6,false,Kassiesa / public UEFA coefficient tables,https://kassiesa.net/uefa/data/method5/trank2023.html
2023,2023/24,215,,Gzira United,gzira united,MLT,1,1.5,,1.5,2,6,1.65,6,false,Kassiesa / public UEFA coefficient tables,https://kassiesa.net/uefa/data/method5/trank2023.html
2023,2023/24,215,,Levadia Tallinn,levadia tallinn,EST,1,1,1,1.5,1.5,6,1.516,6,false,Kassiesa / public UEFA coefficient tables,https://kassiesa.net/uefa/data/method5/trank2023.html
2023,2023/24,215,,Vorskla Poltava,vorskla poltava,UKR,3,,,1.5,1.5,6,5.9,6,false,Kassiesa / public UEFA coefficient tables,https://kassiesa.net/uefa/data/method5/trank2023.html
2023,2023/24,220,,FC Mariupol,fc mariupol,UKR,2,2,,,,4,5.9,5.9,true,Kassiesa / public UEFA coefficient tables,https://kassiesa.net/uefa/data/method5/trank2023.html
2023,2023/24,220,220,Kolos Kovalivka,kolos kovalivka,UKR,,,2,2,,4,5.9,5.9,true,Kassiesa / public UEFA coefficient tables,https://kassiesa.net/uefa/data/method5/trank2023.html
2023,2023/24,220,,FC Oleksandriya,fc oleksandriya,UKR,,3,,,,3,5.9,5.9,true,Kassiesa / public UEFA coefficient tables,https://kassiesa.net/uefa/data/method5/trank2023.html
2023,2023/24,220,,Desna Chernihiv,desna chernihiv,UKR,,,2,,,2,5.9,5.9,true,Kassiesa / public UEFA coefficient tables,https://kassiesa.net/uefa/data/method5/trank2023.html
2023,2023/24,224,224,1.FC Slovácko,1.fc slovácko,CZE,,,,1.5,4,5.5,5.81,5.81,true,Kassiesa / public UEFA coefficient tables,https://kassiesa.net/uefa/data/method5/trank2023.html
2023,2023/24,224,,Slovan Liberec,slovan liberec,CZE,,,5,,,5,5.81,5.81,true,Kassiesa / public UEFA coefficient tables,https://kassiesa.net/uefa/data/method5/trank2023.html
2023,2023/24,224,,Sigma Olomouc,sigma olomouc,CZE,2.5,,,,,2.5,5.81,5.81,true,Kassiesa / public UEFA coefficient tables,https://kassiesa.net/uefa/data/method5/trank2023.html
2023,2023/24,224,,Mladá Boleslav,mladá boleslav,CZE,,2,,,,2,5.81,5.81,true,Kassiesa / public UEFA coefficient tables,https://kassiesa.net/uefa/data/method5/trank2023.html
2023,2023/24,228,,Sarpsborg 08,sarpsborg 08,NOR,4,,,,,4,5.8,5.8,true,Kassiesa / public UEFA coefficient tables,https://kassiesa.net/uefa/data/method5/trank2023.html
2023,2023/24,228,228,Viking Stavanger,viking stavanger,NOR,,,1.5,,2.5,4,5.8,5.8,true,Kassiesa / public UEFA coefficient tables,https://kassiesa.net/uefa/data/method5/trank2023.html
2023,2023/24,228,,Lillestrøm SK,lillestrøm sk,NOR,1.5,,,,2,3.5,5.8,5.8,true,Kassiesa / public UEFA coefficient tables,https://kassiesa.net/uefa/data/method5/trank2023.html
2023,2023/24,228,,FK Haugesund,fk haugesund,NOR,,2,,,,2,5.8,5.8,true,Kassiesa / public UEFA coefficient tables,https://kassiesa.net/uefa/data/method5/trank2023.html
2023,2023/24,228,,Vålerengens IF,vålerengens if,NOR,,,,1.5,,1.5,5.8,5.8,true,Kassiesa / public UEFA coefficient tables,https://kassiesa.net/uefa/data/method5/trank2023.html
2023,2023/24,228,,SK Brann Bergen,sk brann bergen,NOR,,1,,,,1,5.8,5.8,true,Kassiesa / public UEFA coefficient tables,https://kassiesa.net/uefa/data/method5/trank2023.html
2023,2023/24,234,234,Silkeborg IF,silkeborg if,DEN,,,,,4,4,5.565,5.565,true,Kassiesa / public UEFA coefficient tables,https://kassiesa.net/uefa/data/method5/trank2023.html
2023,2023/24,234,,AGF Aarhus,agf aarhus,DEN,,,1.5,1.5,,3,5.565,5.565,true,Kassiesa / public UEFA coefficient tables,https://kassiesa.net/uefa/data/method5/trank2023.html
2023,2023/24,234,,Viborg FF,viborg ff,DEN,,,,,2.5,2.5,5.565,5.565,true,Kassiesa / public UEFA coefficient tables,https://kassiesa.net/uefa/data/method5/trank2023.html
2023,2023/24,234,,FC Nordsjælland,fc nordsjælland,DEN,2,,,,,2,5.565,5.565,true,Kassiesa / public UEFA coefficient tables,https://kassiesa.net/uefa/data/method5/trank2023.html
2023,2023/24,234,,SønderjyskE,sønderjyske,DEN,,,2,,,2,5.565,5.565,true,Kassiesa / public UEFA coefficient tables,https://kassiesa.net/uefa/data/method5/trank2023.html
2023,2023/24,234,,Esbjerg fB,esbjerg fb,DEN,,1.5,,,,1.5,5.565,5.565,true,Kassiesa / public UEFA coefficient tables,https://kassiesa.net/uefa/data/method5/trank2023.html
2023,2023/24,240,,Connah's Quay,connah's quay,WAL,1,1.5,1.5,1.5,,5.5,1.233,5.5,false,Kassiesa / public UEFA coefficient tables,https://kassiesa.net/uefa/data/method5/trank2023.html
2023,2023/24,240,,Dinamo Minsk,dinamo minsk,BLR,2,1,1,,1.5,5.5,1.975,5.5,false,Kassiesa / public UEFA coefficient tables,https://kassiesa.net/uefa/data/method5/trank2023.html
2023,2023/24,240,240,FK Liepaja,fk liepaja,LVA,1,1.5,,1.5,1.5,5.5,2.125,5.5,false,Kassiesa / public UEFA coefficient tables,https://kassiesa.net/uefa/data/method5/trank2023.html
2023,2023/24,240,,Lokomotiv Plovdiv,lokomotiv plovdiv,BUL,,2,1.5,2,,5.5,4,5.5,false,Kassiesa / public UEFA coefficient tables,https://kassiesa.net/uefa/data/method5/trank2023.html
2023,2023/24,244,,FC Ufa,fc ufa,RUS,2.5,,,,,2.5,5.243,5.243,true,Kassiesa / public UEFA coefficient tables,https://kassiesa.net/uefa/data/method5/trank2023.html
2023,2023/24,244,244,FC Sochi,fc sochi,RUS,,,,2,,2,5.243,5.243,true,Kassiesa / public UEFA coefficient tables,https://kassiesa.net/uefa/data/method5/trank2023.html
2023,2023/24,244,,FK Rostov,fk rostov,RUS,,,2,,,2,5.243,5.243,true,Kassiesa / public UEFA coefficient tables,https://kassiesa.net/uefa/data/method5/trank2023.html
2023,2023/24,244,,Rubin Kazan,rubin kazan,RUS,,,,2,,2,5.243,5.243,true,Kassiesa / public UEFA coefficient tables,https://kassiesa.net/uefa/data/method5/trank2023.html
2023,2023/24,244,,Arsenal Tula,arsenal tula,RUS,,1.5,,,,1.5,5.243,5.243,true,Kassiesa / public UEFA coefficient tables,https://kassiesa.net/uefa/data/method5/trank2023.html
2023,2023/24,244,,Dinamo Moscow,dinamo moscow,RUS,,,1.5,,,1.5,5.243,5.243,true,Kassiesa / public UEFA coefficient tables,https://kassiesa.net/uefa/data/method5/trank2023.html
2023,2023/24,250,250,Lokomotiva Zagreb,lokomotiva zagreb,CRO,,,2,,,2,5.08,5.08,true,Kassiesa / public UEFA coefficient tables,https://kassiesa.net/uefa/data/method5/trank2023.html
2023,2023/24,251,,Atromitos FC,atromitos fc,GRE,1.5,2,,,,3.5,5.045,5.045,true,Kassiesa / public UEFA coefficient tables,https://kassiesa.net/uefa/data/method5/trank2023.html
2023,2023/24,251,251,Panathinaikos,panathinaikos,GRE,,,,,2,2,5.045,5.045,true,Kassiesa / public UEFA coefficient tables,https://kassiesa.net/uefa/data/method5/trank2023.html
2023,2023/24,251,,Asteras Tripolis,asteras tripolis,GRE,1.5,,,,,1.5,5.045,5.045,true,Kassiesa / public UEFA coefficient tables,https://kassiesa.net/uefa/data/method5/trank2023.html
2023,2023/24,251,,OFI Heraklion,ofi heraklion,GRE,,,1.5,,,1.5,5.045,5.045,true,Kassiesa / public UEFA coefficient tables,https://kassiesa.net/uefa/data/method5/trank2023.html
2023,2023/24,255,,Europa FC,europa fc,GIB,0.5,1,1.5,1,1,5,1.158,5,false,Kassiesa / public UEFA coefficient tables,https://kassiesa.net/uefa/data/method5/trank2023.html
2023,2023/24,255,,FC Santa Coloma,fc santa coloma,AND,1.5,1.5,0.5,1.5,,5,1.033,5,false,Kassiesa / public UEFA coefficient tables,https://kassiesa.net/uefa/data/method5/trank2023.html
2023,2023/24,255,,FK Ventspils,fk ventspils,LVA,1.5,2,1.5,,,5,2.125,5,false,Kassiesa / public UEFA coefficient tables,https://kassiesa.net/uefa/data/method5/trank2023.html
2023,2023/24,255,,HB Torshavn,hb torshavn,FRO,,1.5,0.5,2,1,5,1.75,5,false,Kassiesa / public UEFA coefficient tables,https://kassiesa.net/uefa/data/method5/trank2023.html
2023,2023/24,255,,La Fiorita,la fiorita,SMR,1.5,0.5,0.5,1,1.5,5,0.399,5,false,Kassiesa / public UEFA coefficient tables,https://kassiesa.net/uefa/data/method5/trank2023.html
2023,2023/24,255,,Milsami Orhei,milsami orhei,MDA,1,1,,1.5,1.5,5,2.45,5,false,Kassiesa / public UEFA coefficient tables,https://kassiesa.net/uefa/data/method5/trank2023.html
2023,2023/24,255,,NK Domzale,nk domzale,SVN,1.5,1.5,,2,,5,2.5,5,false,Kassiesa / public UEFA coefficient tables,https://kassiesa.net/uefa/data/method5/trank2023.html
2023,2023/24,255,,Partizani Tirana,partizani tirana,ALB,1,1.5,,1.5,1,5,1.25,5,false,Kassiesa / public UEFA coefficient tables,https://kassiesa.net/uefa/data/method5/trank2023.html
2023,2023/24,255,,Progrès Niederkorn,progrès niederkorn,LUX,2,1.5,1.5,,,5,1.8,5,false,Kassiesa / public UEFA coefficient tables,https://kassiesa.net/uefa/data/method5/trank2023.html
2023,2023/24,255,255,Raków Czestochowa,raków czestochowa,POL,,,,2.5,2.5,5,4.15,5,false,Kassiesa / public UEFA coefficient tables,https://kassiesa.net/uefa/data/method5/trank2023.html
2023,2023/24,255,,Valur Reykjavik,valur reykjavik,ISL,2,1.5,,1.5,,5,1.45,5,false,Kassiesa / public UEFA coefficient tables,https://kassiesa.net/uefa/data/method5/trank2023.html
2023,2023/24,255,,Bnei Yehuda,bnei yehuda,ISR,,2.5,,,,2.5,5,5,true,Kassiesa / public UEFA coefficient tables,https://kassiesa.net/uefa/data/method5/trank2023.html
2023,2023/24,255,,Beitar Jerusalem,beitar jerusalem,ISR,1,,1,,,2,5,5,true,Kassiesa / public UEFA coefficient tables,https://kassiesa.net/uefa/data/method5/trank2023.html
2023,2023/24,255,,Hapoel Haifa,hapoel haifa,ISR,2,,,,,2,5,5,true,Kassiesa / public UEFA coefficient tables,https://kassiesa.net/uefa/data/method5/trank2023.html
2023,2023/24,255,,Maccabi Netanya,maccabi netanya,ISR,,,,,1.5,1.5,5,5,true,Kassiesa / public UEFA coefficient tables,https://kassiesa.net/uefa/data/method5/trank2023.html
2023,2023/24,255,,MS Ashdod,ms ashdod,ISR,,,,1.5,,1.5,5,5,true,Kassiesa / public UEFA coefficient tables,https://kassiesa.net/uefa/data/method5/trank2023.html
2023,2023/24,271,,AEL Limassol,ael limassol,CYP,,1.5,,2,,3.5,4.895,4.895,true,Kassiesa / public UEFA coefficient tables,https://kassiesa.net/uefa/data/method5/trank2023.html
2023,2023/24,271,271,Aris Limassol,aris limassol,CYP,,,,,1.5,1.5,4.895,4.895,true,Kassiesa / public UEFA coefficient tables,https://kassiesa.net/uefa/data/method5/trank2023.html
2023,2023/24,273,,BK Häcken,bk häcken,SWE,1.5,1.5,,1.5,,4.5,4.75,4.75,true,Kassiesa / public UEFA coefficient tables,https://kassiesa.net/uefa/data/method5/trank2023.html
2023,2023/24,273,,Hammarby IF,hammarby if,SWE,,,1.5,2.5,,4,4.75,4.75,true,Kassiesa / public UEFA coefficient tables,https://kassiesa.net/uefa/data/method5/trank2023.html
2023,2023/24,273,273,IF Elfsborg,if elfsborg,SWE,,,,2.5,1.5,4,4.75,4.75,true,Kassiesa / public UEFA coefficient tables,https://kassiesa.net/uefa/data/method5/trank2023.html
2023,2023/24,273,,IFK Norrköping,ifk norrköping,SWE,,2,,,,2,4.75,4.75,true,Kassiesa / public UEFA coefficient tables,https://kassiesa.net/uefa/data/method5/trank2023.html
2023,2023/24,273,,IFK Göteborg,ifk göteborg,SWE,,,1.5,,,1.5,4.75,4.75,true,Kassiesa / public UEFA coefficient tables,https://kassiesa.net/uefa/data/method5/trank2023.html
2023,2023/24,278,,Crusaders Belfast,crusaders belfast,NIR,1.5,1.5,,,1.5,4.5,1.716,4.5,false,Kassiesa / public UEFA coefficient tables,https://kassiesa.net/uefa/data/method5/trank2023.html
2023,2023/24,278,,Dinamo Batumi,dinamo batumi,GEO,,,1,2,1.5,4.5,1.6,4.5,false,Kassiesa / public UEFA coefficient tables,https://kassiesa.net/uefa/data/method5/trank2023.html
2023,2023/24,278,,FK Kukësi,fk kukësi,ALB,2,1,1.5,,,4.5,1.25,4.5,false,Kassiesa / public UEFA coefficient tables,https://kassiesa.net/uefa/data/method5/trank2023.html
2023,2023/24,278,,Honvéd Budapest,honvéd budapest,HUN,1.5,1.5,1.5,,,4.5,4.125,4.5,false,Kassiesa / public UEFA coefficient tables,https://kassiesa.net/uefa/data/method5/trank2023.html
2023,2023/24,278,,Inter Club d'Escaldes,inter club d'escaldes,AND,,,1.5,1.5,1.5,4.5,1.033,4.5,false,Kassiesa / public UEFA coefficient tables,https://kassiesa.net/uefa/data/method5/trank2023.html
2023,2023/24,278,,Kauno Zalgiris,kauno zalgiris,LTU,,1,1,1.5,1,4.5,2,4.5,false,Kassiesa / public UEFA coefficient tables,https://kassiesa.net/uefa/data/method5/trank2023.html
2023,2023/24,278,278,Levski Sofia,levski sofia,BUL,1,1.5,,,2,4.5,4,4.5,false,Kassiesa / public UEFA coefficient tables,https://kassiesa.net/uefa/data/method5/trank2023.html
2023,2023/24,278,,Saburtalo Tbilisi,saburtalo tbilisi,GEO,,2,1,,1.5,4.5,1.6,4.5,false,Kassiesa / public UEFA coefficient tables,https://kassiesa.net/uefa/data/method5/trank2023.html
2023,2023/24,278,,St Joseph's FC,st joseph's fc,GIB,0.5,1,0.5,1,1.5,4.5,1.158,4.5,false,Kassiesa / public UEFA coefficient tables,https://kassiesa.net/uefa/data/method5/trank2023.html
2023,2023/24,278,,Teuta Durrës,teuta durrës,ALB,,1,1.5,2,,4.5,1.25,4.5,false,Kassiesa / public UEFA coefficient tables,https://kassiesa.net/uefa/data/method5/trank2023.html
2023,2023/24,278,,Tre Fiori,tre fiori,SMR,1,0.5,1.5,,1.5,4.5,0.399,4.5,false,Kassiesa / public UEFA coefficient tables,https://kassiesa.net/uefa/data/method5/trank2023.html
2023,2023/24,278,,Valletta FC,valletta fc,MLT,1.5,2,1,,,4.5,1.65,4.5,false,Kassiesa / public UEFA coefficient tables,https://kassiesa.net/uefa/data/method5/trank2023.html
2023,2023/24,290,,Piast Gliwice,piast gliwice,POL,,1.5,2,,,3.5,4.15,4.15,true,Kassiesa / public UEFA coefficient tables,https://kassiesa.net/uefa/data/method5/trank2023.html
2023,2023/24,290,,Lechia Gdansk,lechia gdansk,POL,,1.5,,,1.5,3,4.15,4.15,true,Kassiesa / public UEFA coefficient tables,https://kassiesa.net/uefa/data/method5/trank2023.html
2023,2023/24,290,290,Pogon Szczecin,pogon szczecin,POL,,,,1.5,1.5,3,4.15,4.15,true,Kassiesa / public UEFA coefficient tables,https://kassiesa.net/uefa/data/method5/trank2023.html
2023,2023/24,290,,Cracovia Kraków,cracovia kraków,POL,,1,1,,,2,4.15,4.15,true,Kassiesa / public UEFA coefficient tables,https://kassiesa.net/uefa/data/method5/trank2023.html
2023,2023/24,290,,Jagiellonia Bialystok,jagiellonia bialystok,POL,2,,,,,2,4.15,4.15,true,Kassiesa / public UEFA coefficient tables,https://kassiesa.net/uefa/data/method5/trank2023.html
2023,2023/24,290,,Slask Wroclaw,slask wroclaw,POL,,,,2,,2,4.15,4.15,true,Kassiesa / public UEFA coefficient tables,https://kassiesa.net/uefa/data/method5/trank2023.html
2023,2023/24,290,,Górnik Zabrze,górnik zabrze,POL,1.5,,,,,1.5,4.15,4.15,true,Kassiesa / public UEFA coefficient tables,https://kassiesa.net/uefa/data/method5/trank2023.html
2023,2023/24,297,,Puskás Akadémia,puskás akadémia,HUN,,,1,1.5,1.5,4,4.125,4.125,true,Kassiesa / public UEFA coefficient tables,https://kassiesa.net/uefa/data/method5/trank2023.html
2023,2023/24,297,,Újpest TE,újpest te,HUN,1.5,,,2,,3.5,4.125,4.125,true,Kassiesa / public UEFA coefficient tables,https://kassiesa.net/uefa/data/method5/trank2023.html
2023,2023/24,297,297,Kisvárda FC,kisvárda fc,HUN,,,,,2,2,4.125,4.125,true,Kassiesa / public UEFA coefficient tables,https://kassiesa.net/uefa/data/method5/trank2023.html
2023,2023/24,297,,DVSC Debrecen,dvsc debrecen,HUN,,1.5,,,,1.5,4.125,4.125,true,Kassiesa / public UEFA coefficient tables,https://kassiesa.net/uefa/data/method5/trank2023.html
2023,2023/24,301,301,Sepsi OSK,sepsi osk,ROU,,,,1.5,2,3.5,4.1,4.1,true,Kassiesa / public UEFA coefficient tables,https://kassiesa.net/uefa/data/method5/trank2023.html
2023,2023/24,301,,Farul Constanta,farul constanta,ROU,1.5,1.5,,,,3,4.1,4.1,true,Kassiesa / public UEFA coefficient tables,https://kassiesa.net/uefa/data/method5/trank2023.html
2023,2023/24,301,,FC Botosani,fc botosani,ROU,,,1.5,,,1.5,4.1,4.1,true,Kassiesa / public UEFA coefficient tables,https://kassiesa.net/uefa/data/method5/trank2023.html
2023,2023/24,304,,Bala Town,bala town,WAL,0.5,,1.5,1,1,4,1.233,4,false,Kassiesa / public UEFA coefficient tables,https://kassiesa.net/uefa/data/method5/trank2023.html
2023,2023/24,304,,Borac Banja Luka,borac banja luka,BIH,,,1.5,1.5,1,4,1.95,4,false,Kassiesa / public UEFA coefficient tables,https://kassiesa.net/uefa/data/method5/trank2023.html
2023,2023/24,304,,FC Prishtina,fc prishtina,KOS,1,0.5,0.5,2,,4,2.208,4,false,Kassiesa / public UEFA coefficient tables,https://kassiesa.net/uefa/data/method5/trank2023.html
2023,2023/24,304,,FH Hafnarfjardar,fh hafnarfjardar,ISL,1.5,,1,1.5,,4,1.45,4,false,Kassiesa / public UEFA coefficient tables,https://kassiesa.net/uefa/data/method5/trank2023.html
2023,2023/24,304,,FK Riteriai,fk riteriai,LTU,1.5,1,1.5,,,4,2,4,false,Kassiesa / public UEFA coefficient tables,https://kassiesa.net/uefa/data/method5/trank2023.html
2023,2023/24,304,,Gabala FK,gabala fk,AZE,1,1.5,,,1.5,4,3.325,4,false,Kassiesa / public UEFA coefficient tables,https://kassiesa.net/uefa/data/method5/trank2023.html
2023,2023/24,304,,Inter Turku,inter turku,FIN,,1,1,1,1,4,2.05,4,false,Kassiesa / public UEFA coefficient tables,https://kassiesa.net/uefa/data/method5/trank2023.html
2023,2023/24,304,,Kalju Nomme,kalju nomme,EST,1,2,1,,,4,1.516,4,false,Kassiesa / public UEFA coefficient tables,https://kassiesa.net/uefa/data/method5/trank2023.html
2023,2023/24,304,,KF Tirana,kf tirana,ALB,,,2.5,,1.5,4,1.25,4,false,Kassiesa / public UEFA coefficient tables,https://kassiesa.net/uefa/data/method5/trank2023.html
2023,2023/24,304,304,Paide Linnameeskond,paide linnameeskond,EST,,,1,1,2,4,1.516,4,false,Kassiesa / public UEFA coefficient tables,https://kassiesa.net/uefa/data/method5/trank2023.html
2023,2023/24,304,,Stjarnan FC,stjarnan fc,ISL,1.5,1.5,,1,,4,1.45,4,false,Kassiesa / public UEFA coefficient tables,https://kassiesa.net/uefa/data/method5/trank2023.html
2023,2023/24,304,,Tre Penne,tre penne,SMR,,1.5,0.5,1,1,4,0.399,4,false,Kassiesa / public UEFA coefficient tables,https://kassiesa.net/uefa/data/method5/trank2023.html
2023,2023/24,304,,Slavia Sofia,slavia sofia,BUL,1.5,,1,,,2.5,4,4,true,Kassiesa / public UEFA coefficient tables,https://kassiesa.net/uefa/data/method5/trank2023.html
2023,2023/24,304,,Arda Kardzhali,arda kardzhali,BUL,,,,1.5,,1.5,4,4,true,Kassiesa / public UEFA coefficient tables,https://kassiesa.net/uefa/data/method5/trank2023.html
2023,2023/24,304,,Botev Plovdiv,botev plovdiv,BUL,,,,,1.5,1.5,4,4,true,Kassiesa / public UEFA coefficient tables,https://kassiesa.net/uefa/data/method5/trank2023.html
2023,2023/24,319,319,MFK Ruzomberok,mfk ruzomberok,SVK,,1,1,,1.5,3.5,3.95,3.95,true,Kassiesa / public UEFA coefficient tables,https://kassiesa.net/uefa/data/method5/trank2023.html
2023,2023/24,319,,MSK Zilina,msk zilina,SVK,,,1,2.5,,3.5,3.95,3.95,true,Kassiesa / public UEFA coefficient tables,https://kassiesa.net/uefa/data/method5/trank2023.html
2023,2023/24,319,,AS Trencín,as trencín,SVK,2.5,,,,,2.5,3.95,3.95,true,Kassiesa / public UEFA coefficient tables,https://kassiesa.net/uefa/data/method5/trank2023.html
2023,2023/24,322,,Coleraine,coleraine,NIR,1,,1.5,1,,3.5,1.716,3.5,false,Kassiesa / public UEFA coefficient tables,https://kassiesa.net/uefa/data/method5/trank2023.html
2023,2023/24,322,,Kesla FK,kesla fk,AZE,1,,1,1.5,,3.5,3.325,3.5,false,Kassiesa / public UEFA coefficient tables,https://kassiesa.net/uefa/data/method5/trank2023.html
2023,2023/24,322,,KR Reykjavik,kr reykjavik,ISL,,1,1.5,,1,3.5,1.45,3.5,false,Kassiesa / public UEFA coefficient tables,https://kassiesa.net/uefa/data/method5/trank2023.html
2023,2023/24,322,,NSI Runavik,nsi runavik,FRO,1,0.5,1,1,,3.5,1.75,3.5,false,Kassiesa / public UEFA coefficient tables,https://kassiesa.net/uefa/data/method5/trank2023.html
2023,2023/24,322,,Racing Union Luxembourg,racing union luxembourg,LUX,1,,,1,1.5,3.5,1.8,3.5,false,Kassiesa / public UEFA coefficient tables,https://kassiesa.net/uefa/data/method5/trank2023.html
2023,2023/24,322,,Sfântul Gheorghe,sfântul gheorghe,MDA,,,1.5,1,1,3.5,2.45,3.5,false,Kassiesa / public UEFA coefficient tables,https://kassiesa.net/uefa/data/method5/trank2023.html
2023,2023/24,322,,Torpedo Kutaisi,torpedo kutaisi,GEO,2.5,1,,,,3.5,1.6,3.5,false,Kassiesa / public UEFA coefficient tables,https://kassiesa.net/uefa/data/method5/trank2023.html
2023,2023/24,322,,Valmieras FK,valmieras fk,LVA,,,1,1,1.5,3.5,2.125,3.5,false,Kassiesa / public UEFA coefficient tables,https://kassiesa.net/uefa/data/method5/trank2023.html
2023,2023/24,322,322,Velez Mostar,velez mostar,BIH,,,,2,1.5,3.5,1.95,3.5,false,Kassiesa / public UEFA coefficient tables,https://kassiesa.net/uefa/data/method5/trank2023.html
2023,2023/24,331,,Sumgayit FK,sumgayit fk,AZE,,,1,1.5,,2.5,3.325,3.325,true,Kassiesa / public UEFA coefficient tables,https://kassiesa.net/uefa/data/method5/trank2023.html
2023,2023/24,331,331,Zira FK,zira fk,AZE,,,,,1.5,1.5,3.325,3.325,true,Kassiesa / public UEFA coefficient tables,https://kassiesa.net/uefa/data/method5/trank2023.html
2023,2023/24,331,,Sabail FK,sabail fk,AZE,,1,,,,1,3.325,3.325,true,Kassiesa / public UEFA coefficient tables,https://kassiesa.net/uefa/data/method5/trank2023.html
2023,2023/24,334,,Bohemians Dublin,bohemians dublin,IRL,,,1,2,,3,2.075,3,false,Kassiesa / public UEFA coefficient tables,https://kassiesa.net/uefa/data/method5/trank2023.html
2023,2023/24,334,,Chikhura Sachkhere,chikhura sachkhere,GEO,1.5,1.5,,,,3,1.6,3,false,Kassiesa / public UEFA coefficient tables,https://kassiesa.net/uefa/data/method5/trank2023.html
2023,2023/24,334,,Cliftonville,cliftonville,NIR,1,1,,,1,3,1.716,3,false,Kassiesa / public UEFA coefficient tables,https://kassiesa.net/uefa/data/method5/trank2023.html
2023,2023/24,334,,Cork City,cork city,IRL,2,1,,,,3,2.075,3,false,Kassiesa / public UEFA coefficient tables,https://kassiesa.net/uefa/data/method5/trank2023.html
2023,2023/24,334,,Derry City,derry city,IRL,1,,1,,1,3,2.075,3,false,Kassiesa / public UEFA coefficient tables,https://kassiesa.net/uefa/data/method5/trank2023.html
2023,2023/24,334,334,FC Ballkani,fc ballkani,KOS,,,,,3,3,2.208,3,false,Kassiesa / public UEFA coefficient tables,https://kassiesa.net/uefa/data/method5/trank2023.html
2023,2023/24,334,,Floriana,floriana,MLT,,,2,,1,3,1.65,3,false,Kassiesa / public UEFA coefficient tables,https://kassiesa.net/uefa/data/method5/trank2023.html
2023,2023/24,334,,Larne FC,larne fc,NIR,,,,2,1,3,1.716,3,false,Kassiesa / public UEFA coefficient tables,https://kassiesa.net/uefa/data/method5/trank2023.html
2023,2023/24,334,,Siroki Brijeg,siroki brijeg,BIH,1,1,,1,,3,1.95,3,false,Kassiesa / public UEFA coefficient tables,https://kassiesa.net/uefa/data/method5/trank2023.html
2023,2023/24,334,,Sligo Rovers,sligo rovers,IRL,,,,1,2,3,2.075,3,false,Kassiesa / public UEFA coefficient tables,https://kassiesa.net/uefa/data/method5/trank2023.html
2023,2023/24,334,,St. Patrick's Athletic,st. patrick's athletic,IRL,,1,,,2,3,2.075,3,false,Kassiesa / public UEFA coefficient tables,https://kassiesa.net/uefa/data/method5/trank2023.html
2023,2023/24,334,,Urartu FC,urartu fc,ARM,1,1,,1,,3,1.975,3,false,Kassiesa / public UEFA coefficient tables,https://kassiesa.net/uefa/data/method5/trank2023.html
2023,2023/24,334,,Víkingur,víkingur,FRO,1.5,,,,1.5,3,1.75,3,false,Kassiesa / public UEFA coefficient tables,https://kassiesa.net/uefa/data/method5/trank2023.html
2023,2023/24,334,,Vikingur Reykjavik,vikingur reykjavik,ISL,,,1,,2,3,1.45,3,false,Kassiesa / public UEFA coefficient tables,https://kassiesa.net/uefa/data/method5/trank2023.html
2023,2023/24,334,,Vllaznia Shkodër,vllaznia shkodër,ALB,,,,1.5,1.5,3,1.25,3,false,Kassiesa / public UEFA coefficient tables,https://kassiesa.net/uefa/data/method5/trank2023.html
2023,2023/24,349,,Ordabasy Shymkent,ordabasy shymkent,KAZ,,1.5,1,,,2.5,2.525,2.525,true,Kassiesa / public UEFA coefficient tables,https://kassiesa.net/uefa/data/method5/trank2023.html
2023,2023/24,349,,Shakhtyor Karaganda,shakhtyor karaganda,KAZ,,,,2.5,,2.5,2.525,2.525,true,Kassiesa / public UEFA coefficient tables,https://kassiesa.net/uefa/data/method5/trank2023.html
2023,2023/24,349,349,FK Kyzylzhar,fk kyzylzhar,KAZ,,,,,2,2,2.525,2.525,true,Kassiesa / public UEFA coefficient tables,https://kassiesa.net/uefa/data/method5/trank2023.html
2023,2023/24,349,,Kaysar Kyzylorda,kaysar kyzylorda,KAZ,,,1.5,,,1.5,2.525,2.525,true,Kassiesa / public UEFA coefficient tables,https://kassiesa.net/uefa/data/method5/trank2023.html
2023,2023/24,349,,Irtysh Pavlodar,irtysh pavlodar,KAZ,1,,,,,1,2.525,2.525,true,Kassiesa / public UEFA coefficient tables,https://kassiesa.net/uefa/data/method5/trank2023.html
2023,2023/24,354,,Ararat Yerevan,ararat yerevan,ARM,,,,1.5,1,2.5,1.975,2.5,false,Kassiesa / public UEFA coefficient tables,https://kassiesa.net/uefa/data/method5/trank2023.html
2023,2023/24,354,,Balzan FC,balzan fc,MLT,1.5,1,,,,2.5,1.65,2.5,false,Kassiesa / public UEFA coefficient tables,https://kassiesa.net/uefa/data/method5/trank2023.html
2023,2023/24,354,,FK Panevezys,fk panevezys,LTU,,,,1.5,1,2.5,2,2.5,false,Kassiesa / public UEFA coefficient tables,https://kassiesa.net/uefa/data/method5/trank2023.html
2023,2023/24,354,354,Hamrun Spartans,hamrun spartans,MLT,,,,,2.5,2.5,1.65,2.5,false,Kassiesa / public UEFA coefficient tables,https://kassiesa.net/uefa/data/method5/trank2023.html
2023,2023/24,354,,Honka Espoo,honka espoo,FIN,,,1,1.5,,2.5,2.05,2.5,false,Kassiesa / public UEFA coefficient tables,https://kassiesa.net/uefa/data/method5/trank2023.html
2023,2023/24,354,,Makedonija GjP,makedonija gjp,MKD,,1,,,1.5,2.5,1.1,2.5,false,Kassiesa / public UEFA coefficient tables,https://kassiesa.net/uefa/data/method5/trank2023.html
2023,2023/24,354,,Newtown,newtown,WAL,,,,1,1.5,2.5,1.233,2.5,false,Kassiesa / public UEFA coefficient tables,https://kassiesa.net/uefa/data/method5/trank2023.html
2023,2023/24,354,,Sileks Kratovo,sileks kratovo,MKD,,,1.5,1,,2.5,1.1,2.5,false,Kassiesa / public UEFA coefficient tables,https://kassiesa.net/uefa/data/method5/trank2023.html
2023,2023/24,354,,UE Engordany,ue engordany,AND,1,1,0.5,,,2.5,1.033,2.5,false,Kassiesa / public UEFA coefficient tables,https://kassiesa.net/uefa/data/method5/trank2023.html
2023,2023/24,354,,Zeljeznicar Sarajevo,zeljeznicar sarajevo,BIH,1.5,,1,,,2.5,1.95,2.5,false,Kassiesa / public UEFA coefficient tables,https://kassiesa.net/uefa/data/method5/trank2023.html
2023,2023/24,354,,NK Celje,nk celje,SVN,,,2,,,2,2.5,2.5,true,Kassiesa / public UEFA coefficient tables,https://kassiesa.net/uefa/data/method5/trank2023.html
2023,2023/24,354,,NK Koper,nk koper,SVN,,,,,1.5,1.5,2.5,2.5,true,Kassiesa / public UEFA coefficient tables,https://kassiesa.net/uefa/data/method5/trank2023.html
2023,2023/24,354,,Rudar Velenje,rudar velenje,SVN,1.5,,,,,1.5,2.5,2.5,true,Kassiesa / public UEFA coefficient tables,https://kassiesa.net/uefa/data/method5/trank2023.html
2023,2023/24,367,367,Dinamo-Auto Tiraspol,dinamo-auto tiraspol,MDA,,,1,,,1,2.45,2.45,true,Kassiesa / public UEFA coefficient tables,https://kassiesa.net/uefa/data/method5/trank2023.html
2023,2023/24,367,,Speranta Nisporeni,speranta nisporeni,MDA,,1,,,,1,2.45,2.45,true,Kassiesa / public UEFA coefficient tables,https://kassiesa.net/uefa/data/method5/trank2023.html
2023,2023/24,367,,Zaria Balti,zaria balti,MDA,1,,,,,1,2.45,2.45,true,Kassiesa / public UEFA coefficient tables,https://kassiesa.net/uefa/data/method5/trank2023.html
2023,2023/24,370,370,KF Llapi,kf llapi,KOS,,,,1,1,2,2.208,2.208,true,Kassiesa / public UEFA coefficient tables,https://kassiesa.net/uefa/data/method5/trank2023.html
2023,2023/24,370,,SC Gjilani,sc gjilani,KOS,,,1,,1,2,2.208,2.208,true,Kassiesa / public UEFA coefficient tables,https://kassiesa.net/uefa/data/method5/trank2023.html
2023,2023/24,370,,Feronikeli,feronikeli,KOS,,1.5,,,,1.5,2.208,2.208,true,Kassiesa / public UEFA coefficient tables,https://kassiesa.net/uefa/data/method5/trank2023.html
2023,2023/24,373,373,Spartaks Jurmala,spartaks jurmala,LVA,2,,,,,2,2.125,2.125,true,Kassiesa / public UEFA coefficient tables,https://kassiesa.net/uefa/data/method5/trank2023.html
2023,2023/24,374,,Ilves Tampere,ilves tampere,FIN,1,,1,,,2,2.05,2.05,true,Kassiesa / public UEFA coefficient tables,https://kassiesa.net/uefa/data/method5/trank2023.html
2023,2023/24,374,374,SJK Seinäjoki,sjk seinäjoki,FIN,,,,,1.5,1.5,2.05,2.05,true,Kassiesa / public UEFA coefficient tables,https://kassiesa.net/uefa/data/method5/trank2023.html
2023,2023/24,374,,FC Lahti,fc lahti,FIN,1,,,,,1,2.05,2.05,true,Kassiesa / public UEFA coefficient tables,https://kassiesa.net/uefa/data/method5/trank2023.html
2023,2023/24,374,,RoPS Rovaniemi,rops rovaniemi,FIN,,1,,,,1,2.05,2.05,true,Kassiesa / public UEFA coefficient tables,https://kassiesa.net/uefa/data/method5/trank2023.html
2023,2023/24,378,,Akademija Pandev,akademija pandev,MKD,,1,,,1,2,1.1,2,false,Kassiesa / public UEFA coefficient tables,https://kassiesa.net/uefa/data/method5/trank2023.html
2023,2023/24,378,,Birkirkara,birkirkara,MLT,0.5,,,1.5,,2,1.65,2,false,Kassiesa / public UEFA coefficient tables,https://kassiesa.net/uefa/data/method5/trank2023.html
2023,2023/24,378,,Decic Tuzi,decic tuzi,MNE,,,,1,1,2,0.95,2,false,Kassiesa / public UEFA coefficient tables,https://kassiesa.net/uefa/data/method5/trank2023.html
2023,2023/24,378,,Differdange 03,differdange 03,LUX,,,1,,1,2,1.8,2,false,Kassiesa / public UEFA coefficient tables,https://kassiesa.net/uefa/data/method5/trank2023.html
2023,2023/24,378,378,Dila Gori,dila gori,GEO,,,,1,1,2,1.6,2,false,Kassiesa / public UEFA coefficient tables,https://kassiesa.net/uefa/data/method5/trank2023.html
2023,2023/24,378,,FC Noah,fc noah,ARM,,,1,1,,2,1.975,2,false,Kassiesa / public UEFA coefficient tables,https://kassiesa.net/uefa/data/method5/trank2023.html
2023,2023/24,378,,Folgore,folgore,SMR,0.5,,,1.5,,2,0.399,2,false,Kassiesa / public UEFA coefficient tables,https://kassiesa.net/uefa/data/method5/trank2023.html
2023,2023/24,378,,Glentoran,glentoran,NIR,,,1,1,,2,1.716,2,false,Kassiesa / public UEFA coefficient tables,https://kassiesa.net/uefa/data/method5/trank2023.html
2023,2023/24,378,,Iskra Danilovgrad,iskra danilovgrad,MNE,,,1,,1,2,0.95,2,false,Kassiesa / public UEFA coefficient tables,https://kassiesa.net/uefa/data/method5/trank2023.html
2023,2023/24,378,,Lokomotivi Tbilisi,lokomotivi tbilisi,GEO,,,2,,,2,1.6,2,false,Kassiesa / public UEFA coefficient tables,https://kassiesa.net/uefa/data/method5/trank2023.html
2023,2023/24,378,,OFK Titograd,ofk titograd,MNE,1,1,,,,2,0.95,2,false,Kassiesa / public UEFA coefficient tables,https://kassiesa.net/uefa/data/method5/trank2023.html
2023,2023/24,378,,Sant Julià,sant julià,AND,0.5,0.5,,1,,2,1.033,2,false,Kassiesa / public UEFA coefficient tables,https://kassiesa.net/uefa/data/method5/trank2023.html
2023,2023/24,378,,Trans Narva,trans narva,EST,1,1,,,,2,1.516,2,false,Kassiesa / public UEFA coefficient tables,https://kassiesa.net/uefa/data/method5/trank2023.html
2023,2023/24,378,,Zeta Golubovci,zeta golubovci,MNE,,1,1,,,2,0.95,2,false,Kassiesa / public UEFA coefficient tables,https://kassiesa.net/uefa/data/method5/trank2023.html
2023,2023/24,378,,Stumbras Kaunas,stumbras kaunas,LTU,1,,,,,1,2,2,true,Kassiesa / public UEFA coefficient tables,https://kassiesa.net/uefa/data/method5/trank2023.html
2023,2023/24,393,393,FC Gomel,fc gomel,BLR,,,,,1.5,1.5,1.975,1.975,true,Kassiesa / public UEFA coefficient tables,https://kassiesa.net/uefa/data/method5/trank2023.html
2023,2023/24,393,,Torpedo Zhodino,torpedo zhodino,BLR,,,,1.5,,1.5,1.975,1.975,true,Kassiesa / public UEFA coefficient tables,https://kassiesa.net/uefa/data/method5/trank2023.html
2023,2023/24,393,,FC Vitebsk,fc vitebsk,BLR,,1,,,,1,1.975,1.975,true,Kassiesa / public UEFA coefficient tables,https://kassiesa.net/uefa/data/method5/trank2023.html
2023,2023/24,393,,Gandzasar Kapan,gandzasar kapan,ARM,1,,,,,1,1.975,1.975,true,Kassiesa / public UEFA coefficient tables,https://kassiesa.net/uefa/data/method5/trank2023.html
2023,2023/24,393,,Shirak Gyumri,shirak gyumri,ARM,,,1,,,1,1.975,1.975,true,Kassiesa / public UEFA coefficient tables,https://kassiesa.net/uefa/data/method5/trank2023.html
2023,2023/24,398,398,Tuzla City,tuzla city,BIH,,,,,1.5,1.5,1.95,1.95,true,Kassiesa / public UEFA coefficient tables,https://kassiesa.net/uefa/data/method5/trank2023.html
2023,2023/24,398,,Radnik Bijeljina,radnik bijeljina,BIH,,1,,,,1,1.95,1.95,true,Kassiesa / public UEFA coefficient tables,https://kassiesa.net/uefa/data/method5/trank2023.html
2023,2023/24,400,,Jeunesse d'Esch,jeunesse d'esch,LUX,,1.5,,,,1.5,1.8,1.8,true,Kassiesa / public UEFA coefficient tables,https://kassiesa.net/uefa/data/method5/trank2023.html
2023,2023/24,400,400,Swift Hesperange,swift hesperange,LUX,,,,1,,1,1.8,1.8,true,Kassiesa / public UEFA coefficient tables,https://kassiesa.net/uefa/data/method5/trank2023.html
2023,2023/24,400,,Union Titus Pétange,union titus pétange,LUX,,,1,,,1,1.8,1.8,true,Kassiesa / public UEFA coefficient tables,https://kassiesa.net/uefa/data/method5/trank2023.html
2023,2023/24,403,403,Ballymena United,ballymena united,NIR,,1,,,,1,1.716,1.716,true,Kassiesa / public UEFA coefficient tables,https://kassiesa.net/uefa/data/method5/trank2023.html
2023,2023/24,403,,Glenavon,glenavon,NIR,1,,,,,1,1.716,1.716,true,Kassiesa / public UEFA coefficient tables,https://kassiesa.net/uefa/data/method5/trank2023.html
2023,2023/24,405,405,Mosta FC,mosta fc,MLT,,,,1,,1,1.65,1.65,true,Kassiesa / public UEFA coefficient tables,https://kassiesa.net/uefa/data/method5/trank2023.html
2023,2023/24,405,,Sirens FC,sirens fc,MLT,,,1,,,1,1.65,1.65,true,Kassiesa / public UEFA coefficient tables,https://kassiesa.net/uefa/data/method5/trank2023.html
2023,2023/24,407,407,Gagra Tbilisi,gagra tbilisi,GEO,,,,1,,1,1.6,1.6,true,Kassiesa / public UEFA coefficient tables,https://kassiesa.net/uefa/data/method5/trank2023.html
2023,2023/24,407,,Samtredia,samtredia,GEO,1,,,,,1,1.6,1.6,true,Kassiesa / public UEFA coefficient tables,https://kassiesa.net/uefa/data/method5/trank2023.html
2023,2023/24,409,409,Renova Dzepciste,renova dzepciste,MKD,,,1.5,,,1.5,1.1,1.5,false,Kassiesa / public UEFA coefficient tables,https://kassiesa.net/uefa/data/method5/trank2023.html
2023,2023/24,410,410,IBV Vestmannaeyjar,ibv vestmannaeyjar,ISL,1,,,,,1,1.45,1.45,true,Kassiesa / public UEFA coefficient tables,https://kassiesa.net/uefa/data/method5/trank2023.html
2023,2023/24,411,411,Luftëtari Gjirokastër,luftëtari gjirokastër,ALB,1,,,,,1,1.25,1.25,true,Kassiesa / public UEFA coefficient tables,https://kassiesa.net/uefa/data/method5/trank2023.html
2023,2023/24,412,412,Barry Town,barry town,WAL,,0.5,0.5,,,1,1.233,1.233,true,Kassiesa / public UEFA coefficient tables,https://kassiesa.net/uefa/data/method5/trank2023.html
2023,2023/24,412,,Cardiff MU,cardiff mu,WAL,,0.5,,,,0.5,1.233,1.233,true,Kassiesa / public UEFA coefficient tables,https://kassiesa.net/uefa/data/method5/trank2023.html
2023,2023/24,412,,Cefn Druids,cefn druids,WAL,0.5,,,,,0.5,1.233,1.233,true,Kassiesa / public UEFA coefficient tables,https://kassiesa.net/uefa/data/method5/trank2023.html
2023,2023/24,415,415,FCB Magpies,fcb magpies,GIB,,,,,1,1,1.158,1.158,true,Kassiesa / public UEFA coefficient tables,https://kassiesa.net/uefa/data/method5/trank2023.html
2023,2023/24,415,,Mons Calpe,mons calpe,GIB,,,,1,,1,1.158,1.158,true,Kassiesa / public UEFA coefficient tables,https://kassiesa.net/uefa/data/method5/trank2023.html
2023,2023/24,417,417,FC Struga,fc struga,MKD,,,,1,,1,1.1,1.1,true,Kassiesa / public UEFA coefficient tables,https://kassiesa.net/uefa/data/method5/trank2023.html
2023,2023/24,417,,Rabotnicki Skopje,rabotnicki skopje,MKD,1,,,,,1,1.1,1.1,true,Kassiesa / public UEFA coefficient tables,https://kassiesa.net/uefa/data/method5/trank2023.html
2023,2023/24,417,,Vardar Skopje,vardar skopje,MKD,1,,,,,1,1.1,1.1,true,Kassiesa / public UEFA coefficient tables,https://kassiesa.net/uefa/data/method5/trank2023.html
2023,2023/24,420,420,Atlètic Club d'Escaldes,atlètic club d'escaldes,AND,,,,,1,1,1.033,1.033,true,Kassiesa / public UEFA coefficient tables,https://kassiesa.net/uefa/data/method5/trank2023.html
2023,2023/24,420,,UE Santa Coloma,ue santa coloma,AND,,,,,1,1,1.033,1.033,true,Kassiesa / public UEFA coefficient tables,https://kassiesa.net/uefa/data/method5/trank2023.html
2023,2023/24,422,422,FK Podgorica,fk podgorica,MNE,,,,1,,1,0.95,1,false,Kassiesa / public UEFA coefficient tables,https://kassiesa.net/uefa/data/method5/trank2023.html
2023,2023/24,422,,Rudar Pljevlja,rudar pljevlja,MNE,1,,,,,1,0.95,1,false,Kassiesa / public UEFA coefficient tables,https://kassiesa.net/uefa/data/method5/trank2023.html
2024,2024/25,1,1,Manchester City,manchester city,ENG,25,35,27,33,28,148,20.86,148,false,Kassiesa / public UEFA coefficient tables,https://kassiesa.net/uefa/data/method5/trank2024.html
2024,2024/25,2,2,Bayern München,bayern münchen,GER,36,27,26,27,28,144,17.324,144,false,Kassiesa / public UEFA coefficient tables,https://kassiesa.net/uefa/data/method5/trank2024.html
2024,2024/25,3,3,Real Madrid,real madrid,ESP,17,26,30,29,34,136,17.897,136,false,Kassiesa / public UEFA coefficient tables,https://kassiesa.net/uefa/data/method5/trank2024.html
2024,2024/25,4,4,Paris Saint-Germain,paris saint-germain,FRA,31,24,19,19,23,116,13.366,116,false,Kassiesa / public UEFA coefficient tables,https://kassiesa.net/uefa/data/method5/trank2024.html
2024,2024/25,5,5,Liverpool,liverpool,ENG,18,24,33,19,20,114,20.86,114,false,Kassiesa / public UEFA coefficient tables,https://kassiesa.net/uefa/data/method5/trank2024.html
2024,2024/25,6,6,AS Roma,as roma,ITA,11,24,23,22,21,101,18.056,101,false,Kassiesa / public UEFA coefficient tables,https://kassiesa.net/uefa/data/method5/trank2024.html
2024,2024/25,6,,Internazionale,internazionale,ITA,25,9,18,29,20,101,18.056,101,false,Kassiesa / public UEFA coefficient tables,https://kassiesa.net/uefa/data/method5/trank2024.html
2024,2024/25,8,8,Borussia Dortmund,borussia dortmund,GER,18,22,10,18,29,97,17.324,97,false,Kassiesa / public UEFA coefficient tables,https://kassiesa.net/uefa/data/method5/trank2024.html
2024,2024/25,8,,RB Leipzig,rb leipzig,GER,27,17,17,18,18,97,17.324,97,false,Kassiesa / public UEFA coefficient tables,https://kassiesa.net/uefa/data/method5/trank2024.html
2024,2024/25,10,10,Chelsea,chelsea,ENG,17,33,25,21,,96,20.86,96,false,Kassiesa / public UEFA coefficient tables,https://kassiesa.net/uefa/data/method5/trank2024.html
2024,2024/25,11,11,Manchester United,manchester united,ENG,22,26,18,19,7,92,20.86,92,false,Kassiesa / public UEFA coefficient tables,https://kassiesa.net/uefa/data/method5/trank2024.html
2024,2024/25,12,12,FC Barcelona,fc barcelona,ESP,24,20,15,9,23,91,17.897,91,false,Kassiesa / public UEFA coefficient tables,https://kassiesa.net/uefa/data/method5/trank2024.html
2024,2024/25,13,13,Bayer Leverkusen,bayer leverkusen,GER,18,10,14,19,29,90,17.324,90,false,Kassiesa / public UEFA coefficient tables,https://kassiesa.net/uefa/data/method5/trank2024.html
2024,2024/25,14,14,Atlético Madrid,atlético madrid,ESP,22,16,19,8,24,89,17.897,89,false,Kassiesa / public UEFA coefficient tables,https://kassiesa.net/uefa/data/method5/trank2024.html
2024,2024/25,15,15,Sevilla,sevilla,ESP,26,19,12,21,6,84,17.897,84,false,Kassiesa / public UEFA coefficient tables,https://kassiesa.net/uefa/data/method5/trank2024.html
2024,2024/25,16,16,Villarreal,villarreal,ESP,,30,24,12,16,82,17.897,82,false,Kassiesa / public UEFA coefficient tables,https://kassiesa.net/uefa/data/method5/trank2024.html
2024,2024/25,17,17,Atalanta,atalanta,ITA,20,17,16,,28,81,18.056,81,false,Kassiesa / public UEFA coefficient tables,https://kassiesa.net/uefa/data/method5/trank2024.html
2024,2024/25,18,,Juventus,juventus,ITA,22,21,20,17,,80,18.056,80,false,Kassiesa / public UEFA coefficient tables,https://kassiesa.net/uefa/data/method5/trank2024.html
2024,2024/25,18,18,Napoli,napoli,ITA,19,10,9,25,17,80,18.056,80,false,Kassiesa / public UEFA coefficient tables,https://kassiesa.net/uefa/data/method5/trank2024.html
2024,2024/25,20,20,Benfica,benfica,POR,10,10,20,25,14,79,11.263,79,false,Kassiesa / public UEFA coefficient tables,https://kassiesa.net/uefa/data/method5/trank2024.html
2024,2024/25,21,21,FC Porto,fc porto,POR,7,23,10,18,19,77,11.263,77,false,Kassiesa / public UEFA coefficient tables,https://kassiesa.net/uefa/data/method5/trank2024.html
2024,2024/25,22,22,Arsenal,arsenal,ENG,10,23,,17,22,72,20.86,72,false,Kassiesa / public UEFA coefficient tables,https://kassiesa.net/uefa/data/method5/trank2024.html
2024,2024/25,23,23,West Ham United,west ham united,ENG,,,21,29,19,69,20.86,69,false,Kassiesa / public UEFA coefficient tables,https://kassiesa.net/uefa/data/method5/trank2024.html
2024,2024/25,24,24,Ajax,ajax,NED,13,19,22,8,5,67,12.26,67,false,Kassiesa / public UEFA coefficient tables,https://kassiesa.net/uefa/data/method5/trank2024.html
2024,2024/25,25,25,Club Brugge,club brugge,BEL,8,11,7,17,21,64,9.76,64,false,Kassiesa / public UEFA coefficient tables,https://kassiesa.net/uefa/data/method5/trank2024.html
2024,2024/25,26,26,Glasgow Rangers,glasgow rangers,SCO,11,15,19,4,14,63,7.21,63,false,Kassiesa / public UEFA coefficient tables,https://kassiesa.net/uefa/data/method5/trank2024.html
2024,2024/25,26,,Shakhtar Donetsk,shakhtar donetsk,UKR,22,14,6,11,10,63,5.6,63,false,Kassiesa / public UEFA coefficient tables,https://kassiesa.net/uefa/data/method5/trank2024.html
2024,2024/25,28,28,Eintracht Frankfurt,eintracht frankfurt,GER,9,,28,16,7,60,17.324,60,false,Kassiesa / public UEFA coefficient tables,https://kassiesa.net/uefa/data/method5/trank2024.html
2024,2024/25,29,29,AC Milan,ac milan,ITA,,12,7,24,16,59,18.056,59,false,Kassiesa / public UEFA coefficient tables,https://kassiesa.net/uefa/data/method5/trank2024.html
2024,2024/25,30,30,Feyenoord,feyenoord,NED,4,4,24,17,8,57,12.26,57,false,Kassiesa / public UEFA coefficient tables,https://kassiesa.net/uefa/data/method5/trank2024.html
2024,2024/25,31,31,Sporting CP Lisbon,sporting cp lisbon,POR,10,2.5,16,14,12,54.5,11.263,54.5,false,Kassiesa / public UEFA coefficient tables,https://kassiesa.net/uefa/data/method5/trank2024.html
2024,2024/25,32,32,Lazio,lazio,ITA,4,17,9,6,18,54,18.056,54,false,Kassiesa / public UEFA coefficient tables,https://kassiesa.net/uefa/data/method5/trank2024.html
2024,2024/25,32,,PSV Eindhoven,psv eindhoven,NED,6,10,10,11,17,54,12.26,54,false,Kassiesa / public UEFA coefficient tables,https://kassiesa.net/uefa/data/method5/trank2024.html
2024,2024/25,32,,Tottenham Hotspur,tottenham hotspur,ENG,16,15,5,18,,54,20.86,54,false,Kassiesa / public UEFA coefficient tables,https://kassiesa.net/uefa/data/method5/trank2024.html
2024,2024/25,35,35,Slavia Praha,slavia praha,CZE,6,16,10,6,15,53,7.21,53,false,Kassiesa / public UEFA coefficient tables,https://kassiesa.net/uefa/data/method5/trank2024.html
2024,2024/25,36,36,FC Basel,fc basel,SUI,19,2.5,12,17,1.5,52,6.595,52,false,Kassiesa / public UEFA coefficient tables,https://kassiesa.net/uefa/data/method5/trank2024.html
2024,2024/25,37,37,FC København,fc københavn,DEN,14,2.5,13,7,15,51.5,6.29,51.5,false,Kassiesa / public UEFA coefficient tables,https://kassiesa.net/uefa/data/method5/trank2024.html
2024,2024/25,38,38,Real Sociedad,real sociedad,ESP,,8,9,16,18,51,17.897,51,false,Kassiesa / public UEFA coefficient tables,https://kassiesa.net/uefa/data/method5/trank2024.html
2024,2024/25,39,,AZ Alkmaar,az alkmaar,NED,8,6,13,19,4,50,12.26,50,false,Kassiesa / public UEFA coefficient tables,https://kassiesa.net/uefa/data/method5/trank2024.html
2024,2024/25,39,39,Dinamo Zagreb,dinamo zagreb,CRO,8,17,9,7,9,50,5.105,50,false,Kassiesa / public UEFA coefficient tables,https://kassiesa.net/uefa/data/method5/trank2024.html
2024,2024/25,39,,FC Salzburg,fc salzburg,AUT,10,7,17,9,7,50,6.52,50,false,Kassiesa / public UEFA coefficient tables,https://kassiesa.net/uefa/data/method5/trank2024.html
2024,2024/25,42,42,Sporting Braga,sporting braga,POR,10,9,16,7,7,49,11.263,49,false,Kassiesa / public UEFA coefficient tables,https://kassiesa.net/uefa/data/method5/trank2024.html
2024,2024/25,43,,Olympiakos Piraeus,olympiakos piraeus,GRE,10,10,8,3,17,48,6.305,48,false,Kassiesa / public UEFA coefficient tables,https://kassiesa.net/uefa/data/method5/trank2024.html
2024,2024/25,43,43,Olympique Marseille,olympique marseille,FRA,,6,16,8,18,48,13.366,48,false,Kassiesa / public UEFA coefficient tables,https://kassiesa.net/uefa/data/method5/trank2024.html
2024,2024/25,45,45,Lille OSC,lille osc,FRA,5,8,17,,17,47,13.366,47,false,Kassiesa / public UEFA coefficient tables,https://kassiesa.net/uefa/data/method5/trank2024.html
2024,2024/25,46,46,AA Gent,aa gent,BEL,10,3,11,11,10,45,9.76,45,false,Kassiesa / public UEFA coefficient tables,https://kassiesa.net/uefa/data/method5/trank2024.html
2024,2024/25,47,47,Olympique Lyon,olympique lyon,FRA,23,,21,,,44,13.366,44,false,Kassiesa / public UEFA coefficient tables,https://kassiesa.net/uefa/data/method5/trank2024.html
2024,2024/25,48,48,Stade Rennais,stade rennais,FRA,3,5,14,11,10,43,13.366,43,false,Kassiesa / public UEFA coefficient tables,https://kassiesa.net/uefa/data/method5/trank2024.html
2024,2024/25,49,49,Fiorentina,fiorentina,ITA,,,,20,22,42,18.056,42,false,Kassiesa / public UEFA coefficient tables,https://kassiesa.net/uefa/data/method5/trank2024.html
2024,2024/25,50,50,Red Star Belgrade,red star belgrade,SRB,6,10,15,4,5,40,5.555,40,false,Kassiesa / public UEFA coefficient tables,https://kassiesa.net/uefa/data/method5/trank2024.html
2024,2024/25,51,,LASK,lask,AUT,12,7,15,,3,37,6.52,37,false,Kassiesa / public UEFA coefficient tables,https://kassiesa.net/uefa/data/method5/trank2024.html
2024,2024/25,51,51,PAOK Thessaloniki,paok thessaloniki,GRE,2.5,5,13,1.5,15,37,6.305,37,false,Kassiesa / public UEFA coefficient tables,https://kassiesa.net/uefa/data/method5/trank2024.html
2024,2024/25,53,53,Fenerbahçe,fenerbahçe,TUR,,,5,17,14,36,7.72,36,false,Kassiesa / public UEFA coefficient tables,https://kassiesa.net/uefa/data/method5/trank2024.html
2024,2024/25,54,54,Maccabi Tel-Aviv,maccabi tel-aviv,ISR,2,8,9,2.5,14,35.5,6.225,35.5,false,Kassiesa / public UEFA coefficient tables,https://kassiesa.net/uefa/data/method5/trank2024.html
2024,2024/25,55,55,Ferencváros,ferencváros,HUN,6,5,3,12,9,35,4.375,35,false,Kassiesa / public UEFA coefficient tables,https://kassiesa.net/uefa/data/method5/trank2024.html
2024,2024/25,56,56,Young Boys,young boys,SUI,6,11,8,2.5,7,34.5,6.595,34.5,false,Kassiesa / public UEFA coefficient tables,https://kassiesa.net/uefa/data/method5/trank2024.html
2024,2024/25,57,57,Qarabag FK,qarabag fk,AZE,4,3,9,6,11,33,4.025,33,false,Kassiesa / public UEFA coefficient tables,https://kassiesa.net/uefa/data/method5/trank2024.html
2024,2024/25,57,,Real Betis,real betis,ESP,,,11,16,6,33,17.897,33,false,Kassiesa / public UEFA coefficient tables,https://kassiesa.net/uefa/data/method5/trank2024.html
2024,2024/25,59,59,Celtic,celtic,SCO,10,3,6,6,7,32,7.21,32,false,Kassiesa / public UEFA coefficient tables,https://kassiesa.net/uefa/data/method5/trank2024.html
2024,2024/25,60,60,Galatasaray,galatasaray,TUR,6,2.5,15,,8,31.5,7.72,31.5,false,Kassiesa / public UEFA coefficient tables,https://kassiesa.net/uefa/data/method5/trank2024.html
2024,2024/25,61,61,Slovan Bratislava,slovan bratislava,SVK,3,1.5,6,12,8,30.5,3.925,30.5,false,Kassiesa / public UEFA coefficient tables,https://kassiesa.net/uefa/data/method5/trank2024.html
2024,2024/25,62,62,Istanbul Basaksehir,istanbul basaksehir,TUR,11,6,,12,,29,7.72,29,false,Kassiesa / public UEFA coefficient tables,https://kassiesa.net/uefa/data/method5/trank2024.html
2024,2024/25,63,63,Molde FK,molde fk,NOR,2.5,12,2,5,7,28.5,6.325,28.5,false,Kassiesa / public UEFA coefficient tables,https://kassiesa.net/uefa/data/method5/trank2024.html
2024,2024/25,64,,Bodø/Glimt,bodø/glimt,NOR,,2,15,3,8,28,6.325,28,false,Kassiesa / public UEFA coefficient tables,https://kassiesa.net/uefa/data/method5/trank2024.html
2024,2024/25,64,,SC Freiburg,sc freiburg,GER,,,,15,13,28,17.324,28,false,Kassiesa / public UEFA coefficient tables,https://kassiesa.net/uefa/data/method5/trank2024.html
2024,2024/25,64,64,Viktoria Plzen,viktoria plzen,CZE,2,2.5,2.5,4,17,28,7.21,28,false,Kassiesa / public UEFA coefficient tables,https://kassiesa.net/uefa/data/method5/trank2024.html
2024,2024/25,67,67,Union Saint-Gilloise,union saint-gilloise,BEL,,,,19,8,27,9.76,27,false,Kassiesa / public UEFA coefficient tables,https://kassiesa.net/uefa/data/method5/trank2024.html
2024,2024/25,68,,CFR Cluj,cfr cluj,ROU,10,4,3,8,1.5,26.5,4.275,26.5,false,Kassiesa / public UEFA coefficient tables,https://kassiesa.net/uefa/data/method5/trank2024.html
2024,2024/25,68,68,Dynamo Kyiv,dynamo kyiv,UKR,6,10,5,3,2.5,26.5,5.6,26.5,false,Kassiesa / public UEFA coefficient tables,https://kassiesa.net/uefa/data/method5/trank2024.html
2024,2024/25,70,70,Ludogorets Razgrad,ludogorets razgrad,BUL,6,3,3,5,9,26,4.075,26,false,Kassiesa / public UEFA coefficient tables,https://kassiesa.net/uefa/data/method5/trank2024.html
2024,2024/25,71,71,FC Midtjylland,fc midtjylland,DEN,2,6,7,8,2.5,25.5,6.29,25.5,false,Kassiesa / public UEFA coefficient tables,https://kassiesa.net/uefa/data/method5/trank2024.html
2024,2024/25,71,,Partizan Belgrade,partizan belgrade,SRB,6,2,7,8,2.5,25.5,5.555,25.5,false,Kassiesa / public UEFA coefficient tables,https://kassiesa.net/uefa/data/method5/trank2024.html
2024,2024/25,73,73,AS Monaco,as monaco,FRA,,,15,9,,24,13.366,24,false,Kassiesa / public UEFA coefficient tables,https://kassiesa.net/uefa/data/method5/trank2024.html
2024,2024/25,74,,Leicester City,leicester city,ENG,,10,13,,,23,20.86,23,false,Kassiesa / public UEFA coefficient tables,https://kassiesa.net/uefa/data/method5/trank2024.html
2024,2024/25,74,,Royal Antwerp,royal antwerp,BEL,2.5,8,4,2.5,6,23,9.76,23,false,Kassiesa / public UEFA coefficient tables,https://kassiesa.net/uefa/data/method5/trank2024.html
2024,2024/25,74,74,Union Berlin,union berlin,GER,,,5,12,6,23,17.324,23,false,Kassiesa / public UEFA coefficient tables,https://kassiesa.net/uefa/data/method5/trank2024.html
2024,2024/25,77,77,Sparta Praha,sparta praha,CZE,2,4,5,1.5,10,22.5,7.21,22.5,false,Kassiesa / public UEFA coefficient tables,https://kassiesa.net/uefa/data/method5/trank2024.html
2024,2024/25,77,,VfL Wolfsburg,vfl wolfsburg,GER,12,2.5,8,,,22.5,17.324,22.5,false,Kassiesa / public UEFA coefficient tables,https://kassiesa.net/uefa/data/method5/trank2024.html
2024,2024/25,79,79,Zenit St. Petersburg,zenit st. petersburg,RUS,9,5,8,,,22,4.593,22,false,Kassiesa / public UEFA coefficient tables,https://kassiesa.net/uefa/data/method5/trank2024.html
2024,2024/25,80,80,Borussia Mönchengladbach,borussia mönchengladbach,GER,6,15,,,,21,17.324,21,false,Kassiesa / public UEFA coefficient tables,https://kassiesa.net/uefa/data/method5/trank2024.html
2024,2024/25,81,81,Aston Villa,aston villa,ENG,,,,,17,17,20.86,20.86,true,Kassiesa / public UEFA coefficient tables,https://kassiesa.net/uefa/data/method5/trank2024.html
2024,2024/25,81,,Brighton & Hove Albion,brighton & hove albion,ENG,,,,,16,16,20.86,20.86,true,Kassiesa / public UEFA coefficient tables,https://kassiesa.net/uefa/data/method5/trank2024.html
2024,2024/25,81,,Wolverhampton Wanderers,wolverhampton wanderers,ENG,16,,,,,16,20.86,20.86,true,Kassiesa / public UEFA coefficient tables,https://kassiesa.net/uefa/data/method5/trank2024.html
2024,2024/25,81,,Newcastle United,newcastle united,ENG,,,,,8,8,20.86,20.86,true,Kassiesa / public UEFA coefficient tables,https://kassiesa.net/uefa/data/method5/trank2024.html
2024,2024/25,85,85,Sheriff Tiraspol,sheriff tiraspol,MDA,2,2,9,4,3,20,2.625,20,false,Kassiesa / public UEFA coefficient tables,https://kassiesa.net/uefa/data/method5/trank2024.html
2024,2024/25,86,86,Lech Poznan,lech poznan,POL,,3,,14,2,19,5.075,19,false,Kassiesa / public UEFA coefficient tables,https://kassiesa.net/uefa/data/method5/trank2024.html
2024,2024/25,87,,Malmö FF,malmö ff,SWE,8,2.5,5,3,,18.5,4.3,18.5,false,Kassiesa / public UEFA coefficient tables,https://kassiesa.net/uefa/data/method5/trank2024.html
2024,2024/25,87,87,Zorya Luhansk,zorya luhansk,UKR,2.5,4,5,2,5,18.5,5.6,18.5,false,Kassiesa / public UEFA coefficient tables,https://kassiesa.net/uefa/data/method5/trank2024.html
2024,2024/25,89,89,Torino,torino,ITA,2.5,,,,,2.5,18.056,18.056,true,Kassiesa / public UEFA coefficient tables,https://kassiesa.net/uefa/data/method5/trank2024.html
2024,2024/25,90,90,Legia Warsaw,legia warsaw,POL,2.5,2.5,4,,9,18,5.075,18,false,Kassiesa / public UEFA coefficient tables,https://kassiesa.net/uefa/data/method5/trank2024.html
2024,2024/25,90,,Maccabi Haifa,maccabi haifa,ISR,1.5,2.5,3,6,5,18,6.225,18,false,Kassiesa / public UEFA coefficient tables,https://kassiesa.net/uefa/data/method5/trank2024.html
2024,2024/25,92,,Valencia,valencia,ESP,17,,,,,17,17.897,17.897,true,Kassiesa / public UEFA coefficient tables,https://kassiesa.net/uefa/data/method5/trank2024.html
2024,2024/25,92,,Granada CF,granada cf,ESP,,13,,,,13,17.897,17.897,true,Kassiesa / public UEFA coefficient tables,https://kassiesa.net/uefa/data/method5/trank2024.html
2024,2024/25,92,,Getafe,getafe,ESP,11,,,,,11,17.897,17.897,true,Kassiesa / public UEFA coefficient tables,https://kassiesa.net/uefa/data/method5/trank2024.html
2024,2024/25,92,,Espanyol,espanyol,ESP,10,,,,,10,17.897,17.897,true,Kassiesa / public UEFA coefficient tables,https://kassiesa.net/uefa/data/method5/trank2024.html
2024,2024/25,92,92,Osasuna,osasuna,ESP,,,,,2.5,2.5,17.897,17.897,true,Kassiesa / public UEFA coefficient tables,https://kassiesa.net/uefa/data/method5/trank2024.html
2024,2024/25,97,,1899 Hoffenheim,1899 hoffenheim,GER,,12,,,,12,17.324,17.324,true,Kassiesa / public UEFA coefficient tables,https://kassiesa.net/uefa/data/method5/trank2024.html
2024,2024/25,97,97,1.FC Köln,1.fc köln,GER,,,,6,,6,17.324,17.324,true,Kassiesa / public UEFA coefficient tables,https://kassiesa.net/uefa/data/method5/trank2024.html
2024,2024/25,99,99,Hapoel Beer-Sheva,hapoel beer-sheva,ISR,2.5,4,2.5,6,2,17,6.225,17,false,Kassiesa / public UEFA coefficient tables,https://kassiesa.net/uefa/data/method5/trank2024.html
2024,2024/25,99,,OGC Nice,ogc nice,FRA,,3,,14,,17,13.366,17,false,Kassiesa / public UEFA coefficient tables,https://kassiesa.net/uefa/data/method5/trank2024.html
2024,2024/25,101,101,Djurgårdens IF,djurgårdens if,SWE,,2,,13,1.5,16.5,4.3,16.5,false,Kassiesa / public UEFA coefficient tables,https://kassiesa.net/uefa/data/method5/trank2024.html
2024,2024/25,101,,Sivasspor,sivasspor,TUR,,4,2.5,10,,16.5,7.72,16.5,false,Kassiesa / public UEFA coefficient tables,https://kassiesa.net/uefa/data/method5/trank2024.html
2024,2024/25,103,,Lokomotiv Moscow,lokomotiv moscow,RUS,6,7,3,,,16,4.593,16,false,Kassiesa / public UEFA coefficient tables,https://kassiesa.net/uefa/data/method5/trank2024.html
2024,2024/25,103,103,Racing Genk,racing genk,BEL,5,,4,,7,16,9.76,16,false,Kassiesa / public UEFA coefficient tables,https://kassiesa.net/uefa/data/method5/trank2024.html
2024,2024/25,105,,Anderlecht,anderlecht,BEL,,,2.5,12,,14.5,9.76,14.5,false,Kassiesa / public UEFA coefficient tables,https://kassiesa.net/uefa/data/method5/trank2024.html
2024,2024/25,105,,APOEL Nicosia,apoel nicosia,CYP,7,2.5,,2.5,2.5,14.5,4.42,14.5,false,Kassiesa / public UEFA coefficient tables,https://kassiesa.net/uefa/data/method5/trank2024.html
2024,2024/25,105,,Spartak Moscow,spartak moscow,RUS,2.5,,12,,,14.5,4.593,14.5,false,Kassiesa / public UEFA coefficient tables,https://kassiesa.net/uefa/data/method5/trank2024.html
2024,2024/25,105,105,Sturm Graz,sturm graz,AUT,1.5,,3,6,4,14.5,6.52,14.5,false,Kassiesa / public UEFA coefficient tables,https://kassiesa.net/uefa/data/method5/trank2024.html
2024,2024/25,109,,FK Krasnodar,fk krasnodar,RUS,6,8,,,,14,4.593,14,false,Kassiesa / public UEFA coefficient tables,https://kassiesa.net/uefa/data/method5/trank2024.html
2024,2024/25,109,109,Rapid Wien,rapid wien,AUT,,5,4,2.5,2.5,14,6.52,14,false,Kassiesa / public UEFA coefficient tables,https://kassiesa.net/uefa/data/method5/trank2024.html
2024,2024/25,111,111,Wolfsberger AC,wolfsberger ac,AUT,4,7,,2.5,,13.5,6.52,13.5,false,Kassiesa / public UEFA coefficient tables,https://kassiesa.net/uefa/data/method5/trank2024.html
2024,2024/25,112,112,RC Lens,rc lens,FRA,,,,,10,10,13.366,13.366,true,Kassiesa / public UEFA coefficient tables,https://kassiesa.net/uefa/data/method5/trank2024.html
2024,2024/25,112,,Toulouse FC,toulouse fc,FRA,,,,,10,10,13.366,13.366,true,Kassiesa / public UEFA coefficient tables,https://kassiesa.net/uefa/data/method5/trank2024.html
2024,2024/25,112,,FC Nantes,fc nantes,FRA,,,,8,,8,13.366,13.366,true,Kassiesa / public UEFA coefficient tables,https://kassiesa.net/uefa/data/method5/trank2024.html
2024,2024/25,112,,AS Saint-Étienne,as saint-étienne,FRA,4,,,,,4,13.366,13.366,true,Kassiesa / public UEFA coefficient tables,https://kassiesa.net/uefa/data/method5/trank2024.html
2024,2024/25,112,,RC Strasbourg,rc strasbourg,FRA,2.5,,,,,2.5,13.366,13.366,true,Kassiesa / public UEFA coefficient tables,https://kassiesa.net/uefa/data/method5/trank2024.html
2024,2024/25,112,,Stade de Reims,stade de reims,FRA,,2,,,,2,13.366,13.366,true,Kassiesa / public UEFA coefficient tables,https://kassiesa.net/uefa/data/method5/trank2024.html
2024,2024/25,118,118,CSKA Sofia,cska sofia,BUL,2,4,2.5,2.5,1.5,12.5,4.075,12.5,false,Kassiesa / public UEFA coefficient tables,https://kassiesa.net/uefa/data/method5/trank2024.html
2024,2024/25,119,,Vitesse Arnhem,vitesse arnhem,NED,,,9,,,9,12.26,12.26,true,Kassiesa / public UEFA coefficient tables,https://kassiesa.net/uefa/data/method5/trank2024.html
2024,2024/25,119,119,FC Twente Enschede,fc twente enschede,NED,,,,2.5,2.5,5,12.26,12.26,true,Kassiesa / public UEFA coefficient tables,https://kassiesa.net/uefa/data/method5/trank2024.html
2024,2024/25,119,,Willem II Tilburg,willem ii tilburg,NED,,2,,,,2,12.26,12.26,true,Kassiesa / public UEFA coefficient tables,https://kassiesa.net/uefa/data/method5/trank2024.html
2024,2024/25,119,,FC Utrecht,fc utrecht,NED,1.5,,,,,1.5,12.26,12.26,true,Kassiesa / public UEFA coefficient tables,https://kassiesa.net/uefa/data/method5/trank2024.html
2024,2024/25,123,123,Besiktas,besiktas,TUR,3,2,4,,3,12,7.72,12,false,Kassiesa / public UEFA coefficient tables,https://kassiesa.net/uefa/data/method5/trank2024.html
2024,2024/25,123,,NK Rijeka,nk rijeka,CRO,2.5,3,2.5,1.5,2.5,12,5.105,12,false,Kassiesa / public UEFA coefficient tables,https://kassiesa.net/uefa/data/method5/trank2024.html
2024,2024/25,123,,Omonia Nicosia,omonia nicosia,CYP,,3,4,3,2,12,4.42,12,false,Kassiesa / public UEFA coefficient tables,https://kassiesa.net/uefa/data/method5/trank2024.html
2024,2024/25,126,126,Aberdeen,aberdeen,SCO,2,2,2.5,,5,11.5,7.21,11.5,false,Kassiesa / public UEFA coefficient tables,https://kassiesa.net/uefa/data/method5/trank2024.html
2024,2024/25,126,,HJK Helsinki,hjk helsinki,FIN,2,,4,3,2.5,11.5,2.225,11.5,false,Kassiesa / public UEFA coefficient tables,https://kassiesa.net/uefa/data/method5/trank2024.html
2024,2024/25,126,,Trabzonspor,trabzonspor,TUR,3,,2.5,6,,11.5,7.72,11.5,false,Kassiesa / public UEFA coefficient tables,https://kassiesa.net/uefa/data/method5/trank2024.html
2024,2024/25,126,,Zalgiris Vilnius,zalgiris vilnius,LTU,1,1.5,2.5,4,2.5,11.5,1.7,11.5,false,Kassiesa / public UEFA coefficient tables,https://kassiesa.net/uefa/data/method5/trank2024.html
2024,2024/25,130,,Vitória Guimarães,vitória guimarães,POR,4,,,2,1.5,7.5,11.263,11.263,true,Kassiesa / public UEFA coefficient tables,https://kassiesa.net/uefa/data/method5/trank2024.html
2024,2024/25,130,,CD Santa Clara,cd santa clara,POR,,,2.5,,,2.5,11.263,11.263,true,Kassiesa / public UEFA coefficient tables,https://kassiesa.net/uefa/data/method5/trank2024.html
2024,2024/25,130,,Gil Vicente,gil vicente,POR,,,,2.5,,2.5,11.263,11.263,true,Kassiesa / public UEFA coefficient tables,https://kassiesa.net/uefa/data/method5/trank2024.html
2024,2024/25,130,,Paços de Ferreira,paços de ferreira,POR,,,2.5,,,2.5,11.263,11.263,true,Kassiesa / public UEFA coefficient tables,https://kassiesa.net/uefa/data/method5/trank2024.html
2024,2024/25,130,,Rio Ave,rio ave,POR,,2.5,,,,2.5,11.263,11.263,true,Kassiesa / public UEFA coefficient tables,https://kassiesa.net/uefa/data/method5/trank2024.html
2024,2024/25,130,130,FC Arouca,fc arouca,POR,,,,,2,2,11.263,11.263,true,Kassiesa / public UEFA coefficient tables,https://kassiesa.net/uefa/data/method5/trank2024.html
2024,2024/25,136,,Apollon Limassol,apollon limassol,CYP,2.5,2,1.5,5,,11,4.42,11,false,Kassiesa / public UEFA coefficient tables,https://kassiesa.net/uefa/data/method5/trank2024.html
2024,2024/25,136,136,FK Astana,fk astana,KAZ,3,1.5,2,1.5,3,11,2.3,11,false,Kassiesa / public UEFA coefficient tables,https://kassiesa.net/uefa/data/method5/trank2024.html
2024,2024/25,136,,Flora Tallinn,flora tallinn,EST,1.5,2.5,4,1,2,11,1.441,11,false,Kassiesa / public UEFA coefficient tables,https://kassiesa.net/uefa/data/method5/trank2024.html
2024,2024/25,136,,Riga FC,riga fc,LVA,2.5,2,2.5,2,2,11,2.125,11,false,Kassiesa / public UEFA coefficient tables,https://kassiesa.net/uefa/data/method5/trank2024.html
2024,2024/25,140,,FCSB,fcsb,ROU,2.5,2,1.5,2.5,2,10.5,4.275,10.5,false,Kassiesa / public UEFA coefficient tables,https://kassiesa.net/uefa/data/method5/trank2024.html
2024,2024/25,140,140,Olimpija Ljubljana,olimpija ljubljana,SVN,1.5,1.5,2,1.5,4,10.5,2.65,10.5,false,Kassiesa / public UEFA coefficient tables,https://kassiesa.net/uefa/data/method5/trank2024.html
2024,2024/25,140,,SC Dnipro-1,sc dnipro-1,UKR,,,,8,2.5,10.5,5.6,10.5,false,Kassiesa / public UEFA coefficient tables,https://kassiesa.net/uefa/data/method5/trank2024.html
2024,2024/25,143,,AEK Athens,aek athens,GRE,2.5,3,1.5,,3,10,6.305,10,false,Kassiesa / public UEFA coefficient tables,https://kassiesa.net/uefa/data/method5/trank2024.html
2024,2024/25,143,143,KI Klaksvik,ki klaksvik,FRO,1.5,2.5,1,2,3,10,2.075,10,false,Kassiesa / public UEFA coefficient tables,https://kassiesa.net/uefa/data/method5/trank2024.html
2024,2024/25,143,,KuPS Kuopio,kups kuopio,FIN,1.5,2.5,2.5,2,1.5,10,2.225,10,false,Kassiesa / public UEFA coefficient tables,https://kassiesa.net/uefa/data/method5/trank2024.html
2024,2024/25,143,,Linfield Belfast,linfield belfast,NIR,2.5,1.5,2,2.5,1.5,10,1.841,10,false,Kassiesa / public UEFA coefficient tables,https://kassiesa.net/uefa/data/method5/trank2024.html
2024,2024/25,143,,Neftchi Baku,neftchi baku,AZE,2,1.5,2.5,2,2,10,4.025,10,false,Kassiesa / public UEFA coefficient tables,https://kassiesa.net/uefa/data/method5/trank2024.html
2024,2024/25,143,,Rosenborg BK,rosenborg bk,NOR,3,2.5,2.5,,2,10,6.325,10,false,Kassiesa / public UEFA coefficient tables,https://kassiesa.net/uefa/data/method5/trank2024.html
2024,2024/25,149,149,Standard Liège,standard liège,BEL,6,3,,,,9,9.76,9.76,true,Kassiesa / public UEFA coefficient tables,https://kassiesa.net/uefa/data/method5/trank2024.html
2024,2024/25,149,,Charleroi,charleroi,BEL,,2.5,,,,2.5,9.76,9.76,true,Kassiesa / public UEFA coefficient tables,https://kassiesa.net/uefa/data/method5/trank2024.html
2024,2024/25,151,,BATE Borisov,bate borisov,BLR,2.5,1.5,1.5,1.5,2.5,9.5,1.325,9.5,false,Kassiesa / public UEFA coefficient tables,https://kassiesa.net/uefa/data/method5/trank2024.html
2024,2024/25,151,,NK Maribor,nk maribor,SVN,2.5,1,1.5,2.5,2,9.5,2.65,9.5,false,Kassiesa / public UEFA coefficient tables,https://kassiesa.net/uefa/data/method5/trank2024.html
2024,2024/25,151,,Shamrock Rovers,shamrock rovers,IRL,1.5,1.5,2.5,2.5,1.5,9.5,2.175,9.5,false,Kassiesa / public UEFA coefficient tables,https://kassiesa.net/uefa/data/method5/trank2024.html
2024,2024/25,151,151,Zrinjski Mostar,zrinjski mostar,BIH,2,2,,2.5,3,9.5,2,9.5,false,Kassiesa / public UEFA coefficient tables,https://kassiesa.net/uefa/data/method5/trank2024.html
2024,2024/25,155,,Aris Thessaloniki,aris thessaloniki,GRE,2,1.5,1.5,2,2,9,6.305,9,false,Kassiesa / public UEFA coefficient tables,https://kassiesa.net/uefa/data/method5/trank2024.html
2024,2024/25,155,,Hajduk Split,hajduk split,CRO,1,2,1.5,2.5,2,9,5.105,9,false,Kassiesa / public UEFA coefficient tables,https://kassiesa.net/uefa/data/method5/trank2024.html
2024,2024/25,155,,Lincoln Red Imps,lincoln red imps,GIB,1.5,1.5,2.5,1.5,2,9,0.991,9,false,Kassiesa / public UEFA coefficient tables,https://kassiesa.net/uefa/data/method5/trank2024.html
2024,2024/25,155,155,Servette FC Genève,servette fc genève,SUI,,1.5,1.5,,6,9,6.595,9,false,Kassiesa / public UEFA coefficient tables,https://kassiesa.net/uefa/data/method5/trank2024.html
2024,2024/25,159,159,Breidablik,breidablik,ISL,1,1,2,2,2.5,8.5,1.916,8.5,false,Kassiesa / public UEFA coefficient tables,https://kassiesa.net/uefa/data/method5/trank2024.html
2024,2024/25,159,,Dundalk,dundalk,IRL,2,3,2,,1.5,8.5,2.175,8.5,false,Kassiesa / public UEFA coefficient tables,https://kassiesa.net/uefa/data/method5/trank2024.html
2024,2024/25,159,,F91 Dudelange,f91 dudelange,LUX,3,,1.5,2.5,1.5,8.5,1.725,8.5,false,Kassiesa / public UEFA coefficient tables,https://kassiesa.net/uefa/data/method5/trank2024.html
2024,2024/25,159,,NK Osijek,nk osijek,CRO,1.5,1.5,2,1.5,2,8.5,5.105,8.5,false,Kassiesa / public UEFA coefficient tables,https://kassiesa.net/uefa/data/method5/trank2024.html
2024,2024/25,159,,The New Saints,the new saints,WAL,2,1.5,2,1.5,1.5,8.5,1.158,8.5,false,Kassiesa / public UEFA coefficient tables,https://kassiesa.net/uefa/data/method5/trank2024.html
2024,2024/25,164,,AEK Larnaca,aek larnaca,CYP,2,,,4,2,8,4.42,8,false,Kassiesa / public UEFA coefficient tables,https://kassiesa.net/uefa/data/method5/trank2024.html
2024,2024/25,164,,Ararat-Armenia,ararat-armenia,ARM,2.5,2.5,,1.5,1.5,8,2.125,8,false,Kassiesa / public UEFA coefficient tables,https://kassiesa.net/uefa/data/method5/trank2024.html
2024,2024/25,164,,Austria Wien,austria wien,AUT,2,,1.5,2.5,2,8,6.52,8,false,Kassiesa / public UEFA coefficient tables,https://kassiesa.net/uefa/data/method5/trank2024.html
2024,2024/25,164,,Buducnost Podgorica,buducnost podgorica,MNE,1.5,2,1.5,1.5,1.5,8,1.141,8,false,Kassiesa / public UEFA coefficient tables,https://kassiesa.net/uefa/data/method5/trank2024.html
2024,2024/25,164,,Cukaricki Belgrade,cukaricki belgrade,SRB,1.5,,2,2,2.5,8,5.555,8,false,Kassiesa / public UEFA coefficient tables,https://kassiesa.net/uefa/data/method5/trank2024.html
2024,2024/25,164,,DAC Dunajska Streda,dac dunajska streda,SVK,1.5,2,1.5,2,1,8,3.925,8,false,Kassiesa / public UEFA coefficient tables,https://kassiesa.net/uefa/data/method5/trank2024.html
2024,2024/25,164,,Dinamo Tbilisi,dinamo tbilisi,GEO,2,2,1.5,1,1.5,8,1.525,8,false,Kassiesa / public UEFA coefficient tables,https://kassiesa.net/uefa/data/method5/trank2024.html
2024,2024/25,164,,FC Lugano,fc lugano,SUI,3,,,2,3,8,6.595,8,false,Kassiesa / public UEFA coefficient tables,https://kassiesa.net/uefa/data/method5/trank2024.html
2024,2024/25,164,,FC Vaduz,fc vaduz,LIE,2,1,1.5,2.5,1,8,2,8,false,Kassiesa / public UEFA coefficient tables,https://kassiesa.net/uefa/data/method5/trank2024.html
2024,2024/25,164,,FK Jablonec,fk jablonec,CZE,1.5,1.5,5,,,8,7.21,8,false,Kassiesa / public UEFA coefficient tables,https://kassiesa.net/uefa/data/method5/trank2024.html
2024,2024/25,164,,Pyunik Yerevan,pyunik yerevan,ARM,2,,,4,2,8,2.125,8,false,Kassiesa / public UEFA coefficient tables,https://kassiesa.net/uefa/data/method5/trank2024.html
2024,2024/25,164,164,Raków Czestochowa,raków czestochowa,POL,,,2.5,2.5,3,8,5.075,8,false,Kassiesa / public UEFA coefficient tables,https://kassiesa.net/uefa/data/method5/trank2024.html
2024,2024/25,164,,RFS Riga,rfs riga,LVA,1,1,2,2.5,1.5,8,2.125,8,false,Kassiesa / public UEFA coefficient tables,https://kassiesa.net/uefa/data/method5/trank2024.html
2024,2024/25,164,,Shkendija Tetovo,shkendija tetovo,MKD,1.5,2,1.5,2,1,8,1.2,8,false,Kassiesa / public UEFA coefficient tables,https://kassiesa.net/uefa/data/method5/trank2024.html
2024,2024/25,164,,Spartak Trnava,spartak trnava,SVK,1.5,,2,2,2.5,8,3.925,8,false,Kassiesa / public UEFA coefficient tables,https://kassiesa.net/uefa/data/method5/trank2024.html
2024,2024/25,179,179,Adana Demirspor,adana demirspor,TUR,,,,,2.5,2.5,7.72,7.72,true,Kassiesa / public UEFA coefficient tables,https://kassiesa.net/uefa/data/method5/trank2024.html
2024,2024/25,179,,Alanyaspor,alanyaspor,TUR,,2,,,,2,7.72,7.72,true,Kassiesa / public UEFA coefficient tables,https://kassiesa.net/uefa/data/method5/trank2024.html
2024,2024/25,179,,Konyaspor,konyaspor,TUR,,,,2,,2,7.72,7.72,true,Kassiesa / public UEFA coefficient tables,https://kassiesa.net/uefa/data/method5/trank2024.html
2024,2024/25,179,,Yeni Malatyaspor,yeni malatyaspor,TUR,2,,,,,2,7.72,7.72,true,Kassiesa / public UEFA coefficient tables,https://kassiesa.net/uefa/data/method5/trank2024.html
2024,2024/25,183,,Alashkert FC,alashkert fc,ARM,1.5,1,2.5,1,1.5,7.5,2.125,7.5,false,Kassiesa / public UEFA coefficient tables,https://kassiesa.net/uefa/data/method5/trank2024.html
2024,2024/25,183,,FC Fehérvár,fc fehérvár,HUN,1.5,2.5,1,2.5,,7.5,4.375,7.5,false,Kassiesa / public UEFA coefficient tables,https://kassiesa.net/uefa/data/method5/trank2024.html
2024,2024/25,183,,FK Shkupi,fk shkupi,MKD,1,1,1.5,2.5,1.5,7.5,1.2,7.5,false,Kassiesa / public UEFA coefficient tables,https://kassiesa.net/uefa/data/method5/trank2024.html
2024,2024/25,183,,Suduva Marijampole,suduva marijampole,LTU,2.5,2,1.5,1.5,,7.5,1.7,7.5,false,Kassiesa / public UEFA coefficient tables,https://kassiesa.net/uefa/data/method5/trank2024.html
2024,2024/25,183,,Sutjeska Niksic,sutjeska niksic,MNE,2,1,1.5,1.5,1.5,7.5,1.141,7.5,false,Kassiesa / public UEFA coefficient tables,https://kassiesa.net/uefa/data/method5/trank2024.html
2024,2024/25,183,183,Tobol Kustanai,tobol kustanai,KAZ,1,,2,2,2.5,7.5,2.3,7.5,false,Kassiesa / public UEFA coefficient tables,https://kassiesa.net/uefa/data/method5/trank2024.html
2024,2024/25,189,189,Hearts FC,hearts fc,SCO,,,,4,2.5,6.5,7.21,7.21,true,Kassiesa / public UEFA coefficient tables,https://kassiesa.net/uefa/data/method5/trank2024.html
2024,2024/25,189,,1.FC Slovácko,1.fc slovácko,CZE,,,1.5,4,,5.5,7.21,7.21,true,Kassiesa / public UEFA coefficient tables,https://kassiesa.net/uefa/data/method5/trank2024.html
2024,2024/25,189,,Slovan Liberec,slovan liberec,CZE,,5,,,,5,7.21,7.21,true,Kassiesa / public UEFA coefficient tables,https://kassiesa.net/uefa/data/method5/trank2024.html
2024,2024/25,189,,Hibernian,hibernian,SCO,,,2,,2.5,4.5,7.21,7.21,true,Kassiesa / public UEFA coefficient tables,https://kassiesa.net/uefa/data/method5/trank2024.html
2024,2024/25,189,,Motherwell,motherwell,SCO,,2,,1.5,,3.5,7.21,7.21,true,Kassiesa / public UEFA coefficient tables,https://kassiesa.net/uefa/data/method5/trank2024.html
2024,2024/25,189,,St. Johnstone,st. johnstone,SCO,,,2.5,,,2.5,7.21,7.21,true,Kassiesa / public UEFA coefficient tables,https://kassiesa.net/uefa/data/method5/trank2024.html
2024,2024/25,189,,Dundee United,dundee united,SCO,,,,2,,2,7.21,7.21,true,Kassiesa / public UEFA coefficient tables,https://kassiesa.net/uefa/data/method5/trank2024.html
2024,2024/25,189,,Mladá Boleslav,mladá boleslav,CZE,2,,,,,2,7.21,7.21,true,Kassiesa / public UEFA coefficient tables,https://kassiesa.net/uefa/data/method5/trank2024.html
2024,2024/25,189,,Bohemians Praha,bohemians praha,CZE,,,,,1.5,1.5,7.21,7.21,true,Kassiesa / public UEFA coefficient tables,https://kassiesa.net/uefa/data/method5/trank2024.html
2024,2024/25,189,,Kilmarnock,kilmarnock,SCO,1,,,,,1,7.21,7.21,true,Kassiesa / public UEFA coefficient tables,https://kassiesa.net/uefa/data/method5/trank2024.html
2024,2024/25,199,,Anorthosis Famagusta,anorthosis famagusta,CYP,,2,5,,,7,4.42,7,false,Kassiesa / public UEFA coefficient tables,https://kassiesa.net/uefa/data/method5/trank2024.html
2024,2024/25,199,,B36 Torshavn,b36 torshavn,FRO,1,2,,2,2,7,2.075,7,false,Kassiesa / public UEFA coefficient tables,https://kassiesa.net/uefa/data/method5/trank2024.html
2024,2024/25,199,,Brøndby IF,brøndby if,DEN,2,,3,2,,7,6.29,7,false,Kassiesa / public UEFA coefficient tables,https://kassiesa.net/uefa/data/method5/trank2024.html
2024,2024/25,199,,CSKA Moscow,cska moscow,RUS,4,3,,,,7,4.593,7,false,Kassiesa / public UEFA coefficient tables,https://kassiesa.net/uefa/data/method5/trank2024.html
2024,2024/25,199,199,FC Nordsjælland,fc nordsjælland,DEN,,,,,7,7,6.29,7,false,Kassiesa / public UEFA coefficient tables,https://kassiesa.net/uefa/data/method5/trank2024.html
2024,2024/25,199,,Gzira United,gzira united,MLT,1.5,,1.5,2,2,7,1.65,7,false,Kassiesa / public UEFA coefficient tables,https://kassiesa.net/uefa/data/method5/trank2024.html
2024,2024/25,199,,Kairat Almaty,kairat almaty,KAZ,1.5,1.5,2.5,1.5,,7,2.3,7,false,Kassiesa / public UEFA coefficient tables,https://kassiesa.net/uefa/data/method5/trank2024.html
2024,2024/25,199,,Mura Murska Sobota,mura murska sobota,SVN,1,2,2.5,1.5,,7,2.65,7,false,Kassiesa / public UEFA coefficient tables,https://kassiesa.net/uefa/data/method5/trank2024.html
2024,2024/25,199,,Petrocub Hîncesti,petrocub hîncesti,MDA,1,1,1.5,2,1.5,7,2.625,7,false,Kassiesa / public UEFA coefficient tables,https://kassiesa.net/uefa/data/method5/trank2024.html
2024,2024/25,199,,Randers FC,randers fc,DEN,,,7,,,7,6.29,7,false,Kassiesa / public UEFA coefficient tables,https://kassiesa.net/uefa/data/method5/trank2024.html
2024,2024/25,199,,Universitatea Craiova,universitatea craiova,ROU,2,1,1.5,2.5,,7,4.275,7,false,Kassiesa / public UEFA coefficient tables,https://kassiesa.net/uefa/data/method5/trank2024.html
2024,2024/25,210,210,FC Luzern,fc luzern,SUI,2,,2,,2,6,6.595,6.595,true,Kassiesa / public UEFA coefficient tables,https://kassiesa.net/uefa/data/method5/trank2024.html
2024,2024/25,210,,FC Zürich,fc zürich,SUI,,,,3,,3,6.595,6.595,true,Kassiesa / public UEFA coefficient tables,https://kassiesa.net/uefa/data/method5/trank2024.html
2024,2024/25,210,,FC Sankt Gallen,fc sankt gallen,SUI,,2,,,,2,6.595,6.595,true,Kassiesa / public UEFA coefficient tables,https://kassiesa.net/uefa/data/method5/trank2024.html
2024,2024/25,210,,FC Thun,fc thun,SUI,2,,,,,2,6.595,6.595,true,Kassiesa / public UEFA coefficient tables,https://kassiesa.net/uefa/data/method5/trank2024.html
2024,2024/25,214,214,TSV Hartberg,tsv hartberg,AUT,,1.5,,,,1.5,6.52,6.52,true,Kassiesa / public UEFA coefficient tables,https://kassiesa.net/uefa/data/method5/trank2024.html
2024,2024/25,215,,FC Drita,fc drita,KOS,,2,1.5,1.5,1.5,6.5,2.308,6.5,false,Kassiesa / public UEFA coefficient tables,https://kassiesa.net/uefa/data/method5/trank2024.html
2024,2024/25,215,,FK Sarajevo,fk sarajevo,BIH,2,2.5,1,,1,6.5,2,6.5,false,Kassiesa / public UEFA coefficient tables,https://kassiesa.net/uefa/data/method5/trank2024.html
2024,2024/25,215,,Hibernians FC,hibernians fc,MLT,1,1.5,2,2,,6.5,1.65,6.5,false,Kassiesa / public UEFA coefficient tables,https://kassiesa.net/uefa/data/method5/trank2024.html
2024,2024/25,215,215,Partizani Tirana,partizani tirana,ALB,1.5,,1.5,1,2.5,6.5,1.475,6.5,false,Kassiesa / public UEFA coefficient tables,https://kassiesa.net/uefa/data/method5/trank2024.html
2024,2024/25,215,,Shakhtior Saligorsk,shakhtior saligorsk,BLR,2,1,1.5,2,,6.5,1.325,6.5,false,Kassiesa / public UEFA coefficient tables,https://kassiesa.net/uefa/data/method5/trank2024.html
2024,2024/25,220,,Viking Stavanger,viking stavanger,NOR,,1.5,,2.5,,4,6.325,6.325,true,Kassiesa / public UEFA coefficient tables,https://kassiesa.net/uefa/data/method5/trank2024.html
2024,2024/25,220,220,SK Brann Bergen,sk brann bergen,NOR,1,,,,2.5,3.5,6.325,6.325,true,Kassiesa / public UEFA coefficient tables,https://kassiesa.net/uefa/data/method5/trank2024.html
2024,2024/25,220,,FK Haugesund,fk haugesund,NOR,2,,,,,2,6.325,6.325,true,Kassiesa / public UEFA coefficient tables,https://kassiesa.net/uefa/data/method5/trank2024.html
2024,2024/25,220,,Lillestrøm SK,lillestrøm sk,NOR,,,,2,,2,6.325,6.325,true,Kassiesa / public UEFA coefficient tables,https://kassiesa.net/uefa/data/method5/trank2024.html
2024,2024/25,220,,Vålerengens IF,vålerengens if,NOR,,,1.5,,,1.5,6.325,6.325,true,Kassiesa / public UEFA coefficient tables,https://kassiesa.net/uefa/data/method5/trank2024.html
2024,2024/25,225,225,Panathinaikos,panathinaikos,GRE,,,,2,3,5,6.305,6.305,true,Kassiesa / public UEFA coefficient tables,https://kassiesa.net/uefa/data/method5/trank2024.html
2024,2024/25,225,,Atromitos FC,atromitos fc,GRE,2,,,,,2,6.305,6.305,true,Kassiesa / public UEFA coefficient tables,https://kassiesa.net/uefa/data/method5/trank2024.html
2024,2024/25,225,,OFI Heraklion,ofi heraklion,GRE,,1.5,,,,1.5,6.305,6.305,true,Kassiesa / public UEFA coefficient tables,https://kassiesa.net/uefa/data/method5/trank2024.html
2024,2024/25,228,228,AGF Aarhus,agf aarhus,DEN,,1.5,1.5,,1.5,4.5,6.29,6.29,true,Kassiesa / public UEFA coefficient tables,https://kassiesa.net/uefa/data/method5/trank2024.html
2024,2024/25,228,,Silkeborg IF,silkeborg if,DEN,,,,4,,4,6.29,6.29,true,Kassiesa / public UEFA coefficient tables,https://kassiesa.net/uefa/data/method5/trank2024.html
2024,2024/25,228,,Viborg FF,viborg ff,DEN,,,,2.5,,2.5,6.29,6.29,true,Kassiesa / public UEFA coefficient tables,https://kassiesa.net/uefa/data/method5/trank2024.html
2024,2024/25,228,,SønderjyskE,sønderjyske,DEN,,2,,,,2,6.29,6.29,true,Kassiesa / public UEFA coefficient tables,https://kassiesa.net/uefa/data/method5/trank2024.html
2024,2024/25,228,,Esbjerg fB,esbjerg fb,DEN,1.5,,,,,1.5,6.29,6.29,true,Kassiesa / public UEFA coefficient tables,https://kassiesa.net/uefa/data/method5/trank2024.html
2024,2024/25,233,233,Beitar Jerusalem,beitar jerusalem,ISR,,1,,,1.5,2.5,6.225,6.225,true,Kassiesa / public UEFA coefficient tables,https://kassiesa.net/uefa/data/method5/trank2024.html
2024,2024/25,233,,Bnei Yehuda,bnei yehuda,ISR,2.5,,,,,2.5,6.225,6.225,true,Kassiesa / public UEFA coefficient tables,https://kassiesa.net/uefa/data/method5/trank2024.html
2024,2024/25,233,,Maccabi Netanya,maccabi netanya,ISR,,,,1.5,,1.5,6.225,6.225,true,Kassiesa / public UEFA coefficient tables,https://kassiesa.net/uefa/data/method5/trank2024.html
2024,2024/25,233,,MS Ashdod,ms ashdod,ISR,,,1.5,,,1.5,6.225,6.225,true,Kassiesa / public UEFA coefficient tables,https://kassiesa.net/uefa/data/method5/trank2024.html
2024,2024/25,237,,BK Häcken,bk häcken,SWE,1.5,,1.5,,3,6,4.3,6,false,Kassiesa / public UEFA coefficient tables,https://kassiesa.net/uefa/data/method5/trank2024.html
2024,2024/25,237,,CS Fola Esch,cs fola esch,LUX,1,1.5,2.5,1,,6,1.725,6,false,Kassiesa / public UEFA coefficient tables,https://kassiesa.net/uefa/data/method5/trank2024.html
2024,2024/25,237,237,FC Ballkani,fc ballkani,KOS,,,,3,3,6,2.308,6,false,Kassiesa / public UEFA coefficient tables,https://kassiesa.net/uefa/data/method5/trank2024.html
2024,2024/25,237,,HB Torshavn,hb torshavn,FRO,1.5,0.5,2,1,1,6,2.075,6,false,Kassiesa / public UEFA coefficient tables,https://kassiesa.net/uefa/data/method5/trank2024.html
2024,2024/25,237,,Inter Club d'Escaldes,inter club d'escaldes,AND,,1.5,1.5,1.5,1.5,6,1.199,6,false,Kassiesa / public UEFA coefficient tables,https://kassiesa.net/uefa/data/method5/trank2024.html
2024,2024/25,237,,Kauno Zalgiris,kauno zalgiris,LTU,1,1,1.5,1,1.5,6,1.7,6,false,Kassiesa / public UEFA coefficient tables,https://kassiesa.net/uefa/data/method5/trank2024.html
2024,2024/25,237,,KF Laçi,kf laçi,ALB,1,1.5,2,1.5,,6,1.475,6,false,Kassiesa / public UEFA coefficient tables,https://kassiesa.net/uefa/data/method5/trank2024.html
2024,2024/25,237,,Levadia Tallinn,levadia tallinn,EST,1,1,1.5,1.5,1,6,1.441,6,false,Kassiesa / public UEFA coefficient tables,https://kassiesa.net/uefa/data/method5/trank2024.html
2024,2024/25,237,,Levski Sofia,levski sofia,BUL,1.5,,,2,2.5,6,4.075,6,false,Kassiesa / public UEFA coefficient tables,https://kassiesa.net/uefa/data/method5/trank2024.html
2024,2024/25,237,,Sepsi OSK,sepsi osk,ROU,,,1.5,2,2.5,6,4.275,6,false,Kassiesa / public UEFA coefficient tables,https://kassiesa.net/uefa/data/method5/trank2024.html
2024,2024/25,247,247,Vorskla Poltava,vorskla poltava,UKR,,,1.5,1.5,1.5,4.5,5.6,5.6,true,Kassiesa / public UEFA coefficient tables,https://kassiesa.net/uefa/data/method5/trank2024.html
2024,2024/25,247,,Kolos Kovalivka,kolos kovalivka,UKR,,2,2,,,4,5.6,5.6,true,Kassiesa / public UEFA coefficient tables,https://kassiesa.net/uefa/data/method5/trank2024.html
2024,2024/25,247,,FC Oleksandriya,fc oleksandriya,UKR,3,,,,,3,5.6,5.6,true,Kassiesa / public UEFA coefficient tables,https://kassiesa.net/uefa/data/method5/trank2024.html
2024,2024/25,247,,Desna Chernihiv,desna chernihiv,UKR,,2,,,,2,5.6,5.6,true,Kassiesa / public UEFA coefficient tables,https://kassiesa.net/uefa/data/method5/trank2024.html
2024,2024/25,247,,FC Mariupol,fc mariupol,UKR,2,,,,,2,5.6,5.6,true,Kassiesa / public UEFA coefficient tables,https://kassiesa.net/uefa/data/method5/trank2024.html
2024,2024/25,252,,Vojvodina Novi Sad,vojvodina novi sad,SRB,,2,2,,1.5,5.5,5.555,5.555,true,Kassiesa / public UEFA coefficient tables,https://kassiesa.net/uefa/data/method5/trank2024.html
2024,2024/25,252,252,TSC Backa Topola,tsc backa topola,SRB,,1.5,,,3,4.5,5.555,5.555,true,Kassiesa / public UEFA coefficient tables,https://kassiesa.net/uefa/data/method5/trank2024.html
2024,2024/25,252,,Radnicki Nis,radnicki nis,SRB,1,,,1.5,,2.5,5.555,5.555,true,Kassiesa / public UEFA coefficient tables,https://kassiesa.net/uefa/data/method5/trank2024.html
2024,2024/25,255,,Borac Banja Luka,borac banja luka,BIH,,1.5,1.5,1,1.5,5.5,2,5.5,false,Kassiesa / public UEFA coefficient tables,https://kassiesa.net/uefa/data/method5/trank2024.html
2024,2024/25,255,,Connah's Quay,connah's quay,WAL,1.5,1.5,1.5,,1,5.5,1.158,5.5,false,Kassiesa / public UEFA coefficient tables,https://kassiesa.net/uefa/data/method5/trank2024.html
2024,2024/25,255,,Dinamo Batumi,dinamo batumi,GEO,,1,2,1.5,1,5.5,1.525,5.5,false,Kassiesa / public UEFA coefficient tables,https://kassiesa.net/uefa/data/method5/trank2024.html
2024,2024/25,255,,Europa FC,europa fc,GIB,1,1.5,1,1,1,5.5,0.991,5.5,false,Kassiesa / public UEFA coefficient tables,https://kassiesa.net/uefa/data/method5/trank2024.html
2024,2024/25,255,,FC Santa Coloma,fc santa coloma,AND,1.5,0.5,1.5,,2,5.5,1.199,5.5,false,Kassiesa / public UEFA coefficient tables,https://kassiesa.net/uefa/data/method5/trank2024.html
2024,2024/25,255,,Hammarby IF,hammarby if,SWE,,1.5,2.5,,1.5,5.5,4.3,5.5,false,Kassiesa / public UEFA coefficient tables,https://kassiesa.net/uefa/data/method5/trank2024.html
2024,2024/25,255,,KF Tirana,kf tirana,ALB,,2.5,,1.5,1.5,5.5,1.475,5.5,false,Kassiesa / public UEFA coefficient tables,https://kassiesa.net/uefa/data/method5/trank2024.html
2024,2024/25,255,,Lokomotiv Plovdiv,lokomotiv plovdiv,BUL,2,1.5,2,,,5.5,4.075,5.5,false,Kassiesa / public UEFA coefficient tables,https://kassiesa.net/uefa/data/method5/trank2024.html
2024,2024/25,255,,Tre Penne,tre penne,SMR,1.5,0.5,1,1,1.5,5.5,0.366,5.5,false,Kassiesa / public UEFA coefficient tables,https://kassiesa.net/uefa/data/method5/trank2024.html
2024,2024/25,255,255,Valmieras FK,valmieras fk,LVA,,1,1,1.5,2,5.5,2.125,5.5,false,Kassiesa / public UEFA coefficient tables,https://kassiesa.net/uefa/data/method5/trank2024.html
2024,2024/25,265,265,Lokomotiva Zagreb,lokomotiva zagreb,CRO,,2,,,,2,5.105,5.105,true,Kassiesa / public UEFA coefficient tables,https://kassiesa.net/uefa/data/method5/trank2024.html
2024,2024/25,266,266,Pogon Szczecin,pogon szczecin,POL,,,1.5,1.5,2,5,5.075,5.075,true,Kassiesa / public UEFA coefficient tables,https://kassiesa.net/uefa/data/method5/trank2024.html
2024,2024/25,266,,Piast Gliwice,piast gliwice,POL,1.5,2,,,,3.5,5.075,5.075,true,Kassiesa / public UEFA coefficient tables,https://kassiesa.net/uefa/data/method5/trank2024.html
2024,2024/25,266,,Lechia Gdansk,lechia gdansk,POL,1.5,,,1.5,,3,5.075,5.075,true,Kassiesa / public UEFA coefficient tables,https://kassiesa.net/uefa/data/method5/trank2024.html
2024,2024/25,266,,Cracovia Kraków,cracovia kraków,POL,1,1,,,,2,5.075,5.075,true,Kassiesa / public UEFA coefficient tables,https://kassiesa.net/uefa/data/method5/trank2024.html
2024,2024/25,266,,Slask Wroclaw,slask wroclaw,POL,,,2,,,2,5.075,5.075,true,Kassiesa / public UEFA coefficient tables,https://kassiesa.net/uefa/data/method5/trank2024.html
2024,2024/25,271,,AIK Stockholm,aik stockholm,SWE,2.5,,,2.5,,5,4.3,5,false,Kassiesa / public UEFA coefficient tables,https://kassiesa.net/uefa/data/method5/trank2024.html
2024,2024/25,271,,Milsami Orhei,milsami orhei,MDA,1,,1.5,1.5,1,5,2.625,5,false,Kassiesa / public UEFA coefficient tables,https://kassiesa.net/uefa/data/method5/trank2024.html
2024,2024/25,271,271,MSK Zilina,msk zilina,SVK,,1,2.5,,1.5,5,3.925,5,false,Kassiesa / public UEFA coefficient tables,https://kassiesa.net/uefa/data/method5/trank2024.html
2024,2024/25,271,,Paide Linnameeskond,paide linnameeskond,EST,,1,1,2,1,5,1.441,5,false,Kassiesa / public UEFA coefficient tables,https://kassiesa.net/uefa/data/method5/trank2024.html
2024,2024/25,275,275,FC Sochi,fc sochi,RUS,,,2,,,2,4.593,4.593,true,Kassiesa / public UEFA coefficient tables,https://kassiesa.net/uefa/data/method5/trank2024.html
2024,2024/25,275,,FK Rostov,fk rostov,RUS,,2,,,,2,4.593,4.593,true,Kassiesa / public UEFA coefficient tables,https://kassiesa.net/uefa/data/method5/trank2024.html
2024,2024/25,275,,Rubin Kazan,rubin kazan,RUS,,,2,,,2,4.593,4.593,true,Kassiesa / public UEFA coefficient tables,https://kassiesa.net/uefa/data/method5/trank2024.html
2024,2024/25,275,,Arsenal Tula,arsenal tula,RUS,1.5,,,,,1.5,4.593,4.593,true,Kassiesa / public UEFA coefficient tables,https://kassiesa.net/uefa/data/method5/trank2024.html
2024,2024/25,275,,Dinamo Moscow,dinamo moscow,RUS,,1.5,,,,1.5,4.593,4.593,true,Kassiesa / public UEFA coefficient tables,https://kassiesa.net/uefa/data/method5/trank2024.html
2024,2024/25,280,280,Aris Limassol,aris limassol,CYP,,,,1.5,3,4.5,4.42,4.5,false,Kassiesa / public UEFA coefficient tables,https://kassiesa.net/uefa/data/method5/trank2024.html
2024,2024/25,280,,Crusaders Belfast,crusaders belfast,NIR,1.5,,,1.5,1.5,4.5,1.841,4.5,false,Kassiesa / public UEFA coefficient tables,https://kassiesa.net/uefa/data/method5/trank2024.html
2024,2024/25,280,,Dinamo Minsk,dinamo minsk,BLR,1,1,,1.5,1,4.5,1.325,4.5,false,Kassiesa / public UEFA coefficient tables,https://kassiesa.net/uefa/data/method5/trank2024.html
2024,2024/25,280,,FK Liepaja,fk liepaja,LVA,1.5,,1.5,1.5,,4.5,2.125,4.5,false,Kassiesa / public UEFA coefficient tables,https://kassiesa.net/uefa/data/method5/trank2024.html
2024,2024/25,280,,Gabala FK,gabala fk,AZE,1.5,,,1.5,1.5,4.5,4.025,4.5,false,Kassiesa / public UEFA coefficient tables,https://kassiesa.net/uefa/data/method5/trank2024.html
2024,2024/25,280,,Hamrun Spartans,hamrun spartans,MLT,,,,2.5,2,4.5,1.65,4.5,false,Kassiesa / public UEFA coefficient tables,https://kassiesa.net/uefa/data/method5/trank2024.html
2024,2024/25,280,,La Fiorita,la fiorita,SMR,0.5,0.5,1,1.5,1,4.5,0.366,4.5,false,Kassiesa / public UEFA coefficient tables,https://kassiesa.net/uefa/data/method5/trank2024.html
2024,2024/25,280,,Larne FC,larne fc,NIR,,,2,1,1.5,4.5,1.841,4.5,false,Kassiesa / public UEFA coefficient tables,https://kassiesa.net/uefa/data/method5/trank2024.html
2024,2024/25,280,,NK Celje,nk celje,SVN,,2,,,2.5,4.5,2.65,4.5,false,Kassiesa / public UEFA coefficient tables,https://kassiesa.net/uefa/data/method5/trank2024.html
2024,2024/25,280,,NK Domzale,nk domzale,SVN,1.5,,2,,1,4.5,2.65,4.5,false,Kassiesa / public UEFA coefficient tables,https://kassiesa.net/uefa/data/method5/trank2024.html
2024,2024/25,280,,Progrès Niederkorn,progrès niederkorn,LUX,1.5,1.5,,,1.5,4.5,1.725,4.5,false,Kassiesa / public UEFA coefficient tables,https://kassiesa.net/uefa/data/method5/trank2024.html
2024,2024/25,280,,Saburtalo Tbilisi,saburtalo tbilisi,GEO,2,1,,1.5,,4.5,1.525,4.5,false,Kassiesa / public UEFA coefficient tables,https://kassiesa.net/uefa/data/method5/trank2024.html
2024,2024/25,280,,Teuta Durrës,teuta durrës,ALB,1,1.5,2,,,4.5,1.475,4.5,false,Kassiesa / public UEFA coefficient tables,https://kassiesa.net/uefa/data/method5/trank2024.html
2024,2024/25,293,293,AEL Limassol,ael limassol,CYP,1.5,,2,,,3.5,4.42,4.42,true,Kassiesa / public UEFA coefficient tables,https://kassiesa.net/uefa/data/method5/trank2024.html
2024,2024/25,294,,Puskás Akadémia,puskás akadémia,HUN,,1,1.5,1.5,,4,4.375,4.375,true,Kassiesa / public UEFA coefficient tables,https://kassiesa.net/uefa/data/method5/trank2024.html
2024,2024/25,294,294,DVSC Debrecen,dvsc debrecen,HUN,1.5,,,,2,3.5,4.375,4.375,true,Kassiesa / public UEFA coefficient tables,https://kassiesa.net/uefa/data/method5/trank2024.html
2024,2024/25,294,,Honvéd Budapest,honvéd budapest,HUN,1.5,1.5,,,,3,4.375,4.375,true,Kassiesa / public UEFA coefficient tables,https://kassiesa.net/uefa/data/method5/trank2024.html
2024,2024/25,294,,Kisvárda FC,kisvárda fc,HUN,,,,2,,2,4.375,4.375,true,Kassiesa / public UEFA coefficient tables,https://kassiesa.net/uefa/data/method5/trank2024.html
2024,2024/25,294,,Újpest TE,újpest te,HUN,,,2,,,2,4.375,4.375,true,Kassiesa / public UEFA coefficient tables,https://kassiesa.net/uefa/data/method5/trank2024.html
2024,2024/25,294,,Kecskeméti TE,kecskeméti te,HUN,,,,,1.5,1.5,4.375,4.375,true,Kassiesa / public UEFA coefficient tables,https://kassiesa.net/uefa/data/method5/trank2024.html
2024,2024/25,294,,Zalaegerszegi TE,zalaegerszegi te,HUN,,,,,1.5,1.5,4.375,4.375,true,Kassiesa / public UEFA coefficient tables,https://kassiesa.net/uefa/data/method5/trank2024.html
2024,2024/25,301,,IF Elfsborg,if elfsborg,SWE,,,2.5,1.5,,4,4.3,4.3,true,Kassiesa / public UEFA coefficient tables,https://kassiesa.net/uefa/data/method5/trank2024.html
2024,2024/25,301,,IFK Norrköping,ifk norrköping,SWE,2,,,,,2,4.3,4.3,true,Kassiesa / public UEFA coefficient tables,https://kassiesa.net/uefa/data/method5/trank2024.html
2024,2024/25,301,,IFK Göteborg,ifk göteborg,SWE,,1.5,,,,1.5,4.3,4.3,true,Kassiesa / public UEFA coefficient tables,https://kassiesa.net/uefa/data/method5/trank2024.html
2024,2024/25,301,301,Kalmar FF,kalmar ff,SWE,,,,,1.5,1.5,4.3,4.3,true,Kassiesa / public UEFA coefficient tables,https://kassiesa.net/uefa/data/method5/trank2024.html
2024,2024/25,305,305,Farul Constanta,farul constanta,ROU,1.5,,,,2.5,4,4.275,4.275,true,Kassiesa / public UEFA coefficient tables,https://kassiesa.net/uefa/data/method5/trank2024.html
2024,2024/25,305,,FC Botosani,fc botosani,ROU,,1.5,,,,1.5,4.275,4.275,true,Kassiesa / public UEFA coefficient tables,https://kassiesa.net/uefa/data/method5/trank2024.html
2024,2024/25,307,,Arda Kardzhali,arda kardzhali,BUL,,,1.5,,,1.5,4.075,4.075,true,Kassiesa / public UEFA coefficient tables,https://kassiesa.net/uefa/data/method5/trank2024.html
2024,2024/25,307,,Botev Plovdiv,botev plovdiv,BUL,,,,1.5,,1.5,4.075,4.075,true,Kassiesa / public UEFA coefficient tables,https://kassiesa.net/uefa/data/method5/trank2024.html
2024,2024/25,307,307,CSKA 1948 Sofia,cska 1948 sofia,BUL,,,,,1.5,1.5,4.075,4.075,true,Kassiesa / public UEFA coefficient tables,https://kassiesa.net/uefa/data/method5/trank2024.html
2024,2024/25,307,,Slavia Sofia,slavia sofia,BUL,,1,,,,1,4.075,4.075,true,Kassiesa / public UEFA coefficient tables,https://kassiesa.net/uefa/data/method5/trank2024.html
2024,2024/25,311,,Kesla FK,kesla fk,AZE,,1,1.5,,,2.5,4.025,4.025,true,Kassiesa / public UEFA coefficient tables,https://kassiesa.net/uefa/data/method5/trank2024.html
2024,2024/25,311,,Sumgayit FK,sumgayit fk,AZE,,1,1.5,,,2.5,4.025,4.025,true,Kassiesa / public UEFA coefficient tables,https://kassiesa.net/uefa/data/method5/trank2024.html
2024,2024/25,311,311,Sabah FK,sabah fk,AZE,,,,,2,2,4.025,4.025,true,Kassiesa / public UEFA coefficient tables,https://kassiesa.net/uefa/data/method5/trank2024.html
2024,2024/25,311,,Zira FK,zira fk,AZE,,,,1.5,,1.5,4.025,4.025,true,Kassiesa / public UEFA coefficient tables,https://kassiesa.net/uefa/data/method5/trank2024.html
2024,2024/25,311,,Sabail FK,sabail fk,AZE,1,,,,,1,4.025,4.025,true,Kassiesa / public UEFA coefficient tables,https://kassiesa.net/uefa/data/method5/trank2024.html
2024,2024/25,316,,Derry City,derry city,IRL,,1,,1,2,4,2.175,4,false,Kassiesa / public UEFA coefficient tables,https://kassiesa.net/uefa/data/method5/trank2024.html
2024,2024/25,316,316,Dila Gori,dila gori,GEO,,,1,1,2,4,1.525,4,false,Kassiesa / public UEFA coefficient tables,https://kassiesa.net/uefa/data/method5/trank2024.html
2024,2024/25,316,,Dynamo Brest,dynamo brest,BLR,,2.5,1.5,,,4,1.325,4,false,Kassiesa / public UEFA coefficient tables,https://kassiesa.net/uefa/data/method5/trank2024.html
2024,2024/25,316,,FK Panevezys,fk panevezys,LTU,,,1.5,1,1.5,4,1.7,4,false,Kassiesa / public UEFA coefficient tables,https://kassiesa.net/uefa/data/method5/trank2024.html
2024,2024/25,316,,Inter Turku,inter turku,FIN,1,1,1,1,,4,2.225,4,false,Kassiesa / public UEFA coefficient tables,https://kassiesa.net/uefa/data/method5/trank2024.html
2024,2024/25,316,,Ordabasy Shymkent,ordabasy shymkent,KAZ,1.5,1,,,1.5,4,2.3,4,false,Kassiesa / public UEFA coefficient tables,https://kassiesa.net/uefa/data/method5/trank2024.html
2024,2024/25,316,,St Joseph's FC,st joseph's fc,GIB,1,0.5,1,1.5,,4,0.991,4,false,Kassiesa / public UEFA coefficient tables,https://kassiesa.net/uefa/data/method5/trank2024.html
2024,2024/25,316,,St. Patrick's Athletic,st. patrick's athletic,IRL,1,,,2,1,4,2.175,4,false,Kassiesa / public UEFA coefficient tables,https://kassiesa.net/uefa/data/method5/trank2024.html
2024,2024/25,316,,Vikingur Reykjavik,vikingur reykjavik,ISL,,1,,2,1,4,1.916,4,false,Kassiesa / public UEFA coefficient tables,https://kassiesa.net/uefa/data/method5/trank2024.html
2024,2024/25,316,,Vllaznia Shkodër,vllaznia shkodër,ALB,,,1.5,1.5,1,4,1.475,4,false,Kassiesa / public UEFA coefficient tables,https://kassiesa.net/uefa/data/method5/trank2024.html
2024,2024/25,326,326,MFK Ruzomberok,mfk ruzomberok,SVK,1,1,,1.5,,3.5,3.925,3.925,true,Kassiesa / public UEFA coefficient tables,https://kassiesa.net/uefa/data/method5/trank2024.html
2024,2024/25,327,,Bala Town,bala town,WAL,,1.5,1,1,,3.5,1.158,3.5,false,Kassiesa / public UEFA coefficient tables,https://kassiesa.net/uefa/data/method5/trank2024.html
2024,2024/25,327,,Differdange 03,differdange 03,LUX,,1,,1,1.5,3.5,1.725,3.5,false,Kassiesa / public UEFA coefficient tables,https://kassiesa.net/uefa/data/method5/trank2024.html
2024,2024/25,327,327,FC Struga,fc struga,MKD,,,1,,2.5,3.5,1.2,3.5,false,Kassiesa / public UEFA coefficient tables,https://kassiesa.net/uefa/data/method5/trank2024.html
2024,2024/25,327,,FK Ventspils,fk ventspils,LVA,2,1.5,,,,3.5,2.125,3.5,false,Kassiesa / public UEFA coefficient tables,https://kassiesa.net/uefa/data/method5/trank2024.html
2024,2024/25,327,,Honka Espoo,honka espoo,FIN,,1,1.5,,1,3.5,2.225,3.5,false,Kassiesa / public UEFA coefficient tables,https://kassiesa.net/uefa/data/method5/trank2024.html
2024,2024/25,327,,KR Reykjavik,kr reykjavik,ISL,1,1.5,,1,,3.5,1.916,3.5,false,Kassiesa / public UEFA coefficient tables,https://kassiesa.net/uefa/data/method5/trank2024.html
2024,2024/25,327,,Makedonija GjP,makedonija gjp,MKD,1,,,1.5,1,3.5,1.2,3.5,false,Kassiesa / public UEFA coefficient tables,https://kassiesa.net/uefa/data/method5/trank2024.html
2024,2024/25,327,,Sfântul Gheorghe,sfântul gheorghe,MDA,,1.5,1,1,,3.5,2.625,3.5,false,Kassiesa / public UEFA coefficient tables,https://kassiesa.net/uefa/data/method5/trank2024.html
2024,2024/25,327,,Tre Fiori,tre fiori,SMR,0.5,1.5,,1.5,,3.5,0.366,3.5,false,Kassiesa / public UEFA coefficient tables,https://kassiesa.net/uefa/data/method5/trank2024.html
2024,2024/25,327,,Urartu FC,urartu fc,ARM,1,,1,,1.5,3.5,2.125,3.5,false,Kassiesa / public UEFA coefficient tables,https://kassiesa.net/uefa/data/method5/trank2024.html
2024,2024/25,327,,Velez Mostar,velez mostar,BIH,,,2,1.5,,3.5,2,3.5,false,Kassiesa / public UEFA coefficient tables,https://kassiesa.net/uefa/data/method5/trank2024.html
2024,2024/25,338,,Bohemians Dublin,bohemians dublin,IRL,,1,2,,,3,2.175,3,false,Kassiesa / public UEFA coefficient tables,https://kassiesa.net/uefa/data/method5/trank2024.html
2024,2024/25,338,,FC Prishtina,fc prishtina,KOS,0.5,0.5,2,,,3,2.308,3,false,Kassiesa / public UEFA coefficient tables,https://kassiesa.net/uefa/data/method5/trank2024.html
2024,2024/25,338,,Floriana,floriana,MLT,,2,,1,,3,1.65,3,false,Kassiesa / public UEFA coefficient tables,https://kassiesa.net/uefa/data/method5/trank2024.html
2024,2024/25,338,,Glentoran,glentoran,NIR,,1,1,,1,3,1.841,3,false,Kassiesa / public UEFA coefficient tables,https://kassiesa.net/uefa/data/method5/trank2024.html
2024,2024/25,338,,Kalju Nomme,kalju nomme,EST,2,1,,,,3,1.441,3,false,Kassiesa / public UEFA coefficient tables,https://kassiesa.net/uefa/data/method5/trank2024.html
2024,2024/25,338,,SC Gjilani,sc gjilani,KOS,,1,,1,1,3,2.308,3,false,Kassiesa / public UEFA coefficient tables,https://kassiesa.net/uefa/data/method5/trank2024.html
2024,2024/25,338,,Sligo Rovers,sligo rovers,IRL,,,1,2,,3,2.175,3,false,Kassiesa / public UEFA coefficient tables,https://kassiesa.net/uefa/data/method5/trank2024.html
2024,2024/25,338,338,Swift Hesperange,swift hesperange,LUX,,,1,,2,3,1.725,3,false,Kassiesa / public UEFA coefficient tables,https://kassiesa.net/uefa/data/method5/trank2024.html
2024,2024/25,338,,Torpedo Zhodino,torpedo zhodino,BLR,,,1.5,,1.5,3,1.325,3,false,Kassiesa / public UEFA coefficient tables,https://kassiesa.net/uefa/data/method5/trank2024.html
2024,2024/25,338,,Valletta FC,valletta fc,MLT,2,1,,,,3,1.65,3,false,Kassiesa / public UEFA coefficient tables,https://kassiesa.net/uefa/data/method5/trank2024.html
2024,2024/25,338,,Valur Reykjavik,valur reykjavik,ISL,1.5,,1.5,,,3,1.916,3,false,Kassiesa / public UEFA coefficient tables,https://kassiesa.net/uefa/data/method5/trank2024.html
2024,2024/25,349,349,NK Koper,nk koper,SVN,,,,1.5,,1.5,2.65,2.65,true,Kassiesa / public UEFA coefficient tables,https://kassiesa.net/uefa/data/method5/trank2024.html
2024,2024/25,350,350,Zimbru Chisinau,zimbru chisinau,MDA,,,,,1.5,1.5,2.625,2.625,true,Kassiesa / public UEFA coefficient tables,https://kassiesa.net/uefa/data/method5/trank2024.html
2024,2024/25,350,,Dinamo-Auto Tiraspol,dinamo-auto tiraspol,MDA,,1,,,,1,2.625,2.625,true,Kassiesa / public UEFA coefficient tables,https://kassiesa.net/uefa/data/method5/trank2024.html
2024,2024/25,350,,Speranta Nisporeni,speranta nisporeni,MDA,1,,,,,1,2.625,2.625,true,Kassiesa / public UEFA coefficient tables,https://kassiesa.net/uefa/data/method5/trank2024.html
2024,2024/25,353,,Ararat Yerevan,ararat yerevan,ARM,,,1.5,1,,2.5,2.125,2.5,false,Kassiesa / public UEFA coefficient tables,https://kassiesa.net/uefa/data/method5/trank2024.html
2024,2024/25,353,353,Atlètic Club d'Escaldes,atlètic club d'escaldes,AND,,,,1,1.5,2.5,1.199,2.5,false,Kassiesa / public UEFA coefficient tables,https://kassiesa.net/uefa/data/method5/trank2024.html
2024,2024/25,353,,Balzan FC,balzan fc,MLT,1,,,,1.5,2.5,1.65,2.5,false,Kassiesa / public UEFA coefficient tables,https://kassiesa.net/uefa/data/method5/trank2024.html
2024,2024/25,353,,Birkirkara,birkirkara,MLT,,,1.5,,1,2.5,1.65,2.5,false,Kassiesa / public UEFA coefficient tables,https://kassiesa.net/uefa/data/method5/trank2024.html
2024,2024/25,353,,Coleraine,coleraine,NIR,,1.5,1,,,2.5,1.841,2.5,false,Kassiesa / public UEFA coefficient tables,https://kassiesa.net/uefa/data/method5/trank2024.html
2024,2024/25,353,,FH Hafnarfjardar,fh hafnarfjardar,ISL,,1,1.5,,,2.5,1.916,2.5,false,Kassiesa / public UEFA coefficient tables,https://kassiesa.net/uefa/data/method5/trank2024.html
2024,2024/25,353,,FK Kukësi,fk kukësi,ALB,1,1.5,,,,2.5,1.475,2.5,false,Kassiesa / public UEFA coefficient tables,https://kassiesa.net/uefa/data/method5/trank2024.html
2024,2024/25,353,,FK Riteriai,fk riteriai,LTU,1,1.5,,,,2.5,1.7,2.5,false,Kassiesa / public UEFA coefficient tables,https://kassiesa.net/uefa/data/method5/trank2024.html
2024,2024/25,353,,Newtown,newtown,WAL,,,1,1.5,,2.5,1.158,2.5,false,Kassiesa / public UEFA coefficient tables,https://kassiesa.net/uefa/data/method5/trank2024.html
2024,2024/25,353,,NSI Runavik,nsi runavik,FRO,0.5,1,1,,,2.5,2.075,2.5,false,Kassiesa / public UEFA coefficient tables,https://kassiesa.net/uefa/data/method5/trank2024.html
2024,2024/25,353,,Racing Union Luxembourg,racing union luxembourg,LUX,,,1,1.5,,2.5,1.725,2.5,false,Kassiesa / public UEFA coefficient tables,https://kassiesa.net/uefa/data/method5/trank2024.html
2024,2024/25,353,,Shakhtyor Karaganda,shakhtyor karaganda,KAZ,,,2.5,,,2.5,2.3,2.5,false,Kassiesa / public UEFA coefficient tables,https://kassiesa.net/uefa/data/method5/trank2024.html
2024,2024/25,353,,Sileks Kratovo,sileks kratovo,MKD,,1.5,1,,,2.5,1.2,2.5,false,Kassiesa / public UEFA coefficient tables,https://kassiesa.net/uefa/data/method5/trank2024.html
2024,2024/25,353,,Stjarnan FC,stjarnan fc,ISL,1.5,,1,,,2.5,1.916,2.5,false,Kassiesa / public UEFA coefficient tables,https://kassiesa.net/uefa/data/method5/trank2024.html
2024,2024/25,353,,Torpedo Kutaisi,torpedo kutaisi,GEO,1,,,,1.5,2.5,1.525,2.5,false,Kassiesa / public UEFA coefficient tables,https://kassiesa.net/uefa/data/method5/trank2024.html
2024,2024/25,353,,Víkingur,víkingur,FRO,,,,1.5,1,2.5,2.075,2.5,false,Kassiesa / public UEFA coefficient tables,https://kassiesa.net/uefa/data/method5/trank2024.html
2024,2024/25,353,,Zeljeznicar Sarajevo,zeljeznicar sarajevo,BIH,,1,,,1.5,2.5,2,2.5,false,Kassiesa / public UEFA coefficient tables,https://kassiesa.net/uefa/data/method5/trank2024.html
2024,2024/25,370,,KF Llapi,kf llapi,KOS,,,1,1,,2,2.308,2.308,true,Kassiesa / public UEFA coefficient tables,https://kassiesa.net/uefa/data/method5/trank2024.html
2024,2024/25,370,,Feronikeli,feronikeli,KOS,1.5,,,,,1.5,2.308,2.308,true,Kassiesa / public UEFA coefficient tables,https://kassiesa.net/uefa/data/method5/trank2024.html
2024,2024/25,370,370,KF Dukagjini,kf dukagjini,KOS,,,,,1.5,1.5,2.308,2.308,true,Kassiesa / public UEFA coefficient tables,https://kassiesa.net/uefa/data/method5/trank2024.html
2024,2024/25,373,373,FK Aktobe,fk aktobe,KAZ,,,,,2,2,2.3,2.3,true,Kassiesa / public UEFA coefficient tables,https://kassiesa.net/uefa/data/method5/trank2024.html
2024,2024/25,373,,FK Kyzylzhar,fk kyzylzhar,KAZ,,,,2,,2,2.3,2.3,true,Kassiesa / public UEFA coefficient tables,https://kassiesa.net/uefa/data/method5/trank2024.html
2024,2024/25,373,,Kaysar Kyzylorda,kaysar kyzylorda,KAZ,,1.5,,,,1.5,2.3,2.3,true,Kassiesa / public UEFA coefficient tables,https://kassiesa.net/uefa/data/method5/trank2024.html
2024,2024/25,376,,SJK Seinäjoki,sjk seinäjoki,FIN,,,,1.5,,1.5,2.225,2.225,true,Kassiesa / public UEFA coefficient tables,https://kassiesa.net/uefa/data/method5/trank2024.html
2024,2024/25,376,376,Haka Valkeakoski,haka valkeakoski,FIN,,,,,1,1,2.225,2.225,true,Kassiesa / public UEFA coefficient tables,https://kassiesa.net/uefa/data/method5/trank2024.html
2024,2024/25,376,,Ilves Tampere,ilves tampere,FIN,,1,,,,1,2.225,2.225,true,Kassiesa / public UEFA coefficient tables,https://kassiesa.net/uefa/data/method5/trank2024.html
2024,2024/25,376,,RoPS Rovaniemi,rops rovaniemi,FIN,1,,,,,1,2.225,2.225,true,Kassiesa / public UEFA coefficient tables,https://kassiesa.net/uefa/data/method5/trank2024.html
2024,2024/25,380,380,Cork City,cork city,IRL,1,,,,,1,2.175,2.175,true,Kassiesa / public UEFA coefficient tables,https://kassiesa.net/uefa/data/method5/trank2024.html
2024,2024/25,381,,FC Noah,fc noah,ARM,,1,1,,,2,2.125,2.125,true,Kassiesa / public UEFA coefficient tables,https://kassiesa.net/uefa/data/method5/trank2024.html
2024,2024/25,381,381,FK Auda,fk auda,LVA,,,,,1.5,1.5,2.125,2.125,true,Kassiesa / public UEFA coefficient tables,https://kassiesa.net/uefa/data/method5/trank2024.html
2024,2024/25,381,,Shirak Gyumri,shirak gyumri,ARM,,1,,,,1,2.125,2.125,true,Kassiesa / public UEFA coefficient tables,https://kassiesa.net/uefa/data/method5/trank2024.html
2024,2024/25,384,,Akademija Pandev,akademija pandev,MKD,1,,,1,,2,1.2,2,false,Kassiesa / public UEFA coefficient tables,https://kassiesa.net/uefa/data/method5/trank2024.html
2024,2024/25,384,,Cliftonville,cliftonville,NIR,1,,,1,,2,1.841,2,false,Kassiesa / public UEFA coefficient tables,https://kassiesa.net/uefa/data/method5/trank2024.html
2024,2024/25,384,,Decic Tuzi,decic tuzi,MNE,,,1,1,,2,1.141,2,false,Kassiesa / public UEFA coefficient tables,https://kassiesa.net/uefa/data/method5/trank2024.html
2024,2024/25,384,,FCB Magpies,fcb magpies,GIB,,,,1,1,2,0.991,2,false,Kassiesa / public UEFA coefficient tables,https://kassiesa.net/uefa/data/method5/trank2024.html
2024,2024/25,384,,Iskra Danilovgrad,iskra danilovgrad,MNE,,1,,1,,2,1.141,2,false,Kassiesa / public UEFA coefficient tables,https://kassiesa.net/uefa/data/method5/trank2024.html
2024,2024/25,384,384,KA Akureyri,ka akureyri,ISL,,,,,2,2,1.916,2,false,Kassiesa / public UEFA coefficient tables,https://kassiesa.net/uefa/data/method5/trank2024.html
2024,2024/25,384,,Lokomotivi Tbilisi,lokomotivi tbilisi,GEO,,2,,,,2,1.525,2,false,Kassiesa / public UEFA coefficient tables,https://kassiesa.net/uefa/data/method5/trank2024.html
2024,2024/25,384,,Neman Grodno,neman grodno,BLR,,,,,2,2,1.325,2,false,Kassiesa / public UEFA coefficient tables,https://kassiesa.net/uefa/data/method5/trank2024.html
2024,2024/25,384,,Siroki Brijeg,siroki brijeg,BIH,1,,1,,,2,2,2,false,Kassiesa / public UEFA coefficient tables,https://kassiesa.net/uefa/data/method5/trank2024.html
2024,2024/25,384,,Trans Narva,trans narva,EST,1,,,,1,2,1.441,2,false,Kassiesa / public UEFA coefficient tables,https://kassiesa.net/uefa/data/method5/trank2024.html
2024,2024/25,384,,Zeta Golubovci,zeta golubovci,MNE,1,1,,,,2,1.141,2,false,Kassiesa / public UEFA coefficient tables,https://kassiesa.net/uefa/data/method5/trank2024.html
2024,2024/25,384,,Tuzla City,tuzla city,BIH,,,,1.5,,1.5,2,2,true,Kassiesa / public UEFA coefficient tables,https://kassiesa.net/uefa/data/method5/trank2024.html
2024,2024/25,384,,Radnik Bijeljina,radnik bijeljina,BIH,1,,,,,1,2,2,true,Kassiesa / public UEFA coefficient tables,https://kassiesa.net/uefa/data/method5/trank2024.html
2024,2024/25,397,397,Ballymena United,ballymena united,NIR,1,,,,,1,1.841,1.841,true,Kassiesa / public UEFA coefficient tables,https://kassiesa.net/uefa/data/method5/trank2024.html
2024,2024/25,398,,Jeunesse d'Esch,jeunesse d'esch,LUX,1.5,,,,,1.5,1.725,1.725,true,Kassiesa / public UEFA coefficient tables,https://kassiesa.net/uefa/data/method5/trank2024.html
2024,2024/25,398,398,Union Titus Pétange,union titus pétange,LUX,,1,,,,1,1.725,1.725,true,Kassiesa / public UEFA coefficient tables,https://kassiesa.net/uefa/data/method5/trank2024.html
2024,2024/25,400,400,FC Hegelmann,fc hegelmann,LTU,,,,,1,1,1.7,1.7,true,Kassiesa / public UEFA coefficient tables,https://kassiesa.net/uefa/data/method5/trank2024.html
2024,2024/25,401,401,Mosta FC,mosta fc,MLT,,,1,,,1,1.65,1.65,true,Kassiesa / public UEFA coefficient tables,https://kassiesa.net/uefa/data/method5/trank2024.html
2024,2024/25,401,,Sirens FC,sirens fc,MLT,,1,,,,1,1.65,1.65,true,Kassiesa / public UEFA coefficient tables,https://kassiesa.net/uefa/data/method5/trank2024.html
2024,2024/25,403,,Chikhura Sachkhere,chikhura sachkhere,GEO,1.5,,,,,1.5,1.525,1.525,true,Kassiesa / public UEFA coefficient tables,https://kassiesa.net/uefa/data/method5/trank2024.html
2024,2024/25,403,403,Gagra Tbilisi,gagra tbilisi,GEO,,,1,,,1,1.525,1.525,true,Kassiesa / public UEFA coefficient tables,https://kassiesa.net/uefa/data/method5/trank2024.html
2024,2024/25,405,,FC Gomel,fc gomel,BLR,,,,1.5,,1.5,1.325,1.5,false,Kassiesa / public UEFA coefficient tables,https://kassiesa.net/uefa/data/method5/trank2024.html
2024,2024/25,405,,Folgore,folgore,SMR,,,1.5,,,1.5,0.366,1.5,false,Kassiesa / public UEFA coefficient tables,https://kassiesa.net/uefa/data/method5/trank2024.html
2024,2024/25,405,405,Haverfordwest County,haverfordwest county,WAL,,,,,1.5,1.5,1.158,1.5,false,Kassiesa / public UEFA coefficient tables,https://kassiesa.net/uefa/data/method5/trank2024.html
2024,2024/25,405,,Renova Dzepciste,renova dzepciste,MKD,,1.5,,,,1.5,1.2,1.5,false,Kassiesa / public UEFA coefficient tables,https://kassiesa.net/uefa/data/method5/trank2024.html
2024,2024/25,405,,Sant Julià,sant julià,AND,0.5,,1,,,1.5,1.199,1.5,false,Kassiesa / public UEFA coefficient tables,https://kassiesa.net/uefa/data/method5/trank2024.html
2024,2024/25,405,,UE Engordany,ue engordany,AND,1,0.5,,,,1.5,1.199,1.5,false,Kassiesa / public UEFA coefficient tables,https://kassiesa.net/uefa/data/method5/trank2024.html
2024,2024/25,411,411,Egnatia Rrogozhinë,egnatia rrogozhinë,ALB,,,,,1,1,1.475,1.475,true,Kassiesa / public UEFA coefficient tables,https://kassiesa.net/uefa/data/method5/trank2024.html
2024,2024/25,412,412,FC Vitebsk,fc vitebsk,BLR,1,,,,,1,1.325,1.325,true,Kassiesa / public UEFA coefficient tables,https://kassiesa.net/uefa/data/method5/trank2024.html
2024,2024/25,413,413,UE Santa Coloma,ue santa coloma,AND,,,,1,,1,1.199,1.199,true,Kassiesa / public UEFA coefficient tables,https://kassiesa.net/uefa/data/method5/trank2024.html
2024,2024/25,414,,Barry Town,barry town,WAL,0.5,0.5,,,,1,1.158,1.158,true,Kassiesa / public UEFA coefficient tables,https://kassiesa.net/uefa/data/method5/trank2024.html
2024,2024/25,414,414,Penybont,penybont,WAL,,,,,1,1,1.158,1.158,true,Kassiesa / public UEFA coefficient tables,https://kassiesa.net/uefa/data/method5/trank2024.html
2024,2024/25,414,,Cardiff MU,cardiff mu,WAL,0.5,,,,,0.5,1.158,1.158,true,Kassiesa / public UEFA coefficient tables,https://kassiesa.net/uefa/data/method5/trank2024.html
2024,2024/25,417,417,Arsenal Tivat,arsenal tivat,MNE,,,,,1,1,1.141,1.141,true,Kassiesa / public UEFA coefficient tables,https://kassiesa.net/uefa/data/method5/trank2024.html
2024,2024/25,417,,FK Podgorica,fk podgorica,MNE,,,1,,,1,1.141,1.141,true,Kassiesa / public UEFA coefficient tables,https://kassiesa.net/uefa/data/method5/trank2024.html
2024,2024/25,417,,OFK Titograd,ofk titograd,MNE,1,,,,,1,1.141,1.141,true,Kassiesa / public UEFA coefficient tables,https://kassiesa.net/uefa/data/method5/trank2024.html
2024,2024/25,420,420,Cosmos,cosmos,SMR,,,,,1,1,0.366,1,false,Kassiesa / public UEFA coefficient tables,https://kassiesa.net/uefa/data/method5/trank2024.html
2024,2024/25,420,,Mons Calpe,mons calpe,GIB,,,1,,,1,0.991,1,false,Kassiesa / public UEFA coefficient tables,https://kassiesa.net/uefa/data/method5/trank2024.html
2025,2025/26,1,1,Real Madrid,real madrid,ESP,26,30,29,34,24.5,143.5,18.89,143.5,false,Kassiesa / public UEFA coefficient tables,https://kassiesa.net/uefa/data/method5/trank2025.html
2025,2025/26,2,2,Manchester City,manchester city,ENG,35,27,33,28,14.75,137.75,23.039,137.75,false,Kassiesa / public UEFA coefficient tables,https://kassiesa.net/uefa/data/method5/trank2025.html
2025,2025/26,3,3,Bayern München,bayern münchen,GER,27,26,27,28,27.25,135.25,17.266,135.25,false,Kassiesa / public UEFA coefficient tables,https://kassiesa.net/uefa/data/method5/trank2025.html
2025,2025/26,4,4,Liverpool,liverpool,ENG,24,33,19,20,29.5,125.5,23.039,125.5,false,Kassiesa / public UEFA coefficient tables,https://kassiesa.net/uefa/data/method5/trank2025.html
2025,2025/26,5,5,Paris Saint-Germain,paris saint-germain,FRA,24,19,19,23,33.5,118.5,14.618,118.5,false,Kassiesa / public UEFA coefficient tables,https://kassiesa.net/uefa/data/method5/trank2025.html
2025,2025/26,6,6,Internazionale,internazionale,ITA,9,18,29,20,40.25,116.25,19.446,116.25,false,Kassiesa / public UEFA coefficient tables,https://kassiesa.net/uefa/data/method5/trank2025.html
2025,2025/26,7,7,Chelsea,chelsea,ENG,33,25,21,,30,109,23.039,109,false,Kassiesa / public UEFA coefficient tables,https://kassiesa.net/uefa/data/method5/trank2025.html
2025,2025/26,8,8,Borussia Dortmund,borussia dortmund,GER,22,10,18,29,27.75,106.75,17.266,106.75,false,Kassiesa / public UEFA coefficient tables,https://kassiesa.net/uefa/data/method5/trank2025.html
2025,2025/26,9,9,AS Roma,as roma,ITA,24,23,22,21,14.5,104.5,19.446,104.5,false,Kassiesa / public UEFA coefficient tables,https://kassiesa.net/uefa/data/method5/trank2025.html
2025,2025/26,10,10,FC Barcelona,fc barcelona,ESP,20,15,9,23,36.25,103.25,18.89,103.25,false,Kassiesa / public UEFA coefficient tables,https://kassiesa.net/uefa/data/method5/trank2025.html
2025,2025/26,11,11,Manchester United,manchester united,ENG,26,18,19,7,32.5,102.5,23.039,102.5,false,Kassiesa / public UEFA coefficient tables,https://kassiesa.net/uefa/data/method5/trank2025.html
2025,2025/26,12,12,Arsenal,arsenal,ENG,23,,17,22,36,98,23.039,98,false,Kassiesa / public UEFA coefficient tables,https://kassiesa.net/uefa/data/method5/trank2025.html
2025,2025/26,13,13,Bayer Leverkusen,bayer leverkusen,GER,10,14,19,29,23.25,95.25,17.266,95.25,false,Kassiesa / public UEFA coefficient tables,https://kassiesa.net/uefa/data/method5/trank2025.html
2025,2025/26,14,14,Atlético Madrid,atlético madrid,ESP,16,19,8,24,26.5,93.5,18.89,93.5,false,Kassiesa / public UEFA coefficient tables,https://kassiesa.net/uefa/data/method5/trank2025.html
2025,2025/26,15,15,Benfica,benfica,POR,10,20,25,14,18.75,87.75,12.453,87.75,false,Kassiesa / public UEFA coefficient tables,https://kassiesa.net/uefa/data/method5/trank2025.html
2025,2025/26,16,16,Atalanta,atalanta,ITA,17,16,,28,21,82,19.446,82,false,Kassiesa / public UEFA coefficient tables,https://kassiesa.net/uefa/data/method5/trank2025.html
2025,2025/26,16,,Villarreal,villarreal,ESP,30,24,12,16,,82,18.89,82,false,Kassiesa / public UEFA coefficient tables,https://kassiesa.net/uefa/data/method5/trank2025.html
2025,2025/26,18,18,FC Porto,fc porto,POR,23,10,18,19,9.75,79.75,12.453,79.75,false,Kassiesa / public UEFA coefficient tables,https://kassiesa.net/uefa/data/method5/trank2025.html
2025,2025/26,19,19,AC Milan,ac milan,ITA,12,7,24,16,19,78,19.446,78,false,Kassiesa / public UEFA coefficient tables,https://kassiesa.net/uefa/data/method5/trank2025.html
2025,2025/26,19,,RB Leipzig,rb leipzig,GER,17,17,18,18,8,78,17.266,78,false,Kassiesa / public UEFA coefficient tables,https://kassiesa.net/uefa/data/method5/trank2025.html
2025,2025/26,21,21,Lazio,lazio,ITA,17,9,6,18,26,76,19.446,76,false,Kassiesa / public UEFA coefficient tables,https://kassiesa.net/uefa/data/method5/trank2025.html
2025,2025/26,22,22,Juventus,juventus,ITA,21,20,17,,16.25,74.25,19.446,74.25,false,Kassiesa / public UEFA coefficient tables,https://kassiesa.net/uefa/data/method5/trank2025.html
2025,2025/26,23,23,Eintracht Frankfurt,eintracht frankfurt,GER,,28,16,7,23,74,17.266,74,false,Kassiesa / public UEFA coefficient tables,https://kassiesa.net/uefa/data/method5/trank2025.html
2025,2025/26,24,24,Club Brugge,club brugge,BEL,11,7,17,21,15.75,71.75,11.37,71.75,false,Kassiesa / public UEFA coefficient tables,https://kassiesa.net/uefa/data/method5/trank2025.html
2025,2025/26,25,25,Glasgow Rangers,glasgow rangers,SCO,15,19,4,14,19.25,71.25,7.11,71.25,false,Kassiesa / public UEFA coefficient tables,https://kassiesa.net/uefa/data/method5/trank2025.html
2025,2025/26,26,26,Feyenoord,feyenoord,NED,4,24,17,8,18,71,13.43,71,false,Kassiesa / public UEFA coefficient tables,https://kassiesa.net/uefa/data/method5/trank2025.html
2025,2025/26,27,27,Tottenham Hotspur,tottenham hotspur,ENG,15,5,18,,32.25,70.25,23.039,70.25,false,Kassiesa / public UEFA coefficient tables,https://kassiesa.net/uefa/data/method5/trank2025.html
2025,2025/26,28,28,PSV Eindhoven,psv eindhoven,NED,10,10,11,17,21.25,69.25,13.43,69.25,false,Kassiesa / public UEFA coefficient tables,https://kassiesa.net/uefa/data/method5/trank2025.html
2025,2025/26,29,29,West Ham United,west ham united,ENG,,21,29,19,,69,23.039,69,false,Kassiesa / public UEFA coefficient tables,https://kassiesa.net/uefa/data/method5/trank2025.html
2025,2025/26,30,30,Ajax,ajax,NED,19,22,8,5,13.25,67.25,13.43,67.25,false,Kassiesa / public UEFA coefficient tables,https://kassiesa.net/uefa/data/method5/trank2025.html
2025,2025/26,31,31,Lille OSC,lille osc,FRA,8,17,,17,24,66,14.618,66,false,Kassiesa / public UEFA coefficient tables,https://kassiesa.net/uefa/data/method5/trank2025.html
2025,2025/26,32,32,Real Sociedad,real sociedad,ESP,8,9,16,18,14,65,18.89,65,false,Kassiesa / public UEFA coefficient tables,https://kassiesa.net/uefa/data/method5/trank2025.html
2025,2025/26,33,33,Fiorentina,fiorentina,ITA,,,20,22,20,62,19.446,62,false,Kassiesa / public UEFA coefficient tables,https://kassiesa.net/uefa/data/method5/trank2025.html
2025,2025/26,34,34,Napoli,napoli,ITA,10,9,25,17,,61,19.446,61,false,Kassiesa / public UEFA coefficient tables,https://kassiesa.net/uefa/data/method5/trank2025.html
2025,2025/26,35,35,Sporting CP Lisbon,sporting cp lisbon,POR,2.5,16,14,12,14.5,59,12.453,59,false,Kassiesa / public UEFA coefficient tables,https://kassiesa.net/uefa/data/method5/trank2025.html
2025,2025/26,36,36,Sevilla,sevilla,ESP,19,12,21,6,,58,18.89,58,false,Kassiesa / public UEFA coefficient tables,https://kassiesa.net/uefa/data/method5/trank2025.html
2025,2025/26,37,37,Olympiakos Piraeus,olympiakos piraeus,GRE,10,8,3,17,18.5,56.5,7.862,56.5,false,Kassiesa / public UEFA coefficient tables,https://kassiesa.net/uefa/data/method5/trank2025.html
2025,2025/26,38,38,Dinamo Zagreb,dinamo zagreb,CRO,17,9,7,9,14,56,5.405,56,false,Kassiesa / public UEFA coefficient tables,https://kassiesa.net/uefa/data/method5/trank2025.html
2025,2025/26,39,39,AZ Alkmaar,az alkmaar,NED,6,13,19,4,12.5,54.5,13.43,54.5,false,Kassiesa / public UEFA coefficient tables,https://kassiesa.net/uefa/data/method5/trank2025.html
2025,2025/26,40,40,Real Betis,real betis,ESP,,11,16,6,19.25,52.25,18.89,52.25,false,Kassiesa / public UEFA coefficient tables,https://kassiesa.net/uefa/data/method5/trank2025.html
2025,2025/26,41,41,Shakhtar Donetsk,shakhtar donetsk,UKR,14,6,11,10,11,52,4.88,52,false,Kassiesa / public UEFA coefficient tables,https://kassiesa.net/uefa/data/method5/trank2025.html
2025,2025/26,42,42,Slavia Praha,slavia praha,CZE,16,10,6,15,4,51,8.82,51,false,Kassiesa / public UEFA coefficient tables,https://kassiesa.net/uefa/data/method5/trank2025.html
2025,2025/26,43,43,Bodø/Glimt,bodø/glimt,NOR,2,15,3,8,21,49,7.937,49,false,Kassiesa / public UEFA coefficient tables,https://kassiesa.net/uefa/data/method5/trank2025.html
2025,2025/26,44,44,FC Salzburg,fc salzburg,AUT,7,17,9,7,8,48,7.29,48,false,Kassiesa / public UEFA coefficient tables,https://kassiesa.net/uefa/data/method5/trank2025.html
2025,2025/26,44,,Olympique Marseille,olympique marseille,FRA,6,16,8,18,,48,14.618,48,false,Kassiesa / public UEFA coefficient tables,https://kassiesa.net/uefa/data/method5/trank2025.html
2025,2025/26,46,46,Aston Villa,aston villa,ENG,,,,17,30.25,47.25,23.039,47.25,false,Kassiesa / public UEFA coefficient tables,https://kassiesa.net/uefa/data/method5/trank2025.html
2025,2025/26,46,,Fenerbahçe,fenerbahçe,TUR,,5,17,14,11.25,47.25,8.78,47.25,false,Kassiesa / public UEFA coefficient tables,https://kassiesa.net/uefa/data/method5/trank2025.html
2025,2025/26,48,48,Sporting Braga,sporting braga,POR,9,16,7,7,7,46,12.453,46,false,Kassiesa / public UEFA coefficient tables,https://kassiesa.net/uefa/data/method5/trank2025.html
2025,2025/26,49,49,FC København,fc københavn,DEN,2.5,13,7,15,7.38,44.875,6.796,44.875,false,Kassiesa / public UEFA coefficient tables,https://kassiesa.net/uefa/data/method5/trank2025.html
2025,2025/26,50,50,Red Star Belgrade,red star belgrade,SRB,10,15,4,5,10,44,5.1,44,false,Kassiesa / public UEFA coefficient tables,https://kassiesa.net/uefa/data/method5/trank2025.html
2025,2025/26,51,51,Olympique Lyon,olympique lyon,FRA,,21,,,22.75,43.75,14.618,43.75,false,Kassiesa / public UEFA coefficient tables,https://kassiesa.net/uefa/data/method5/trank2025.html
2025,2025/26,52,52,PAOK Thessaloniki,paok thessaloniki,GRE,5,13,1.5,15,7.75,42.25,7.862,42.25,false,Kassiesa / public UEFA coefficient tables,https://kassiesa.net/uefa/data/method5/trank2025.html
2025,2025/26,53,53,AA Gent,aa gent,BEL,3,11,11,10,7,42,11.37,42,false,Kassiesa / public UEFA coefficient tables,https://kassiesa.net/uefa/data/method5/trank2025.html
2025,2025/26,54,54,AS Monaco,as monaco,FRA,,15,9,,17,41,14.618,41,false,Kassiesa / public UEFA coefficient tables,https://kassiesa.net/uefa/data/method5/trank2025.html
2025,2025/26,55,55,Stade Rennais,stade rennais,FRA,5,14,11,10,,40,14.618,40,false,Kassiesa / public UEFA coefficient tables,https://kassiesa.net/uefa/data/method5/trank2025.html
2025,2025/26,56,56,Viktoria Plzen,viktoria plzen,CZE,2.5,2.5,4,17,13.25,39.25,8.82,39.25,false,Kassiesa / public UEFA coefficient tables,https://kassiesa.net/uefa/data/method5/trank2025.html
2025,2025/26,57,57,Ferencváros,ferencváros,HUN,5,3,12,9,10,39,4.8,39,false,Kassiesa / public UEFA coefficient tables,https://kassiesa.net/uefa/data/method5/trank2025.html
2025,2025/26,58,58,Galatasaray,galatasaray,TUR,2.5,15,,8,12.75,38.25,8.78,38.25,false,Kassiesa / public UEFA coefficient tables,https://kassiesa.net/uefa/data/method5/trank2025.html
2025,2025/26,59,59,Celtic,celtic,SCO,3,6,6,7,16,38,7.11,38,false,Kassiesa / public UEFA coefficient tables,https://kassiesa.net/uefa/data/method5/trank2025.html
2025,2025/26,60,60,Maccabi Tel-Aviv,maccabi tel-aviv,ISR,8,9,2.5,14,4,37.5,6.325,37.5,false,Kassiesa / public UEFA coefficient tables,https://kassiesa.net/uefa/data/method5/trank2025.html
2025,2025/26,61,61,Union Saint-Gilloise,union saint-gilloise,BEL,,,19,8,9,36,11.37,36,false,Kassiesa / public UEFA coefficient tables,https://kassiesa.net/uefa/data/method5/trank2025.html
2025,2025/26,62,62,Young Boys,young boys,SUI,11,8,2.5,7,6,34.5,6.725,34.5,false,Kassiesa / public UEFA coefficient tables,https://kassiesa.net/uefa/data/method5/trank2025.html
2025,2025/26,63,63,Djurgårdens IF,djurgårdens if,SWE,2,,13,1.5,17.5,34,5.425,34,false,Kassiesa / public UEFA coefficient tables,https://kassiesa.net/uefa/data/method5/trank2025.html
2025,2025/26,64,64,Molde FK,molde fk,NOR,12,2,5,7,7.75,33.75,7.937,33.75,false,Kassiesa / public UEFA coefficient tables,https://kassiesa.net/uefa/data/method5/trank2025.html
2025,2025/26,65,65,Slovan Bratislava,slovan bratislava,SVK,1.5,6,12,8,6,33.5,4.25,33.5,false,Kassiesa / public UEFA coefficient tables,https://kassiesa.net/uefa/data/method5/trank2025.html
2025,2025/26,66,66,FC Basel,fc basel,SUI,2.5,12,17,1.5,,33,6.725,33,false,Kassiesa / public UEFA coefficient tables,https://kassiesa.net/uefa/data/method5/trank2025.html
2025,2025/26,67,67,FC Midtjylland,fc midtjylland,DEN,6,7,8,2.5,9.25,32.75,6.796,32.75,false,Kassiesa / public UEFA coefficient tables,https://kassiesa.net/uefa/data/method5/trank2025.html
2025,2025/26,68,68,Rapid Wien,rapid wien,AUT,5,4,2.5,2.5,18.25,32.25,7.29,32.25,false,Kassiesa / public UEFA coefficient tables,https://kassiesa.net/uefa/data/method5/trank2025.html
2025,2025/26,69,69,Qarabag FK,qarabag fk,AZE,3,9,6,11,3,32,3.925,32,false,Kassiesa / public UEFA coefficient tables,https://kassiesa.net/uefa/data/method5/trank2025.html
2025,2025/26,70,70,Legia Warsaw,legia warsaw,POL,2.5,4,,9,15.5,31,7,31,false,Kassiesa / public UEFA coefficient tables,https://kassiesa.net/uefa/data/method5/trank2025.html
2025,2025/26,71,71,Sparta Praha,sparta praha,CZE,4,5,1.5,10,9,29.5,8.82,29.5,false,Kassiesa / public UEFA coefficient tables,https://kassiesa.net/uefa/data/method5/trank2025.html
2025,2025/26,72,72,Anderlecht,anderlecht,BEL,,2.5,12,,13.75,28.25,11.37,28.25,false,Kassiesa / public UEFA coefficient tables,https://kassiesa.net/uefa/data/method5/trank2025.html
2025,2025/26,73,73,LASK,lask,AUT,7,15,,3,3,28,7.29,28,false,Kassiesa / public UEFA coefficient tables,https://kassiesa.net/uefa/data/method5/trank2025.html
2025,2025/26,73,,SC Freiburg,sc freiburg,GER,,,15,13,,28,17.266,28,false,Kassiesa / public UEFA coefficient tables,https://kassiesa.net/uefa/data/method5/trank2025.html
2025,2025/26,75,75,Athletic Bilbao,athletic bilbao,ESP,,,,,26.75,26.75,18.89,26.75,false,Kassiesa / public UEFA coefficient tables,https://kassiesa.net/uefa/data/method5/trank2025.html
2025,2025/26,76,76,Ludogorets Razgrad,ludogorets razgrad,BUL,3,3,5,9,4,24,3.975,24,false,Kassiesa / public UEFA coefficient tables,https://kassiesa.net/uefa/data/method5/trank2025.html
2025,2025/26,77,77,Dynamo Kyiv,dynamo kyiv,UKR,10,5,3,2.5,3,23.5,4.88,23.5,false,Kassiesa / public UEFA coefficient tables,https://kassiesa.net/uefa/data/method5/trank2025.html
2025,2025/26,78,,Leicester City,leicester city,ENG,10,13,,,,23,23.039,23.039,true,Kassiesa / public UEFA coefficient tables,https://kassiesa.net/uefa/data/method5/trank2025.html
2025,2025/26,78,78,Brighton & Hove Albion,brighton & hove albion,ENG,,,,16,,16,23.039,23.039,true,Kassiesa / public UEFA coefficient tables,https://kassiesa.net/uefa/data/method5/trank2025.html
2025,2025/26,78,,Newcastle United,newcastle united,ENG,,,,8,,8,23.039,23.039,true,Kassiesa / public UEFA coefficient tables,https://kassiesa.net/uefa/data/method5/trank2025.html
2025,2025/26,81,,Istanbul Basaksehir,istanbul basaksehir,TUR,6,,12,,5,23,8.78,23,false,Kassiesa / public UEFA coefficient tables,https://kassiesa.net/uefa/data/method5/trank2025.html
2025,2025/26,81,81,Sturm Graz,sturm graz,AUT,,3,6,4,10,23,7.29,23,false,Kassiesa / public UEFA coefficient tables,https://kassiesa.net/uefa/data/method5/trank2025.html
2025,2025/26,81,,Union Berlin,union berlin,GER,,5,12,6,,23,17.266,23,false,Kassiesa / public UEFA coefficient tables,https://kassiesa.net/uefa/data/method5/trank2025.html
2025,2025/26,84,84,FCSB,fcsb,ROU,2,1.5,2.5,2,14.5,22.5,4.65,22.5,false,Kassiesa / public UEFA coefficient tables,https://kassiesa.net/uefa/data/method5/trank2025.html
2025,2025/26,85,85,Partizan Belgrade,partizan belgrade,SRB,2,7,8,2.5,2.5,22,5.1,22,false,Kassiesa / public UEFA coefficient tables,https://kassiesa.net/uefa/data/method5/trank2025.html
2025,2025/26,86,86,Royal Antwerp,royal antwerp,BEL,8,4,2.5,6,,20.5,11.37,20.5,false,Kassiesa / public UEFA coefficient tables,https://kassiesa.net/uefa/data/method5/trank2025.html
2025,2025/26,87,87,OGC Nice,ogc nice,FRA,3,,14,,3,20,14.618,20,false,Kassiesa / public UEFA coefficient tables,https://kassiesa.net/uefa/data/method5/trank2025.html
2025,2025/26,87,,Sheriff Tiraspol,sheriff tiraspol,MDA,2,9,4,3,2,20,2.9,20,false,Kassiesa / public UEFA coefficient tables,https://kassiesa.net/uefa/data/method5/trank2025.html
2025,2025/26,89,89,Bologna,bologna,ITA,,,,,11,11,19.446,19.446,true,Kassiesa / public UEFA coefficient tables,https://kassiesa.net/uefa/data/method5/trank2025.html
2025,2025/26,90,90,FC Lugano,fc lugano,SUI,,,2,3,14.25,19.25,6.725,19.25,false,Kassiesa / public UEFA coefficient tables,https://kassiesa.net/uefa/data/method5/trank2025.html
2025,2025/26,91,91,1899 Hoffenheim,1899 hoffenheim,GER,12,,,,7,19,17.266,19,false,Kassiesa / public UEFA coefficient tables,https://kassiesa.net/uefa/data/method5/trank2025.html
2025,2025/26,91,,CFR Cluj,cfr cluj,ROU,4,3,8,1.5,2.5,19,4.65,19,false,Kassiesa / public UEFA coefficient tables,https://kassiesa.net/uefa/data/method5/trank2025.html
2025,2025/26,91,,Lech Poznan,lech poznan,POL,3,,14,2,,19,7,19,false,Kassiesa / public UEFA coefficient tables,https://kassiesa.net/uefa/data/method5/trank2025.html
2025,2025/26,94,,Granada CF,granada cf,ESP,13,,,,,13,18.89,18.89,true,Kassiesa / public UEFA coefficient tables,https://kassiesa.net/uefa/data/method5/trank2025.html
2025,2025/26,94,94,Girona FC,girona fc,ESP,,,,,8,8,18.89,18.89,true,Kassiesa / public UEFA coefficient tables,https://kassiesa.net/uefa/data/method5/trank2025.html
2025,2025/26,94,,Osasuna,osasuna,ESP,,,,2.5,,2.5,18.89,18.89,true,Kassiesa / public UEFA coefficient tables,https://kassiesa.net/uefa/data/method5/trank2025.html
2025,2025/26,97,97,Vitória Guimarães,vitória guimarães,POR,,,2,1.5,15.25,18.75,12.453,18.75,false,Kassiesa / public UEFA coefficient tables,https://kassiesa.net/uefa/data/method5/trank2025.html
2025,2025/26,98,98,Maccabi Haifa,maccabi haifa,ISR,2.5,3,6,5,1.5,18,6.325,18,false,Kassiesa / public UEFA coefficient tables,https://kassiesa.net/uefa/data/method5/trank2025.html
2025,2025/26,99,99,Shamrock Rovers,shamrock rovers,IRL,1.5,2.5,2.5,1.5,9.88,17.875,2.993,17.875,false,Kassiesa / public UEFA coefficient tables,https://kassiesa.net/uefa/data/method5/trank2025.html
2025,2025/26,100,100,Olimpija Ljubljana,olimpija ljubljana,SVN,1.5,2,1.5,4,8.38,17.375,4.068,17.375,false,Kassiesa / public UEFA coefficient tables,https://kassiesa.net/uefa/data/method5/trank2025.html
2025,2025/26,100,,Omonia Nicosia,omonia nicosia,CYP,3,4,3,2,5.38,17.375,5.507,17.375,false,Kassiesa / public UEFA coefficient tables,https://kassiesa.net/uefa/data/method5/trank2025.html
2025,2025/26,102,,Borussia Mönchengladbach,borussia mönchengladbach,GER,15,,,,,15,17.266,17.266,true,Kassiesa / public UEFA coefficient tables,https://kassiesa.net/uefa/data/method5/trank2025.html
2025,2025/26,102,102,VfB Stuttgart,vfb stuttgart,GER,,,,,13,13,17.266,17.266,true,Kassiesa / public UEFA coefficient tables,https://kassiesa.net/uefa/data/method5/trank2025.html
2025,2025/26,102,,VfL Wolfsburg,vfl wolfsburg,GER,2.5,8,,,,10.5,17.266,17.266,true,Kassiesa / public UEFA coefficient tables,https://kassiesa.net/uefa/data/method5/trank2025.html
2025,2025/26,102,,1.FC Heidenheim,1.fc heidenheim,GER,,,,,8.12,8.12,17.266,17.266,true,Kassiesa / public UEFA coefficient tables,https://kassiesa.net/uefa/data/method5/trank2025.html
2025,2025/26,102,,1.FC Köln,1.fc köln,GER,,,6,,,6,17.266,17.266,true,Kassiesa / public UEFA coefficient tables,https://kassiesa.net/uefa/data/method5/trank2025.html
2025,2025/26,107,107,APOEL Nicosia,apoel nicosia,CYP,2.5,,2.5,2.5,9.75,17.25,5.507,17.25,false,Kassiesa / public UEFA coefficient tables,https://kassiesa.net/uefa/data/method5/trank2025.html
2025,2025/26,108,108,Stade Brestois,stade brestois,FRA,,,,,16.75,16.75,14.618,16.75,false,Kassiesa / public UEFA coefficient tables,https://kassiesa.net/uefa/data/method5/trank2025.html
2025,2025/26,109,109,Hapoel Beer-Sheva,hapoel beer-sheva,ISR,4,2.5,6,2,2,16.5,6.325,16.5,false,Kassiesa / public UEFA coefficient tables,https://kassiesa.net/uefa/data/method5/trank2025.html
2025,2025/26,109,,Sivasspor,sivasspor,TUR,4,2.5,10,,,16.5,8.78,16.5,false,Kassiesa / public UEFA coefficient tables,https://kassiesa.net/uefa/data/method5/trank2025.html
2025,2025/26,111,111,Panathinaikos,panathinaikos,GRE,,,2,3,11,16,7.862,16,false,Kassiesa / public UEFA coefficient tables,https://kassiesa.net/uefa/data/method5/trank2025.html
2025,2025/26,111,,Zorya Luhansk,zorya luhansk,UKR,4,5,2,5,,16,4.88,16,false,Kassiesa / public UEFA coefficient tables,https://kassiesa.net/uefa/data/method5/trank2025.html
2025,2025/26,113,113,Besiktas,besiktas,TUR,2,4,,3,6,15,8.78,15,false,Kassiesa / public UEFA coefficient tables,https://kassiesa.net/uefa/data/method5/trank2025.html
2025,2025/26,114,114,RC Lens,rc lens,FRA,,,,10,2.5,12.5,14.618,14.618,true,Kassiesa / public UEFA coefficient tables,https://kassiesa.net/uefa/data/method5/trank2025.html
2025,2025/26,114,,Toulouse FC,toulouse fc,FRA,,,,10,,10,14.618,14.618,true,Kassiesa / public UEFA coefficient tables,https://kassiesa.net/uefa/data/method5/trank2025.html
2025,2025/26,114,,FC Nantes,fc nantes,FRA,,,8,,,8,14.618,14.618,true,Kassiesa / public UEFA coefficient tables,https://kassiesa.net/uefa/data/method5/trank2025.html
2025,2025/26,114,,Stade de Reims,stade de reims,FRA,2,,,,,2,14.618,14.618,true,Kassiesa / public UEFA coefficient tables,https://kassiesa.net/uefa/data/method5/trank2025.html
2025,2025/26,118,118,Malmö FF,malmö ff,SWE,2.5,5,3,,4,14.5,5.425,14.5,false,Kassiesa / public UEFA coefficient tables,https://kassiesa.net/uefa/data/method5/trank2025.html
2025,2025/26,119,119,Jagiellonia Bialystok,jagiellonia bialystok,POL,,,,,14,14,7,14,false,Kassiesa / public UEFA coefficient tables,https://kassiesa.net/uefa/data/method5/trank2025.html
2025,2025/26,119,,NK Celje,nk celje,SVN,2,,,2.5,9.5,14,4.068,14,false,Kassiesa / public UEFA coefficient tables,https://kassiesa.net/uefa/data/method5/trank2025.html
2025,2025/26,121,121,Borac Banja Luka,borac banja luka,BIH,1.5,1.5,1,1.5,8.12,13.625,2.606,13.625,false,Kassiesa / public UEFA coefficient tables,https://kassiesa.net/uefa/data/method5/trank2025.html
2025,2025/26,122,122,FC Twente Enschede,fc twente enschede,NED,,,2.5,2.5,8.5,13.5,13.43,13.5,false,Kassiesa / public UEFA coefficient tables,https://kassiesa.net/uefa/data/method5/trank2025.html
2025,2025/26,123,,Vitesse Arnhem,vitesse arnhem,NED,,9,,,,9,13.43,13.43,true,Kassiesa / public UEFA coefficient tables,https://kassiesa.net/uefa/data/method5/trank2025.html
2025,2025/26,123,,Willem II Tilburg,willem ii tilburg,NED,2,,,,,2,13.43,13.43,true,Kassiesa / public UEFA coefficient tables,https://kassiesa.net/uefa/data/method5/trank2025.html
2025,2025/26,123,123,Go Ahead Eagles,go ahead eagles,NED,,,,,1.5,1.5,13.43,13.43,true,Kassiesa / public UEFA coefficient tables,https://kassiesa.net/uefa/data/method5/trank2025.html
2025,2025/26,126,126,Zenit St. Petersburg,zenit st. petersburg,RUS,5,8,,,,13,4.526,13,false,Kassiesa / public UEFA coefficient tables,https://kassiesa.net/uefa/data/method5/trank2025.html
2025,2025/26,127,127,Cercle Brugge,cercle brugge,BEL,,,,,12.75,12.75,11.37,12.75,false,Kassiesa / public UEFA coefficient tables,https://kassiesa.net/uefa/data/method5/trank2025.html
2025,2025/26,128,128,HJK Helsinki,hjk helsinki,FIN,,4,3,2.5,3,12.5,2.35,12.5,false,Kassiesa / public UEFA coefficient tables,https://kassiesa.net/uefa/data/method5/trank2025.html
2025,2025/26,129,,CD Santa Clara,cd santa clara,POR,,2.5,,,,2.5,12.453,12.453,true,Kassiesa / public UEFA coefficient tables,https://kassiesa.net/uefa/data/method5/trank2025.html
2025,2025/26,129,,Gil Vicente,gil vicente,POR,,,2.5,,,2.5,12.453,12.453,true,Kassiesa / public UEFA coefficient tables,https://kassiesa.net/uefa/data/method5/trank2025.html
2025,2025/26,129,,Paços de Ferreira,paços de ferreira,POR,,2.5,,,,2.5,12.453,12.453,true,Kassiesa / public UEFA coefficient tables,https://kassiesa.net/uefa/data/method5/trank2025.html
2025,2025/26,129,,Rio Ave,rio ave,POR,2.5,,,,,2.5,12.453,12.453,true,Kassiesa / public UEFA coefficient tables,https://kassiesa.net/uefa/data/method5/trank2025.html
2025,2025/26,129,129,FC Arouca,fc arouca,POR,,,,2,,2,12.453,12.453,true,Kassiesa / public UEFA coefficient tables,https://kassiesa.net/uefa/data/method5/trank2025.html
2025,2025/26,134,134,FK Astana,fk astana,KAZ,1.5,2,1.5,3,4,12,2.225,12,false,Kassiesa / public UEFA coefficient tables,https://kassiesa.net/uefa/data/method5/trank2025.html
2025,2025/26,134,,NK Rijeka,nk rijeka,CRO,3,2.5,1.5,2.5,2.5,12,5.405,12,false,Kassiesa / public UEFA coefficient tables,https://kassiesa.net/uefa/data/method5/trank2025.html
2025,2025/26,134,,SC Dnipro-1,sc dnipro-1,UKR,,,8,2.5,1.5,12,4.88,12,false,Kassiesa / public UEFA coefficient tables,https://kassiesa.net/uefa/data/method5/trank2025.html
2025,2025/26,134,,Spartak Moscow,spartak moscow,RUS,,12,,,,12,4.526,12,false,Kassiesa / public UEFA coefficient tables,https://kassiesa.net/uefa/data/method5/trank2025.html
2025,2025/26,134,,Zalgiris Vilnius,zalgiris vilnius,LTU,1.5,2.5,4,2.5,1.5,12,1.65,12,false,Kassiesa / public UEFA coefficient tables,https://kassiesa.net/uefa/data/method5/trank2025.html
2025,2025/26,139,,Flora Tallinn,flora tallinn,EST,2.5,4,1,2,2,11.5,1.591,11.5,false,Kassiesa / public UEFA coefficient tables,https://kassiesa.net/uefa/data/method5/trank2025.html
2025,2025/26,139,139,Hearts FC,hearts fc,SCO,,,4,2.5,5,11.5,7.11,11.5,false,Kassiesa / public UEFA coefficient tables,https://kassiesa.net/uefa/data/method5/trank2025.html
2025,2025/26,139,,Servette FC Genève,servette fc genève,SUI,1.5,1.5,,6,2.5,11.5,6.725,11.5,false,Kassiesa / public UEFA coefficient tables,https://kassiesa.net/uefa/data/method5/trank2025.html
2025,2025/26,142,142,Racing Genk,racing genk,BEL,,4,,7,,11,11.37,11.37,true,Kassiesa / public UEFA coefficient tables,https://kassiesa.net/uefa/data/method5/trank2025.html
2025,2025/26,142,,Standard Liège,standard liège,BEL,3,,,,,3,11.37,11.37,true,Kassiesa / public UEFA coefficient tables,https://kassiesa.net/uefa/data/method5/trank2025.html
2025,2025/26,142,,Charleroi,charleroi,BEL,2.5,,,,,2.5,11.37,11.37,true,Kassiesa / public UEFA coefficient tables,https://kassiesa.net/uefa/data/method5/trank2025.html
2025,2025/26,145,145,Pafos FC,pafos fc,CYP,,,,,11.12,11.125,5.507,11.125,false,Kassiesa / public UEFA coefficient tables,https://kassiesa.net/uefa/data/method5/trank2025.html
2025,2025/26,146,146,IF Elfsborg,if elfsborg,SWE,,2.5,1.5,,7,11,5.425,11,false,Kassiesa / public UEFA coefficient tables,https://kassiesa.net/uefa/data/method5/trank2025.html
2025,2025/26,146,,KI Klaksvik,ki klaksvik,FRO,2.5,1,2,3,2.5,11,2.15,11,false,Kassiesa / public UEFA coefficient tables,https://kassiesa.net/uefa/data/method5/trank2025.html
2025,2025/26,146,,RFS Riga,rfs riga,LVA,1,2,2.5,1.5,4,11,2.45,11,false,Kassiesa / public UEFA coefficient tables,https://kassiesa.net/uefa/data/method5/trank2025.html
2025,2025/26,146,,Trabzonspor,trabzonspor,TUR,,2.5,6,,2.5,11,8.78,11,false,Kassiesa / public UEFA coefficient tables,https://kassiesa.net/uefa/data/method5/trank2025.html
2025,2025/26,150,150,Vikingur Reykjavik,vikingur reykjavik,ISL,1,,2,1,6.75,10.75,2.704,10.75,false,Kassiesa / public UEFA coefficient tables,https://kassiesa.net/uefa/data/method5/trank2025.html
2025,2025/26,151,151,CSKA Sofia,cska sofia,BUL,4,2.5,2.5,1.5,,10.5,3.975,10.5,false,Kassiesa / public UEFA coefficient tables,https://kassiesa.net/uefa/data/method5/trank2025.html
2025,2025/26,152,,Hajduk Split,hajduk split,CRO,2,1.5,2.5,2,2,10,5.405,10,false,Kassiesa / public UEFA coefficient tables,https://kassiesa.net/uefa/data/method5/trank2025.html
2025,2025/26,152,,KuPS Kuopio,kups kuopio,FIN,2.5,2.5,2,1.5,1.5,10,2.35,10,false,Kassiesa / public UEFA coefficient tables,https://kassiesa.net/uefa/data/method5/trank2025.html
2025,2025/26,152,,Lincoln Red Imps,lincoln red imps,GIB,1.5,2.5,1.5,2,2.5,10,1.091,10,false,Kassiesa / public UEFA coefficient tables,https://kassiesa.net/uefa/data/method5/trank2025.html
2025,2025/26,152,,Lokomotiv Moscow,lokomotiv moscow,RUS,7,3,,,,10,4.526,10,false,Kassiesa / public UEFA coefficient tables,https://kassiesa.net/uefa/data/method5/trank2025.html
2025,2025/26,152,,Riga FC,riga fc,LVA,2,2.5,2,2,1.5,10,2.45,10,false,Kassiesa / public UEFA coefficient tables,https://kassiesa.net/uefa/data/method5/trank2025.html
2025,2025/26,152,152,Zrinjski Mostar,zrinjski mostar,BIH,2,,2.5,3,2.5,10,2.606,10,false,Kassiesa / public UEFA coefficient tables,https://kassiesa.net/uefa/data/method5/trank2025.html
2025,2025/26,158,158,TSC Backa Topola,tsc backa topola,SRB,1.5,,,3,5.12,9.625,5.1,9.625,false,Kassiesa / public UEFA coefficient tables,https://kassiesa.net/uefa/data/method5/trank2025.html
2025,2025/26,159,,Aberdeen,aberdeen,SCO,2,2.5,,5,,9.5,7.11,9.5,false,Kassiesa / public UEFA coefficient tables,https://kassiesa.net/uefa/data/method5/trank2025.html
2025,2025/26,159,,AEK Athens,aek athens,GRE,3,1.5,,3,2,9.5,7.862,9.5,false,Kassiesa / public UEFA coefficient tables,https://kassiesa.net/uefa/data/method5/trank2025.html
2025,2025/26,159,159,NK Maribor,nk maribor,SVN,1,1.5,2.5,2,2.5,9.5,4.068,9.5,false,Kassiesa / public UEFA coefficient tables,https://kassiesa.net/uefa/data/method5/trank2025.html
2025,2025/26,159,,Wolfsberger AC,wolfsberger ac,AUT,7,,2.5,,,9.5,7.29,9.5,false,Kassiesa / public UEFA coefficient tables,https://kassiesa.net/uefa/data/method5/trank2025.html
2025,2025/26,163,,Breidablik,breidablik,ISL,1,2,2,2.5,1.5,9,2.704,9,false,Kassiesa / public UEFA coefficient tables,https://kassiesa.net/uefa/data/method5/trank2025.html
2025,2025/26,163,,FC Drita,fc drita,KOS,2,1.5,1.5,1.5,2.5,9,2.408,9,false,Kassiesa / public UEFA coefficient tables,https://kassiesa.net/uefa/data/method5/trank2025.html
2025,2025/26,163,,NK Osijek,nk osijek,CRO,1.5,2,1.5,2,2,9,5.405,9,false,Kassiesa / public UEFA coefficient tables,https://kassiesa.net/uefa/data/method5/trank2025.html
2025,2025/26,163,163,The New Saints,the new saints,WAL,1.5,2,1.5,1.5,2.5,9,1.358,9,false,Kassiesa / public UEFA coefficient tables,https://kassiesa.net/uefa/data/method5/trank2025.html
2025,2025/26,167,,FK Jablonec,fk jablonec,CZE,1.5,5,,,,6.5,8.82,8.82,true,Kassiesa / public UEFA coefficient tables,https://kassiesa.net/uefa/data/method5/trank2025.html
2025,2025/26,167,,1.FC Slovácko,1.fc slovácko,CZE,,1.5,4,,,5.5,8.82,8.82,true,Kassiesa / public UEFA coefficient tables,https://kassiesa.net/uefa/data/method5/trank2025.html
2025,2025/26,167,,Slovan Liberec,slovan liberec,CZE,5,,,,,5,8.82,8.82,true,Kassiesa / public UEFA coefficient tables,https://kassiesa.net/uefa/data/method5/trank2025.html
2025,2025/26,167,167,Mladá Boleslav,mladá boleslav,CZE,,,,,4,4,8.82,8.82,true,Kassiesa / public UEFA coefficient tables,https://kassiesa.net/uefa/data/method5/trank2025.html
2025,2025/26,167,,Baník Ostrava,baník ostrava,CZE,,,,,2,2,8.82,8.82,true,Kassiesa / public UEFA coefficient tables,https://kassiesa.net/uefa/data/method5/trank2025.html
2025,2025/26,167,,Bohemians Praha,bohemians praha,CZE,,,,1.5,,1.5,8.82,8.82,true,Kassiesa / public UEFA coefficient tables,https://kassiesa.net/uefa/data/method5/trank2025.html
2025,2025/26,173,173,Adana Demirspor,adana demirspor,TUR,,,,2.5,,2.5,8.78,8.78,true,Kassiesa / public UEFA coefficient tables,https://kassiesa.net/uefa/data/method5/trank2025.html
2025,2025/26,173,,Alanyaspor,alanyaspor,TUR,2,,,,,2,8.78,8.78,true,Kassiesa / public UEFA coefficient tables,https://kassiesa.net/uefa/data/method5/trank2025.html
2025,2025/26,173,,Konyaspor,konyaspor,TUR,,,2,,,2,8.78,8.78,true,Kassiesa / public UEFA coefficient tables,https://kassiesa.net/uefa/data/method5/trank2025.html
2025,2025/26,176,,Apollon Limassol,apollon limassol,CYP,2,1.5,5,,,8.5,5.507,8.5,false,Kassiesa / public UEFA coefficient tables,https://kassiesa.net/uefa/data/method5/trank2025.html
2025,2025/26,176,,Linfield Belfast,linfield belfast,NIR,1.5,2,2.5,1.5,1,8.5,1.666,8.5,false,Kassiesa / public UEFA coefficient tables,https://kassiesa.net/uefa/data/method5/trank2025.html
2025,2025/26,176,,Petrocub Hîncesti,petrocub hîncesti,MDA,1,1.5,2,1.5,2.5,8.5,2.9,8.5,false,Kassiesa / public UEFA coefficient tables,https://kassiesa.net/uefa/data/method5/trank2025.html
2025,2025/26,176,176,Pyunik Yerevan,pyunik yerevan,ARM,,,4,2,2.5,8.5,2.45,8.5,false,Kassiesa / public UEFA coefficient tables,https://kassiesa.net/uefa/data/method5/trank2025.html
2025,2025/26,176,,Spartak Trnava,spartak trnava,SVK,,2,2,2.5,2,8.5,4.25,8.5,false,Kassiesa / public UEFA coefficient tables,https://kassiesa.net/uefa/data/method5/trank2025.html
2025,2025/26,181,,Buducnost Podgorica,buducnost podgorica,MNE,2,1.5,1.5,1.5,1.5,8,1.441,8,false,Kassiesa / public UEFA coefficient tables,https://kassiesa.net/uefa/data/method5/trank2025.html
2025,2025/26,181,,DAC Dunajska Streda,dac dunajska streda,SVK,2,1.5,2,1,1.5,8,4.25,8,false,Kassiesa / public UEFA coefficient tables,https://kassiesa.net/uefa/data/method5/trank2025.html
2025,2025/26,181,181,FC Ballkani,fc ballkani,KOS,,,3,3,2,8,2.408,8,false,Kassiesa / public UEFA coefficient tables,https://kassiesa.net/uefa/data/method5/trank2025.html
2025,2025/26,181,,FC Fehérvár,fc fehérvár,HUN,2.5,1,2.5,,2,8,4.8,8,false,Kassiesa / public UEFA coefficient tables,https://kassiesa.net/uefa/data/method5/trank2025.html
2025,2025/26,181,,FK Krasnodar,fk krasnodar,RUS,8,,,,,8,4.526,8,false,Kassiesa / public UEFA coefficient tables,https://kassiesa.net/uefa/data/method5/trank2025.html
2025,2025/26,181,,Neftchi Baku,neftchi baku,AZE,1.5,2.5,2,2,,8,3.925,8,false,Kassiesa / public UEFA coefficient tables,https://kassiesa.net/uefa/data/method5/trank2025.html
2025,2025/26,181,,Raków Czestochowa,raków czestochowa,POL,,2.5,2.5,3,,8,7,8,false,Kassiesa / public UEFA coefficient tables,https://kassiesa.net/uefa/data/method5/trank2025.html
2025,2025/26,181,,Tobol Kustanai,tobol kustanai,KAZ,,2,2,2.5,1.5,8,2.225,8,false,Kassiesa / public UEFA coefficient tables,https://kassiesa.net/uefa/data/method5/trank2025.html
2025,2025/26,189,,Rosenborg BK,rosenborg bk,NOR,2.5,2.5,,2,,7,7.937,7.937,true,Kassiesa / public UEFA coefficient tables,https://kassiesa.net/uefa/data/method5/trank2025.html
2025,2025/26,189,189,SK Brann Bergen,sk brann bergen,NOR,,,,2.5,2.5,5,7.937,7.937,true,Kassiesa / public UEFA coefficient tables,https://kassiesa.net/uefa/data/method5/trank2025.html
2025,2025/26,189,,Viking Stavanger,viking stavanger,NOR,1.5,,2.5,,,4,7.937,7.937,true,Kassiesa / public UEFA coefficient tables,https://kassiesa.net/uefa/data/method5/trank2025.html
2025,2025/26,189,,Lillestrøm SK,lillestrøm sk,NOR,,,2,,,2,7.937,7.937,true,Kassiesa / public UEFA coefficient tables,https://kassiesa.net/uefa/data/method5/trank2025.html
2025,2025/26,189,,Tromsø IL,tromsø il,NOR,,,,,2,2,7.937,7.937,true,Kassiesa / public UEFA coefficient tables,https://kassiesa.net/uefa/data/method5/trank2025.html
2025,2025/26,189,,Vålerengens IF,vålerengens if,NOR,,1.5,,,,1.5,7.937,7.937,true,Kassiesa / public UEFA coefficient tables,https://kassiesa.net/uefa/data/method5/trank2025.html
2025,2025/26,195,195,Aris Thessaloniki,aris thessaloniki,GRE,1.5,1.5,2,2,,7,7.862,7.862,true,Kassiesa / public UEFA coefficient tables,https://kassiesa.net/uefa/data/method5/trank2025.html
2025,2025/26,195,,OFI Heraklion,ofi heraklion,GRE,1.5,,,,,1.5,7.862,7.862,true,Kassiesa / public UEFA coefficient tables,https://kassiesa.net/uefa/data/method5/trank2025.html
2025,2025/26,197,,AEK Larnaca,aek larnaca,CYP,,,4,2,1.5,7.5,5.507,7.5,false,Kassiesa / public UEFA coefficient tables,https://kassiesa.net/uefa/data/method5/trank2025.html
2025,2025/26,197,197,Ararat-Armenia,ararat-armenia,ARM,2.5,,1.5,1.5,2,7.5,2.45,7.5,false,Kassiesa / public UEFA coefficient tables,https://kassiesa.net/uefa/data/method5/trank2025.html
2025,2025/26,197,,Austria Wien,austria wien,AUT,,1.5,2.5,2,1.5,7.5,7.29,7.5,false,Kassiesa / public UEFA coefficient tables,https://kassiesa.net/uefa/data/method5/trank2025.html
2025,2025/26,197,,FC Vaduz,fc vaduz,LIE,1,1.5,2.5,1,1.5,7.5,1.6,7.5,false,Kassiesa / public UEFA coefficient tables,https://kassiesa.net/uefa/data/method5/trank2025.html
2025,2025/26,197,,Inter Club d'Escaldes,inter club d'escaldes,AND,1.5,1.5,1.5,1.5,1.5,7.5,1.099,7.5,false,Kassiesa / public UEFA coefficient tables,https://kassiesa.net/uefa/data/method5/trank2025.html
2025,2025/26,197,,Shkendija Tetovo,shkendija tetovo,MKD,2,1.5,2,1,1,7.5,1.233,7.5,false,Kassiesa / public UEFA coefficient tables,https://kassiesa.net/uefa/data/method5/trank2025.html
2025,2025/26,197,,Vojvodina Novi Sad,vojvodina novi sad,SRB,2,2,,1.5,2,7.5,5.1,7.5,false,Kassiesa / public UEFA coefficient tables,https://kassiesa.net/uefa/data/method5/trank2025.html
2025,2025/26,204,204,TSV Hartberg,tsv hartberg,AUT,1.5,,,,,1.5,7.29,7.29,true,Kassiesa / public UEFA coefficient tables,https://kassiesa.net/uefa/data/method5/trank2025.html
2025,2025/26,205,,Hibernian,hibernian,SCO,,2,,2.5,,4.5,7.11,7.11,true,Kassiesa / public UEFA coefficient tables,https://kassiesa.net/uefa/data/method5/trank2025.html
2025,2025/26,205,,Motherwell,motherwell,SCO,2,,1.5,,,3.5,7.11,7.11,true,Kassiesa / public UEFA coefficient tables,https://kassiesa.net/uefa/data/method5/trank2025.html
2025,2025/26,205,205,Kilmarnock,kilmarnock,SCO,,,,,2.5,2.5,7.11,7.11,true,Kassiesa / public UEFA coefficient tables,https://kassiesa.net/uefa/data/method5/trank2025.html
2025,2025/26,205,,St. Johnstone,st. johnstone,SCO,,2.5,,,,2.5,7.11,7.11,true,Kassiesa / public UEFA coefficient tables,https://kassiesa.net/uefa/data/method5/trank2025.html
2025,2025/26,205,,Dundee United,dundee united,SCO,,,2,,,2,7.11,7.11,true,Kassiesa / public UEFA coefficient tables,https://kassiesa.net/uefa/data/method5/trank2025.html
2025,2025/26,205,,St. Mirren,st. mirren,SCO,,,,,2,2,7.11,7.11,true,Kassiesa / public UEFA coefficient tables,https://kassiesa.net/uefa/data/method5/trank2025.html
2025,2025/26,211,,Anorthosis Famagusta,anorthosis famagusta,CYP,2,5,,,,7,5.507,7,false,Kassiesa / public UEFA coefficient tables,https://kassiesa.net/uefa/data/method5/trank2025.html
2025,2025/26,211,,B36 Torshavn,b36 torshavn,FRO,2,,2,2,1,7,2.15,7,false,Kassiesa / public UEFA coefficient tables,https://kassiesa.net/uefa/data/method5/trank2025.html
2025,2025/26,211,,BATE Borisov,bate borisov,BLR,1.5,1.5,1.5,2.5,,7,1.2,7,false,Kassiesa / public UEFA coefficient tables,https://kassiesa.net/uefa/data/method5/trank2025.html
2025,2025/26,211,211,BK Häcken,bk häcken,SWE,,1.5,,3,2.5,7,5.425,7,false,Kassiesa / public UEFA coefficient tables,https://kassiesa.net/uefa/data/method5/trank2025.html
2025,2025/26,211,,Brøndby IF,brøndby if,DEN,,3,2,,2,7,6.796,7,false,Kassiesa / public UEFA coefficient tables,https://kassiesa.net/uefa/data/method5/trank2025.html
2025,2025/26,211,,Dinamo Batumi,dinamo batumi,GEO,1,2,1.5,1,1.5,7,1.325,7,false,Kassiesa / public UEFA coefficient tables,https://kassiesa.net/uefa/data/method5/trank2025.html
2025,2025/26,211,,Dinamo Tbilisi,dinamo tbilisi,GEO,2,1.5,1,1.5,1,7,1.325,7,false,Kassiesa / public UEFA coefficient tables,https://kassiesa.net/uefa/data/method5/trank2025.html
2025,2025/26,211,,F91 Dudelange,f91 dudelange,LUX,,1.5,2.5,1.5,1.5,7,1.375,7,false,Kassiesa / public UEFA coefficient tables,https://kassiesa.net/uefa/data/method5/trank2025.html
2025,2025/26,211,,FC Nordsjælland,fc nordsjælland,DEN,,,,7,,7,6.796,7,false,Kassiesa / public UEFA coefficient tables,https://kassiesa.net/uefa/data/method5/trank2025.html
2025,2025/26,211,,Larne FC,larne fc,NIR,,2,1,1.5,2.5,7,1.666,7,false,Kassiesa / public UEFA coefficient tables,https://kassiesa.net/uefa/data/method5/trank2025.html
2025,2025/26,211,,Paide Linnameeskond,paide linnameeskond,EST,1,1,2,1,2,7,1.591,7,false,Kassiesa / public UEFA coefficient tables,https://kassiesa.net/uefa/data/method5/trank2025.html
2025,2025/26,211,,Randers FC,randers fc,DEN,,7,,,,7,6.796,7,false,Kassiesa / public UEFA coefficient tables,https://kassiesa.net/uefa/data/method5/trank2025.html
2025,2025/26,211,,Pogon Szczecin,pogon szczecin,POL,,1.5,1.5,2,,5,7,7,true,Kassiesa / public UEFA coefficient tables,https://kassiesa.net/uefa/data/method5/trank2025.html
2025,2025/26,211,,Slask Wroclaw,slask wroclaw,POL,,2,,,2,4,7,7,true,Kassiesa / public UEFA coefficient tables,https://kassiesa.net/uefa/data/method5/trank2025.html
2025,2025/26,211,,Wisla Kraków,wisla kraków,POL,,,,,2.5,2.5,7,7,true,Kassiesa / public UEFA coefficient tables,https://kassiesa.net/uefa/data/method5/trank2025.html
2025,2025/26,211,,Piast Gliwice,piast gliwice,POL,2,,,,,2,7,7,true,Kassiesa / public UEFA coefficient tables,https://kassiesa.net/uefa/data/method5/trank2025.html
2025,2025/26,211,,Lechia Gdansk,lechia gdansk,POL,,,1.5,,,1.5,7,7,true,Kassiesa / public UEFA coefficient tables,https://kassiesa.net/uefa/data/method5/trank2025.html
2025,2025/26,211,,Cracovia Kraków,cracovia kraków,POL,1,,,,,1,7,7,true,Kassiesa / public UEFA coefficient tables,https://kassiesa.net/uefa/data/method5/trank2025.html
2025,2025/26,229,229,Silkeborg IF,silkeborg if,DEN,,,4,,2,6,6.796,6.796,true,Kassiesa / public UEFA coefficient tables,https://kassiesa.net/uefa/data/method5/trank2025.html
2025,2025/26,229,,AGF Aarhus,agf aarhus,DEN,1.5,1.5,,1.5,,4.5,6.796,6.796,true,Kassiesa / public UEFA coefficient tables,https://kassiesa.net/uefa/data/method5/trank2025.html
2025,2025/26,229,,Viborg FF,viborg ff,DEN,,,2.5,,,2.5,6.796,6.796,true,Kassiesa / public UEFA coefficient tables,https://kassiesa.net/uefa/data/method5/trank2025.html
2025,2025/26,229,,SønderjyskE,sønderjyske,DEN,2,,,,,2,6.796,6.796,true,Kassiesa / public UEFA coefficient tables,https://kassiesa.net/uefa/data/method5/trank2025.html
2025,2025/26,233,233,FC Sankt Gallen,fc sankt gallen,SUI,2,,,,4,6,6.725,6.725,true,Kassiesa / public UEFA coefficient tables,https://kassiesa.net/uefa/data/method5/trank2025.html
2025,2025/26,233,,FC Zürich,fc zürich,SUI,,,3,,2,5,6.725,6.725,true,Kassiesa / public UEFA coefficient tables,https://kassiesa.net/uefa/data/method5/trank2025.html
2025,2025/26,233,,FC Luzern,fc luzern,SUI,,2,,2,,4,6.725,6.725,true,Kassiesa / public UEFA coefficient tables,https://kassiesa.net/uefa/data/method5/trank2025.html
2025,2025/26,236,,Cukaricki Belgrade,cukaricki belgrade,SRB,,2,2,2.5,,6.5,5.1,6.5,false,Kassiesa / public UEFA coefficient tables,https://kassiesa.net/uefa/data/method5/trank2025.html
2025,2025/26,236,,Dundalk,dundalk,IRL,3,2,,1.5,,6.5,2.993,6.5,false,Kassiesa / public UEFA coefficient tables,https://kassiesa.net/uefa/data/method5/trank2025.html
2025,2025/26,236,236,FK Panevezys,fk panevezys,LTU,,1.5,1,1.5,2.5,6.5,1.65,6.5,false,Kassiesa / public UEFA coefficient tables,https://kassiesa.net/uefa/data/method5/trank2025.html
2025,2025/26,236,,FK Shkupi,fk shkupi,MKD,1,1.5,2.5,1.5,,6.5,1.233,6.5,false,Kassiesa / public UEFA coefficient tables,https://kassiesa.net/uefa/data/method5/trank2025.html
2025,2025/26,236,,KF Tirana,kf tirana,ALB,2.5,,1.5,1.5,1,6.5,1.575,6.5,false,Kassiesa / public UEFA coefficient tables,https://kassiesa.net/uefa/data/method5/trank2025.html
2025,2025/26,236,,Levadia Tallinn,levadia tallinn,EST,1,1.5,1.5,1,1.5,6.5,1.591,6.5,false,Kassiesa / public UEFA coefficient tables,https://kassiesa.net/uefa/data/method5/trank2025.html
2025,2025/26,236,,Partizani Tirana,partizani tirana,ALB,,1.5,1,2.5,1.5,6.5,1.575,6.5,false,Kassiesa / public UEFA coefficient tables,https://kassiesa.net/uefa/data/method5/trank2025.html
2025,2025/26,236,,Puskás Akadémia,puskás akadémia,HUN,1,1.5,1.5,,2.5,6.5,4.8,6.5,false,Kassiesa / public UEFA coefficient tables,https://kassiesa.net/uefa/data/method5/trank2025.html
2025,2025/26,236,,Universitatea Craiova,universitatea craiova,ROU,1,1.5,2.5,,1.5,6.5,4.65,6.5,false,Kassiesa / public UEFA coefficient tables,https://kassiesa.net/uefa/data/method5/trank2025.html
2025,2025/26,245,,Beitar Jerusalem,beitar jerusalem,ISR,1,,,1.5,,2.5,6.325,6.325,true,Kassiesa / public UEFA coefficient tables,https://kassiesa.net/uefa/data/method5/trank2025.html
2025,2025/26,245,245,Maccabi Petah-Tikva,maccabi petah-tikva,ISR,,,,,2,2,6.325,6.325,true,Kassiesa / public UEFA coefficient tables,https://kassiesa.net/uefa/data/method5/trank2025.html
2025,2025/26,245,,Maccabi Netanya,maccabi netanya,ISR,,,1.5,,,1.5,6.325,6.325,true,Kassiesa / public UEFA coefficient tables,https://kassiesa.net/uefa/data/method5/trank2025.html
2025,2025/26,245,,MS Ashdod,ms ashdod,ISR,,1.5,,,,1.5,6.325,6.325,true,Kassiesa / public UEFA coefficient tables,https://kassiesa.net/uefa/data/method5/trank2025.html
2025,2025/26,249,,Alashkert FC,alashkert fc,ARM,1,2.5,1,1.5,,6,2.45,6,false,Kassiesa / public UEFA coefficient tables,https://kassiesa.net/uefa/data/method5/trank2025.html
2025,2025/26,249,249,Dinamo Minsk,dinamo minsk,BLR,1,,1.5,1,2.5,6,1.2,6,false,Kassiesa / public UEFA coefficient tables,https://kassiesa.net/uefa/data/method5/trank2025.html
2025,2025/26,249,,FK Sarajevo,fk sarajevo,BIH,2.5,1,,1,1.5,6,2.606,6,false,Kassiesa / public UEFA coefficient tables,https://kassiesa.net/uefa/data/method5/trank2025.html
2025,2025/26,249,,Hamrun Spartans,hamrun spartans,MLT,,,2.5,2,1.5,6,1.7,6,false,Kassiesa / public UEFA coefficient tables,https://kassiesa.net/uefa/data/method5/trank2025.html
2025,2025/26,249,,HB Torshavn,hb torshavn,FRO,0.5,2,1,1,1.5,6,2.15,6,false,Kassiesa / public UEFA coefficient tables,https://kassiesa.net/uefa/data/method5/trank2025.html
2025,2025/26,249,,Mura Murska Sobota,mura murska sobota,SVN,2,2.5,1.5,,,6,4.068,6,false,Kassiesa / public UEFA coefficient tables,https://kassiesa.net/uefa/data/method5/trank2025.html
2025,2025/26,249,,Sepsi OSK,sepsi osk,ROU,,1.5,2,2.5,,6,4.65,6,false,Kassiesa / public UEFA coefficient tables,https://kassiesa.net/uefa/data/method5/trank2025.html
2025,2025/26,256,256,Aris Limassol,aris limassol,CYP,,,1.5,3,,4.5,5.507,5.507,true,Kassiesa / public UEFA coefficient tables,https://kassiesa.net/uefa/data/method5/trank2025.html
2025,2025/26,256,,AEL Limassol,ael limassol,CYP,,2,,,,2,5.507,5.507,true,Kassiesa / public UEFA coefficient tables,https://kassiesa.net/uefa/data/method5/trank2025.html
2025,2025/26,258,,Gzira United,gzira united,MLT,,1.5,2,2,,5.5,1.7,5.5,false,Kassiesa / public UEFA coefficient tables,https://kassiesa.net/uefa/data/method5/trank2025.html
2025,2025/26,258,,Hammarby IF,hammarby if,SWE,1.5,2.5,,1.5,,5.5,5.425,5.5,false,Kassiesa / public UEFA coefficient tables,https://kassiesa.net/uefa/data/method5/trank2025.html
2025,2025/26,258,,Hibernians FC,hibernians fc,MLT,1.5,2,2,,,5.5,1.7,5.5,false,Kassiesa / public UEFA coefficient tables,https://kassiesa.net/uefa/data/method5/trank2025.html
2025,2025/26,258,,Kairat Almaty,kairat almaty,KAZ,1.5,2.5,1.5,,,5.5,2.225,5.5,false,Kassiesa / public UEFA coefficient tables,https://kassiesa.net/uefa/data/method5/trank2025.html
2025,2025/26,258,,La Fiorita,la fiorita,SMR,0.5,1,1.5,1,1.5,5.5,0.499,5.5,false,Kassiesa / public UEFA coefficient tables,https://kassiesa.net/uefa/data/method5/trank2025.html
2025,2025/26,258,,Milsami Orhei,milsami orhei,MDA,,1.5,1.5,1,1.5,5.5,2.9,5.5,false,Kassiesa / public UEFA coefficient tables,https://kassiesa.net/uefa/data/method5/trank2025.html
2025,2025/26,258,258,St. Patrick's Athletic,st. patrick's athletic,IRL,,,2,1,2.5,5.5,2.993,5.5,false,Kassiesa / public UEFA coefficient tables,https://kassiesa.net/uefa/data/method5/trank2025.html
2025,2025/26,258,,Sutjeska Niksic,sutjeska niksic,MNE,1,1.5,1.5,1.5,,5.5,1.441,5.5,false,Kassiesa / public UEFA coefficient tables,https://kassiesa.net/uefa/data/method5/trank2025.html
2025,2025/26,258,,Valmieras FK,valmieras fk,LVA,1,1,1.5,2,,5.5,2.45,5.5,false,Kassiesa / public UEFA coefficient tables,https://kassiesa.net/uefa/data/method5/trank2025.html
2025,2025/26,267,,AIK Stockholm,aik stockholm,SWE,,,2.5,,,2.5,5.425,5.425,true,Kassiesa / public UEFA coefficient tables,https://kassiesa.net/uefa/data/method5/trank2025.html
2025,2025/26,267,,IFK Göteborg,ifk göteborg,SWE,1.5,,,,,1.5,5.425,5.425,true,Kassiesa / public UEFA coefficient tables,https://kassiesa.net/uefa/data/method5/trank2025.html
2025,2025/26,267,267,Kalmar FF,kalmar ff,SWE,,,,1.5,,1.5,5.425,5.425,true,Kassiesa / public UEFA coefficient tables,https://kassiesa.net/uefa/data/method5/trank2025.html
2025,2025/26,270,270,Lokomotiva Zagreb,lokomotiva zagreb,CRO,2,,,,,2,5.405,5.405,true,Kassiesa / public UEFA coefficient tables,https://kassiesa.net/uefa/data/method5/trank2025.html
2025,2025/26,271,271,Radnicki 1923,radnicki 1923,SRB,,,,,1.5,1.5,5.1,5.1,true,Kassiesa / public UEFA coefficient tables,https://kassiesa.net/uefa/data/method5/trank2025.html
2025,2025/26,271,,Radnicki Nis,radnicki nis,SRB,,,1.5,,,1.5,5.1,5.1,true,Kassiesa / public UEFA coefficient tables,https://kassiesa.net/uefa/data/method5/trank2025.html
2025,2025/26,273,,Connah's Quay,connah's quay,WAL,1.5,1.5,,1,1,5,1.358,5,false,Kassiesa / public UEFA coefficient tables,https://kassiesa.net/uefa/data/method5/trank2025.html
2025,2025/26,273,,CS Fola Esch,cs fola esch,LUX,1.5,2.5,1,,,5,1.375,5,false,Kassiesa / public UEFA coefficient tables,https://kassiesa.net/uefa/data/method5/trank2025.html
2025,2025/26,273,,Derry City,derry city,IRL,1,,1,2,1,5,2.993,5,false,Kassiesa / public UEFA coefficient tables,https://kassiesa.net/uefa/data/method5/trank2025.html
2025,2025/26,273,,Differdange 03,differdange 03,LUX,1,,1,1.5,1.5,5,1.375,5,false,Kassiesa / public UEFA coefficient tables,https://kassiesa.net/uefa/data/method5/trank2025.html
2025,2025/26,273,273,FC Noah,fc noah,ARM,1,1,,,3,5,2.45,5,false,Kassiesa / public UEFA coefficient tables,https://kassiesa.net/uefa/data/method5/trank2025.html
2025,2025/26,273,,FC Struga,fc struga,MKD,,1,,2.5,1.5,5,1.233,5,false,Kassiesa / public UEFA coefficient tables,https://kassiesa.net/uefa/data/method5/trank2025.html
2025,2025/26,273,,Kauno Zalgiris,kauno zalgiris,LTU,1,1.5,1,1.5,,5,1.65,5,false,Kassiesa / public UEFA coefficient tables,https://kassiesa.net/uefa/data/method5/trank2025.html
2025,2025/26,273,,KF Laçi,kf laçi,ALB,1.5,2,1.5,,,5,1.575,5,false,Kassiesa / public UEFA coefficient tables,https://kassiesa.net/uefa/data/method5/trank2025.html
2025,2025/26,273,,MFK Ruzomberok,mfk ruzomberok,SVK,1,,1.5,,2.5,5,4.25,5,false,Kassiesa / public UEFA coefficient tables,https://kassiesa.net/uefa/data/method5/trank2025.html
2025,2025/26,273,,MSK Zilina,msk zilina,SVK,1,2.5,,1.5,,5,4.25,5,false,Kassiesa / public UEFA coefficient tables,https://kassiesa.net/uefa/data/method5/trank2025.html
2025,2025/26,273,,Suduva Marijampole,suduva marijampole,LTU,2,1.5,1.5,,,5,1.65,5,false,Kassiesa / public UEFA coefficient tables,https://kassiesa.net/uefa/data/method5/trank2025.html
2025,2025/26,273,,Tre Penne,tre penne,SMR,0.5,1,1,1.5,1,5,0.499,5,false,Kassiesa / public UEFA coefficient tables,https://kassiesa.net/uefa/data/method5/trank2025.html
2025,2025/26,273,,Vllaznia Shkodër,vllaznia shkodër,ALB,,1.5,1.5,1,1,5,1.575,5,false,Kassiesa / public UEFA coefficient tables,https://kassiesa.net/uefa/data/method5/trank2025.html
2025,2025/26,286,,Vorskla Poltava,vorskla poltava,UKR,,1.5,1.5,1.5,,4.5,4.88,4.88,true,Kassiesa / public UEFA coefficient tables,https://kassiesa.net/uefa/data/method5/trank2025.html
2025,2025/26,286,,Kolos Kovalivka,kolos kovalivka,UKR,2,2,,,,4,4.88,4.88,true,Kassiesa / public UEFA coefficient tables,https://kassiesa.net/uefa/data/method5/trank2025.html
2025,2025/26,286,286,Kryvbas Kryviy Rih,kryvbas kryviy rih,UKR,,,,,2.5,2.5,4.88,4.88,true,Kassiesa / public UEFA coefficient tables,https://kassiesa.net/uefa/data/method5/trank2025.html
2025,2025/26,286,,Desna Chernihiv,desna chernihiv,UKR,2,,,,,2,4.88,4.88,true,Kassiesa / public UEFA coefficient tables,https://kassiesa.net/uefa/data/method5/trank2025.html
2025,2025/26,286,,Polissya Zhytomyr,polissya zhytomyr,UKR,,,,,1.5,1.5,4.88,4.88,true,Kassiesa / public UEFA coefficient tables,https://kassiesa.net/uefa/data/method5/trank2025.html
2025,2025/26,291,291,Paksi FC,paksi fc,HUN,,,,,2.5,2.5,4.8,4.8,true,Kassiesa / public UEFA coefficient tables,https://kassiesa.net/uefa/data/method5/trank2025.html
2025,2025/26,291,,DVSC Debrecen,dvsc debrecen,HUN,,,,2,,2,4.8,4.8,true,Kassiesa / public UEFA coefficient tables,https://kassiesa.net/uefa/data/method5/trank2025.html
2025,2025/26,291,,Kisvárda FC,kisvárda fc,HUN,,,2,,,2,4.8,4.8,true,Kassiesa / public UEFA coefficient tables,https://kassiesa.net/uefa/data/method5/trank2025.html
2025,2025/26,291,,Újpest TE,újpest te,HUN,,2,,,,2,4.8,4.8,true,Kassiesa / public UEFA coefficient tables,https://kassiesa.net/uefa/data/method5/trank2025.html
2025,2025/26,291,,Honvéd Budapest,honvéd budapest,HUN,1.5,,,,,1.5,4.8,4.8,true,Kassiesa / public UEFA coefficient tables,https://kassiesa.net/uefa/data/method5/trank2025.html
2025,2025/26,291,,Kecskeméti TE,kecskeméti te,HUN,,,,1.5,,1.5,4.8,4.8,true,Kassiesa / public UEFA coefficient tables,https://kassiesa.net/uefa/data/method5/trank2025.html
2025,2025/26,291,,Zalaegerszegi TE,zalaegerszegi te,HUN,,,,1.5,,1.5,4.8,4.8,true,Kassiesa / public UEFA coefficient tables,https://kassiesa.net/uefa/data/method5/trank2025.html
2025,2025/26,298,,Farul Constanta,farul constanta,ROU,,,,2.5,,2.5,4.65,4.65,true,Kassiesa / public UEFA coefficient tables,https://kassiesa.net/uefa/data/method5/trank2025.html
2025,2025/26,298,298,Corvinul Hunedoara,corvinul hunedoara,ROU,,,,,2,2,4.65,4.65,true,Kassiesa / public UEFA coefficient tables,https://kassiesa.net/uefa/data/method5/trank2025.html
2025,2025/26,298,,FC Botosani,fc botosani,ROU,1.5,,,,,1.5,4.65,4.65,true,Kassiesa / public UEFA coefficient tables,https://kassiesa.net/uefa/data/method5/trank2025.html
2025,2025/26,301,,CSKA Moscow,cska moscow,RUS,3,,,,,3,4.526,4.526,true,Kassiesa / public UEFA coefficient tables,https://kassiesa.net/uefa/data/method5/trank2025.html
2025,2025/26,301,301,FC Sochi,fc sochi,RUS,,2,,,,2,4.526,4.526,true,Kassiesa / public UEFA coefficient tables,https://kassiesa.net/uefa/data/method5/trank2025.html
2025,2025/26,301,,FK Rostov,fk rostov,RUS,2,,,,,2,4.526,4.526,true,Kassiesa / public UEFA coefficient tables,https://kassiesa.net/uefa/data/method5/trank2025.html
2025,2025/26,301,,Rubin Kazan,rubin kazan,RUS,,2,,,,2,4.526,4.526,true,Kassiesa / public UEFA coefficient tables,https://kassiesa.net/uefa/data/method5/trank2025.html
2025,2025/26,301,,Dinamo Moscow,dinamo moscow,RUS,1.5,,,,,1.5,4.526,4.526,true,Kassiesa / public UEFA coefficient tables,https://kassiesa.net/uefa/data/method5/trank2025.html
2025,2025/26,306,,Bala Town,bala town,WAL,1.5,1,1,,1,4.5,1.358,4.5,false,Kassiesa / public UEFA coefficient tables,https://kassiesa.net/uefa/data/method5/trank2025.html
2025,2025/26,306,,Europa FC,europa fc,GIB,1.5,1,1,1,,4.5,1.091,4.5,false,Kassiesa / public UEFA coefficient tables,https://kassiesa.net/uefa/data/method5/trank2025.html
2025,2025/26,306,,Floriana,floriana,MLT,2,,1,,1.5,4.5,1.7,4.5,false,Kassiesa / public UEFA coefficient tables,https://kassiesa.net/uefa/data/method5/trank2025.html
2025,2025/26,306,,Levski Sofia,levski sofia,BUL,,,2,2.5,,4.5,3.975,4.5,false,Kassiesa / public UEFA coefficient tables,https://kassiesa.net/uefa/data/method5/trank2025.html
2025,2025/26,306,306,Ordabasy Shymkent,ordabasy shymkent,KAZ,1,,,1.5,2,4.5,2.225,4.5,false,Kassiesa / public UEFA coefficient tables,https://kassiesa.net/uefa/data/method5/trank2025.html
2025,2025/26,306,,Progrès Niederkorn,progrès niederkorn,LUX,1.5,,,1.5,1.5,4.5,1.375,4.5,false,Kassiesa / public UEFA coefficient tables,https://kassiesa.net/uefa/data/method5/trank2025.html
2025,2025/26,306,,Saburtalo Tbilisi,saburtalo tbilisi,GEO,1,,1.5,,2,4.5,1.325,4.5,false,Kassiesa / public UEFA coefficient tables,https://kassiesa.net/uefa/data/method5/trank2025.html
2025,2025/26,306,,Shakhtior Saligorsk,shakhtior saligorsk,BLR,1,1.5,2,,,4.5,1.2,4.5,false,Kassiesa / public UEFA coefficient tables,https://kassiesa.net/uefa/data/method5/trank2025.html
2025,2025/26,306,,Velez Mostar,velez mostar,BIH,,2,1.5,,1,4.5,2.606,4.5,false,Kassiesa / public UEFA coefficient tables,https://kassiesa.net/uefa/data/method5/trank2025.html
2025,2025/26,315,,NK Domzale,nk domzale,SVN,,2,,1,,3,4.068,4.068,true,Kassiesa / public UEFA coefficient tables,https://kassiesa.net/uefa/data/method5/trank2025.html
2025,2025/26,315,315,NK Bravo,nk bravo,SVN,,,,,1.5,1.5,4.068,4.068,true,Kassiesa / public UEFA coefficient tables,https://kassiesa.net/uefa/data/method5/trank2025.html
2025,2025/26,315,,NK Koper,nk koper,SVN,,,1.5,,,1.5,4.068,4.068,true,Kassiesa / public UEFA coefficient tables,https://kassiesa.net/uefa/data/method5/trank2025.html
2025,2025/26,318,,Crusaders Belfast,crusaders belfast,NIR,,,1.5,1.5,1,4,1.666,4,false,Kassiesa / public UEFA coefficient tables,https://kassiesa.net/uefa/data/method5/trank2025.html
2025,2025/26,318,,Decic Tuzi,decic tuzi,MNE,,1,1,,2,4,1.441,4,false,Kassiesa / public UEFA coefficient tables,https://kassiesa.net/uefa/data/method5/trank2025.html
2025,2025/26,318,,Dila Gori,dila gori,GEO,,1,1,2,,4,1.325,4,false,Kassiesa / public UEFA coefficient tables,https://kassiesa.net/uefa/data/method5/trank2025.html
2025,2025/26,318,,Dynamo Brest,dynamo brest,BLR,2.5,1.5,,,,4,1.2,4,false,Kassiesa / public UEFA coefficient tables,https://kassiesa.net/uefa/data/method5/trank2025.html
2025,2025/26,318,,FC Santa Coloma,fc santa coloma,AND,0.5,1.5,,2,,4,1.099,4,false,Kassiesa / public UEFA coefficient tables,https://kassiesa.net/uefa/data/method5/trank2025.html
2025,2025/26,318,,FK Liepaja,fk liepaja,LVA,,1.5,1.5,,1,4,2.45,4,false,Kassiesa / public UEFA coefficient tables,https://kassiesa.net/uefa/data/method5/trank2025.html
2025,2025/26,318,,Sabah FK,sabah fk,AZE,,,,2,2,4,3.925,4,false,Kassiesa / public UEFA coefficient tables,https://kassiesa.net/uefa/data/method5/trank2025.html
2025,2025/26,318,,St Joseph's FC,st joseph's fc,GIB,0.5,1,1.5,,1,4,1.091,4,false,Kassiesa / public UEFA coefficient tables,https://kassiesa.net/uefa/data/method5/trank2025.html
2025,2025/26,318,,Sumgayit FK,sumgayit fk,AZE,1,1.5,,,1.5,4,3.925,4,false,Kassiesa / public UEFA coefficient tables,https://kassiesa.net/uefa/data/method5/trank2025.html
2025,2025/26,318,,Torpedo Zhodino,torpedo zhodino,BLR,,1.5,,1.5,1,4,1.2,4,false,Kassiesa / public UEFA coefficient tables,https://kassiesa.net/uefa/data/method5/trank2025.html
2025,2025/26,318,,Urartu FC,urartu fc,ARM,,1,,1.5,1.5,4,2.45,4,false,Kassiesa / public UEFA coefficient tables,https://kassiesa.net/uefa/data/method5/trank2025.html
2025,2025/26,318,,Víkingur,víkingur,FRO,,,1.5,1,1.5,4,2.15,4,false,Kassiesa / public UEFA coefficient tables,https://kassiesa.net/uefa/data/method5/trank2025.html
2025,2025/26,318,318,Zira FK,zira fk,AZE,,,1.5,,2.5,4,3.925,4,false,Kassiesa / public UEFA coefficient tables,https://kassiesa.net/uefa/data/method5/trank2025.html
2025,2025/26,331,,Botev Plovdiv,botev plovdiv,BUL,,,1.5,,2,3.5,3.975,3.975,true,Kassiesa / public UEFA coefficient tables,https://kassiesa.net/uefa/data/method5/trank2025.html
2025,2025/26,331,331,CSKA 1948 Sofia,cska 1948 sofia,BUL,,,,1.5,2,3.5,3.975,3.975,true,Kassiesa / public UEFA coefficient tables,https://kassiesa.net/uefa/data/method5/trank2025.html
2025,2025/26,331,,Lokomotiv Plovdiv,lokomotiv plovdiv,BUL,1.5,2,,,,3.5,3.975,3.975,true,Kassiesa / public UEFA coefficient tables,https://kassiesa.net/uefa/data/method5/trank2025.html
2025,2025/26,331,,Arda Kardzhali,arda kardzhali,BUL,,1.5,,,,1.5,3.975,3.975,true,Kassiesa / public UEFA coefficient tables,https://kassiesa.net/uefa/data/method5/trank2025.html
2025,2025/26,331,,Cherno More Varna,cherno more varna,BUL,,,,,1.5,1.5,3.975,3.975,true,Kassiesa / public UEFA coefficient tables,https://kassiesa.net/uefa/data/method5/trank2025.html
2025,2025/26,331,,Slavia Sofia,slavia sofia,BUL,1,,,,,1,3.975,3.975,true,Kassiesa / public UEFA coefficient tables,https://kassiesa.net/uefa/data/method5/trank2025.html
2025,2025/26,337,337,Gabala FK,gabala fk,AZE,,,1.5,1.5,,3,3.925,3.925,true,Kassiesa / public UEFA coefficient tables,https://kassiesa.net/uefa/data/method5/trank2025.html
2025,2025/26,337,,Kesla FK,kesla fk,AZE,1,1.5,,,,2.5,3.925,3.925,true,Kassiesa / public UEFA coefficient tables,https://kassiesa.net/uefa/data/method5/trank2025.html
2025,2025/26,339,,Atlètic Club d'Escaldes,atlètic club d'escaldes,AND,,,1,1.5,1,3.5,1.099,3.5,false,Kassiesa / public UEFA coefficient tables,https://kassiesa.net/uefa/data/method5/trank2025.html
2025,2025/26,339,,FCB Magpies,fcb magpies,GIB,,,1,1,1.5,3.5,1.091,3.5,false,Kassiesa / public UEFA coefficient tables,https://kassiesa.net/uefa/data/method5/trank2025.html
2025,2025/26,339,,FK Auda,fk auda,LVA,,,,1.5,2,3.5,2.45,3.5,false,Kassiesa / public UEFA coefficient tables,https://kassiesa.net/uefa/data/method5/trank2025.html
2025,2025/26,339,,Honka Espoo,honka espoo,FIN,1,1.5,,1,,3.5,2.35,3.5,false,Kassiesa / public UEFA coefficient tables,https://kassiesa.net/uefa/data/method5/trank2025.html
2025,2025/26,339,,KF Llapi,kf llapi,KOS,,1,1,,1.5,3.5,2.408,3.5,false,Kassiesa / public UEFA coefficient tables,https://kassiesa.net/uefa/data/method5/trank2025.html
2025,2025/26,339,,Neman Grodno,neman grodno,BLR,,,,2,1.5,3.5,1.2,3.5,false,Kassiesa / public UEFA coefficient tables,https://kassiesa.net/uefa/data/method5/trank2025.html
2025,2025/26,339,,Sfântul Gheorghe,sfântul gheorghe,MDA,1.5,1,1,,,3.5,2.9,3.5,false,Kassiesa / public UEFA coefficient tables,https://kassiesa.net/uefa/data/method5/trank2025.html
2025,2025/26,339,,Teuta Durrës,teuta durrës,ALB,1.5,2,,,,3.5,1.575,3.5,false,Kassiesa / public UEFA coefficient tables,https://kassiesa.net/uefa/data/method5/trank2025.html
2025,2025/26,339,339,UE Santa Coloma,ue santa coloma,AND,,,1,,2.5,3.5,1.099,3.5,false,Kassiesa / public UEFA coefficient tables,https://kassiesa.net/uefa/data/method5/trank2025.html
2025,2025/26,348,,Bohemians Dublin,bohemians dublin,IRL,1,2,,,,3,2.993,3,false,Kassiesa / public UEFA coefficient tables,https://kassiesa.net/uefa/data/method5/trank2025.html
2025,2025/26,348,,FK Aktobe,fk aktobe,KAZ,,,,2,1,3,2.225,3,false,Kassiesa / public UEFA coefficient tables,https://kassiesa.net/uefa/data/method5/trank2025.html
2025,2025/26,348,,Glentoran,glentoran,NIR,1,1,,1,,3,1.666,3,false,Kassiesa / public UEFA coefficient tables,https://kassiesa.net/uefa/data/method5/trank2025.html
2025,2025/26,348,348,Ilves Tampere,ilves tampere,FIN,1,,,,2,3,2.35,3,false,Kassiesa / public UEFA coefficient tables,https://kassiesa.net/uefa/data/method5/trank2025.html
2025,2025/26,348,,Inter Turku,inter turku,FIN,1,1,1,,,3,2.35,3,false,Kassiesa / public UEFA coefficient tables,https://kassiesa.net/uefa/data/method5/trank2025.html
2025,2025/26,348,,SC Gjilani,sc gjilani,KOS,1,,1,1,,3,2.408,3,false,Kassiesa / public UEFA coefficient tables,https://kassiesa.net/uefa/data/method5/trank2025.html
2025,2025/26,348,,Sligo Rovers,sligo rovers,IRL,,1,2,,,3,2.993,3,false,Kassiesa / public UEFA coefficient tables,https://kassiesa.net/uefa/data/method5/trank2025.html
2025,2025/26,348,,Swift Hesperange,swift hesperange,LUX,,1,,2,,3,1.375,3,false,Kassiesa / public UEFA coefficient tables,https://kassiesa.net/uefa/data/method5/trank2025.html
2025,2025/26,348,,Torpedo Kutaisi,torpedo kutaisi,GEO,,,,1.5,1.5,3,1.325,3,false,Kassiesa / public UEFA coefficient tables,https://kassiesa.net/uefa/data/method5/trank2025.html
2025,2025/26,348,,Tre Fiori,tre fiori,SMR,1.5,,1.5,,,3,0.499,3,false,Kassiesa / public UEFA coefficient tables,https://kassiesa.net/uefa/data/method5/trank2025.html
2025,2025/26,348,,Valur Reykjavik,valur reykjavik,ISL,,1.5,,,1.5,3,2.704,3,false,Kassiesa / public UEFA coefficient tables,https://kassiesa.net/uefa/data/method5/trank2025.html
2025,2025/26,348,,Zimbru Chisinau,zimbru chisinau,MDA,,,,1.5,1.5,3,2.9,3,false,Kassiesa / public UEFA coefficient tables,https://kassiesa.net/uefa/data/method5/trank2025.html
2025,2025/26,360,360,Shelbourne,shelbourne,IRL,,,,,1.5,1.5,2.993,2.993,true,Kassiesa / public UEFA coefficient tables,https://kassiesa.net/uefa/data/method5/trank2025.html
2025,2025/26,361,361,Dinamo-Auto Tiraspol,dinamo-auto tiraspol,MDA,1,,,,,1,2.9,2.9,true,Kassiesa / public UEFA coefficient tables,https://kassiesa.net/uefa/data/method5/trank2025.html
2025,2025/26,362,,FH Hafnarfjardar,fh hafnarfjardar,ISL,1,1.5,,,,2.5,2.704,2.704,true,Kassiesa / public UEFA coefficient tables,https://kassiesa.net/uefa/data/method5/trank2025.html
2025,2025/26,362,,KR Reykjavik,kr reykjavik,ISL,1.5,,1,,,2.5,2.704,2.704,true,Kassiesa / public UEFA coefficient tables,https://kassiesa.net/uefa/data/method5/trank2025.html
2025,2025/26,362,362,Stjarnan FC,stjarnan fc,ISL,,1,,,1.5,2.5,2.704,2.704,true,Kassiesa / public UEFA coefficient tables,https://kassiesa.net/uefa/data/method5/trank2025.html
2025,2025/26,362,,KA Akureyri,ka akureyri,ISL,,,,2,,2,2.704,2.704,true,Kassiesa / public UEFA coefficient tables,https://kassiesa.net/uefa/data/method5/trank2025.html
2025,2025/26,366,366,Zeljeznicar Sarajevo,zeljeznicar sarajevo,BIH,1,,,1.5,,2.5,2.606,2.606,true,Kassiesa / public UEFA coefficient tables,https://kassiesa.net/uefa/data/method5/trank2025.html
2025,2025/26,366,,Tuzla City,tuzla city,BIH,,,1.5,,,1.5,2.606,2.606,true,Kassiesa / public UEFA coefficient tables,https://kassiesa.net/uefa/data/method5/trank2025.html
2025,2025/26,366,,Siroki Brijeg,siroki brijeg,BIH,,1,,,,1,2.606,2.606,true,Kassiesa / public UEFA coefficient tables,https://kassiesa.net/uefa/data/method5/trank2025.html
2025,2025/26,369,,Ararat Yerevan,ararat yerevan,ARM,,1.5,1,,,2.5,2.45,2.5,false,Kassiesa / public UEFA coefficient tables,https://kassiesa.net/uefa/data/method5/trank2025.html
2025,2025/26,369,,Birkirkara,birkirkara,MLT,,1.5,,1,,2.5,1.7,2.5,false,Kassiesa / public UEFA coefficient tables,https://kassiesa.net/uefa/data/method5/trank2025.html
2025,2025/26,369,,Cliftonville,cliftonville,NIR,,,1,,1.5,2.5,1.666,2.5,false,Kassiesa / public UEFA coefficient tables,https://kassiesa.net/uefa/data/method5/trank2025.html
2025,2025/26,369,,Coleraine,coleraine,NIR,1.5,1,,,,2.5,1.666,2.5,false,Kassiesa / public UEFA coefficient tables,https://kassiesa.net/uefa/data/method5/trank2025.html
2025,2025/26,369,369,Egnatia Rrogozhinë,egnatia rrogozhinë,ALB,,,,1,1.5,2.5,1.575,2.5,false,Kassiesa / public UEFA coefficient tables,https://kassiesa.net/uefa/data/method5/trank2025.html
2025,2025/26,369,,FC Prishtina,fc prishtina,KOS,0.5,2,,,,2.5,2.408,2.5,false,Kassiesa / public UEFA coefficient tables,https://kassiesa.net/uefa/data/method5/trank2025.html
2025,2025/26,369,,Makedonija GjP,makedonija gjp,MKD,,,1.5,1,,2.5,1.233,2.5,false,Kassiesa / public UEFA coefficient tables,https://kassiesa.net/uefa/data/method5/trank2025.html
2025,2025/26,369,,Newtown,newtown,WAL,,1,1.5,,,2.5,1.358,2.5,false,Kassiesa / public UEFA coefficient tables,https://kassiesa.net/uefa/data/method5/trank2025.html
2025,2025/26,369,,Racing Union Luxembourg,racing union luxembourg,LUX,,1,1.5,,,2.5,1.375,2.5,false,Kassiesa / public UEFA coefficient tables,https://kassiesa.net/uefa/data/method5/trank2025.html
2025,2025/26,369,,Shakhtyor Karaganda,shakhtyor karaganda,KAZ,,2.5,,,,2.5,2.225,2.5,false,Kassiesa / public UEFA coefficient tables,https://kassiesa.net/uefa/data/method5/trank2025.html
2025,2025/26,369,,Sileks Kratovo,sileks kratovo,MKD,1.5,1,,,,2.5,1.233,2.5,false,Kassiesa / public UEFA coefficient tables,https://kassiesa.net/uefa/data/method5/trank2025.html
2025,2025/26,380,380,FK Ventspils,fk ventspils,LVA,1.5,,,,,1.5,2.45,2.45,true,Kassiesa / public UEFA coefficient tables,https://kassiesa.net/uefa/data/method5/trank2025.html
2025,2025/26,380,,Shirak Gyumri,shirak gyumri,ARM,1,,,,,1,2.45,2.45,true,Kassiesa / public UEFA coefficient tables,https://kassiesa.net/uefa/data/method5/trank2025.html
2025,2025/26,382,,KF Dukagjini,kf dukagjini,KOS,,,,1.5,,1.5,2.408,2.408,true,Kassiesa / public UEFA coefficient tables,https://kassiesa.net/uefa/data/method5/trank2025.html
2025,2025/26,382,382,KF Malisheva,kf malisheva,KOS,,,,,1,1,2.408,2.408,true,Kassiesa / public UEFA coefficient tables,https://kassiesa.net/uefa/data/method5/trank2025.html
2025,2025/26,384,,SJK Seinäjoki,sjk seinäjoki,FIN,,,1.5,,,1.5,2.35,2.35,true,Kassiesa / public UEFA coefficient tables,https://kassiesa.net/uefa/data/method5/trank2025.html
2025,2025/26,384,,Haka Valkeakoski,haka valkeakoski,FIN,,,,1,,1,2.35,2.35,true,Kassiesa / public UEFA coefficient tables,https://kassiesa.net/uefa/data/method5/trank2025.html
2025,2025/26,384,384,VPS Vaasa,vps vaasa,FIN,,,,,1,1,2.35,2.35,true,Kassiesa / public UEFA coefficient tables,https://kassiesa.net/uefa/data/method5/trank2025.html
2025,2025/26,387,387,FK Kyzylzhar,fk kyzylzhar,KAZ,,,2,,,2,2.225,2.225,true,Kassiesa / public UEFA coefficient tables,https://kassiesa.net/uefa/data/method5/trank2025.html
2025,2025/26,387,,Kaysar Kyzylorda,kaysar kyzylorda,KAZ,1.5,,,,,1.5,2.225,2.225,true,Kassiesa / public UEFA coefficient tables,https://kassiesa.net/uefa/data/method5/trank2025.html
2025,2025/26,389,389,NSI Runavik,nsi runavik,FRO,1,1,,,,2,2.15,2.15,true,Kassiesa / public UEFA coefficient tables,https://kassiesa.net/uefa/data/method5/trank2025.html
2025,2025/26,390,,Iskra Danilovgrad,iskra danilovgrad,MNE,1,,1,,,2,1.441,2,false,Kassiesa / public UEFA coefficient tables,https://kassiesa.net/uefa/data/method5/trank2025.html
2025,2025/26,390,,Lokomotivi Tbilisi,lokomotivi tbilisi,GEO,2,,,,,2,1.325,2,false,Kassiesa / public UEFA coefficient tables,https://kassiesa.net/uefa/data/method5/trank2025.html
2025,2025/26,390,390,Mornar Bar,mornar bar,MNE,,,,,2,2,1.441,2,false,Kassiesa / public UEFA coefficient tables,https://kassiesa.net/uefa/data/method5/trank2025.html
2025,2025/26,393,,Balzan FC,balzan fc,MLT,,,,1.5,,1.5,1.7,1.7,true,Kassiesa / public UEFA coefficient tables,https://kassiesa.net/uefa/data/method5/trank2025.html
2025,2025/26,393,393,Sliema Wanderers,sliema wanderers,MLT,,,,,1.5,1.5,1.7,1.7,true,Kassiesa / public UEFA coefficient tables,https://kassiesa.net/uefa/data/method5/trank2025.html
2025,2025/26,393,,Marsaxlokk,marsaxlokk,MLT,,,,,1,1,1.7,1.7,true,Kassiesa / public UEFA coefficient tables,https://kassiesa.net/uefa/data/method5/trank2025.html
2025,2025/26,393,,Mosta FC,mosta fc,MLT,,1,,,,1,1.7,1.7,true,Kassiesa / public UEFA coefficient tables,https://kassiesa.net/uefa/data/method5/trank2025.html
2025,2025/26,393,,Sirens FC,sirens fc,MLT,1,,,,,1,1.7,1.7,true,Kassiesa / public UEFA coefficient tables,https://kassiesa.net/uefa/data/method5/trank2025.html
2025,2025/26,393,,Valletta FC,valletta fc,MLT,1,,,,,1,1.7,1.7,true,Kassiesa / public UEFA coefficient tables,https://kassiesa.net/uefa/data/method5/trank2025.html
2025,2025/26,399,,FK Riteriai,fk riteriai,LTU,1.5,,,,,1.5,1.65,1.65,true,Kassiesa / public UEFA coefficient tables,https://kassiesa.net/uefa/data/method5/trank2025.html
2025,2025/26,399,399,Transinvest Vilnius,transinvest vilnius,LTU,,,,,1.5,1.5,1.65,1.65,true,Kassiesa / public UEFA coefficient tables,https://kassiesa.net/uefa/data/method5/trank2025.html
2025,2025/26,399,,FA Siauliai,fa siauliai,LTU,,,,,1,1,1.65,1.65,true,Kassiesa / public UEFA coefficient tables,https://kassiesa.net/uefa/data/method5/trank2025.html
2025,2025/26,399,,FC Hegelmann,fc hegelmann,LTU,,,,1,,1,1.65,1.65,true,Kassiesa / public UEFA coefficient tables,https://kassiesa.net/uefa/data/method5/trank2025.html
2025,2025/26,403,403,Kalev Tallinn,kalev tallinn,EST,,,,,1,1,1.591,1.591,true,Kassiesa / public UEFA coefficient tables,https://kassiesa.net/uefa/data/method5/trank2025.html
2025,2025/26,403,,Kalju Nomme,kalju nomme,EST,1,,,,,1,1.591,1.591,true,Kassiesa / public UEFA coefficient tables,https://kassiesa.net/uefa/data/method5/trank2025.html
2025,2025/26,403,,Trans Narva,trans narva,EST,,,,1,,1,1.591,1.591,true,Kassiesa / public UEFA coefficient tables,https://kassiesa.net/uefa/data/method5/trank2025.html
2025,2025/26,406,406,FK Kukësi,fk kukësi,ALB,1.5,,,,,1.5,1.575,1.575,true,Kassiesa / public UEFA coefficient tables,https://kassiesa.net/uefa/data/method5/trank2025.html
2025,2025/26,407,,AC Virtus,ac virtus,SMR,,,,,1.5,1.5,0.499,1.5,false,Kassiesa / public UEFA coefficient tables,https://kassiesa.net/uefa/data/method5/trank2025.html
2025,2025/26,407,407,Caernarfon Town,caernarfon town,WAL,,,,,1.5,1.5,1.358,1.5,false,Kassiesa / public UEFA coefficient tables,https://kassiesa.net/uefa/data/method5/trank2025.html
2025,2025/26,407,,FC Gomel,fc gomel,BLR,,,1.5,,,1.5,1.2,1.5,false,Kassiesa / public UEFA coefficient tables,https://kassiesa.net/uefa/data/method5/trank2025.html
2025,2025/26,407,,Folgore,folgore,SMR,,1.5,,,,1.5,0.499,1.5,false,Kassiesa / public UEFA coefficient tables,https://kassiesa.net/uefa/data/method5/trank2025.html
2025,2025/26,407,,Haverfordwest County,haverfordwest county,WAL,,,,1.5,,1.5,1.358,1.5,false,Kassiesa / public UEFA coefficient tables,https://kassiesa.net/uefa/data/method5/trank2025.html
2025,2025/26,407,,Renova Dzepciste,renova dzepciste,MKD,1.5,,,,,1.5,1.233,1.5,false,Kassiesa / public UEFA coefficient tables,https://kassiesa.net/uefa/data/method5/trank2025.html
2025,2025/26,413,413,Arsenal Tivat,arsenal tivat,MNE,,,,1,,1,1.441,1.441,true,Kassiesa / public UEFA coefficient tables,https://kassiesa.net/uefa/data/method5/trank2025.html
2025,2025/26,413,,FK Podgorica,fk podgorica,MNE,,1,,,,1,1.441,1.441,true,Kassiesa / public UEFA coefficient tables,https://kassiesa.net/uefa/data/method5/trank2025.html
2025,2025/26,413,,Zeta Golubovci,zeta golubovci,MNE,1,,,,,1,1.441,1.441,true,Kassiesa / public UEFA coefficient tables,https://kassiesa.net/uefa/data/method5/trank2025.html
2025,2025/26,416,416,UNA Strassen,una strassen,LUX,,,,,1,1,1.375,1.375,true,Kassiesa / public UEFA coefficient tables,https://kassiesa.net/uefa/data/method5/trank2025.html
2025,2025/26,416,,Union Titus Pétange,union titus pétange,LUX,1,,,,,1,1.375,1.375,true,Kassiesa / public UEFA coefficient tables,https://kassiesa.net/uefa/data/method5/trank2025.html
2025,2025/26,418,418,Penybont,penybont,WAL,,,,1,,1,1.358,1.358,true,Kassiesa / public UEFA coefficient tables,https://kassiesa.net/uefa/data/method5/trank2025.html
2025,2025/26,418,,Barry Town,barry town,WAL,0.5,,,,,0.5,1.358,1.358,true,Kassiesa / public UEFA coefficient tables,https://kassiesa.net/uefa/data/method5/trank2025.html
2025,2025/26,420,420,Gagra Tbilisi,gagra tbilisi,GEO,,1,,,,1,1.325,1.325,true,Kassiesa / public UEFA coefficient tables,https://kassiesa.net/uefa/data/method5/trank2025.html
2025,2025/26,421,,Akademija Pandev,akademija pandev,MKD,,,1,,,1,1.233,1.233,true,Kassiesa / public UEFA coefficient tables,https://kassiesa.net/uefa/data/method5/trank2025.html
2025,2025/26,421,421,Tikves Kavadarci,tikves kavadarci,MKD,,,,,1,1,1.233,1.233,true,Kassiesa / public UEFA coefficient tables,https://kassiesa.net/uefa/data/method5/trank2025.html
2025,2025/26,423,423,Isloch Minsk Raion,isloch minsk raion,BLR,,,,,1,1,1.2,1.2,true,Kassiesa / public UEFA coefficient tables,https://kassiesa.net/uefa/data/method5/trank2025.html
2025,2025/26,424,424,Sant Julià,sant julià,AND,,1,,,,1,1.099,1.099,true,Kassiesa / public UEFA coefficient tables,https://kassiesa.net/uefa/data/method5/trank2025.html
2025,2025/26,424,,UE Engordany,ue engordany,AND,0.5,,,,,0.5,1.099,1.099,true,Kassiesa / public UEFA coefficient tables,https://kassiesa.net/uefa/data/method5/trank2025.html
2025,2025/26,426,426,Mons Calpe,mons calpe,GIB,,1,,,,1,1.091,1.091,true,Kassiesa / public UEFA coefficient tables,https://kassiesa.net/uefa/data/method5/trank2025.html
2025,2025/26,427,427,Cosmos,cosmos,SMR,,,,1,,1,0.499,1,false,Kassiesa / public UEFA coefficient tables,https://kassiesa.net/uefa/data/method5/trank2025.html
2026,2026/27,1,1,Bayern München,bayern münchen,GER,26,27,28,27.25,39.25,147.5,18.58,147.5,false,Kassiesa / public UEFA coefficient tables,https://kassiesa.net/uefa/data/method5/trank2026.html
2026,2026/27,2,2,Real Madrid,real madrid,ESP,30,29,34,24.5,27,144.5,19.409,144.5,false,Kassiesa / public UEFA coefficient tables,https://kassiesa.net/uefa/data/method5/trank2026.html
2026,2026/27,3,3,Paris Saint-Germain,paris saint-germain,FRA,19,19,23,33.5,37.5,132,16.699,132,false,Kassiesa / public UEFA coefficient tables,https://kassiesa.net/uefa/data/method5/trank2026.html
2026,2026/27,4,4,Liverpool,liverpool,ENG,33,19,20,29.5,28.5,130,23.903,130,false,Kassiesa / public UEFA coefficient tables,https://kassiesa.net/uefa/data/method5/trank2026.html
2026,2026/27,5,5,Internazionale,internazionale,ITA,18,29,20,40.25,19.75,127,19.989,127,false,Kassiesa / public UEFA coefficient tables,https://kassiesa.net/uefa/data/method5/trank2026.html
2026,2026/27,6,6,Manchester City,manchester city,ENG,27,33,28,14.75,22.75,125.5,23.903,125.5,false,Kassiesa / public UEFA coefficient tables,https://kassiesa.net/uefa/data/method5/trank2026.html
2026,2026/27,7,7,Arsenal,arsenal,ENG,,17,22,36,44,119,23.903,119,false,Kassiesa / public UEFA coefficient tables,https://kassiesa.net/uefa/data/method5/trank2026.html
2026,2026/27,8,8,FC Barcelona,fc barcelona,ESP,15,9,23,36.25,30,113.25,19.409,113.25,false,Kassiesa / public UEFA coefficient tables,https://kassiesa.net/uefa/data/method5/trank2026.html
2026,2026/27,9,9,Bayer Leverkusen,bayer leverkusen,GER,14,19,29,23.25,19.75,105,18.58,105,false,Kassiesa / public UEFA coefficient tables,https://kassiesa.net/uefa/data/method5/trank2026.html
2026,2026/27,10,10,Atlético Madrid,atlético madrid,ESP,19,8,24,26.5,27.25,104.75,19.409,104.75,false,Kassiesa / public UEFA coefficient tables,https://kassiesa.net/uefa/data/method5/trank2026.html
2026,2026/27,11,11,Borussia Dortmund,borussia dortmund,GER,10,18,29,27.75,16,100.75,18.58,100.75,false,Kassiesa / public UEFA coefficient tables,https://kassiesa.net/uefa/data/method5/trank2026.html
2026,2026/27,12,12,Chelsea,chelsea,ENG,25,21,,30,23.25,99.25,23.903,99.25,false,Kassiesa / public UEFA coefficient tables,https://kassiesa.net/uefa/data/method5/trank2026.html
2026,2026/27,13,13,AS Roma,as roma,ITA,23,22,21,14.5,17.25,97.75,19.989,97.75,false,Kassiesa / public UEFA coefficient tables,https://kassiesa.net/uefa/data/method5/trank2026.html
2026,2026/27,14,14,Benfica,benfica,POR,20,25,14,18.75,12.25,90,14.633,90,false,Kassiesa / public UEFA coefficient tables,https://kassiesa.net/uefa/data/method5/trank2026.html
2026,2026/27,15,,Atalanta,atalanta,ITA,16,,28,21,19,84,19.989,84,false,Kassiesa / public UEFA coefficient tables,https://kassiesa.net/uefa/data/method5/trank2026.html
2026,2026/27,15,15,Sporting CP Lisbon,sporting cp lisbon,POR,16,14,12,14.5,27.5,84,14.633,84,false,Kassiesa / public UEFA coefficient tables,https://kassiesa.net/uefa/data/method5/trank2026.html
2026,2026/27,17,17,Aston Villa,aston villa,ENG,,,17,30.25,35.75,83,23.903,83,false,Kassiesa / public UEFA coefficient tables,https://kassiesa.net/uefa/data/method5/trank2026.html
2026,2026/27,17,,Eintracht Frankfurt,eintracht frankfurt,GER,28,16,7,23,9,83,18.58,83,false,Kassiesa / public UEFA coefficient tables,https://kassiesa.net/uefa/data/method5/trank2026.html
2026,2026/27,19,19,Tottenham Hotspur,tottenham hotspur,ENG,5,18,,32.25,26.75,82,23.903,82,false,Kassiesa / public UEFA coefficient tables,https://kassiesa.net/uefa/data/method5/trank2026.html
2026,2026/27,20,20,FC Porto,fc porto,POR,10,18,19,9.75,24,80.75,14.633,80.75,false,Kassiesa / public UEFA coefficient tables,https://kassiesa.net/uefa/data/method5/trank2026.html
2026,2026/27,21,21,Manchester United,manchester united,ENG,18,19,7,32.5,,76.5,23.903,76.5,false,Kassiesa / public UEFA coefficient tables,https://kassiesa.net/uefa/data/method5/trank2026.html
2026,2026/27,22,22,Fiorentina,fiorentina,ITA,,20,22,20,14.25,76.25,19.989,76.25,false,Kassiesa / public UEFA coefficient tables,https://kassiesa.net/uefa/data/method5/trank2026.html
2026,2026/27,23,23,Club Brugge,club brugge,BEL,7,17,21,15.75,14.5,75.25,12.45,75.25,false,Kassiesa / public UEFA coefficient tables,https://kassiesa.net/uefa/data/method5/trank2026.html
2026,2026/27,24,24,Real Betis,real betis,ESP,11,16,6,19.25,22.25,74.5,19.409,74.5,false,Kassiesa / public UEFA coefficient tables,https://kassiesa.net/uefa/data/method5/trank2026.html
2026,2026/27,25,25,Juventus,juventus,ITA,20,17,,16.25,19,72.25,19.989,72.25,false,Kassiesa / public UEFA coefficient tables,https://kassiesa.net/uefa/data/method5/trank2026.html
2026,2026/27,26,26,PSV Eindhoven,psv eindhoven,NED,10,11,17,21.25,12,71.25,13.585,71.25,false,Kassiesa / public UEFA coefficient tables,https://kassiesa.net/uefa/data/method5/trank2026.html
2026,2026/27,27,27,Feyenoord,feyenoord,NED,24,17,8,18,4,71,13.585,71,false,Kassiesa / public UEFA coefficient tables,https://kassiesa.net/uefa/data/method5/trank2026.html
2026,2026/27,28,28,West Ham United,west ham united,ENG,21,29,19,,,69,23.903,69,false,Kassiesa / public UEFA coefficient tables,https://kassiesa.net/uefa/data/method5/trank2026.html
2026,2026/27,29,29,Lille OSC,lille osc,FRA,17,,17,24,10.75,68.75,16.699,68.75,false,Kassiesa / public UEFA coefficient tables,https://kassiesa.net/uefa/data/method5/trank2026.html
2026,2026/27,30,30,AC Milan,ac milan,ITA,7,24,16,19,,66,19.989,66,false,Kassiesa / public UEFA coefficient tables,https://kassiesa.net/uefa/data/method5/trank2026.html
2026,2026/27,31,31,Olympique Lyon,olympique lyon,FRA,21,,,22.75,22,65.75,16.699,65.75,false,Kassiesa / public UEFA coefficient tables,https://kassiesa.net/uefa/data/method5/trank2026.html
2026,2026/27,32,32,Bodø/Glimt,bodø/glimt,NOR,15,3,8,21,17,64,8.247,64,false,Kassiesa / public UEFA coefficient tables,https://kassiesa.net/uefa/data/method5/trank2026.html
2026,2026/27,33,33,Sporting Braga,sporting braga,POR,16,7,7,7,26.75,63.75,14.633,63.75,false,Kassiesa / public UEFA coefficient tables,https://kassiesa.net/uefa/data/method5/trank2026.html
2026,2026/27,34,34,Napoli,napoli,ITA,9,25,17,,12,63,19.989,63,false,Kassiesa / public UEFA coefficient tables,https://kassiesa.net/uefa/data/method5/trank2026.html
2026,2026/27,35,35,AZ Alkmaar,az alkmaar,NED,13,19,4,12.5,14.38,62.875,13.585,62.875,false,Kassiesa / public UEFA coefficient tables,https://kassiesa.net/uefa/data/method5/trank2026.html
2026,2026/27,36,36,Olympiakos Piraeus,olympiakos piraeus,GRE,8,3,17,18.5,15.75,62.25,9.682,62.25,false,Kassiesa / public UEFA coefficient tables,https://kassiesa.net/uefa/data/method5/trank2026.html
2026,2026/27,37,37,RB Leipzig,rb leipzig,GER,17,18,18,8,,61,18.58,61,false,Kassiesa / public UEFA coefficient tables,https://kassiesa.net/uefa/data/method5/trank2026.html
2026,2026/27,38,38,Glasgow Rangers,glasgow rangers,SCO,19,4,14,19.25,3,59.25,6.41,59.25,false,Kassiesa / public UEFA coefficient tables,https://kassiesa.net/uefa/data/method5/trank2026.html
2026,2026/27,39,,Lazio,lazio,ITA,9,6,18,26,,59,19.989,59,false,Kassiesa / public UEFA coefficient tables,https://kassiesa.net/uefa/data/method5/trank2026.html
2026,2026/27,39,39,Villarreal,villarreal,ESP,24,12,16,,7,59,19.409,59,false,Kassiesa / public UEFA coefficient tables,https://kassiesa.net/uefa/data/method5/trank2026.html
2026,2026/27,41,41,Ajax,ajax,NED,22,8,5,13.25,10,58.25,13.585,58.25,false,Kassiesa / public UEFA coefficient tables,https://kassiesa.net/uefa/data/method5/trank2026.html
2026,2026/27,42,42,Fenerbahçe,fenerbahçe,TUR,5,17,14,11.25,10.5,57.75,10.375,57.75,false,Kassiesa / public UEFA coefficient tables,https://kassiesa.net/uefa/data/method5/trank2026.html
2026,2026/27,43,43,Real Sociedad,real sociedad,ESP,9,16,18,14,,57,19.409,57,false,Kassiesa / public UEFA coefficient tables,https://kassiesa.net/uefa/data/method5/trank2026.html
2026,2026/27,44,44,SC Freiburg,sc freiburg,GER,,15,13,,28.5,56.5,18.58,56.5,false,Kassiesa / public UEFA coefficient tables,https://kassiesa.net/uefa/data/method5/trank2026.html
2026,2026/27,45,45,Shakhtar Donetsk,shakhtar donetsk,UKR,6,11,10,11,18.25,56.25,5.182,56.25,false,Kassiesa / public UEFA coefficient tables,https://kassiesa.net/uefa/data/method5/trank2026.html
2026,2026/27,46,46,AS Monaco,as monaco,FRA,15,9,,17,15,56,16.699,56,false,Kassiesa / public UEFA coefficient tables,https://kassiesa.net/uefa/data/method5/trank2026.html
2026,2026/27,47,47,FC København,fc københavn,DEN,13,7,15,7.38,12,54.375,8.421,54.375,false,Kassiesa / public UEFA coefficient tables,https://kassiesa.net/uefa/data/method5/trank2026.html
2026,2026/27,48,48,Olympique Marseille,olympique marseille,FRA,16,8,18,,12,54,16.699,54,false,Kassiesa / public UEFA coefficient tables,https://kassiesa.net/uefa/data/method5/trank2026.html
2026,2026/27,49,49,Galatasaray,galatasaray,TUR,15,,8,12.75,17.75,53.5,10.375,53.5,false,Kassiesa / public UEFA coefficient tables,https://kassiesa.net/uefa/data/method5/trank2026.html
2026,2026/27,50,50,Ferencváros,ferencváros,HUN,3,12,9,10,17.25,51.25,5.437,51.25,false,Kassiesa / public UEFA coefficient tables,https://kassiesa.net/uefa/data/method5/trank2026.html
2026,2026/27,51,51,Viktoria Plzen,viktoria plzen,CZE,2.5,4,17,13.25,13.75,50.5,9.705,50.5,false,Kassiesa / public UEFA coefficient tables,https://kassiesa.net/uefa/data/method5/trank2026.html
2026,2026/27,52,52,FC Midtjylland,fc midtjylland,DEN,7,8,2.5,9.25,21.5,48.25,8.421,48.25,false,Kassiesa / public UEFA coefficient tables,https://kassiesa.net/uefa/data/method5/trank2026.html
2026,2026/27,52,,PAOK Thessaloniki,paok thessaloniki,GRE,13,1.5,15,7.75,11,48.25,9.682,48.25,false,Kassiesa / public UEFA coefficient tables,https://kassiesa.net/uefa/data/method5/trank2026.html
2026,2026/27,54,54,Union Saint-Gilloise,union saint-gilloise,BEL,,19,8,9,12,48,12.45,48,false,Kassiesa / public UEFA coefficient tables,https://kassiesa.net/uefa/data/method5/trank2026.html
2026,2026/27,55,,Dinamo Zagreb,dinamo zagreb,CRO,9,7,9,14,7.5,46.5,5.631,46.5,false,Kassiesa / public UEFA coefficient tables,https://kassiesa.net/uefa/data/method5/trank2026.html
2026,2026/27,55,55,Red Star Belgrade,red star belgrade,SRB,15,4,5,10,12.5,46.5,5.15,46.5,false,Kassiesa / public UEFA coefficient tables,https://kassiesa.net/uefa/data/method5/trank2026.html
2026,2026/27,57,57,FC Salzburg,fc salzburg,AUT,17,9,7,8,4,45,6.77,45,false,Kassiesa / public UEFA coefficient tables,https://kassiesa.net/uefa/data/method5/trank2026.html
2026,2026/27,58,58,Celtic,celtic,SCO,6,6,7,16,9,44,6.41,44,false,Kassiesa / public UEFA coefficient tables,https://kassiesa.net/uefa/data/method5/trank2026.html
2026,2026/27,58,,Slavia Praha,slavia praha,CZE,10,6,15,4,9,44,9.705,44,false,Kassiesa / public UEFA coefficient tables,https://kassiesa.net/uefa/data/method5/trank2026.html
2026,2026/27,60,60,Qarabag FK,qarabag fk,AZE,9,6,11,3,13.75,42.75,4.587,42.75,false,Kassiesa / public UEFA coefficient tables,https://kassiesa.net/uefa/data/method5/trank2026.html
2026,2026/27,61,61,AA Gent,aa gent,BEL,11,11,10,7,,39,12.45,39,false,Kassiesa / public UEFA coefficient tables,https://kassiesa.net/uefa/data/method5/trank2026.html
2026,2026/27,61,,Sevilla,sevilla,ESP,12,21,6,,,39,19.409,39,false,Kassiesa / public UEFA coefficient tables,https://kassiesa.net/uefa/data/method5/trank2026.html
2026,2026/27,63,63,Athletic Bilbao,athletic bilbao,ESP,,,,26.75,12,38.75,19.409,38.75,false,Kassiesa / public UEFA coefficient tables,https://kassiesa.net/uefa/data/method5/trank2026.html
2026,2026/27,64,64,Sparta Praha,sparta praha,CZE,5,1.5,10,9,12.75,38.25,9.705,38.25,false,Kassiesa / public UEFA coefficient tables,https://kassiesa.net/uefa/data/method5/trank2026.html
2026,2026/27,65,65,Slovan Bratislava,slovan bratislava,SVK,6,12,8,6,4,36,4.475,36,false,Kassiesa / public UEFA coefficient tables,https://kassiesa.net/uefa/data/method5/trank2026.html
2026,2026/27,66,66,Stade Rennais,stade rennais,FRA,14,11,10,,,35,16.699,35,false,Kassiesa / public UEFA coefficient tables,https://kassiesa.net/uefa/data/method5/trank2026.html
2026,2026/27,67,67,FC Basel,fc basel,SUI,12,17,1.5,,4,34.5,6.94,34.5,false,Kassiesa / public UEFA coefficient tables,https://kassiesa.net/uefa/data/method5/trank2026.html
2026,2026/27,68,68,Legia Warsaw,legia warsaw,POL,4,,9,15.5,4,32.5,9.35,32.5,false,Kassiesa / public UEFA coefficient tables,https://kassiesa.net/uefa/data/method5/trank2026.html
2026,2026/27,68,,Maccabi Tel-Aviv,maccabi tel-aviv,ISR,9,2.5,14,4,3,32.5,5.5,32.5,false,Kassiesa / public UEFA coefficient tables,https://kassiesa.net/uefa/data/method5/trank2026.html
2026,2026/27,70,70,Djurgårdens IF,djurgårdens if,SWE,,13,1.5,17.5,,32,5.925,32,false,Kassiesa / public UEFA coefficient tables,https://kassiesa.net/uefa/data/method5/trank2026.html
2026,2026/27,71,,Anderlecht,anderlecht,BEL,2.5,12,,13.75,2.5,30.75,12.45,30.75,false,Kassiesa / public UEFA coefficient tables,https://kassiesa.net/uefa/data/method5/trank2026.html
2026,2026/27,71,71,Bologna,bologna,ITA,,,,11,19.75,30.75,19.989,30.75,false,Kassiesa / public UEFA coefficient tables,https://kassiesa.net/uefa/data/method5/trank2026.html
2026,2026/27,73,73,Newcastle United,newcastle united,ENG,,,8,,21.75,29.75,23.903,29.75,false,Kassiesa / public UEFA coefficient tables,https://kassiesa.net/uefa/data/method5/trank2026.html
2026,2026/27,73,,Rapid Wien,rapid wien,AUT,4,2.5,2.5,18.25,2.5,29.75,6.77,29.75,false,Kassiesa / public UEFA coefficient tables,https://kassiesa.net/uefa/data/method5/trank2026.html
2026,2026/27,75,75,Young Boys,young boys,SUI,8,2.5,7,6,6,29.5,6.94,29.5,false,Kassiesa / public UEFA coefficient tables,https://kassiesa.net/uefa/data/method5/trank2026.html
2026,2026/27,76,76,Panathinaikos,panathinaikos,GRE,,2,3,11,13.25,29.25,9.682,29.25,false,Kassiesa / public UEFA coefficient tables,https://kassiesa.net/uefa/data/method5/trank2026.html
2026,2026/27,77,77,Racing Genk,racing genk,BEL,4,,7,,18,29,12.45,29,false,Kassiesa / public UEFA coefficient tables,https://kassiesa.net/uefa/data/method5/trank2026.html
2026,2026/27,78,78,Ludogorets Razgrad,ludogorets razgrad,BUL,3,5,9,4,7.75,28.75,4.212,28.75,false,Kassiesa / public UEFA coefficient tables,https://kassiesa.net/uefa/data/method5/trank2026.html
2026,2026/27,79,79,Sturm Graz,sturm graz,AUT,3,6,4,10,5,28,6.77,28,false,Kassiesa / public UEFA coefficient tables,https://kassiesa.net/uefa/data/method5/trank2026.html
2026,2026/27,80,80,VfB Stuttgart,vfb stuttgart,GER,,,,13,14.5,27.5,18.58,27.5,false,Kassiesa / public UEFA coefficient tables,https://kassiesa.net/uefa/data/method5/trank2026.html
2026,2026/27,81,81,Lech Poznan,lech poznan,POL,,14,2,,11.25,27.25,9.35,27.25,false,Kassiesa / public UEFA coefficient tables,https://kassiesa.net/uefa/data/method5/trank2026.html
2026,2026/27,82,82,FCSB,fcsb,ROU,1.5,2.5,2,14.5,5,25.5,5.05,25.5,false,Kassiesa / public UEFA coefficient tables,https://kassiesa.net/uefa/data/method5/trank2026.html
2026,2026/27,83,83,Pafos FC,pafos fc,CYP,,,,11.12,13,24.125,7.138,24.125,false,Kassiesa / public UEFA coefficient tables,https://kassiesa.net/uefa/data/method5/trank2026.html
2026,2026/27,84,84,AEK Athens,aek athens,GRE,1.5,,3,2,17.5,24,9.682,24,false,Kassiesa / public UEFA coefficient tables,https://kassiesa.net/uefa/data/method5/trank2026.html
2026,2026/27,85,85,Nottingham Forest,nottingham forest,ENG,,,,,23,23,23.903,23.903,true,Kassiesa / public UEFA coefficient tables,https://kassiesa.net/uefa/data/method5/trank2026.html
2026,2026/27,85,,Crystal Palace,crystal palace,ENG,,,,,21.88,21.88,23.903,23.903,true,Kassiesa / public UEFA coefficient tables,https://kassiesa.net/uefa/data/method5/trank2026.html
2026,2026/27,85,,Brighton & Hove Albion,brighton & hove albion,ENG,,,16,,,16,23.903,23.903,true,Kassiesa / public UEFA coefficient tables,https://kassiesa.net/uefa/data/method5/trank2026.html
2026,2026/27,85,,Leicester City,leicester city,ENG,13,,,,,13,23.903,23.903,true,Kassiesa / public UEFA coefficient tables,https://kassiesa.net/uefa/data/method5/trank2026.html
2026,2026/27,89,89,NK Celje,nk celje,SVN,,,2.5,9.5,11,23,4.893,23,false,Kassiesa / public UEFA coefficient tables,https://kassiesa.net/uefa/data/method5/trank2026.html
2026,2026/27,89,,Union Berlin,union berlin,GER,5,12,6,,,23,18.58,23,false,Kassiesa / public UEFA coefficient tables,https://kassiesa.net/uefa/data/method5/trank2026.html
2026,2026/27,91,91,Raków Czestochowa,raków czestochowa,POL,2.5,2.5,3,,14.25,22.25,9.35,22.25,false,Kassiesa / public UEFA coefficient tables,https://kassiesa.net/uefa/data/method5/trank2026.html
2026,2026/27,92,,Jagiellonia Bialystok,jagiellonia bialystok,POL,,,,14,8,22,9.35,22,false,Kassiesa / public UEFA coefficient tables,https://kassiesa.net/uefa/data/method5/trank2026.html
2026,2026/27,92,,Partizan Belgrade,partizan belgrade,SRB,7,8,2.5,2.5,2,22,5.15,22,false,Kassiesa / public UEFA coefficient tables,https://kassiesa.net/uefa/data/method5/trank2026.html
2026,2026/27,92,92,Rayo Vallecano,rayo vallecano,ESP,,,,,22,22,19.409,22,false,Kassiesa / public UEFA coefficient tables,https://kassiesa.net/uefa/data/method5/trank2026.html
2026,2026/27,95,95,Molde FK,molde fk,NOR,2,5,7,7.75,,21.75,8.247,21.75,false,Kassiesa / public UEFA coefficient tables,https://kassiesa.net/uefa/data/method5/trank2026.html
2026,2026/27,96,96,RC Strasbourg,rc strasbourg,FRA,,,,,21.5,21.5,16.699,21.5,false,Kassiesa / public UEFA coefficient tables,https://kassiesa.net/uefa/data/method5/trank2026.html
2026,2026/27,97,,FC Lugano,fc lugano,SUI,,2,3,14.25,2,21.25,6.94,21.25,false,Kassiesa / public UEFA coefficient tables,https://kassiesa.net/uefa/data/method5/trank2026.html
2026,2026/27,97,97,Omonia Nicosia,omonia nicosia,CYP,4,3,2,5.38,6.88,21.25,7.138,21.25,false,Kassiesa / public UEFA coefficient tables,https://kassiesa.net/uefa/data/method5/trank2026.html
2026,2026/27,99,99,LASK,lask,AUT,15,,3,3,,21,6.77,21,false,Kassiesa / public UEFA coefficient tables,https://kassiesa.net/uefa/data/method5/trank2026.html
2026,2026/27,100,100,AEK Larnaca,aek larnaca,CYP,,4,2,1.5,12.75,20.25,7.138,20.25,false,Kassiesa / public UEFA coefficient tables,https://kassiesa.net/uefa/data/method5/trank2026.html
2026,2026/27,101,101,OGC Nice,ogc nice,FRA,,14,,3,3,20,16.699,20,false,Kassiesa / public UEFA coefficient tables,https://kassiesa.net/uefa/data/method5/trank2026.html
2026,2026/27,101,,Sheriff Tiraspol,sheriff tiraspol,MDA,9,4,3,2,2,20,2.925,20,false,Kassiesa / public UEFA coefficient tables,https://kassiesa.net/uefa/data/method5/trank2026.html
2026,2026/27,103,103,Istanbul Basaksehir,istanbul basaksehir,TUR,,12,,5,2.5,19.5,10.375,19.5,false,Kassiesa / public UEFA coefficient tables,https://kassiesa.net/uefa/data/method5/trank2026.html
2026,2026/27,104,104,Celta de Vigo,celta de vigo,ESP,,,,,16.25,16.25,19.409,19.409,true,Kassiesa / public UEFA coefficient tables,https://kassiesa.net/uefa/data/method5/trank2026.html
2026,2026/27,104,,Girona FC,girona fc,ESP,,,,8,,8,19.409,19.409,true,Kassiesa / public UEFA coefficient tables,https://kassiesa.net/uefa/data/method5/trank2026.html
2026,2026/27,104,,Osasuna,osasuna,ESP,,,2.5,,,2.5,19.409,19.409,true,Kassiesa / public UEFA coefficient tables,https://kassiesa.net/uefa/data/method5/trank2026.html
2026,2026/27,107,107,Shamrock Rovers,shamrock rovers,IRL,2.5,2.5,1.5,9.88,3,19.375,3.468,19.375,false,Kassiesa / public UEFA coefficient tables,https://kassiesa.net/uefa/data/method5/trank2026.html
2026,2026/27,108,108,Vitória Guimarães,vitória guimarães,POR,,2,1.5,15.25,,18.75,14.633,18.75,false,Kassiesa / public UEFA coefficient tables,https://kassiesa.net/uefa/data/method5/trank2026.html
2026,2026/27,109,109,NK Rijeka,nk rijeka,CRO,2.5,1.5,2.5,2.5,9.62,18.625,5.631,18.625,false,Kassiesa / public UEFA coefficient tables,https://kassiesa.net/uefa/data/method5/trank2026.html
2026,2026/27,110,110,FSV Mainz 05,fsv mainz 05,GER,,,,,17.5,17.5,18.58,18.58,true,Kassiesa / public UEFA coefficient tables,https://kassiesa.net/uefa/data/method5/trank2026.html
2026,2026/27,110,,1.FC Heidenheim,1.fc heidenheim,GER,,,,8.12,,8.12,18.58,18.58,true,Kassiesa / public UEFA coefficient tables,https://kassiesa.net/uefa/data/method5/trank2026.html
2026,2026/27,110,,VfL Wolfsburg,vfl wolfsburg,GER,8,,,,,8,18.58,18.58,true,Kassiesa / public UEFA coefficient tables,https://kassiesa.net/uefa/data/method5/trank2026.html
2026,2026/27,110,,1899 Hoffenheim,1899 hoffenheim,GER,,,,7,,7,18.58,18.58,true,Kassiesa / public UEFA coefficient tables,https://kassiesa.net/uefa/data/method5/trank2026.html
2026,2026/27,110,,1.FC Köln,1.fc köln,GER,,6,,,,6,18.58,18.58,true,Kassiesa / public UEFA coefficient tables,https://kassiesa.net/uefa/data/method5/trank2026.html
2026,2026/27,115,115,Olimpija Ljubljana,olimpija ljubljana,SVN,2,1.5,4,8.38,2.5,18.375,4.893,18.375,false,Kassiesa / public UEFA coefficient tables,https://kassiesa.net/uefa/data/method5/trank2026.html
2026,2026/27,116,,CFR Cluj,cfr cluj,ROU,3,8,1.5,2.5,2.5,17.5,5.05,17.5,false,Kassiesa / public UEFA coefficient tables,https://kassiesa.net/uefa/data/method5/trank2026.html
2026,2026/27,116,116,Dynamo Kyiv,dynamo kyiv,UKR,5,3,2.5,3,4,17.5,5.182,17.5,false,Kassiesa / public UEFA coefficient tables,https://kassiesa.net/uefa/data/method5/trank2026.html
2026,2026/27,116,,Maccabi Haifa,maccabi haifa,ISR,3,6,5,1.5,2,17.5,5.5,17.5,false,Kassiesa / public UEFA coefficient tables,https://kassiesa.net/uefa/data/method5/trank2026.html
2026,2026/27,119,119,Stade Brestois,stade brestois,FRA,,,,16.75,,16.75,16.699,16.75,false,Kassiesa / public UEFA coefficient tables,https://kassiesa.net/uefa/data/method5/trank2026.html
2026,2026/27,120,120,RC Lens,rc lens,FRA,,,10,2.5,,12.5,16.699,16.699,true,Kassiesa / public UEFA coefficient tables,https://kassiesa.net/uefa/data/method5/trank2026.html
2026,2026/27,120,,Toulouse FC,toulouse fc,FRA,,,10,,,10,16.699,16.699,true,Kassiesa / public UEFA coefficient tables,https://kassiesa.net/uefa/data/method5/trank2026.html
2026,2026/27,120,,FC Nantes,fc nantes,FRA,,8,,,,8,16.699,16.699,true,Kassiesa / public UEFA coefficient tables,https://kassiesa.net/uefa/data/method5/trank2026.html
2026,2026/27,123,123,Besiktas,besiktas,TUR,4,,3,6,2.5,15.5,10.375,15.5,false,Kassiesa / public UEFA coefficient tables,https://kassiesa.net/uefa/data/method5/trank2026.html
2026,2026/27,124,124,Malmö FF,malmö ff,SWE,5,3,,4,3,15,5.925,15,false,Kassiesa / public UEFA coefficient tables,https://kassiesa.net/uefa/data/method5/trank2026.html
2026,2026/27,125,125,APOEL Nicosia,apoel nicosia,CYP,,2.5,2.5,9.75,,14.75,7.138,14.75,false,Kassiesa / public UEFA coefficient tables,https://kassiesa.net/uefa/data/method5/trank2026.html
2026,2026/27,126,126,CD Santa Clara,cd santa clara,POR,2.5,,,,2.5,5,14.633,14.633,true,Kassiesa / public UEFA coefficient tables,https://kassiesa.net/uefa/data/method5/trank2026.html
2026,2026/27,126,,Gil Vicente,gil vicente,POR,,2.5,,,,2.5,14.633,14.633,true,Kassiesa / public UEFA coefficient tables,https://kassiesa.net/uefa/data/method5/trank2026.html
2026,2026/27,126,,Paços de Ferreira,paços de ferreira,POR,2.5,,,,,2.5,14.633,14.633,true,Kassiesa / public UEFA coefficient tables,https://kassiesa.net/uefa/data/method5/trank2026.html
2026,2026/27,126,,FC Arouca,fc arouca,POR,,,2,,,2,14.633,14.633,true,Kassiesa / public UEFA coefficient tables,https://kassiesa.net/uefa/data/method5/trank2026.html
2026,2026/27,130,,Hapoel Beer-Sheva,hapoel beer-sheva,ISR,2.5,6,2,2,1.5,14,5.5,14,false,Kassiesa / public UEFA coefficient tables,https://kassiesa.net/uefa/data/method5/trank2026.html
2026,2026/27,130,,HJK Helsinki,hjk helsinki,FIN,4,3,2.5,3,1.5,14,2.8,14,false,Kassiesa / public UEFA coefficient tables,https://kassiesa.net/uefa/data/method5/trank2026.html
2026,2026/27,130,130,KuPS Kuopio,kups kuopio,FIN,2.5,2,1.5,1.5,6.5,14,2.8,14,false,Kassiesa / public UEFA coefficient tables,https://kassiesa.net/uefa/data/method5/trank2026.html
2026,2026/27,133,133,FC Drita,fc drita,KOS,1.5,1.5,1.5,2.5,6.62,13.625,2.797,13.625,false,Kassiesa / public UEFA coefficient tables,https://kassiesa.net/uefa/data/method5/trank2026.html
2026,2026/27,134,,FC Twente Enschede,fc twente enschede,NED,,2.5,2.5,8.5,,13.5,13.585,13.585,true,Kassiesa / public UEFA coefficient tables,https://kassiesa.net/uefa/data/method5/trank2026.html
2026,2026/27,134,,Vitesse Arnhem,vitesse arnhem,NED,9,,,,,9,13.585,13.585,true,Kassiesa / public UEFA coefficient tables,https://kassiesa.net/uefa/data/method5/trank2026.html
2026,2026/27,134,134,Go Ahead Eagles,go ahead eagles,NED,,,,1.5,5,6.5,13.585,13.585,true,Kassiesa / public UEFA coefficient tables,https://kassiesa.net/uefa/data/method5/trank2026.html
2026,2026/27,134,,FC Utrecht,fc utrecht,NED,,,,,3,3,13.585,13.585,true,Kassiesa / public UEFA coefficient tables,https://kassiesa.net/uefa/data/method5/trank2026.html
2026,2026/27,138,138,Lincoln Red Imps,lincoln red imps,GIB,2.5,1.5,2,2.5,5,13.5,1.424,13.5,false,Kassiesa / public UEFA coefficient tables,https://kassiesa.net/uefa/data/method5/trank2026.html
2026,2026/27,139,139,Zrinjski Mostar,zrinjski mostar,BIH,,2.5,3,2.5,5.25,13.25,2.743,13.25,false,Kassiesa / public UEFA coefficient tables,https://kassiesa.net/uefa/data/method5/trank2026.html
2026,2026/27,140,140,Borac Banja Luka,borac banja luka,BIH,1.5,1,1.5,8.12,1,13.125,2.743,13.125,false,Kassiesa / public UEFA coefficient tables,https://kassiesa.net/uefa/data/method5/trank2026.html
2026,2026/27,141,141,Cercle Brugge,cercle brugge,BEL,,,,12.75,,12.75,12.45,12.75,false,Kassiesa / public UEFA coefficient tables,https://kassiesa.net/uefa/data/method5/trank2026.html
2026,2026/27,142,,FK Astana,fk astana,KAZ,2,1.5,3,4,2,12.5,2.75,12.5,false,Kassiesa / public UEFA coefficient tables,https://kassiesa.net/uefa/data/method5/trank2026.html
2026,2026/27,142,142,RFS Riga,rfs riga,LVA,2,2.5,1.5,4,2.5,12.5,2.575,12.5,false,Kassiesa / public UEFA coefficient tables,https://kassiesa.net/uefa/data/method5/trank2026.html
2026,2026/27,142,,Royal Antwerp,royal antwerp,BEL,4,2.5,6,,,12.5,12.45,12.5,false,Kassiesa / public UEFA coefficient tables,https://kassiesa.net/uefa/data/method5/trank2026.html
2026,2026/27,142,,Servette FC Genève,servette fc genève,SUI,1.5,,6,2.5,2.5,12.5,6.94,12.5,false,Kassiesa / public UEFA coefficient tables,https://kassiesa.net/uefa/data/method5/trank2026.html
2026,2026/27,142,,Sivasspor,sivasspor,TUR,2.5,10,,,,12.5,10.375,12.5,false,Kassiesa / public UEFA coefficient tables,https://kassiesa.net/uefa/data/method5/trank2026.html
2026,2026/27,147,147,Charleroi,charleroi,BEL,,,,,1.5,1.5,12.45,12.45,true,Kassiesa / public UEFA coefficient tables,https://kassiesa.net/uefa/data/method5/trank2026.html
2026,2026/27,148,148,SK Brann Bergen,sk brann bergen,NOR,,,2.5,2.5,7.25,12.25,8.247,12.25,false,Kassiesa / public UEFA coefficient tables,https://kassiesa.net/uefa/data/method5/trank2026.html
2026,2026/27,149,149,Breidablik,breidablik,ISL,2,2,2.5,1.5,4,12,3.304,12,false,Kassiesa / public UEFA coefficient tables,https://kassiesa.net/uefa/data/method5/trank2026.html
2026,2026/27,149,,SC Dnipro-1,sc dnipro-1,UKR,,8,2.5,1.5,,12,5.182,12,false,Kassiesa / public UEFA coefficient tables,https://kassiesa.net/uefa/data/method5/trank2026.html
2026,2026/27,149,,Spartak Moscow,spartak moscow,RUS,12,,,,,12,4.526,12,false,Kassiesa / public UEFA coefficient tables,https://kassiesa.net/uefa/data/method5/trank2026.html
2026,2026/27,149,,Zalgiris Vilnius,zalgiris vilnius,LTU,2.5,4,2.5,1.5,1.5,12,1.55,12,false,Kassiesa / public UEFA coefficient tables,https://kassiesa.net/uefa/data/method5/trank2026.html
2026,2026/27,149,,Zorya Luhansk,zorya luhansk,UKR,5,2,5,,,12,5.182,12,false,Kassiesa / public UEFA coefficient tables,https://kassiesa.net/uefa/data/method5/trank2026.html
2026,2026/27,154,154,Vikingur Reykjavik,vikingur reykjavik,ISL,,2,1,6.75,2,11.75,3.304,11.75,false,Kassiesa / public UEFA coefficient tables,https://kassiesa.net/uefa/data/method5/trank2026.html
2026,2026/27,155,155,Hearts FC,hearts fc,SCO,,4,2.5,5,,11.5,6.41,11.5,false,Kassiesa / public UEFA coefficient tables,https://kassiesa.net/uefa/data/method5/trank2026.html
2026,2026/27,156,156,Samsunspor,samsunspor,TUR,,,,,11.12,11.125,10.375,11.125,false,Kassiesa / public UEFA coefficient tables,https://kassiesa.net/uefa/data/method5/trank2026.html
2026,2026/27,157,,IF Elfsborg,if elfsborg,SWE,2.5,1.5,,7,,11,5.925,11,false,Kassiesa / public UEFA coefficient tables,https://kassiesa.net/uefa/data/method5/trank2026.html
2026,2026/27,157,157,Kairat Almaty,kairat almaty,KAZ,2.5,1.5,,,7,11,2.75,11,false,Kassiesa / public UEFA coefficient tables,https://kassiesa.net/uefa/data/method5/trank2026.html
2026,2026/27,157,,Trabzonspor,trabzonspor,TUR,2.5,6,,2.5,,11,10.375,11,false,Kassiesa / public UEFA coefficient tables,https://kassiesa.net/uefa/data/method5/trank2026.html
2026,2026/27,160,160,Shkendija Tetovo,shkendija tetovo,MKD,1.5,2,1,1,5.38,10.875,1.551,10.875,false,Kassiesa / public UEFA coefficient tables,https://kassiesa.net/uefa/data/method5/trank2026.html
2026,2026/27,161,161,FC Noah,fc noah,ARM,1,,,3,6.75,10.75,3.012,10.75,false,Kassiesa / public UEFA coefficient tables,https://kassiesa.net/uefa/data/method5/trank2026.html
2026,2026/27,162,,KI Klaksvik,ki klaksvik,FRO,1,2,3,2.5,2,10.5,1.95,10.5,false,Kassiesa / public UEFA coefficient tables,https://kassiesa.net/uefa/data/method5/trank2026.html
2026,2026/27,162,,Riga FC,riga fc,LVA,2.5,2,2,1.5,2.5,10.5,2.575,10.5,false,Kassiesa / public UEFA coefficient tables,https://kassiesa.net/uefa/data/method5/trank2026.html
2026,2026/27,162,,Spartak Trnava,spartak trnava,SVK,2,2,2.5,2,2,10.5,4.475,10.5,false,Kassiesa / public UEFA coefficient tables,https://kassiesa.net/uefa/data/method5/trank2026.html
2026,2026/27,162,162,Universitatea Craiova,universitatea craiova,ROU,1.5,2.5,,1.5,5,10.5,5.05,10.5,false,Kassiesa / public UEFA coefficient tables,https://kassiesa.net/uefa/data/method5/trank2026.html
2026,2026/27,166,166,Adana Demirspor,adana demirspor,TUR,,,2.5,,,2.5,10.375,10.375,true,Kassiesa / public UEFA coefficient tables,https://kassiesa.net/uefa/data/method5/trank2026.html
2026,2026/27,166,,Konyaspor,konyaspor,TUR,,2,,,,2,10.375,10.375,true,Kassiesa / public UEFA coefficient tables,https://kassiesa.net/uefa/data/method5/trank2026.html
2026,2026/27,168,,Aberdeen,aberdeen,SCO,2.5,,5,,2.5,10,6.41,10,false,Kassiesa / public UEFA coefficient tables,https://kassiesa.net/uefa/data/method5/trank2026.html
2026,2026/27,168,,BK Häcken,bk häcken,SWE,1.5,,3,2.5,3,10,5.925,10,false,Kassiesa / public UEFA coefficient tables,https://kassiesa.net/uefa/data/method5/trank2026.html
2026,2026/27,168,,FC Ballkani,fc ballkani,KOS,,3,3,2,2,10,2.797,10,false,Kassiesa / public UEFA coefficient tables,https://kassiesa.net/uefa/data/method5/trank2026.html
2026,2026/27,168,,Flora Tallinn,flora tallinn,EST,4,1,2,2,1,10,1.641,10,false,Kassiesa / public UEFA coefficient tables,https://kassiesa.net/uefa/data/method5/trank2026.html
2026,2026/27,168,,Hajduk Split,hajduk split,CRO,1.5,2.5,2,2,2,10,5.631,10,false,Kassiesa / public UEFA coefficient tables,https://kassiesa.net/uefa/data/method5/trank2026.html
2026,2026/27,168,168,Lausanne Sports,lausanne sports,SUI,,,,,10,10,6.94,10,false,Kassiesa / public UEFA coefficient tables,https://kassiesa.net/uefa/data/method5/trank2026.html
2026,2026/27,168,,NK Maribor,nk maribor,SVN,1.5,2.5,2,2.5,1.5,10,4.893,10,false,Kassiesa / public UEFA coefficient tables,https://kassiesa.net/uefa/data/method5/trank2026.html
2026,2026/27,168,,Pyunik Yerevan,pyunik yerevan,ARM,,4,2,2.5,1.5,10,3.012,10,false,Kassiesa / public UEFA coefficient tables,https://kassiesa.net/uefa/data/method5/trank2026.html
2026,2026/27,176,176,Sigma Olomouc,sigma olomouc,CZE,,,,,6.62,6.62,9.705,9.705,true,Kassiesa / public UEFA coefficient tables,https://kassiesa.net/uefa/data/method5/trank2026.html
2026,2026/27,176,,1.FC Slovácko,1.fc slovácko,CZE,1.5,4,,,,5.5,9.705,9.705,true,Kassiesa / public UEFA coefficient tables,https://kassiesa.net/uefa/data/method5/trank2026.html
2026,2026/27,176,,FK Jablonec,fk jablonec,CZE,5,,,,,5,9.705,9.705,true,Kassiesa / public UEFA coefficient tables,https://kassiesa.net/uefa/data/method5/trank2026.html
2026,2026/27,176,,Baník Ostrava,baník ostrava,CZE,,,,2,2.5,4.5,9.705,9.705,true,Kassiesa / public UEFA coefficient tables,https://kassiesa.net/uefa/data/method5/trank2026.html
2026,2026/27,176,,Mladá Boleslav,mladá boleslav,CZE,,,,4,,4,9.705,9.705,true,Kassiesa / public UEFA coefficient tables,https://kassiesa.net/uefa/data/method5/trank2026.html
2026,2026/27,176,,Bohemians Praha,bohemians praha,CZE,,,1.5,,,1.5,9.705,9.705,true,Kassiesa / public UEFA coefficient tables,https://kassiesa.net/uefa/data/method5/trank2026.html
2026,2026/27,182,182,Aris Thessaloniki,aris thessaloniki,GRE,1.5,2,2,,1.5,7,9.682,9.682,true,Kassiesa / public UEFA coefficient tables,https://kassiesa.net/uefa/data/method5/trank2026.html
2026,2026/27,183,,Austria Wien,austria wien,AUT,1.5,2.5,2,1.5,2,9.5,6.77,9.5,false,Kassiesa / public UEFA coefficient tables,https://kassiesa.net/uefa/data/method5/trank2026.html
2026,2026/27,183,183,Brøndby IF,brøndby if,DEN,3,2,,2,2.5,9.5,8.421,9.5,false,Kassiesa / public UEFA coefficient tables,https://kassiesa.net/uefa/data/method5/trank2026.html
2026,2026/27,183,,Linfield Belfast,linfield belfast,NIR,2,2.5,1.5,1,2.5,9.5,1.45,9.5,false,Kassiesa / public UEFA coefficient tables,https://kassiesa.net/uefa/data/method5/trank2026.html
2026,2026/27,186,,Pogon Szczecin,pogon szczecin,POL,1.5,1.5,2,,,5,9.35,9.35,true,Kassiesa / public UEFA coefficient tables,https://kassiesa.net/uefa/data/method5/trank2026.html
2026,2026/27,186,,Slask Wroclaw,slask wroclaw,POL,2,,,2,,4,9.35,9.35,true,Kassiesa / public UEFA coefficient tables,https://kassiesa.net/uefa/data/method5/trank2026.html
2026,2026/27,186,186,Wisla Kraków,wisla kraków,POL,,,,2.5,,2.5,9.35,9.35,true,Kassiesa / public UEFA coefficient tables,https://kassiesa.net/uefa/data/method5/trank2026.html
2026,2026/27,186,,Lechia Gdansk,lechia gdansk,POL,,1.5,,,,1.5,9.35,9.35,true,Kassiesa / public UEFA coefficient tables,https://kassiesa.net/uefa/data/method5/trank2026.html
2026,2026/27,190,190,Larne FC,larne fc,NIR,2,1,1.5,2.5,2,9,1.45,9,false,Kassiesa / public UEFA coefficient tables,https://kassiesa.net/uefa/data/method5/trank2026.html
2026,2026/27,190,,Petrocub Hîncesti,petrocub hîncesti,MDA,1.5,2,1.5,2.5,1.5,9,2.925,9,false,Kassiesa / public UEFA coefficient tables,https://kassiesa.net/uefa/data/method5/trank2026.html
2026,2026/27,190,,The New Saints,the new saints,WAL,2,1.5,1.5,2.5,1.5,9,1.124,9,false,Kassiesa / public UEFA coefficient tables,https://kassiesa.net/uefa/data/method5/trank2026.html
2026,2026/27,193,,FC Vaduz,fc vaduz,LIE,1.5,2.5,1,1.5,2,8.5,1.7,8.5,false,Kassiesa / public UEFA coefficient tables,https://kassiesa.net/uefa/data/method5/trank2026.html
2026,2026/27,193,193,Hamrun Spartans,hamrun spartans,MLT,,2.5,2,1.5,2.5,8.5,1.8,8.5,false,Kassiesa / public UEFA coefficient tables,https://kassiesa.net/uefa/data/method5/trank2026.html
2026,2026/27,195,195,Silkeborg IF,silkeborg if,DEN,,4,,2,2,8,8.421,8.421,true,Kassiesa / public UEFA coefficient tables,https://kassiesa.net/uefa/data/method5/trank2026.html
2026,2026/27,195,,FC Nordsjælland,fc nordsjælland,DEN,,,7,,,7,8.421,8.421,true,Kassiesa / public UEFA coefficient tables,https://kassiesa.net/uefa/data/method5/trank2026.html
2026,2026/27,195,,Randers FC,randers fc,DEN,7,,,,,7,8.421,8.421,true,Kassiesa / public UEFA coefficient tables,https://kassiesa.net/uefa/data/method5/trank2026.html
2026,2026/27,195,,AGF Aarhus,agf aarhus,DEN,1.5,,1.5,,,3,8.421,8.421,true,Kassiesa / public UEFA coefficient tables,https://kassiesa.net/uefa/data/method5/trank2026.html
2026,2026/27,195,,Viborg FF,viborg ff,DEN,,2.5,,,,2.5,8.421,8.421,true,Kassiesa / public UEFA coefficient tables,https://kassiesa.net/uefa/data/method5/trank2026.html
2026,2026/27,200,200,Rosenborg BK,rosenborg bk,NOR,2.5,,2,,2.5,7,8.247,8.247,true,Kassiesa / public UEFA coefficient tables,https://kassiesa.net/uefa/data/method5/trank2026.html
2026,2026/27,200,,Viking Stavanger,viking stavanger,NOR,,2.5,,,2,4.5,8.247,8.247,true,Kassiesa / public UEFA coefficient tables,https://kassiesa.net/uefa/data/method5/trank2026.html
2026,2026/27,200,,Fredrikstad FK,fredrikstad fk,NOR,,,,,2.5,2.5,8.247,8.247,true,Kassiesa / public UEFA coefficient tables,https://kassiesa.net/uefa/data/method5/trank2026.html
2026,2026/27,200,,Lillestrøm SK,lillestrøm sk,NOR,,2,,,,2,8.247,8.247,true,Kassiesa / public UEFA coefficient tables,https://kassiesa.net/uefa/data/method5/trank2026.html
2026,2026/27,200,,Tromsø IL,tromsø il,NOR,,,,2,,2,8.247,8.247,true,Kassiesa / public UEFA coefficient tables,https://kassiesa.net/uefa/data/method5/trank2026.html
2026,2026/27,200,,Vålerengens IF,vålerengens if,NOR,1.5,,,,,1.5,8.247,8.247,true,Kassiesa / public UEFA coefficient tables,https://kassiesa.net/uefa/data/method5/trank2026.html
2026,2026/27,206,206,TSC Backa Topola,tsc backa topola,SRB,,,3,5.12,,8.125,5.15,8.125,false,Kassiesa / public UEFA coefficient tables,https://kassiesa.net/uefa/data/method5/trank2026.html
2026,2026/27,207,207,F91 Dudelange,f91 dudelange,LUX,1.5,2.5,1.5,1.5,1,8,1.325,8,false,Kassiesa / public UEFA coefficient tables,https://kassiesa.net/uefa/data/method5/trank2026.html
2026,2026/27,207,,Tobol Kustanai,tobol kustanai,KAZ,2,2,2.5,1.5,,8,2.75,8,false,Kassiesa / public UEFA coefficient tables,https://kassiesa.net/uefa/data/method5/trank2026.html
2026,2026/27,207,,Zenit St. Petersburg,zenit st. petersburg,RUS,8,,,,,8,4.526,8,false,Kassiesa / public UEFA coefficient tables,https://kassiesa.net/uefa/data/method5/trank2026.html
2026,2026/27,210,,Buducnost Podgorica,buducnost podgorica,MNE,1.5,1.5,1.5,1.5,1.5,7.5,1.316,7.5,false,Kassiesa / public UEFA coefficient tables,https://kassiesa.net/uefa/data/method5/trank2026.html
2026,2026/27,210,,Inter Club d'Escaldes,inter club d'escaldes,AND,1.5,1.5,1.5,1.5,1.5,7.5,1.366,7.5,false,Kassiesa / public UEFA coefficient tables,https://kassiesa.net/uefa/data/method5/trank2026.html
2026,2026/27,210,,Levadia Tallinn,levadia tallinn,EST,1.5,1.5,1,1.5,2,7.5,1.641,7.5,false,Kassiesa / public UEFA coefficient tables,https://kassiesa.net/uefa/data/method5/trank2026.html
2026,2026/27,210,,Milsami Orhei,milsami orhei,MDA,1.5,1.5,1,1.5,2,7.5,2.925,7.5,false,Kassiesa / public UEFA coefficient tables,https://kassiesa.net/uefa/data/method5/trank2026.html
2026,2026/27,210,,NK Osijek,nk osijek,CRO,2,1.5,2,2,,7.5,5.631,7.5,false,Kassiesa / public UEFA coefficient tables,https://kassiesa.net/uefa/data/method5/trank2026.html
2026,2026/27,210,,Paide Linnameeskond,paide linnameeskond,EST,1,2,1,2,1.5,7.5,1.641,7.5,false,Kassiesa / public UEFA coefficient tables,https://kassiesa.net/uefa/data/method5/trank2026.html
2026,2026/27,210,,Partizani Tirana,partizani tirana,ALB,1.5,1,2.5,1.5,1,7.5,1.625,7.5,false,Kassiesa / public UEFA coefficient tables,https://kassiesa.net/uefa/data/method5/trank2026.html
2026,2026/27,210,210,St. Patrick's Athletic,st. patrick's athletic,IRL,,2,1,2.5,2,7.5,3.468,7.5,false,Kassiesa / public UEFA coefficient tables,https://kassiesa.net/uefa/data/method5/trank2026.html
2026,2026/27,218,,Apollon Limassol,apollon limassol,CYP,1.5,5,,,,6.5,7.138,7.138,true,Kassiesa / public UEFA coefficient tables,https://kassiesa.net/uefa/data/method5/trank2026.html
2026,2026/27,218,218,Aris Limassol,aris limassol,CYP,,1.5,3,,2,6.5,7.138,7.138,true,Kassiesa / public UEFA coefficient tables,https://kassiesa.net/uefa/data/method5/trank2026.html
2026,2026/27,218,,Anorthosis Famagusta,anorthosis famagusta,CYP,5,,,,,5,7.138,7.138,true,Kassiesa / public UEFA coefficient tables,https://kassiesa.net/uefa/data/method5/trank2026.html
2026,2026/27,218,,AEL Limassol,ael limassol,CYP,2,,,,,2,7.138,7.138,true,Kassiesa / public UEFA coefficient tables,https://kassiesa.net/uefa/data/method5/trank2026.html
2026,2026/27,222,,Ararat-Armenia,ararat-armenia,ARM,,1.5,1.5,2,2,7,3.012,7,false,Kassiesa / public UEFA coefficient tables,https://kassiesa.net/uefa/data/method5/trank2026.html
2026,2026/27,222,,HB Torshavn,hb torshavn,FRO,2,1,1,1.5,1.5,7,1.95,7,false,Kassiesa / public UEFA coefficient tables,https://kassiesa.net/uefa/data/method5/trank2026.html
2026,2026/27,222,,Hibernian,hibernian,SCO,2,,2.5,,2.5,7,6.41,7,false,Kassiesa / public UEFA coefficient tables,https://kassiesa.net/uefa/data/method5/trank2026.html
2026,2026/27,222,222,Levski Sofia,levski sofia,BUL,,2,2.5,,2.5,7,4.212,7,false,Kassiesa / public UEFA coefficient tables,https://kassiesa.net/uefa/data/method5/trank2026.html
2026,2026/27,222,,Puskás Akadémia,puskás akadémia,HUN,1.5,1.5,,2.5,1.5,7,5.437,7,false,Kassiesa / public UEFA coefficient tables,https://kassiesa.net/uefa/data/method5/trank2026.html
2026,2026/27,227,,FC Zürich,fc zürich,SUI,,3,,2,,5,6.94,6.94,true,Kassiesa / public UEFA coefficient tables,https://kassiesa.net/uefa/data/method5/trank2026.html
2026,2026/27,227,,FC Luzern,fc luzern,SUI,2,,2,,,4,6.94,6.94,true,Kassiesa / public UEFA coefficient tables,https://kassiesa.net/uefa/data/method5/trank2026.html
2026,2026/27,227,227,FC Sankt Gallen,fc sankt gallen,SUI,,,,4,,4,6.94,6.94,true,Kassiesa / public UEFA coefficient tables,https://kassiesa.net/uefa/data/method5/trank2026.html
2026,2026/27,230,230,Wolfsberger AC,wolfsberger ac,AUT,,2.5,,,2.5,5,6.77,6.77,true,Kassiesa / public UEFA coefficient tables,https://kassiesa.net/uefa/data/method5/trank2026.html
2026,2026/27,231,,CSKA Sofia,cska sofia,BUL,2.5,2.5,1.5,,,6.5,4.212,6.5,false,Kassiesa / public UEFA coefficient tables,https://kassiesa.net/uefa/data/method5/trank2026.html
2026,2026/27,231,,Cukaricki Belgrade,cukaricki belgrade,SRB,2,2,2.5,,,6.5,5.15,6.5,false,Kassiesa / public UEFA coefficient tables,https://kassiesa.net/uefa/data/method5/trank2026.html
2026,2026/27,231,231,Differdange 03,differdange 03,LUX,,1,1.5,1.5,2.5,6.5,1.325,6.5,false,Kassiesa / public UEFA coefficient tables,https://kassiesa.net/uefa/data/method5/trank2026.html
2026,2026/27,231,,Dinamo Minsk,dinamo minsk,BLR,,1.5,1,2.5,1.5,6.5,1.325,6.5,false,Kassiesa / public UEFA coefficient tables,https://kassiesa.net/uefa/data/method5/trank2026.html
2026,2026/27,231,,FK Panevezys,fk panevezys,LTU,1.5,1,1.5,2.5,,6.5,1.55,6.5,false,Kassiesa / public UEFA coefficient tables,https://kassiesa.net/uefa/data/method5/trank2026.html
2026,2026/27,231,,Neftchi Baku,neftchi baku,AZE,2.5,2,2,,,6.5,4.587,6.5,false,Kassiesa / public UEFA coefficient tables,https://kassiesa.net/uefa/data/method5/trank2026.html
2026,2026/27,231,,Vllaznia Shkodër,vllaznia shkodër,ALB,1.5,1.5,1,1,1.5,6.5,1.625,6.5,false,Kassiesa / public UEFA coefficient tables,https://kassiesa.net/uefa/data/method5/trank2026.html
2026,2026/27,238,238,Dundee United,dundee united,SCO,,2,,,2,4,6.41,6.41,true,Kassiesa / public UEFA coefficient tables,https://kassiesa.net/uefa/data/method5/trank2026.html
2026,2026/27,238,,Kilmarnock,kilmarnock,SCO,,,,2.5,,2.5,6.41,6.41,true,Kassiesa / public UEFA coefficient tables,https://kassiesa.net/uefa/data/method5/trank2026.html
2026,2026/27,238,,St. Johnstone,st. johnstone,SCO,2.5,,,,,2.5,6.41,6.41,true,Kassiesa / public UEFA coefficient tables,https://kassiesa.net/uefa/data/method5/trank2026.html
2026,2026/27,238,,St. Mirren,st. mirren,SCO,,,,2,,2,6.41,6.41,true,Kassiesa / public UEFA coefficient tables,https://kassiesa.net/uefa/data/method5/trank2026.html
2026,2026/27,238,,Motherwell,motherwell,SCO,,1.5,,,,1.5,6.41,6.41,true,Kassiesa / public UEFA coefficient tables,https://kassiesa.net/uefa/data/method5/trank2026.html
2026,2026/27,243,,DAC Dunajska Streda,dac dunajska streda,SVK,1.5,2,1,1.5,,6,4.475,6,false,Kassiesa / public UEFA coefficient tables,https://kassiesa.net/uefa/data/method5/trank2026.html
2026,2026/27,243,,Dinamo Batumi,dinamo batumi,GEO,2,1.5,1,1.5,,6,1.2,6,false,Kassiesa / public UEFA coefficient tables,https://kassiesa.net/uefa/data/method5/trank2026.html
2026,2026/27,243,,Hammarby IF,hammarby if,SWE,2.5,,1.5,,2,6,5.925,6,false,Kassiesa / public UEFA coefficient tables,https://kassiesa.net/uefa/data/method5/trank2026.html
2026,2026/27,243,,Kauno Zalgiris,kauno zalgiris,LTU,1.5,1,1.5,,2,6,1.55,6,false,Kassiesa / public UEFA coefficient tables,https://kassiesa.net/uefa/data/method5/trank2026.html
2026,2026/27,243,,La Fiorita,la fiorita,SMR,1,1.5,1,1.5,1,6,0.566,6,false,Kassiesa / public UEFA coefficient tables,https://kassiesa.net/uefa/data/method5/trank2026.html
2026,2026/27,243,243,Neman Grodno,neman grodno,BLR,,,2,1.5,2.5,6,1.325,6,false,Kassiesa / public UEFA coefficient tables,https://kassiesa.net/uefa/data/method5/trank2026.html
2026,2026/27,243,,Sabah FK,sabah fk,AZE,,,2,2,2,6,4.587,6,false,Kassiesa / public UEFA coefficient tables,https://kassiesa.net/uefa/data/method5/trank2026.html
2026,2026/27,243,,Sepsi OSK,sepsi osk,ROU,1.5,2,2.5,,,6,5.05,6,false,Kassiesa / public UEFA coefficient tables,https://kassiesa.net/uefa/data/method5/trank2026.html
2026,2026/27,243,,Sutjeska Niksic,sutjeska niksic,MNE,1.5,1.5,1.5,,1.5,6,1.316,6,false,Kassiesa / public UEFA coefficient tables,https://kassiesa.net/uefa/data/method5/trank2026.html
2026,2026/27,243,,Víkingur,víkingur,FRO,,1.5,1,1.5,2,6,1.95,6,false,Kassiesa / public UEFA coefficient tables,https://kassiesa.net/uefa/data/method5/trank2026.html
2026,2026/27,253,253,AIK Stockholm,aik stockholm,SWE,,2.5,,,2,4.5,5.925,5.925,true,Kassiesa / public UEFA coefficient tables,https://kassiesa.net/uefa/data/method5/trank2026.html
2026,2026/27,253,,Kalmar FF,kalmar ff,SWE,,,1.5,,,1.5,5.925,5.925,true,Kassiesa / public UEFA coefficient tables,https://kassiesa.net/uefa/data/method5/trank2026.html
2026,2026/27,255,255,NK Varazdin,nk varazdin,CRO,,,,,1.5,1.5,5.631,5.631,true,Kassiesa / public UEFA coefficient tables,https://kassiesa.net/uefa/data/method5/trank2026.html
2026,2026/27,256,,BATE Borisov,bate borisov,BLR,1.5,1.5,2.5,,,5.5,1.325,5.5,false,Kassiesa / public UEFA coefficient tables,https://kassiesa.net/uefa/data/method5/trank2026.html
2026,2026/27,256,,Decic Tuzi,decic tuzi,MNE,1,1,,2,1.5,5.5,1.316,5.5,false,Kassiesa / public UEFA coefficient tables,https://kassiesa.net/uefa/data/method5/trank2026.html
2026,2026/27,256,,Dila Gori,dila gori,GEO,1,1,2,,1.5,5.5,1.2,5.5,false,Kassiesa / public UEFA coefficient tables,https://kassiesa.net/uefa/data/method5/trank2026.html
2026,2026/27,256,,FC Fehérvár,fc fehérvár,HUN,1,2.5,,2,,5.5,5.437,5.5,false,Kassiesa / public UEFA coefficient tables,https://kassiesa.net/uefa/data/method5/trank2026.html
2026,2026/27,256,,FK Shkupi,fk shkupi,MKD,1.5,2.5,1.5,,,5.5,1.551,5.5,false,Kassiesa / public UEFA coefficient tables,https://kassiesa.net/uefa/data/method5/trank2026.html
2026,2026/27,256,,Gzira United,gzira united,MLT,1.5,2,2,,,5.5,1.8,5.5,false,Kassiesa / public UEFA coefficient tables,https://kassiesa.net/uefa/data/method5/trank2026.html
2026,2026/27,256,,Hibernians FC,hibernians fc,MLT,2,2,,,1.5,5.5,1.8,5.5,false,Kassiesa / public UEFA coefficient tables,https://kassiesa.net/uefa/data/method5/trank2026.html
2026,2026/27,256,,MSK Zilina,msk zilina,SVK,2.5,,1.5,,1.5,5.5,4.475,5.5,false,Kassiesa / public UEFA coefficient tables,https://kassiesa.net/uefa/data/method5/trank2026.html
2026,2026/27,256,,Torpedo Zhodino,torpedo zhodino,BLR,1.5,,1.5,1,1.5,5.5,1.325,5.5,false,Kassiesa / public UEFA coefficient tables,https://kassiesa.net/uefa/data/method5/trank2026.html
2026,2026/27,256,,Vojvodina Novi Sad,vojvodina novi sad,SRB,2,,1.5,2,,5.5,5.15,5.5,false,Kassiesa / public UEFA coefficient tables,https://kassiesa.net/uefa/data/method5/trank2026.html
2026,2026/27,256,,Zira FK,zira fk,AZE,,1.5,,2.5,1.5,5.5,4.587,5.5,false,Kassiesa / public UEFA coefficient tables,https://kassiesa.net/uefa/data/method5/trank2026.html
2026,2026/27,256,256,Beitar Jerusalem,beitar jerusalem,ISR,,,1.5,,2,3.5,5.5,5.5,true,Kassiesa / public UEFA coefficient tables,https://kassiesa.net/uefa/data/method5/trank2026.html
2026,2026/27,256,,Maccabi Petah-Tikva,maccabi petah-tikva,ISR,,,,2,,2,5.5,5.5,true,Kassiesa / public UEFA coefficient tables,https://kassiesa.net/uefa/data/method5/trank2026.html
2026,2026/27,256,,Maccabi Netanya,maccabi netanya,ISR,,1.5,,,,1.5,5.5,5.5,true,Kassiesa / public UEFA coefficient tables,https://kassiesa.net/uefa/data/method5/trank2026.html
2026,2026/27,256,,MS Ashdod,ms ashdod,ISR,1.5,,,,,1.5,5.5,5.5,true,Kassiesa / public UEFA coefficient tables,https://kassiesa.net/uefa/data/method5/trank2026.html
2026,2026/27,271,,Paksi FC,paksi fc,HUN,,,,2.5,2,4.5,5.437,5.437,true,Kassiesa / public UEFA coefficient tables,https://kassiesa.net/uefa/data/method5/trank2026.html
2026,2026/27,271,271,ETO Györ,eto györ,HUN,,,,,2.5,2.5,5.437,5.437,true,Kassiesa / public UEFA coefficient tables,https://kassiesa.net/uefa/data/method5/trank2026.html
2026,2026/27,271,,DVSC Debrecen,dvsc debrecen,HUN,,,2,,,2,5.437,5.437,true,Kassiesa / public UEFA coefficient tables,https://kassiesa.net/uefa/data/method5/trank2026.html
2026,2026/27,271,,Kisvárda FC,kisvárda fc,HUN,,2,,,,2,5.437,5.437,true,Kassiesa / public UEFA coefficient tables,https://kassiesa.net/uefa/data/method5/trank2026.html
2026,2026/27,271,,Újpest TE,újpest te,HUN,2,,,,,2,5.437,5.437,true,Kassiesa / public UEFA coefficient tables,https://kassiesa.net/uefa/data/method5/trank2026.html
2026,2026/27,271,,Kecskeméti TE,kecskeméti te,HUN,,,1.5,,,1.5,5.437,5.437,true,Kassiesa / public UEFA coefficient tables,https://kassiesa.net/uefa/data/method5/trank2026.html
2026,2026/27,271,,Zalaegerszegi TE,zalaegerszegi te,HUN,,,1.5,,,1.5,5.437,5.437,true,Kassiesa / public UEFA coefficient tables,https://kassiesa.net/uefa/data/method5/trank2026.html
2026,2026/27,278,,Vorskla Poltava,vorskla poltava,UKR,1.5,1.5,1.5,,,4.5,5.182,5.182,true,Kassiesa / public UEFA coefficient tables,https://kassiesa.net/uefa/data/method5/trank2026.html
2026,2026/27,278,278,Polissya Zhytomyr,polissya zhytomyr,UKR,,,,1.5,2.5,4,5.182,5.182,true,Kassiesa / public UEFA coefficient tables,https://kassiesa.net/uefa/data/method5/trank2026.html
2026,2026/27,278,,Kryvbas Kryviy Rih,kryvbas kryviy rih,UKR,,,,2.5,,2.5,5.182,5.182,true,Kassiesa / public UEFA coefficient tables,https://kassiesa.net/uefa/data/method5/trank2026.html
2026,2026/27,278,,Kolos Kovalivka,kolos kovalivka,UKR,2,,,,,2,5.182,5.182,true,Kassiesa / public UEFA coefficient tables,https://kassiesa.net/uefa/data/method5/trank2026.html
2026,2026/27,278,,FC Oleksandriya,fc oleksandriya,UKR,,,,,1.5,1.5,5.182,5.182,true,Kassiesa / public UEFA coefficient tables,https://kassiesa.net/uefa/data/method5/trank2026.html
2026,2026/27,283,283,Radnicki 1923,radnicki 1923,SRB,,,,1.5,1.5,3,5.15,5.15,true,Kassiesa / public UEFA coefficient tables,https://kassiesa.net/uefa/data/method5/trank2026.html
2026,2026/27,283,,Novi Pazar,novi pazar,SRB,,,,,1.5,1.5,5.15,5.15,true,Kassiesa / public UEFA coefficient tables,https://kassiesa.net/uefa/data/method5/trank2026.html
2026,2026/27,283,,Radnicki Nis,radnicki nis,SRB,,1.5,,,,1.5,5.15,5.15,true,Kassiesa / public UEFA coefficient tables,https://kassiesa.net/uefa/data/method5/trank2026.html
2026,2026/27,286,,Farul Constanta,farul constanta,ROU,,,2.5,,,2.5,5.05,5.05,true,Kassiesa / public UEFA coefficient tables,https://kassiesa.net/uefa/data/method5/trank2026.html
2026,2026/27,286,,Corvinul Hunedoara,corvinul hunedoara,ROU,,,,2,,2,5.05,5.05,true,Kassiesa / public UEFA coefficient tables,https://kassiesa.net/uefa/data/method5/trank2026.html
2026,2026/27,286,286,Universitatea Cluj,universitatea cluj,ROU,,,,,1.5,1.5,5.05,5.05,true,Kassiesa / public UEFA coefficient tables,https://kassiesa.net/uefa/data/method5/trank2026.html
2026,2026/27,289,,Alashkert FC,alashkert fc,ARM,2.5,1,1.5,,,5,3.012,5,false,Kassiesa / public UEFA coefficient tables,https://kassiesa.net/uefa/data/method5/trank2026.html
2026,2026/27,289,,Atlètic Club d'Escaldes,atlètic club d'escaldes,AND,,1,1.5,1,1.5,5,1.366,5,false,Kassiesa / public UEFA coefficient tables,https://kassiesa.net/uefa/data/method5/trank2026.html
2026,2026/27,289,,B36 Torshavn,b36 torshavn,FRO,,2,2,1,,5,1.95,5,false,Kassiesa / public UEFA coefficient tables,https://kassiesa.net/uefa/data/method5/trank2026.html
2026,2026/27,289,,Dinamo Tbilisi,dinamo tbilisi,GEO,1.5,1,1.5,1,,5,1.2,5,false,Kassiesa / public UEFA coefficient tables,https://kassiesa.net/uefa/data/method5/trank2026.html
2026,2026/27,289,,FC Santa Coloma,fc santa coloma,AND,1.5,,2,,1.5,5,1.366,5,false,Kassiesa / public UEFA coefficient tables,https://kassiesa.net/uefa/data/method5/trank2026.html
2026,2026/27,289,,FC Struga,fc struga,MKD,1,,2.5,1.5,,5,1.551,5,false,Kassiesa / public UEFA coefficient tables,https://kassiesa.net/uefa/data/method5/trank2026.html
2026,2026/27,289,,FK Sarajevo,fk sarajevo,BIH,1,,1,1.5,1.5,5,2.743,5,false,Kassiesa / public UEFA coefficient tables,https://kassiesa.net/uefa/data/method5/trank2026.html
2026,2026/27,289,289,Iberia 1999,iberia 1999,GEO,,1.5,,2,1.5,5,1.2,5,false,Kassiesa / public UEFA coefficient tables,https://kassiesa.net/uefa/data/method5/trank2026.html
2026,2026/27,289,,St Joseph's FC,st joseph's fc,GIB,1,1.5,,1,1.5,5,1.424,5,false,Kassiesa / public UEFA coefficient tables,https://kassiesa.net/uefa/data/method5/trank2026.html
2026,2026/27,289,,Urartu FC,urartu fc,ARM,1,,1.5,1.5,1,5,3.012,5,false,Kassiesa / public UEFA coefficient tables,https://kassiesa.net/uefa/data/method5/trank2026.html
2026,2026/27,299,,Mura Murska Sobota,mura murska sobota,SVN,2.5,1.5,,,,4,4.893,4.893,true,Kassiesa / public UEFA coefficient tables,https://kassiesa.net/uefa/data/method5/trank2026.html
2026,2026/27,299,,NK Domzale,nk domzale,SVN,2,,1,,,3,4.893,4.893,true,Kassiesa / public UEFA coefficient tables,https://kassiesa.net/uefa/data/method5/trank2026.html
2026,2026/27,299,299,NK Koper,nk koper,SVN,,1.5,,,1.5,3,4.893,4.893,true,Kassiesa / public UEFA coefficient tables,https://kassiesa.net/uefa/data/method5/trank2026.html
2026,2026/27,299,,NK Bravo,nk bravo,SVN,,,,1.5,,1.5,4.893,4.893,true,Kassiesa / public UEFA coefficient tables,https://kassiesa.net/uefa/data/method5/trank2026.html
2026,2026/27,303,,Gabala FK,gabala fk,AZE,,1.5,1.5,,,3,4.587,4.587,true,Kassiesa / public UEFA coefficient tables,https://kassiesa.net/uefa/data/method5/trank2026.html
2026,2026/27,303,,Sumgayit FK,sumgayit fk,AZE,1.5,,,1.5,,3,4.587,4.587,true,Kassiesa / public UEFA coefficient tables,https://kassiesa.net/uefa/data/method5/trank2026.html
2026,2026/27,303,303,Araz Nakhchivan,araz nakhchivan,AZE,,,,,2,2,4.587,4.587,true,Kassiesa / public UEFA coefficient tables,https://kassiesa.net/uefa/data/method5/trank2026.html
2026,2026/27,303,,Kesla FK,kesla fk,AZE,1.5,,,,,1.5,4.587,4.587,true,Kassiesa / public UEFA coefficient tables,https://kassiesa.net/uefa/data/method5/trank2026.html
2026,2026/27,307,307,Lokomotiv Moscow,lokomotiv moscow,RUS,3,,,,,3,4.526,4.526,true,Kassiesa / public UEFA coefficient tables,https://kassiesa.net/uefa/data/method5/trank2026.html
2026,2026/27,307,,FC Sochi,fc sochi,RUS,2,,,,,2,4.526,4.526,true,Kassiesa / public UEFA coefficient tables,https://kassiesa.net/uefa/data/method5/trank2026.html
2026,2026/27,307,,Rubin Kazan,rubin kazan,RUS,2,,,,,2,4.526,4.526,true,Kassiesa / public UEFA coefficient tables,https://kassiesa.net/uefa/data/method5/trank2026.html
2026,2026/27,310,310,Egnatia Rrogozhinë,egnatia rrogozhinë,ALB,,,1,1.5,2,4.5,1.625,4.5,false,Kassiesa / public UEFA coefficient tables,https://kassiesa.net/uefa/data/method5/trank2026.html
2026,2026/27,310,,FCB Magpies,fcb magpies,GIB,,1,1,1.5,1,4.5,1.424,4.5,false,Kassiesa / public UEFA coefficient tables,https://kassiesa.net/uefa/data/method5/trank2026.html
2026,2026/27,310,,FK Aktobe,fk aktobe,KAZ,,,2,1,1.5,4.5,2.75,4.5,false,Kassiesa / public UEFA coefficient tables,https://kassiesa.net/uefa/data/method5/trank2026.html
2026,2026/27,310,,FK Auda,fk auda,LVA,,,1.5,2,1,4.5,2.575,4.5,false,Kassiesa / public UEFA coefficient tables,https://kassiesa.net/uefa/data/method5/trank2026.html
2026,2026/27,310,,Ordabasy Shymkent,ordabasy shymkent,KAZ,,,1.5,2,1,4.5,2.75,4.5,false,Kassiesa / public UEFA coefficient tables,https://kassiesa.net/uefa/data/method5/trank2026.html
2026,2026/27,310,,Torpedo Kutaisi,torpedo kutaisi,GEO,,,1.5,1.5,1.5,4.5,1.2,4.5,false,Kassiesa / public UEFA coefficient tables,https://kassiesa.net/uefa/data/method5/trank2026.html
2026,2026/27,310,,Tre Penne,tre penne,SMR,1,1,1.5,1,,4.5,0.566,4.5,false,Kassiesa / public UEFA coefficient tables,https://kassiesa.net/uefa/data/method5/trank2026.html
2026,2026/27,310,,Valmieras FK,valmieras fk,LVA,1,1.5,2,,,4.5,2.575,4.5,false,Kassiesa / public UEFA coefficient tables,https://kassiesa.net/uefa/data/method5/trank2026.html
2026,2026/27,310,,Valur Reykjavik,valur reykjavik,ISL,1.5,,,1.5,1.5,4.5,3.304,4.5,false,Kassiesa / public UEFA coefficient tables,https://kassiesa.net/uefa/data/method5/trank2026.html
2026,2026/27,310,,Velez Mostar,velez mostar,BIH,2,1.5,,1,,4.5,2.743,4.5,false,Kassiesa / public UEFA coefficient tables,https://kassiesa.net/uefa/data/method5/trank2026.html
2026,2026/27,310,,Zimbru Chisinau,zimbru chisinau,MDA,,,1.5,1.5,1.5,4.5,2.925,4.5,false,Kassiesa / public UEFA coefficient tables,https://kassiesa.net/uefa/data/method5/trank2026.html
2026,2026/27,321,,MFK Ruzomberok,mfk ruzomberok,SVK,,1.5,,2.5,,4,4.475,4.475,true,Kassiesa / public UEFA coefficient tables,https://kassiesa.net/uefa/data/method5/trank2026.html
2026,2026/27,321,321,FC Kosice,fc kosice,SVK,,,,,1.5,1.5,4.475,4.475,true,Kassiesa / public UEFA coefficient tables,https://kassiesa.net/uefa/data/method5/trank2026.html
2026,2026/27,323,323,Arda Kardzhali,arda kardzhali,BUL,1.5,,,,2.5,4,4.212,4.212,true,Kassiesa / public UEFA coefficient tables,https://kassiesa.net/uefa/data/method5/trank2026.html
2026,2026/27,323,,Botev Plovdiv,botev plovdiv,BUL,,1.5,,2,,3.5,4.212,4.212,true,Kassiesa / public UEFA coefficient tables,https://kassiesa.net/uefa/data/method5/trank2026.html
2026,2026/27,323,,CSKA 1948 Sofia,cska 1948 sofia,BUL,,,1.5,2,,3.5,4.212,4.212,true,Kassiesa / public UEFA coefficient tables,https://kassiesa.net/uefa/data/method5/trank2026.html
2026,2026/27,323,,Cherno More Varna,cherno more varna,BUL,,,,1.5,1.5,3,4.212,4.212,true,Kassiesa / public UEFA coefficient tables,https://kassiesa.net/uefa/data/method5/trank2026.html
2026,2026/27,323,,Lokomotiv Plovdiv,lokomotiv plovdiv,BUL,2,,,,,2,4.212,4.212,true,Kassiesa / public UEFA coefficient tables,https://kassiesa.net/uefa/data/method5/trank2026.html
2026,2026/27,328,,AC Virtus,ac virtus,SMR,,,,1.5,2.5,4,0.566,4,false,Kassiesa / public UEFA coefficient tables,https://kassiesa.net/uefa/data/method5/trank2026.html
2026,2026/27,328,,Crusaders Belfast,crusaders belfast,NIR,,1.5,1.5,1,,4,1.45,4,false,Kassiesa / public UEFA coefficient tables,https://kassiesa.net/uefa/data/method5/trank2026.html
2026,2026/27,328,,Derry City,derry city,IRL,,1,2,1,,4,3.468,4,false,Kassiesa / public UEFA coefficient tables,https://kassiesa.net/uefa/data/method5/trank2026.html
2026,2026/27,328,,FK Liepaja,fk liepaja,LVA,1.5,1.5,,1,,4,2.575,4,false,Kassiesa / public UEFA coefficient tables,https://kassiesa.net/uefa/data/method5/trank2026.html
2026,2026/27,328,,Floriana,floriana,MLT,,1,,1.5,1.5,4,1.8,4,false,Kassiesa / public UEFA coefficient tables,https://kassiesa.net/uefa/data/method5/trank2026.html
2026,2026/27,328,,KF Tirana,kf tirana,ALB,,1.5,1.5,1,,4,1.625,4,false,Kassiesa / public UEFA coefficient tables,https://kassiesa.net/uefa/data/method5/trank2026.html
2026,2026/27,328,328,Shelbourne,shelbourne,IRL,,,,1.5,2.5,4,3.468,4,false,Kassiesa / public UEFA coefficient tables,https://kassiesa.net/uefa/data/method5/trank2026.html
2026,2026/27,335,,Birkirkara,birkirkara,MLT,1.5,,1,,1,3.5,1.8,3.5,false,Kassiesa / public UEFA coefficient tables,https://kassiesa.net/uefa/data/method5/trank2026.html
2026,2026/27,335,,Cliftonville,cliftonville,NIR,,1,,1.5,1,3.5,1.45,3.5,false,Kassiesa / public UEFA coefficient tables,https://kassiesa.net/uefa/data/method5/trank2026.html
2026,2026/27,335,,Connah's Quay,connah's quay,WAL,1.5,,1,1,,3.5,1.124,3.5,false,Kassiesa / public UEFA coefficient tables,https://kassiesa.net/uefa/data/method5/trank2026.html
2026,2026/27,335,,CS Fola Esch,cs fola esch,LUX,2.5,1,,,,3.5,1.325,3.5,false,Kassiesa / public UEFA coefficient tables,https://kassiesa.net/uefa/data/method5/trank2026.html
2026,2026/27,335,,Dundalk,dundalk,IRL,2,,1.5,,,3.5,3.468,3.5,false,Kassiesa / public UEFA coefficient tables,https://kassiesa.net/uefa/data/method5/trank2026.html
2026,2026/27,335,,FC Prishtina,fc prishtina,KOS,2,,,,1.5,3.5,2.797,3.5,false,Kassiesa / public UEFA coefficient tables,https://kassiesa.net/uefa/data/method5/trank2026.html
2026,2026/27,335,335,Ilves Tampere,ilves tampere,FIN,,,,2,1.5,3.5,2.8,3.5,false,Kassiesa / public UEFA coefficient tables,https://kassiesa.net/uefa/data/method5/trank2026.html
2026,2026/27,335,,KA Akureyri,ka akureyri,ISL,,,2,,1.5,3.5,3.304,3.5,false,Kassiesa / public UEFA coefficient tables,https://kassiesa.net/uefa/data/method5/trank2026.html
2026,2026/27,335,,KF Laçi,kf laçi,ALB,2,1.5,,,,3.5,1.625,3.5,false,Kassiesa / public UEFA coefficient tables,https://kassiesa.net/uefa/data/method5/trank2026.html
2026,2026/27,335,,KF Llapi,kf llapi,KOS,1,1,,1.5,,3.5,2.797,3.5,false,Kassiesa / public UEFA coefficient tables,https://kassiesa.net/uefa/data/method5/trank2026.html
2026,2026/27,335,,Racing Union Luxembourg,racing union luxembourg,LUX,1,1.5,,,1,3.5,1.325,3.5,false,Kassiesa / public UEFA coefficient tables,https://kassiesa.net/uefa/data/method5/trank2026.html
2026,2026/27,335,,Shakhtior Saligorsk,shakhtior saligorsk,BLR,1.5,2,,,,3.5,1.325,3.5,false,Kassiesa / public UEFA coefficient tables,https://kassiesa.net/uefa/data/method5/trank2026.html
2026,2026/27,335,,UE Santa Coloma,ue santa coloma,AND,,1,,2.5,,3.5,1.366,3.5,false,Kassiesa / public UEFA coefficient tables,https://kassiesa.net/uefa/data/method5/trank2026.html
2026,2026/27,348,348,Sligo Rovers,sligo rovers,IRL,1,2,,,,3,3.468,3.468,true,Kassiesa / public UEFA coefficient tables,https://kassiesa.net/uefa/data/method5/trank2026.html
2026,2026/27,348,,Bohemians Dublin,bohemians dublin,IRL,2,,,,,2,3.468,3.468,true,Kassiesa / public UEFA coefficient tables,https://kassiesa.net/uefa/data/method5/trank2026.html
2026,2026/27,350,350,Stjarnan FC,stjarnan fc,ISL,1,,,1.5,,2.5,3.304,3.304,true,Kassiesa / public UEFA coefficient tables,https://kassiesa.net/uefa/data/method5/trank2026.html
2026,2026/27,350,,FH Hafnarfjardar,fh hafnarfjardar,ISL,1.5,,,,,1.5,3.304,3.304,true,Kassiesa / public UEFA coefficient tables,https://kassiesa.net/uefa/data/method5/trank2026.html
2026,2026/27,350,,KR Reykjavik,kr reykjavik,ISL,,1,,,,1,3.304,3.304,true,Kassiesa / public UEFA coefficient tables,https://kassiesa.net/uefa/data/method5/trank2026.html
2026,2026/27,353,353,Ararat Yerevan,ararat yerevan,ARM,1.5,1,,,,2.5,3.012,3.012,true,Kassiesa / public UEFA coefficient tables,https://kassiesa.net/uefa/data/method5/trank2026.html
2026,2026/27,354,,Bala Town,bala town,WAL,1,1,,1,,3,1.124,3,false,Kassiesa / public UEFA coefficient tables,https://kassiesa.net/uefa/data/method5/trank2026.html
2026,2026/27,354,,Europa FC,europa fc,GIB,1,1,1,,,3,1.424,3,false,Kassiesa / public UEFA coefficient tables,https://kassiesa.net/uefa/data/method5/trank2026.html
2026,2026/27,354,354,Progrès Niederkorn,progrès niederkorn,LUX,,,1.5,1.5,,3,1.325,3,false,Kassiesa / public UEFA coefficient tables,https://kassiesa.net/uefa/data/method5/trank2026.html
2026,2026/27,354,,Suduva Marijampole,suduva marijampole,LTU,1.5,1.5,,,,3,1.55,3,false,Kassiesa / public UEFA coefficient tables,https://kassiesa.net/uefa/data/method5/trank2026.html
2026,2026/27,354,,Swift Hesperange,swift hesperange,LUX,1,,2,,,3,1.325,3,false,Kassiesa / public UEFA coefficient tables,https://kassiesa.net/uefa/data/method5/trank2026.html
2026,2026/27,359,359,Sfântul Gheorghe,sfântul gheorghe,MDA,1,1,,,,2,2.925,2.925,true,Kassiesa / public UEFA coefficient tables,https://kassiesa.net/uefa/data/method5/trank2026.html
2026,2026/27,360,,Honka Espoo,honka espoo,FIN,1.5,,1,,,2.5,2.8,2.8,true,Kassiesa / public UEFA coefficient tables,https://kassiesa.net/uefa/data/method5/trank2026.html
2026,2026/27,360,360,SJK Seinäjoki,sjk seinäjoki,FIN,,1.5,,,1,2.5,2.8,2.8,true,Kassiesa / public UEFA coefficient tables,https://kassiesa.net/uefa/data/method5/trank2026.html
2026,2026/27,360,,Inter Turku,inter turku,FIN,1,1,,,,2,2.8,2.8,true,Kassiesa / public UEFA coefficient tables,https://kassiesa.net/uefa/data/method5/trank2026.html
2026,2026/27,360,,Haka Valkeakoski,haka valkeakoski,FIN,,,1,,,1,2.8,2.8,true,Kassiesa / public UEFA coefficient tables,https://kassiesa.net/uefa/data/method5/trank2026.html
2026,2026/27,360,,VPS Vaasa,vps vaasa,FIN,,,,1,,1,2.8,2.8,true,Kassiesa / public UEFA coefficient tables,https://kassiesa.net/uefa/data/method5/trank2026.html
2026,2026/27,365,365,KF Malisheva,kf malisheva,KOS,,,,1,1,2,2.797,2.797,true,Kassiesa / public UEFA coefficient tables,https://kassiesa.net/uefa/data/method5/trank2026.html
2026,2026/27,365,,SC Gjilani,sc gjilani,KOS,,1,1,,,2,2.797,2.797,true,Kassiesa / public UEFA coefficient tables,https://kassiesa.net/uefa/data/method5/trank2026.html
2026,2026/27,365,,KF Dukagjini,kf dukagjini,KOS,,,1.5,,,1.5,2.797,2.797,true,Kassiesa / public UEFA coefficient tables,https://kassiesa.net/uefa/data/method5/trank2026.html
2026,2026/27,368,,Shakhtyor Karaganda,shakhtyor karaganda,KAZ,2.5,,,,,2.5,2.75,2.75,true,Kassiesa / public UEFA coefficient tables,https://kassiesa.net/uefa/data/method5/trank2026.html
2026,2026/27,368,368,FK Kyzylzhar,fk kyzylzhar,KAZ,,2,,,,2,2.75,2.75,true,Kassiesa / public UEFA coefficient tables,https://kassiesa.net/uefa/data/method5/trank2026.html
2026,2026/27,370,370,Zeljeznicar Sarajevo,zeljeznicar sarajevo,BIH,,,1.5,,1,2.5,2.743,2.743,true,Kassiesa / public UEFA coefficient tables,https://kassiesa.net/uefa/data/method5/trank2026.html
2026,2026/27,370,,Tuzla City,tuzla city,BIH,,1.5,,,,1.5,2.743,2.743,true,Kassiesa / public UEFA coefficient tables,https://kassiesa.net/uefa/data/method5/trank2026.html
2026,2026/27,370,,Siroki Brijeg,siroki brijeg,BIH,1,,,,,1,2.743,2.743,true,Kassiesa / public UEFA coefficient tables,https://kassiesa.net/uefa/data/method5/trank2026.html
2026,2026/27,373,373,BFC Daugavpils,bfc daugavpils,LVA,,,,,1,1,2.575,2.575,true,Kassiesa / public UEFA coefficient tables,https://kassiesa.net/uefa/data/method5/trank2026.html
2026,2026/27,374,374,Dinamo Tirana,dinamo tirana,ALB,,,,,2.5,2.5,1.625,2.5,false,Kassiesa / public UEFA coefficient tables,https://kassiesa.net/uefa/data/method5/trank2026.html
2026,2026/27,374,,Dynamo Brest,dynamo brest,BLR,1.5,,,,1,2.5,1.325,2.5,false,Kassiesa / public UEFA coefficient tables,https://kassiesa.net/uefa/data/method5/trank2026.html
2026,2026/27,374,,Haverfordwest County,haverfordwest county,WAL,,,1.5,,1,2.5,1.124,2.5,false,Kassiesa / public UEFA coefficient tables,https://kassiesa.net/uefa/data/method5/trank2026.html
2026,2026/27,374,,Makedonija GjP,makedonija gjp,MKD,,1.5,1,,,2.5,1.551,2.5,false,Kassiesa / public UEFA coefficient tables,https://kassiesa.net/uefa/data/method5/trank2026.html
2026,2026/27,374,,Newtown,newtown,WAL,1,1.5,,,,2.5,1.124,2.5,false,Kassiesa / public UEFA coefficient tables,https://kassiesa.net/uefa/data/method5/trank2026.html
2026,2026/27,374,,Tre Fiori,tre fiori,SMR,,1.5,,,1,2.5,0.566,2.5,false,Kassiesa / public UEFA coefficient tables,https://kassiesa.net/uefa/data/method5/trank2026.html
2026,2026/27,374,,UNA Strassen,una strassen,LUX,,,,1,1.5,2.5,1.325,2.5,false,Kassiesa / public UEFA coefficient tables,https://kassiesa.net/uefa/data/method5/trank2026.html
2026,2026/27,381,381,FC Hegelmann,fc hegelmann,LTU,,,1,,1,2,1.55,2,false,Kassiesa / public UEFA coefficient tables,https://kassiesa.net/uefa/data/method5/trank2026.html
2026,2026/27,381,,Glentoran,glentoran,NIR,1,,1,,,2,1.45,2,false,Kassiesa / public UEFA coefficient tables,https://kassiesa.net/uefa/data/method5/trank2026.html
2026,2026/27,381,,Mornar Bar,mornar bar,MNE,,,,2,,2,1.316,2,false,Kassiesa / public UEFA coefficient tables,https://kassiesa.net/uefa/data/method5/trank2026.html
2026,2026/27,381,,NSI Runavik,nsi runavik,FRO,1,,,,1,2,1.95,2,false,Kassiesa / public UEFA coefficient tables,https://kassiesa.net/uefa/data/method5/trank2026.html
2026,2026/27,381,,Penybont,penybont,WAL,,,1,,1,2,1.124,2,false,Kassiesa / public UEFA coefficient tables,https://kassiesa.net/uefa/data/method5/trank2026.html
2026,2026/27,381,,Sileks Kratovo,sileks kratovo,MKD,1,,,,1,2,1.551,2,false,Kassiesa / public UEFA coefficient tables,https://kassiesa.net/uefa/data/method5/trank2026.html
2026,2026/27,381,,Teuta Durrës,teuta durrës,ALB,2,,,,,2,1.625,2,false,Kassiesa / public UEFA coefficient tables,https://kassiesa.net/uefa/data/method5/trank2026.html
2026,2026/27,388,,Balzan FC,balzan fc,MLT,,,1.5,,,1.5,1.8,1.8,true,Kassiesa / public UEFA coefficient tables,https://kassiesa.net/uefa/data/method5/trank2026.html
2026,2026/27,388,388,Sliema Wanderers,sliema wanderers,MLT,,,,1.5,,1.5,1.8,1.8,true,Kassiesa / public UEFA coefficient tables,https://kassiesa.net/uefa/data/method5/trank2026.html
2026,2026/27,388,,Marsaxlokk,marsaxlokk,MLT,,,,1,,1,1.8,1.8,true,Kassiesa / public UEFA coefficient tables,https://kassiesa.net/uefa/data/method5/trank2026.html
2026,2026/27,388,,Mosta FC,mosta fc,MLT,1,,,,,1,1.8,1.8,true,Kassiesa / public UEFA coefficient tables,https://kassiesa.net/uefa/data/method5/trank2026.html
2026,2026/27,392,392,Kalju Nomme,kalju nomme,EST,,,,,1.5,1.5,1.641,1.641,true,Kassiesa / public UEFA coefficient tables,https://kassiesa.net/uefa/data/method5/trank2026.html
2026,2026/27,392,,Kalev Tallinn,kalev tallinn,EST,,,,1,,1,1.641,1.641,true,Kassiesa / public UEFA coefficient tables,https://kassiesa.net/uefa/data/method5/trank2026.html
2026,2026/27,392,,Trans Narva,trans narva,EST,,,1,,,1,1.641,1.641,true,Kassiesa / public UEFA coefficient tables,https://kassiesa.net/uefa/data/method5/trank2026.html
2026,2026/27,395,395,Vardar Skopje,vardar skopje,MKD,,,,,1.5,1.5,1.551,1.551,true,Kassiesa / public UEFA coefficient tables,https://kassiesa.net/uefa/data/method5/trank2026.html
2026,2026/27,395,,Akademija Pandev,akademija pandev,MKD,,1,,,,1,1.551,1.551,true,Kassiesa / public UEFA coefficient tables,https://kassiesa.net/uefa/data/method5/trank2026.html
2026,2026/27,395,,Rabotnicki Skopje,rabotnicki skopje,MKD,,,,,1,1,1.551,1.551,true,Kassiesa / public UEFA coefficient tables,https://kassiesa.net/uefa/data/method5/trank2026.html
2026,2026/27,395,,Tikves Kavadarci,tikves kavadarci,MKD,,,,1,,1,1.551,1.551,true,Kassiesa / public UEFA coefficient tables,https://kassiesa.net/uefa/data/method5/trank2026.html
2026,2026/27,399,399,Banga Gargzdai,banga gargzdai,LTU,,,,,1.5,1.5,1.55,1.55,true,Kassiesa / public UEFA coefficient tables,https://kassiesa.net/uefa/data/method5/trank2026.html
2026,2026/27,399,,Transinvest Vilnius,transinvest vilnius,LTU,,,,1.5,,1.5,1.55,1.55,true,Kassiesa / public UEFA coefficient tables,https://kassiesa.net/uefa/data/method5/trank2026.html
2026,2026/27,399,,FA Siauliai,fa siauliai,LTU,,,,1,,1,1.55,1.55,true,Kassiesa / public UEFA coefficient tables,https://kassiesa.net/uefa/data/method5/trank2026.html
2026,2026/27,402,,Caernarfon Town,caernarfon town,WAL,,,,1.5,,1.5,1.124,1.5,false,Kassiesa / public UEFA coefficient tables,https://kassiesa.net/uefa/data/method5/trank2026.html
2026,2026/27,402,402,Dungannon Swifts,dungannon swifts,NIR,,,,,1.5,1.5,1.45,1.5,false,Kassiesa / public UEFA coefficient tables,https://kassiesa.net/uefa/data/method5/trank2026.html
2026,2026/27,402,,FC Gomel,fc gomel,BLR,,1.5,,,,1.5,1.325,1.5,false,Kassiesa / public UEFA coefficient tables,https://kassiesa.net/uefa/data/method5/trank2026.html
2026,2026/27,402,,Folgore,folgore,SMR,1.5,,,,,1.5,0.566,1.5,false,Kassiesa / public UEFA coefficient tables,https://kassiesa.net/uefa/data/method5/trank2026.html
2026,2026/27,402,,Spaeri Tbilisi,spaeri tbilisi,GEO,,,,,1.5,1.5,1.2,1.5,false,Kassiesa / public UEFA coefficient tables,https://kassiesa.net/uefa/data/method5/trank2026.html
2026,2026/27,407,407,Coleraine,coleraine,NIR,1,,,,,1,1.45,1.45,true,Kassiesa / public UEFA coefficient tables,https://kassiesa.net/uefa/data/method5/trank2026.html
2026,2026/27,408,408,Mons Calpe,mons calpe,GIB,1,,,,,1,1.424,1.424,true,Kassiesa / public UEFA coefficient tables,https://kassiesa.net/uefa/data/method5/trank2026.html
2026,2026/27,409,409,Sant Julià,sant julià,AND,1,,,,,1,1.366,1.366,true,Kassiesa / public UEFA coefficient tables,https://kassiesa.net/uefa/data/method5/trank2026.html
2026,2026/27,410,410,Isloch Minsk Raion,isloch minsk raion,BLR,,,,1,,1,1.325,1.325,true,Kassiesa / public UEFA coefficient tables,https://kassiesa.net/uefa/data/method5/trank2026.html
2026,2026/27,411,411,Arsenal Tivat,arsenal tivat,MNE,,,1,,,1,1.316,1.316,true,Kassiesa / public UEFA coefficient tables,https://kassiesa.net/uefa/data/method5/trank2026.html
2026,2026/27,411,,FK Podgorica,fk podgorica,MNE,1,,,,,1,1.316,1.316,true,Kassiesa / public UEFA coefficient tables,https://kassiesa.net/uefa/data/method5/trank2026.html
2026,2026/27,411,,Iskra Danilovgrad,iskra danilovgrad,MNE,,1,,,,1,1.316,1.316,true,Kassiesa / public UEFA coefficient tables,https://kassiesa.net/uefa/data/method5/trank2026.html
2026,2026/27,414,414,Gagra Tbilisi,gagra tbilisi,GEO,1,,,,,1,1.2,1.2,true,Kassiesa / public UEFA coefficient tables,https://kassiesa.net/uefa/data/method5/trank2026.html
2026,2026/27,415,415,Cosmos,cosmos,SMR,,,1,,,1,0.566,1,false,Kassiesa / public UEFA coefficient tables,https://kassiesa.net/uefa/data/method5/trank2026.html
