event_id,season,player_id,player_name,from_club_id,from_club,to_club_id,to_club,semantic_type,fee_text,paired_internal_faces,source_faces
TM-2024-00001,2024/25,1004344,Ali Dembélé,607,Venezia FC,416,Torino FC,LOAN_RETURN_OR_END_OF_LOAN,End of loan 30/06/2024,1,IN+OUT
TM-2024-00002,2024/25,1004723,Fellipe Jack,14694,Como Primavera,1047,Como 1907,PERMANENT_OR_OTHER_EXPLICIT,-,0,IN
TM-2024-00003,2024/25,1012421,Matija Popović,2919,AC Monza,12819,Napoli Primavera,LOAN_RETURN_OR_END_OF_LOAN,End of loan 30/06/2024,0,OUT
TM-2024-00004,2024/25,1014243,Vivaldo Semedo,410,Udinese Calcio,6912,FC Vizela,LOAN,loan transfer,0,OUT
TM-2024-00005,2024/25,1014243,Vivaldo Semedo,724,FC Volendam,410,Udinese Calcio,LOAN_RETURN_OR_END_OF_LOAN,End of loan 30/06/2024,0,IN
TM-2024-00006,2024/25,1017950,Vernon Addo,5618,Lecce Primavera,1005,US Lecce,PERMANENT_OR_OTHER_EXPLICIT,-,0,IN
TM-2024-00007,2024/25,1026255,Saná Fernandes,398,SS Lazio,132,NAC Breda,LOAN,loan transfer,0,OUT
TM-2024-00008,2024/25,1028162,Antoine Joujou,130,Parma Calcio 1913,738,Le Havre AC,LOAN,loan transfer,0,OUT
TM-2024-00009,2024/25,1028162,Antoine Joujou,738,Le Havre AC,130,Parma Calcio 1913,PERMANENT_OR_OTHER_EXPLICIT,€2.70m,0,IN
TM-2024-00010,2024/25,103427,Chris Smalling,12,AS Roma,50531,Al-Fayha FC,PERMANENT_OR_OTHER_EXPLICIT,€800k,0,OUT
TM-2024-00011,2024/25,1041614,Renato Marin,11997,Roma U20,12,AS Roma,PERMANENT_OR_OTHER_EXPLICIT,-,0,IN
TM-2024-00012,2024/25,1044795,Lorenzo Da Pozzo,607,Venezia FC,34499,US Pianese,LOAN,loan transfer,0,OUT
TM-2024-00013,2024/25,1044795,Lorenzo Da Pozzo,7030,Vis Pesaro 1898,607,Venezia FC,LOAN_RETURN_OR_END_OF_LOAN,End of loan 30/06/2024,0,IN
TM-2024-00014,2024/25,105521,Ciro Immobile,398,SS Lazio,114,Besiktas JK,PERMANENT_OR_OTHER_EXPLICIT,€2.00m,0,OUT
TM-2024-00015,2024/25,1058354,Matteo Palma,10959,Udinese Primavera,410,Udinese Calcio,PERMANENT_OR_OTHER_EXPLICIT,-,0,IN
TM-2024-00016,2024/25,1059298,Côme Bianay Balcot,12130,Torino Primavera,416,Torino FC,PERMANENT_OR_OTHER_EXPLICIT,-,0,IN
TM-2024-00017,2024/25,1059298,Côme Bianay Balcot,416,Torino FC,4271,US Triestina,LOAN,loan transfer,0,OUT
TM-2024-00018,2024/25,1061282,Assane Diao,150,Real Betis Balompié,1047,Como 1907,PERMANENT_OR_OTHER_EXPLICIT,€12.00m,0,IN
TM-2024-00019,2024/25,1061820,Lorenzo Venturino,8517,Genoa U20,252,Genoa CFC,PERMANENT_OR_OTHER_EXPLICIT,-,0,IN
TM-2024-00020,2024/25,1077175,Honest Ahanor,8517,Genoa U20,252,Genoa CFC,PERMANENT_OR_OTHER_EXPLICIT,-,0,IN
TM-2024-00021,2024/25,1082519,Charlys,15555,EC Vitória U20,276,Hellas Verona,PERMANENT_OR_OTHER_EXPLICIT,€120k,0,IN
TM-2024-00022,2024/25,1082519,Charlys,276,Hellas Verona,15555,EC Vitória U20,LOAN_RETURN_OR_END_OF_LOAN,End of loan 30/06/2024,0,OUT
TM-2024-00023,2024/25,1082519,Charlys,276,Hellas Verona,4031,Cosenza Calcio,LOAN,loan transfer,0,OUT
TM-2024-00024,2024/25,1083164,Lior Kassa,1064,Maccabi Haifa,252,Genoa CFC,LOAN,Loan fee: €60k,0,IN
TM-2024-00025,2024/25,1086619,Giovanni Leoni,1038,UC Sampdoria,130,Parma Calcio 1913,PERMANENT_OR_OTHER_EXPLICIT,€7.70m,0,IN
TM-2024-00026,2024/25,1110645,Filipe Bordon,97141,Ferroviária U20,398,SS Lazio,PERMANENT_OR_OTHER_EXPLICIT,€300k,0,IN
TM-2024-00027,2024/25,1111820,Junior Ajayi,19114,Sassuolo Primavera,276,Hellas Verona,PERMANENT_OR_OTHER_EXPLICIT,€150k,0,IN
TM-2024-00028,2024/25,1112449,Tiago Gabriel,2431,CF Estrela Amadora,1005,US Lecce,PERMANENT_OR_OTHER_EXPLICIT,€1.25m,0,IN
TM-2024-00029,2024/25,111347,Lorenzo Tonelli,749,FC Empoli,,Retired,RETIREMENT,-,0,OUT
TM-2024-00030,2024/25,111426,Benjamin Siegrist,455,FC Rapid 1923,252,Genoa CFC,LOAN,Loan fee: €73k,0,IN
TM-2024-00031,2024/25,1118086,Sebastian Esposito,5618,Lecce Primavera,1005,US Lecce,PERMANENT_OR_OTHER_EXPLICIT,-,0,IN
TM-2024-00032,2024/25,112302,Roberto Pereyra,410,Udinese Calcio,2441,AEK Athens,FREE_TRANSFER,free transfer,0,OUT
TM-2024-00033,2024/25,1144700,Matías Moreno,2417,Club Atlético Belgrano,430,ACF Fiorentina,PERMANENT_OR_OTHER_EXPLICIT,€5.00m,0,IN
TM-2024-00034,2024/25,115763,Koray Günter,276,Hellas Verona,1467,Göztepe,LOAN,loan transfer,0,OUT
TM-2024-00035,2024/25,115763,Koray Günter,6646,Fatih Karagümrük,276,Hellas Verona,LOAN_RETURN_OR_END_OF_LOAN,End of loan 30/06/2024,0,IN
TM-2024-00036,2024/25,118689,Leonardo Spinazzola,12,AS Roma,6195,SSC Napoli,FREE_TRANSFER,free transfer,1,IN+OUT
TM-2024-00037,2024/25,122153,Paul Pogba,506,Juventus FC,515,Without Club,FREE_AGENT_OR_END_OF_CONTRACT,-,0,OUT
TM-2024-00038,2024/25,124555,Cristiano Biraghi,430,ACF Fiorentina,416,Torino FC,LOAN,loan transfer,1,IN+OUT
TM-2024-00039,2024/25,125020,José Luis Palomino,800,Atalanta BC,1390,Cagliari Calcio,FREE_TRANSFER,free transfer,1,IN+OUT
TM-2024-00040,2024/25,126673,Adama Soumaoro,1025,Bologna FC 1909,515,Without Club,FREE_AGENT_OR_END_OF_CONTRACT,-,0,OUT
TM-2024-00041,2024/25,128220,Luis Alberto,398,SS Lazio,26091,Al-Duhail SC,PERMANENT_OR_OTHER_EXPLICIT,€10.30m,0,OUT
TM-2024-00042,2024/25,128223,Álvaro Morata,13,Atlético de Madrid,5,AC Milan,PERMANENT_OR_OTHER_EXPLICIT,€17.20m,0,IN
TM-2024-00043,2024/25,128223,Álvaro Morata,5,AC Milan,141,Galatasaray,LOAN,Loan fee: €6.00m,0,OUT
TM-2024-00044,2024/25,128969,Mathew Ryan,1090,AZ Alkmaar,12,AS Roma,FREE_TRANSFER,free transfer,0,IN
TM-2024-00045,2024/25,128969,Mathew Ryan,12,AS Roma,826,RC Lens,PERMANENT_OR_OTHER_EXPLICIT,€750k,0,OUT
TM-2024-00046,2024/25,12907,Alessio Cragno,2919,AC Monza,1038,UC Sampdoria,PERMANENT_OR_OTHER_EXPLICIT,?,0,OUT
TM-2024-00047,2024/25,12907,Alessio Cragno,6574,US Sassuolo,2919,AC Monza,LOAN_RETURN_OR_END_OF_LOAN,End of loan 30/06/2024,0,IN
TM-2024-00048,2024/25,129476,Gerard Deulofeu,410,Udinese Calcio,515,Without Club,FREE_AGENT_OR_END_OF_CONTRACT,-,0,OUT
TM-2024-00049,2024/25,130360,Simone Verdi,1047,Como 1907,6574,US Sassuolo,LOAN,loan transfer,0,OUT
TM-2024-00050,2024/25,130394,Gianluca Lapadula,1390,Cagliari Calcio,3522,Spezia Calcio,PERMANENT_OR_OTHER_EXPLICIT,€300k,0,OUT
TM-2024-00051,2024/25,131951,Kevin Lasagna,276,Hellas Verona,332,SSC Bari,LOAN,loan transfer,0,OUT
TM-2024-00052,2024/25,131951,Kevin Lasagna,6646,Fatih Karagümrük,276,Hellas Verona,LOAN_RETURN_OR_END_OF_LOAN,End of loan 30/06/2024,0,IN
TM-2024-00053,2024/25,134883,Daniele Baselli,1047,Como 1907,515,Without Club,FREE_AGENT_OR_END_OF_CONTRACT,-,0,OUT
TM-2024-00054,2024/25,136135,Matteo Solini,1047,Como 1907,2581,Mantova 1911,PERMANENT_OR_OTHER_EXPLICIT,€50k,0,OUT
TM-2024-00055,2024/25,144143,Bartosz Bereszyński,749,FC Empoli,1038,UC Sampdoria,LOAN_RETURN_OR_END_OF_LOAN,End of loan 30/06/2024,0,OUT
TM-2024-00056,2024/25,144244,Pantelis Hatzidiakos,1390,Cagliari Calcio,190,FC Copenhagen,LOAN,loan transfer,0,OUT
TM-2024-00057,2024/25,145707,Danilo,506,Juventus FC,614,CR Flamengo,FREE_TRANSFER,free transfer,0,OUT
TM-2024-00058,2024/25,148252,Remo Freuler,1025,Bologna FC 1909,703,Nottingham Forest,LOAN_RETURN_OR_END_OF_LOAN,End of loan 30/06/2024,0,OUT
TM-2024-00059,2024/25,148252,Remo Freuler,703,Nottingham Forest,1025,Bologna FC 1909,PERMANENT_OR_OTHER_EXPLICIT,€1.90m,0,IN
TM-2024-00060,2024/25,148368,Divock Origi,5,AC Milan,41107,Milan Futuro,PERMANENT_OR_OTHER_EXPLICIT,-,0,OUT
TM-2024-00061,2024/25,148368,Divock Origi,703,Nottingham Forest,5,AC Milan,LOAN_RETURN_OR_END_OF_LOAN,End of loan 30/06/2024,0,IN
TM-2024-00062,2024/25,157501,M'Baye Niang,749,FC Empoli,6603,Wydad Casablanca,FREE_TRANSFER,free transfer,0,OUT
TM-2024-00063,2024/25,159337,Roberto Inglese,130,Parma Calcio 1913,1627,Catania FC,FREE_TRANSFER,free transfer,0,OUT
TM-2024-00064,2024/25,159337,Roberto Inglese,5514,Calcio Lecco 1912,130,Parma Calcio 1913,LOAN_RETURN_OR_END_OF_LOAN,End of loan 30/06/2024,0,IN
TM-2024-00065,2024/25,159372,Felipe Anderson,398,SS Lazio,1023,Sociedade Esportiva Palmeiras,FREE_TRANSFER,free transfer,0,OUT
TM-2024-00066,2024/25,160344,Leonardo Mancuso,2919,AC Monza,2581,Mantova 1911,FREE_TRANSFER,free transfer,0,OUT
TM-2024-00067,2024/25,160344,Leonardo Mancuso,458,Palermo FC,2919,AC Monza,LOAN_RETURN_OR_END_OF_LOAN,End of loan 30/06/2024,0,IN
TM-2024-00068,2024/25,160668,Antonio Colak,130,Parma Calcio 1913,3522,Spezia Calcio,PERMANENT_OR_OTHER_EXPLICIT,€2.50m,0,OUT
TM-2024-00069,2024/25,160938,Marc Oliver Kempf,44,Hertha BSC,1047,Como 1907,PERMANENT_OR_OTHER_EXPLICIT,€2.50m,0,IN
TM-2024-00070,2024/25,161011,Filip Kostic,506,Juventus FC,36,Fenerbahce,LOAN,loan transfer,0,OUT
TM-2024-00071,2024/25,162959,Daniele Rugani,506,Juventus FC,610,Ajax Amsterdam,LOAN,loan transfer,0,OUT
TM-2024-00072,2024/25,163048,Alberto Paleari,4171,Benevento Calcio,416,Torino FC,FREE_TRANSFER,free transfer,0,IN
TM-2024-00073,2024/25,163639,Federico Ceccherini,276,Hellas Verona,2239,US Cremonese,PERMANENT_OR_OTHER_EXPLICIT,?,0,OUT
TM-2024-00074,2024/25,163639,Federico Ceccherini,6646,Fatih Karagümrük,276,Hellas Verona,LOAN_RETURN_OR_END_OF_LOAN,End of loan 30/06/2024,0,IN
TM-2024-00075,2024/25,163647,Kastriot Dermaku,1005,US Lecce,,Retired,RETIREMENT,-,0,OUT
TM-2024-00076,2024/25,164770,Raphaël Varane,1047,Como 1907,,Retired,RETIREMENT,-,0,OUT
TM-2024-00077,2024/25,164770,Raphaël Varane,985,Manchester United,1047,Como 1907,FREE_TRANSFER,free transfer,0,IN
TM-2024-00078,2024/25,165873,Federico Barba,1047,Como 1907,321,FC Sion,PERMANENT_OR_OTHER_EXPLICIT,?,0,OUT
TM-2024-00079,2024/25,167727,Andrea Belotti,1047,Como 1907,294,SL Benfica,LOAN,loan transfer,0,OUT
TM-2024-00080,2024/25,167727,Andrea Belotti,12,AS Roma,1047,Como 1907,PERMANENT_OR_OTHER_EXPLICIT,€4.10m,1,IN+OUT
TM-2024-00081,2024/25,167727,Andrea Belotti,430,ACF Fiorentina,12,AS Roma,LOAN_RETURN_OR_END_OF_LOAN,End of loan 30/06/2024,1,IN+OUT
TM-2024-00082,2024/25,167741,Mattia Valoti,2919,AC Monza,2239,US Cremonese,PERMANENT_OR_OTHER_EXPLICIT,?,0,OUT
TM-2024-00083,2024/25,167741,Mattia Valoti,4172,Pisa Sporting Club,2919,AC Monza,LOAN_RETURN_OR_END_OF_LOAN,End of loan 30/06/2024,0,IN
TM-2024-00084,2024/25,168157,Leander Dendoncker,6195,SSC Napoli,405,Aston Villa,LOAN_RETURN_OR_END_OF_LOAN,End of loan 30/06/2024,0,OUT
TM-2024-00085,2024/25,170481,Jean-Daniel Akpa Akpro,2919,AC Monza,398,SS Lazio,LOAN_RETURN_OR_END_OF_LOAN,End of loan 30/06/2024,1,IN+OUT
TM-2024-00086,2024/25,170481,Jean-Daniel Akpa Akpro,398,SS Lazio,2919,AC Monza,LOAN,loan transfer,1,IN+OUT
TM-2024-00087,2024/25,173491,Joel Pohjanpalo,607,Venezia FC,458,Palermo FC,PERMANENT_OR_OTHER_EXPLICIT,€4.75m,0,OUT
TM-2024-00088,2024/25,180337,Sardar Azmoun,12,AS Roma,15,Bayer 04 Leverkusen,LOAN_RETURN_OR_END_OF_LOAN,End of loan 30/06/2024,0,OUT
TM-2024-00089,2024/25,181136,Piotr Zielinski,6195,SSC Napoli,46,Inter Milan,FREE_TRANSFER,free transfer,1,IN+OUT
TM-2024-00090,2024/25,182517,Anthony Partipilo,130,Parma Calcio 1913,8970,Frosinone Calcio,LOAN,loan transfer,0,OUT
TM-2024-00091,2024/25,182889,Wylan Cyprien,130,Parma Calcio 1913,4768,Changchun Yatai,PERMANENT_OR_OTHER_EXPLICIT,?,0,OUT
TM-2024-00092,2024/25,182913,Adrien Rabiot,506,Juventus FC,515,Without Club,FREE_AGENT_OR_END_OF_CONTRACT,-,0,OUT
TM-2024-00093,2024/25,182932,Davy Klaassen,46,Inter Milan,515,Without Club,FREE_AGENT_OR_END_OF_CONTRACT,-,0,OUT
TM-2024-00094,2024/25,183031,Koffi Djidji,416,Torino FC,515,Without Club,FREE_AGENT_OR_END_OF_CONTRACT,-,0,OUT
TM-2024-00095,2024/25,183841,Petar Stojanović,1038,UC Sampdoria,749,FC Empoli,LOAN_RETURN_OR_END_OF_LOAN,End of loan 30/06/2024,0,IN
TM-2024-00096,2024/25,183841,Petar Stojanović,749,FC Empoli,380,US Salernitana 1919,LOAN,loan transfer,0,OUT
TM-2024-00097,2024/25,184894,Alfred Duncan,430,ACF Fiorentina,607,Venezia FC,FREE_TRANSFER,free transfer,1,IN+OUT
TM-2024-00098,2024/25,187587,Ante Rebić,114,Besiktas JK,1005,US Lecce,FREE_TRANSFER,free transfer,0,IN
TM-2024-00099,2024/25,189340,Gianluca Di Chiara,130,Parma Calcio 1913,8970,Frosinone Calcio,FREE_TRANSFER,free transfer,0,OUT
TM-2024-00100,2024/25,190634,Marko Pajac,252,Genoa CFC,515,Without Club,FREE_AGENT_OR_END_OF_CONTRACT,-,0,OUT
TM-2024-00101,2024/25,190634,Marko Pajac,5621,AC Reggiana 1919,252,Genoa CFC,LOAN_RETURN_OR_END_OF_LOAN,End of loan 30/06/2024,0,IN
TM-2024-00102,2024/25,192638,Nicolas Haas,434,FC Luzern,749,FC Empoli,LOAN_RETURN_OR_END_OF_LOAN,End of loan 30/06/2024,0,IN
TM-2024-00103,2024/25,193867,Liam Henderson,458,Palermo FC,749,FC Empoli,LOAN_RETURN_OR_END_OF_LOAN,End of loan 30/06/2024,0,IN
TM-2024-00104,2024/25,197470,Mattia Caldara,5,AC Milan,1385,Modena FC,FREE_TRANSFER,free transfer,0,OUT
TM-2024-00105,2024/25,197751,Alberto Cerri,1047,Como 1907,380,US Salernitana 1919,LOAN,loan transfer,0,OUT
TM-2024-00106,2024/25,197751,Alberto Cerri,749,FC Empoli,1047,Como 1907,LOAN_RETURN_OR_END_OF_LOAN,End of loan 30/06/2024,1,IN+OUT
TM-2024-00107,2024/25,198873,Marco Modolo,607,Venezia FC,,Retired,RETIREMENT,-,0,OUT
TM-2024-00108,2024/25,199070,Tommaso Arrigoni,1047,Como 1907,4554,FC Südtirol,PERMANENT_OR_OTHER_EXPLICIT,?,0,OUT
TM-2024-00109,2024/25,199070,Tommaso Arrigoni,4554,FC Südtirol,1047,Como 1907,LOAN_RETURN_OR_END_OF_LOAN,End of loan 30/06/2024,0,IN
TM-2024-00110,2024/25,199258,Andrea Petagna,1390,Cagliari Calcio,2919,AC Monza,LOAN_RETURN_OR_END_OF_LOAN,End of loan 30/06/2024,1,IN+OUT
TM-2024-00111,2024/25,199635,Eric Lanini,130,Parma Calcio 1913,4171,Benevento Calcio,FREE_TRANSFER,free transfer,0,OUT
TM-2024-00112,2024/25,199635,Eric Lanini,4171,Benevento Calcio,130,Parma Calcio 1913,LOAN_RETURN_OR_END_OF_LOAN,End of loan 30/06/2024,0,IN
TM-2024-00113,2024/25,199733,Danilo Cataldi,398,SS Lazio,430,ACF Fiorentina,LOAN,loan transfer,1,IN+OUT
TM-2024-00114,2024/25,20005,Papu Gómez,2919,AC Monza,515,Without Club,FREE_AGENT_OR_END_OF_CONTRACT,-,0,OUT
TM-2024-00115,2024/25,200188,Mattia Aramu,252,Genoa CFC,2581,Mantova 1911,LOAN,Loan fee: €100k,0,OUT
TM-2024-00116,2024/25,200188,Mattia Aramu,332,SSC Bari,252,Genoa CFC,LOAN_RETURN_OR_END_OF_LOAN,End of loan 30/06/2024,0,IN
TM-2024-00117,2024/25,202979,Gennaro Tutino,130,Parma Calcio 1913,4031,Cosenza Calcio,PERMANENT_OR_OTHER_EXPLICIT,€2.50m,0,OUT
TM-2024-00118,2024/25,202979,Gennaro Tutino,4031,Cosenza Calcio,130,Parma Calcio 1913,LOAN_RETURN_OR_END_OF_LOAN,End of loan 30/06/2024,0,IN
TM-2024-00119,2024/25,203842,Viktor Kovalenko,515,Without Club,749,FC Empoli,FREE_AGENT_OR_END_OF_CONTRACT,-,0,IN
TM-2024-00120,2024/25,203842,Viktor Kovalenko,749,FC Empoli,800,Atalanta BC,LOAN_RETURN_OR_END_OF_LOAN,End of loan 30/06/2024,1,IN+OUT
TM-2024-00121,2024/25,203842,Viktor Kovalenko,800,Atalanta BC,515,Without Club,FREE_AGENT_OR_END_OF_CONTRACT,-,0,OUT
TM-2024-00122,2024/25,205006,Rick Karsdorp,12,AS Roma,383,PSV Eindhoven,FREE_TRANSFER,free transfer,0,OUT
TM-2024-00123,2024/25,207917,Alberto Moreno,1050,Villarreal CF,1047,Como 1907,FREE_TRANSFER,free transfer,0,IN
TM-2024-00124,2024/25,207929,Dele Alli,515,Without Club,1047,Como 1907,FREE_AGENT_OR_END_OF_CONTRACT,-,0,IN
TM-2024-00125,2024/25,208172,Mateusz Wieteska,1390,Cagliari Calcio,1091,PAOK Thessaloniki,LOAN,Loan fee: €145k,0,OUT
TM-2024-00126,2024/25,208690,George Pușcaș,252,Genoa CFC,44006,Bodrum FK,FREE_TRANSFER,free transfer,0,OUT
TM-2024-00127,2024/25,208690,George Pușcaș,332,SSC Bari,252,Genoa CFC,LOAN_RETURN_OR_END_OF_LOAN,End of loan 30/06/2024,0,IN
TM-2024-00128,2024/25,210178,Pablo Marí,2919,AC Monza,430,ACF Fiorentina,PERMANENT_OR_OTHER_EXPLICIT,€2.70m,1,IN+OUT
TM-2024-00129,2024/25,215649,Mirko Marić,144,HNK Rijeka,2919,AC Monza,LOAN_RETURN_OR_END_OF_LOAN,End of loan 30/06/2024,0,IN
TM-2024-00130,2024/25,215649,Mirko Marić,2919,AC Monza,607,Venezia FC,LOAN,loan transfer,1,IN+OUT
TM-2024-00131,2024/25,216179,Stefano Sensi,46,Inter Milan,2919,AC Monza,FREE_TRANSFER,free transfer,1,IN+OUT
TM-2024-00132,2024/25,216599,Domen Crnigoj,5621,AC Reggiana 1919,607,Venezia FC,LOAN_RETURN_OR_END_OF_LOAN,End of loan 30/06/2024,0,IN
TM-2024-00133,2024/25,22141,Antonio Mirante,5,AC Milan,,Retired,RETIREMENT,-,0,OUT
TM-2024-00134,2024/25,222855,Jesper Karlström,238,Lech Poznan,410,Udinese Calcio,PERMANENT_OR_OTHER_EXPLICIT,€2.00m,0,IN
TM-2024-00135,2024/25,223974,Stefan Posch,1025,Bologna FC 1909,800,Atalanta BC,LOAN,Loan fee: €1.00m,1,IN+OUT
TM-2024-00136,2024/25,225055,Jean-Pierre Nsame,1047,Como 1907,255,Legia Warszawa,LOAN,loan transfer,0,OUT
TM-2024-00137,2024/25,225055,Jean-Pierre Nsame,1047,Como 1907,255,Legia Warszawa,PERMANENT_OR_OTHER_EXPLICIT,€575k,0,OUT
TM-2024-00138,2024/25,225055,Jean-Pierre Nsame,255,Legia Warszawa,1047,Como 1907,LOAN_RETURN_OR_END_OF_LOAN,End of loan 28/01/2025,0,IN
TM-2024-00139,2024/25,226025,Luca Mazzitelli,1047,Como 1907,6574,US Sassuolo,LOAN,loan transfer,0,OUT
TM-2024-00140,2024/25,226025,Luca Mazzitelli,8970,Frosinone Calcio,1047,Como 1907,LOAN,loan transfer,0,IN
TM-2024-00141,2024/25,226524,Morten Thorsby,252,Genoa CFC,89,1.FC Union Berlin,LOAN_RETURN_OR_END_OF_LOAN,End of loan 30/06/2024,0,OUT
TM-2024-00142,2024/25,226524,Morten Thorsby,89,1.FC Union Berlin,252,Genoa CFC,PERMANENT_OR_OTHER_EXPLICIT,€3.10m,0,IN
TM-2024-00143,2024/25,227081,Joaquín Correa,244,Olympique Marseille,46,Inter Milan,LOAN_RETURN_OR_END_OF_LOAN,End of loan 30/06/2024,0,IN
TM-2024-00144,2024/25,228444,Ridgeciano Haps,252,Genoa CFC,607,Venezia FC,LOAN_RETURN_OR_END_OF_LOAN,End of loan 30/06/2024,1,IN+OUT
TM-2024-00145,2024/25,234781,Maxwel Cornet,379,West Ham United,252,Genoa CFC,LOAN,loan transfer,0,IN
TM-2024-00146,2024/25,236041,Alexis Blin,1005,US Lecce,458,Palermo FC,PERMANENT_OR_OTHER_EXPLICIT,€1.50m,0,OUT
TM-2024-00147,2024/25,237666,Silvan Hefti,252,Genoa CFC,41,Hamburger SV,PERMANENT_OR_OTHER_EXPLICIT,€1.65m,0,OUT
TM-2024-00148,2024/25,237666,Silvan Hefti,969,Montpellier HSC,252,Genoa CFC,LOAN_RETURN_OR_END_OF_LOAN,End of loan 30/06/2024,0,IN
TM-2024-00149,2024/25,238752,Keita Baldé,515,Without Club,2919,AC Monza,FREE_AGENT_OR_END_OF_CONTRACT,-,0,IN
TM-2024-00150,2024/25,238993,Simone Scuffet,1390,Cagliari Calcio,6195,SSC Napoli,LOAN,loan transfer,1,IN+OUT
TM-2024-00151,2024/25,239934,Maximilian Ullmann,607,Venezia FC,4441,Wolfsberger AC,FREE_TRANSFER,free transfer,0,OUT
TM-2024-00152,2024/25,240219,Lorenzo Venuti,1005,US Lecce,1038,UC Sampdoria,FREE_TRANSFER,free transfer,0,OUT
TM-2024-00153,2024/25,240349,Cristiano Lombardi,398,SS Lazio,,Retired,RETIREMENT,-,0,OUT
TM-2024-00154,2024/25,241052,Alessandro Bellemo,1047,Como 1907,1038,UC Sampdoria,LOAN,loan transfer,0,OUT
TM-2024-00155,2024/25,241527,Federico Bonazzoli,276,Hellas Verona,380,US Salernitana 1919,LOAN_RETURN_OR_END_OF_LOAN,End of loan 30/06/2024,0,OUT
TM-2024-00156,2024/25,242359,Juan Musso,800,Atalanta BC,13,Atlético de Madrid,LOAN,Loan fee: €1.50m,0,OUT
TM-2024-00157,2024/25,242813,Filip Jagiełło,252,Genoa CFC,238,Lech Poznan,FREE_TRANSFER,free transfer,0,OUT
TM-2024-00158,2024/25,242813,Filip Jagiełło,3522,Spezia Calcio,252,Genoa CFC,LOAN_RETURN_OR_END_OF_LOAN,End of loan 30/06/2024,0,IN
TM-2024-00159,2024/25,244192,Pierluigi Gollini,252,Genoa CFC,800,Atalanta BC,LOAN_RETURN_OR_END_OF_LOAN,End of loan 23/01/2025,1,IN+OUT
TM-2024-00160,2024/25,244192,Pierluigi Gollini,6195,SSC Napoli,800,Atalanta BC,LOAN_RETURN_OR_END_OF_LOAN,End of loan 30/06/2024,1,IN+OUT
TM-2024-00161,2024/25,244192,Pierluigi Gollini,800,Atalanta BC,12,AS Roma,PERMANENT_OR_OTHER_EXPLICIT,€800k,1,IN+OUT
TM-2024-00162,2024/25,244192,Pierluigi Gollini,800,Atalanta BC,252,Genoa CFC,LOAN,loan transfer,1,IN+OUT
TM-2024-00163,2024/25,244491,Stefano Gori,2919,AC Monza,506,Juventus FC,LOAN_RETURN_OR_END_OF_LOAN,End of loan 30/06/2024,1,IN+OUT
TM-2024-00164,2024/25,244491,Stefano Gori,506,Juventus FC,3522,Spezia Calcio,LOAN,loan transfer,0,OUT
TM-2024-00165,2024/25,245078,Nemanja Radonjic,237,RCD Mallorca,416,Torino FC,LOAN_RETURN_OR_END_OF_LOAN,End of loan 30/06/2024,0,IN
TM-2024-00166,2024/25,245078,Nemanja Radonjic,416,Torino FC,159,Red Star Belgrade,PERMANENT_OR_OTHER_EXPLICIT,€200k,0,OUT
TM-2024-00167,2024/25,246291,Diego Llorente,12,AS Roma,399,Leeds United,LOAN_RETURN_OR_END_OF_LOAN,End of loan 30/06/2024,0,OUT
TM-2024-00168,2024/25,247377,Kevin Bonifazi,1005,US Lecce,6574,US Sassuolo,LOAN,loan transfer,0,OUT
TM-2024-00169,2024/25,247377,Kevin Bonifazi,1025,Bologna FC 1909,1005,US Lecce,LOAN,loan transfer,1,IN+OUT
TM-2024-00170,2024/25,247377,Kevin Bonifazi,8970,Frosinone Calcio,1025,Bologna FC 1909,LOAN_RETURN_OR_END_OF_LOAN,End of loan 30/06/2024,0,IN
TM-2024-00171,2024/25,249730,Guillermo Maripán,162,AS Monaco,416,Torino FC,PERMANENT_OR_OTHER_EXPLICIT,€4.60m,0,IN
TM-2024-00172,2024/25,255450,Aleksey Miranchuk,800,Atalanta BC,51663,Atlanta United FC,PERMANENT_OR_OTHER_EXPLICIT,€11.80m,0,OUT
TM-2024-00173,2024/25,256339,Emil Audero,1038,UC Sampdoria,1047,Como 1907,PERMANENT_OR_OTHER_EXPLICIT,€6.00m,0,IN
TM-2024-00174,2024/25,256339,Emil Audero,1047,Como 1907,458,Palermo FC,LOAN,loan transfer,0,OUT
TM-2024-00175,2024/25,256339,Emil Audero,46,Inter Milan,1038,UC Sampdoria,LOAN_RETURN_OR_END_OF_LOAN,End of loan 30/06/2024,0,OUT
TM-2024-00176,2024/25,257751,Simone Bastoni,749,FC Empoli,3522,Spezia Calcio,LOAN_RETURN_OR_END_OF_LOAN,End of loan 30/06/2024,0,OUT
TM-2024-00177,2024/25,258027,Renato Sanches,12,AS Roma,583,Paris Saint-Germain,LOAN_RETURN_OR_END_OF_LOAN,End of loan 30/06/2024,0,OUT
TM-2024-00178,2024/25,258482,Boris Radunović,1390,Cagliari Calcio,332,SSC Bari,LOAN,loan transfer,0,OUT
TM-2024-00179,2024/25,259953,Rade Krunic,36,Fenerbahce,5,AC Milan,LOAN_RETURN_OR_END_OF_LOAN,End of loan 30/06/2024,0,IN
TM-2024-00180,2024/25,259953,Rade Krunic,5,AC Milan,36,Fenerbahce,PERMANENT_OR_OTHER_EXPLICIT,€3.50m,0,OUT
TM-2024-00181,2024/25,261905,Suat Serdar,276,Hellas Verona,44,Hertha BSC,LOAN_RETURN_OR_END_OF_LOAN,End of loan 30/06/2024,0,OUT
TM-2024-00182,2024/25,261905,Suat Serdar,44,Hertha BSC,276,Hellas Verona,PERMANENT_OR_OTHER_EXPLICIT,€5.75m,0,IN
TM-2024-00183,2024/25,262523,Davide Calabria,5,AC Milan,1025,Bologna FC 1909,LOAN,loan transfer,1,IN+OUT
TM-2024-00184,2024/25,264116,Gastón Pereiro,1103,Ternana Calcio,1390,Cagliari Calcio,LOAN_RETURN_OR_END_OF_LOAN,End of loan 30/06/2024,0,IN
TM-2024-00185,2024/25,264116,Gastón Pereiro,1390,Cagliari Calcio,515,Without Club,FREE_AGENT_OR_END_OF_CONTRACT,-,0,OUT
TM-2024-00186,2024/25,264116,Gastón Pereiro,252,Genoa CFC,332,SSC Bari,PERMANENT_OR_OTHER_EXPLICIT,?,0,OUT
TM-2024-00187,2024/25,264116,Gastón Pereiro,515,Without Club,252,Genoa CFC,FREE_AGENT_OR_END_OF_CONTRACT,-,0,IN
TM-2024-00188,2024/25,265033,Nikolas Ioannou,1047,Como 1907,1038,UC Sampdoria,LOAN,loan transfer,0,OUT
TM-2024-00189,2024/25,265625,Ajdin Hrustic,276,Hellas Verona,380,US Salernitana 1919,FREE_TRANSFER,free transfer,0,OUT
TM-2024-00190,2024/25,271622,Óttar Magnús Karlsson,607,Venezia FC,2722,SPAL,PERMANENT_OR_OTHER_EXPLICIT,€50k,0,OUT
TM-2024-00191,2024/25,271622,Óttar Magnús Karlsson,7030,Vis Pesaro 1898,607,Venezia FC,LOAN_RETURN_OR_END_OF_LOAN,End of loan 30/06/2024,0,IN
TM-2024-00192,2024/25,272261,Antonín Barák,430,ACF Fiorentina,10484,Kasimpasa,LOAN,loan transfer,0,OUT
TM-2024-00193,2024/25,273132,Robin Gosens,89,1.FC Union Berlin,430,ACF Fiorentina,LOAN,Loan fee: €750k,0,IN
TM-2024-00194,2024/25,275303,Hans Hateboer,800,Atalanta BC,273,Stade Rennais FC,PERMANENT_OR_OTHER_EXPLICIT,€2.80m,0,OUT
TM-2024-00195,2024/25,276896,Samuel Gigot,244,Olympique Marseille,398,SS Lazio,LOAN,Loan fee: €500k,0,IN
TM-2024-00196,2024/25,277179,Angeliño,12,AS Roma,23826,RB Leipzig,LOAN_RETURN_OR_END_OF_LOAN,End of loan 30/06/2024,0,OUT
TM-2024-00197,2024/25,277179,Angeliño,23826,RB Leipzig,12,AS Roma,PERMANENT_OR_OTHER_EXPLICIT,€5.40m,0,IN
TM-2024-00198,2024/25,278531,Sebastiano Luperto,749,FC Empoli,1390,Cagliari Calcio,PERMANENT_OR_OTHER_EXPLICIT,€3.50m,1,IN+OUT
TM-2024-00199,2024/25,281769,Mario Hermoso,12,AS Roma,15,Bayer 04 Leverkusen,LOAN,loan transfer,0,OUT
TM-2024-00200,2024/25,281769,Mario Hermoso,515,Without Club,12,AS Roma,FREE_AGENT_OR_END_OF_CONTRACT,-,0,IN
TM-2024-00201,2024/25,282144,Marin Pongracic,1005,US Lecce,430,ACF Fiorentina,PERMANENT_OR_OTHER_EXPLICIT,€15.00m,1,IN+OUT
TM-2024-00202,2024/25,286275,Armando Anastasio,2919,AC Monza,1627,Catania FC,FREE_TRANSFER,free transfer,0,OUT
TM-2024-00203,2024/25,286275,Armando Anastasio,4106,Casertana FC,2919,AC Monza,LOAN_RETURN_OR_END_OF_LOAN,End of loan 30/06/2024,0,IN
TM-2024-00204,2024/25,286949,Adam Masina,410,Udinese Calcio,416,Torino FC,PERMANENT_OR_OTHER_EXPLICIT,€1.00m,1,IN+OUT
TM-2024-00205,2024/25,286949,Adam Masina,416,Torino FC,410,Udinese Calcio,LOAN_RETURN_OR_END_OF_LOAN,End of loan 30/06/2024,1,IN+OUT
TM-2024-00206,2024/25,287367,Luca Vignali,1047,Como 1907,3522,Spezia Calcio,PERMANENT_OR_OTHER_EXPLICIT,?,0,OUT
TM-2024-00207,2024/25,287367,Luca Vignali,3522,Spezia Calcio,1047,Como 1907,LOAN_RETURN_OR_END_OF_LOAN,End of loan 30/06/2024,0,IN
TM-2024-00208,2024/25,287579,Sofyan Amrabat,430,ACF Fiorentina,36,Fenerbahce,LOAN,Loan fee: €2.00m,0,OUT
TM-2024-00209,2024/25,287579,Sofyan Amrabat,985,Manchester United,430,ACF Fiorentina,LOAN_RETURN_OR_END_OF_LOAN,End of loan 30/06/2024,0,IN
TM-2024-00210,2024/25,287700,Mohamed Fares,19,Brescia Calcio (- 2025),398,SS Lazio,LOAN_RETURN_OR_END_OF_LOAN,End of loan 30/06/2024,0,IN
TM-2024-00211,2024/25,287700,Mohamed Fares,398,SS Lazio,3385,Panserraikos,LOAN,loan transfer,0,OUT
TM-2024-00212,2024/25,287875,Luca Fiordilino,607,Venezia FC,4271,US Triestina,FREE_TRANSFER,free transfer,0,OUT
TM-2024-00213,2024/25,287875,Luca Fiordilino,9439,Feralpisalò,607,Venezia FC,LOAN_RETURN_OR_END_OF_LOAN,End of loan 30/06/2024,0,IN
TM-2024-00214,2024/25,290032,Kevin Rüegg,26,FC Basel 1893,276,Hellas Verona,LOAN_RETURN_OR_END_OF_LOAN,End of loan 30/06/2024,0,IN
TM-2024-00215,2024/25,290032,Kevin Rüegg,276,Hellas Verona,26,FC Basel 1893,PERMANENT_OR_OTHER_EXPLICIT,€480k,0,OUT
TM-2024-00216,2024/25,290537,Jean Butez,1096,Royal Antwerp FC,1047,Como 1907,PERMANENT_OR_OTHER_EXPLICIT,€2.10m,0,IN
TM-2024-00217,2024/25,290862,Maxime Lopez,430,ACF Fiorentina,6574,US Sassuolo,LOAN_RETURN_OR_END_OF_LOAN,End of loan 30/06/2024,0,OUT
TM-2024-00218,2024/25,291276,Marcin Listkowski,1005,US Lecce,2300,Jagiellonia Bialystok,PERMANENT_OR_OTHER_EXPLICIT,?,0,OUT
TM-2024-00219,2024/25,291276,Marcin Listkowski,5514,Calcio Lecco 1912,1005,US Lecce,LOAN_RETURN_OR_END_OF_LOAN,End of loan 30/06/2024,0,IN
TM-2024-00220,2024/25,293168,Filip Benkovic,410,Udinese Calcio,515,Without Club,FREE_AGENT_OR_END_OF_CONTRACT,-,0,OUT
TM-2024-00221,2024/25,293168,Filip Benkovic,449,Trabzonspor,410,Udinese Calcio,LOAN_RETURN_OR_END_OF_LOAN,End of loan 30/06/2024,0,IN
TM-2024-00222,2024/25,293169,Josip Brekalo,430,ACF Fiorentina,10484,Kasimpasa,LOAN,loan transfer,0,OUT
TM-2024-00223,2024/25,293169,Josip Brekalo,447,HNK Hajduk Split,430,ACF Fiorentina,LOAN_RETURN_OR_END_OF_LOAN,End of loan 30/06/2024,0,IN
TM-2024-00224,2024/25,293194,Borna Sosa,610,Ajax Amsterdam,416,Torino FC,LOAN,loan transfer,0,IN
TM-2024-00225,2024/25,295183,Răzvan Marin,749,FC Empoli,1390,Cagliari Calcio,LOAN_RETURN_OR_END_OF_LOAN,End of loan 30/06/2024,1,IN+OUT
TM-2024-00226,2024/25,295331,Isaac Success,410,Udinese Calcio,515,Without Club,FREE_AGENT_OR_END_OF_CONTRACT,-,0,OUT
TM-2024-00227,2024/25,296422,Fodé Ballo-Touré,5,AC Milan,41107,Milan Futuro,PERMANENT_OR_OTHER_EXPLICIT,-,0,OUT
TM-2024-00228,2024/25,296422,Fodé Ballo-Touré,931,Fulham FC,5,AC Milan,LOAN_RETURN_OR_END_OF_LOAN,End of loan 30/06/2024,0,IN
TM-2024-00229,2024/25,298635,Grigoris Kastanos,380,US Salernitana 1919,276,Hellas Verona,LOAN,Loan fee: €211k,0,IN
TM-2024-00230,2024/25,300137,Marius Adamonis,398,SS Lazio,1627,Catania FC,FREE_TRANSFER,free transfer,0,OUT
TM-2024-00231,2024/25,300137,Marius Adamonis,839,AC Perugia Calcio,398,SS Lazio,LOAN_RETURN_OR_END_OF_LOAN,End of loan 30/06/2024,0,IN
TM-2024-00232,2024/25,300532,Pontus Almqvist,1005,US Lecce,1083,FC Rostov,LOAN_RETURN_OR_END_OF_LOAN,End of loan 30/06/2024,0,OUT
TM-2024-00233,2024/25,300532,Pontus Almqvist,1083,FC Rostov,130,Parma Calcio 1913,PERMANENT_OR_OTHER_EXPLICIT,€2.00m,0,IN
TM-2024-00234,2024/25,301236,Francesco Cassata,252,Genoa CFC,3522,Spezia Calcio,PERMANENT_OR_OTHER_EXPLICIT,€590k,0,OUT
TM-2024-00235,2024/25,301236,Francesco Cassata,3522,Spezia Calcio,252,Genoa CFC,LOAN_RETURN_OR_END_OF_LOAN,End of loan 30/06/2024,0,IN
TM-2024-00236,2024/25,301238,Michele Di Gregorio,2919,AC Monza,506,Juventus FC,LOAN,Loan fee: €4.50m,1,IN+OUT
TM-2024-00237,2024/25,301240,Samuele Perisan,749,FC Empoli,1038,UC Sampdoria,LOAN,loan transfer,0,OUT
TM-2024-00238,2024/25,303116,Gaetano Castrovilli,398,SS Lazio,2919,AC Monza,LOAN,loan transfer,1,IN+OUT
TM-2024-00239,2024/25,303116,Gaetano Castrovilli,430,ACF Fiorentina,398,SS Lazio,FREE_TRANSFER,free transfer,1,IN+OUT
TM-2024-00240,2024/25,303657,Ionuț Radu,46,Inter Milan,607,Venezia FC,FREE_TRANSFER,free transfer,1,IN+OUT
TM-2024-00241,2024/25,303657,Ionuț Radu,989,AFC Bournemouth,46,Inter Milan,LOAN_RETURN_OR_END_OF_LOAN,End of loan 30/06/2024,0,IN
TM-2024-00242,2024/25,304144,Alen Sherri,27114,KF Egnatia,1390,Cagliari Calcio,PERMANENT_OR_OTHER_EXPLICIT,€360k,0,IN
TM-2024-00243,2024/25,305947,Albert Gudmundsson,252,Genoa CFC,430,ACF Fiorentina,LOAN,Loan fee: €5.85m,1,IN+OUT
TM-2024-00244,2024/25,307058,Mehdi Taremi,720,FC Porto,46,Inter Milan,FREE_TRANSFER,free transfer,0,IN
TM-2024-00245,2024/25,309393,Lennart Czyborra,1269,PEC Zwolle,252,Genoa CFC,LOAN_RETURN_OR_END_OF_LOAN,End of loan 30/06/2024,0,IN
TM-2024-00246,2024/25,309393,Lennart Czyborra,252,Genoa CFC,2446,WSG Tirol,LOAN,Loan fee: €110k,0,OUT
TM-2024-00247,2024/25,309977,Samuel Ballet,1047,Como 1907,260,FC Zürich,LOAN,loan transfer,0,OUT
TM-2024-00248,2024/25,310458,Giangiacomo Magnani,276,Hellas Verona,458,Palermo FC,PERMANENT_OR_OTHER_EXPLICIT,€310k,0,OUT
TM-2024-00249,2024/25,310527,Paulo Azzi,1390,Cagliari Calcio,2239,US Cremonese,PERMANENT_OR_OTHER_EXPLICIT,€50k,0,OUT
TM-2024-00250,2024/25,311178,Georgios Kyriakopoulos,2919,AC Monza,6574,US Sassuolo,LOAN_RETURN_OR_END_OF_LOAN,End of loan 30/06/2024,0,OUT
TM-2024-00251,2024/25,311178,Georgios Kyriakopoulos,6574,US Sassuolo,2919,AC Monza,PERMANENT_OR_OTHER_EXPLICIT,€3.68m,0,IN
TM-2024-00252,2024/25,312819,Silvere Ganvoula,452,BSC Young Boys,2919,AC Monza,PERMANENT_OR_OTHER_EXPLICIT,€1.80m,0,IN
TM-2024-00253,2024/25,315063,Nahitan Nández,1390,Cagliari Calcio,26069,Al-Qadsiah FC,FREE_TRANSFER,free transfer,0,OUT
TM-2024-00254,2024/25,315857,Marco Curto,1047,Como 1907,1038,UC Sampdoria,LOAN,loan transfer,0,OUT
TM-2024-00255,2024/25,315857,Marco Curto,1047,Como 1907,1429,Cesena FC,LOAN,loan transfer,0,OUT
TM-2024-00256,2024/25,315857,Marco Curto,1047,Como 1907,4554,FC Südtirol,LOAN_RETURN_OR_END_OF_LOAN,End of loan 30/06/2024,0,OUT
TM-2024-00257,2024/25,315857,Marco Curto,1429,Cesena FC,1047,Como 1907,LOAN_RETURN_OR_END_OF_LOAN,End of loan 23/01/2025,0,IN
TM-2024-00258,2024/25,315857,Marco Curto,4554,FC Südtirol,1047,Como 1907,PERMANENT_OR_OTHER_EXPLICIT,€1.00m,0,IN
TM-2024-00259,2024/25,315862,Filippo Melegoni,252,Genoa CFC,4159,Carrarese Calcio 1908,PERMANENT_OR_OTHER_EXPLICIT,?,0,OUT
TM-2024-00260,2024/25,315862,Filippo Melegoni,5621,AC Reggiana 1919,252,Genoa CFC,LOAN_RETURN_OR_END_OF_LOAN,End of loan 30/06/2024,0,IN
TM-2024-00261,2024/25,315865,Andrea Pinamonti,6574,US Sassuolo,252,Genoa CFC,LOAN,Loan fee: €2.00m,0,IN
TM-2024-00262,2024/25,315871,Federico Valietti,252,Genoa CFC,4331,FC Trapani 1905,LOAN,loan transfer,0,OUT
TM-2024-00263,2024/25,315871,Federico Valietti,4093,Taranto SS,252,Genoa CFC,LOAN_RETURN_OR_END_OF_LOAN,End of loan 30/06/2024,0,IN
TM-2024-00264,2024/25,315969,Scott McTominay,985,Manchester United,6195,SSC Napoli,PERMANENT_OR_OTHER_EXPLICIT,€30.50m,0,IN
TM-2024-00265,2024/25,317057,Adrian Semper,1047,Como 1907,4172,Pisa Sporting Club,PERMANENT_OR_OTHER_EXPLICIT,€2.28m,0,OUT
TM-2024-00266,2024/25,320411,Philip Billing,989,AFC Bournemouth,6195,SSC Napoli,LOAN,loan transfer,0,IN
TM-2024-00267,2024/25,322655,Flavius Daniliuc,380,US Salernitana 1919,276,Hellas Verona,LOAN,loan transfer,0,IN
TM-2024-00268,2024/25,323929,Bruno Bertinato,607,Venezia FC,10247,Portuguesa,PERMANENT_OR_OTHER_EXPLICIT,?,0,OUT
TM-2024-00269,2024/25,323954,Walace,410,Udinese Calcio,609,Cruzeiro Esporte Clube,PERMANENT_OR_OTHER_EXPLICIT,€8.00m,0,OUT
TM-2024-00270,2024/25,324690,Jonathan Ikoné,430,ACF Fiorentina,1047,Como 1907,LOAN,Loan fee: €1.00m,1,IN+OUT
TM-2024-00271,2024/25,324804,Yann Karamoh,969,Montpellier HSC,416,Torino FC,LOAN_RETURN_OR_END_OF_LOAN,End of loan 30/06/2024,0,IN
TM-2024-00272,2024/25,325924,Ahmed Touba,1005,US Lecce,6890,Basaksehir FK,LOAN_RETURN_OR_END_OF_LOAN,End of loan 30/06/2024,0,OUT
TM-2024-00273,2024/25,325993,Oliver Abildgaard,1047,Como 1907,4172,Pisa Sporting Club,LOAN,loan transfer,0,OUT
TM-2024-00274,2024/25,330126,Karol Świderski,276,Hellas Verona,78435,Charlotte FC,LOAN_RETURN_OR_END_OF_LOAN,End of loan 30/06/2024,0,OUT
TM-2024-00275,2024/25,330208,Alessandro Vogliacco,252,Genoa CFC,130,Parma Calcio 1913,LOAN,Loan fee: €180k,1,IN+OUT
TM-2024-00276,2024/25,331498,Jordi Mboula,276,Hellas Verona,2424,Gil Vicente FC,PERMANENT_OR_OTHER_EXPLICIT,?,0,OUT
TM-2024-00277,2024/25,331498,Jordi Mboula,630,Racing Santander,276,Hellas Verona,FREE_TRANSFER,free transfer,0,IN
TM-2024-00278,2024/25,331726,Tammy Abraham,12,AS Roma,5,AC Milan,LOAN,Loan fee: €1.50m,1,IN+OUT
TM-2024-00279,2024/25,334835,Toma Bašić,380,US Salernitana 1919,398,SS Lazio,LOAN_RETURN_OR_END_OF_LOAN,End of loan 30/06/2024,0,IN
TM-2024-00280,2024/25,335147,Junior Sambia,380,US Salernitana 1919,749,FC Empoli,LOAN,loan transfer,0,IN
TM-2024-00281,2024/25,336125,Mërgim Vojvoda,416,Torino FC,1047,Como 1907,PERMANENT_OR_OTHER_EXPLICIT,€2.00m,1,IN+OUT
TM-2024-00282,2024/25,336160,Andrija Novakovich,5514,Calcio Lecco 1912,607,Venezia FC,LOAN_RETURN_OR_END_OF_LOAN,End of loan 30/06/2024,0,IN
TM-2024-00283,2024/25,336160,Andrija Novakovich,607,Venezia FC,332,SSC Bari,LOAN,loan transfer,0,OUT
TM-2024-00284,2024/25,336307,Christian Früchtl,14,Austria Vienna,1005,US Lecce,PERMANENT_OR_OTHER_EXPLICIT,€1.00m,0,IN
TM-2024-00285,2024/25,33763,Massimo Coda,2239,US Cremonese,252,Genoa CFC,LOAN_RETURN_OR_END_OF_LOAN,End of loan 30/06/2024,0,IN
TM-2024-00286,2024/25,33763,Massimo Coda,252,Genoa CFC,1038,UC Sampdoria,PERMANENT_OR_OTHER_EXPLICIT,€400k,0,OUT
TM-2024-00287,2024/25,337725,Christian Kouamé,430,ACF Fiorentina,749,FC Empoli,LOAN,loan transfer,1,IN+OUT
TM-2024-00288,2024/25,338672,Zinho Vanheusden,3057,Standard Liège,46,Inter Milan,LOAN_RETURN_OR_END_OF_LOAN,End of loan 30/06/2024,0,IN
TM-2024-00289,2024/25,338672,Zinho Vanheusden,46,Inter Milan,354,KV Mechelen,LOAN,loan transfer,0,OUT
TM-2024-00290,2024/25,339816,Tete Morente,1531,Elche CF,1005,US Lecce,FREE_TRANSFER,free transfer,0,IN
TM-2024-00291,2024/25,340151,Andrea Favilli,1103,Ternana Calcio,252,Genoa CFC,LOAN_RETURN_OR_END_OF_LOAN,End of loan 30/06/2024,0,IN
TM-2024-00292,2024/25,340151,Andrea Favilli,252,Genoa CFC,332,SSC Bari,LOAN,loan transfer,0,OUT
TM-2024-00293,2024/25,340394,Abdelhamid Sabiri,24724,Ajman Club,430,ACF Fiorentina,LOAN_RETURN_OR_END_OF_LOAN,End of loan 29/01/2025,0,IN
TM-2024-00294,2024/25,340394,Abdelhamid Sabiri,430,ACF Fiorentina,24724,Ajman Club,LOAN,loan transfer,0,OUT
TM-2024-00295,2024/25,340394,Abdelhamid Sabiri,430,ACF Fiorentina,28844,Al-Taawoun FC,LOAN,loan transfer,0,OUT
TM-2024-00296,2024/25,340394,Abdelhamid Sabiri,50531,Al-Fayha FC,430,ACF Fiorentina,LOAN_RETURN_OR_END_OF_LOAN,End of loan 30/06/2024 €470k,0,IN
TM-2024-00297,2024/25,340982,Florinel Coman,6297,Al-Gharafa SC,1390,Cagliari Calcio,LOAN,loan transfer,0,IN
TM-2024-00298,2024/25,341019,Güven Yalçın,252,Genoa CFC,8024,FC Arouca,LOAN,Loan fee: €470k,0,OUT
TM-2024-00299,2024/25,341019,Güven Yalçın,6646,Fatih Karagümrük,252,Genoa CFC,LOAN_RETURN_OR_END_OF_LOAN,End of loan 30/06/2024,0,IN
TM-2024-00300,2024/25,341092,Federico Chiesa,506,Juventus FC,31,Liverpool FC,PERMANENT_OR_OTHER_EXPLICIT,€12.00m,0,OUT
TM-2024-00301,2024/25,341227,Juan Miranda,150,Real Betis Balompié,1025,Bologna FC 1909,FREE_TRANSFER,free transfer,0,IN
TM-2024-00302,2024/25,342877,Enzo Ebosse,410,Udinese Calcio,2300,Jagiellonia Bialystok,LOAN,loan transfer,0,OUT
TM-2024-00303,2024/25,343475,Ben Godfrey,29,Everton FC,800,Atalanta BC,PERMANENT_OR_OTHER_EXPLICIT,€12.50m,0,IN
TM-2024-00304,2024/25,343475,Ben Godfrey,800,Atalanta BC,677,Ipswich Town,LOAN,loan transfer,0,OUT
TM-2024-00305,2024/25,343537,Artem Dovbyk,12321,Girona FC,12,AS Roma,PERMANENT_OR_OTHER_EXPLICIT,€41.10m,0,IN
TM-2024-00306,2024/25,344600,Michaël Cuisance,607,Venezia FC,44,Hertha BSC,PERMANENT_OR_OTHER_EXPLICIT,€300k,0,OUT
TM-2024-00307,2024/25,344600,Michaël Cuisance,81,VfL Osnabrück,607,Venezia FC,LOAN_RETURN_OR_END_OF_LOAN,End of loan 30/06/2024,0,IN
TM-2024-00308,2024/25,345458,Sebastian Walukiewicz,749,FC Empoli,416,Torino FC,PERMANENT_OR_OTHER_EXPLICIT,€4.70m,1,IN+OUT
TM-2024-00309,2024/25,345590,Jens Odgaard,1025,Bologna FC 1909,1090,AZ Alkmaar,LOAN_RETURN_OR_END_OF_LOAN,End of loan 30/06/2024,0,OUT
TM-2024-00310,2024/25,345590,Jens Odgaard,1090,AZ Alkmaar,1025,Bologna FC 1909,PERMANENT_OR_OTHER_EXPLICIT,€4.80m,0,IN
TM-2024-00311,2024/25,346562,Marco Olivieri,607,Venezia FC,41101,Juventus Next Gen,LOAN_RETURN_OR_END_OF_LOAN,End of loan 30/06/2024,0,OUT
TM-2024-00312,2024/25,346779,Ché Adams,180,Southampton FC,416,Torino FC,FREE_TRANSFER,free transfer,0,IN
TM-2024-00313,2024/25,346890,Noah Okafor,5,AC Milan,6195,SSC Napoli,LOAN,Loan fee: €1.90m,1,IN+OUT
TM-2024-00314,2024/25,351816,Ismaël Bennacer,5,AC Milan,244,Olympique Marseille,LOAN,Loan fee: €950k,0,OUT
TM-2024-00315,2024/25,354352,Frédéric Guilbert,667,RC Strasbourg Alsace,1005,US Lecce,FREE_TRANSFER,free transfer,0,IN
TM-2024-00316,2024/25,354814,M'Bala Nzola,430,ACF Fiorentina,826,RC Lens,LOAN,Loan fee: €2.10m,0,OUT
TM-2024-00317,2024/25,354909,Giorgio Altare,1390,Cagliari Calcio,607,Venezia FC,PERMANENT_OR_OTHER_EXPLICIT,€1.50m,1,IN+OUT
TM-2024-00318,2024/25,354909,Giorgio Altare,607,Venezia FC,1038,UC Sampdoria,LOAN,loan transfer,0,OUT
TM-2024-00319,2024/25,354909,Giorgio Altare,607,Venezia FC,1390,Cagliari Calcio,LOAN_RETURN_OR_END_OF_LOAN,End of loan 30/06/2024,1,IN+OUT
TM-2024-00320,2024/25,355104,Pepín Machín,2919,AC Monza,7077,FC Cartagena,LOAN,loan transfer,0,OUT
TM-2024-00321,2024/25,355104,Pepín Machín,2919,AC Monza,8970,Frosinone Calcio,LOAN,loan transfer,0,OUT
TM-2024-00322,2024/25,355104,Pepín Machín,8970,Frosinone Calcio,2919,AC Monza,LOAN_RETURN_OR_END_OF_LOAN,End of loan 28/01/2025,0,IN
TM-2024-00323,2024/25,356141,Daichi Kamada,398,SS Lazio,873,Crystal Palace,FREE_TRANSFER,free transfer,0,OUT
TM-2024-00324,2024/25,357003,Martin Erlić,6574,US Sassuolo,1025,Bologna FC 1909,PERMANENT_OR_OTHER_EXPLICIT,€7.70m,0,IN
TM-2024-00325,2024/25,357158,Rúben Vinagre,276,Hellas Verona,336,Sporting CP,LOAN_RETURN_OR_END_OF_LOAN,End of loan 30/06/2024,0,OUT
TM-2024-00326,2024/25,357796,Domagoj Bradarić,380,US Salernitana 1919,276,Hellas Verona,LOAN,loan transfer,0,IN
TM-2024-00327,2024/25,357983,Simone Ghidotti,1047,Como 1907,1038,UC Sampdoria,LOAN,loan transfer,0,OUT
TM-2024-00328,2024/25,357983,Simone Ghidotti,2331,US Avellino 1912,1047,Como 1907,LOAN_RETURN_OR_END_OF_LOAN,End of loan 30/06/2024,0,IN
TM-2024-00329,2024/25,357991,Alessandro Plizzari,2921,Delfino Pescara 1936,607,Venezia FC,PERMANENT_OR_OTHER_EXPLICIT,€450k,0,IN
TM-2024-00330,2024/25,357991,Alessandro Plizzari,607,Venezia FC,2921,Delfino Pescara 1936,LOAN,loan transfer,0,OUT
TM-2024-00331,2024/25,357992,Raoul Bellanova,416,Torino FC,800,Atalanta BC,PERMANENT_OR_OTHER_EXPLICIT,€24.30m,1,IN+OUT
TM-2024-00332,2024/25,357995,Davide Bettella,2919,AC Monza,8970,Frosinone Calcio,FREE_TRANSFER,free transfer,0,OUT
TM-2024-00333,2024/25,357998,Davide Merola,2921,Delfino Pescara 1936,749,FC Empoli,LOAN_RETURN_OR_END_OF_LOAN,End of loan 30/06/2024,0,IN
TM-2024-00334,2024/25,357998,Davide Merola,749,FC Empoli,2921,Delfino Pescara 1936,PERMANENT_OR_OTHER_EXPLICIT,€150k,0,OUT
TM-2024-00335,2024/25,358008,Gianluca Gaetano,1390,Cagliari Calcio,6195,SSC Napoli,LOAN_RETURN_OR_END_OF_LOAN,End of loan 30/06/2024,1,IN+OUT
TM-2024-00336,2024/25,358008,Gianluca Gaetano,6195,SSC Napoli,1390,Cagliari Calcio,LOAN,loan transfer,1,IN+OUT
TM-2024-00337,2024/25,358166,Eldor Shomurodov,1390,Cagliari Calcio,12,AS Roma,LOAN_RETURN_OR_END_OF_LOAN,End of loan 30/06/2024,1,IN+OUT
TM-2024-00338,2024/25,360518,Teun Koopmeiners,800,Atalanta BC,506,Juventus FC,PERMANENT_OR_OTHER_EXPLICIT,€58.40m,1,IN+OUT
TM-2024-00339,2024/25,361065,Mitchel Bakker,800,Atalanta BC,1082,LOSC Lille,LOAN,Loan fee: €840k,0,OUT
TM-2024-00340,2024/25,361068,Jurgen Ekkelenkamp,1096,Royal Antwerp FC,410,Udinese Calcio,PERMANENT_OR_OTHER_EXPLICIT,€5.35m,0,IN
TM-2024-00341,2024/25,361081,Daishawn Redan,4271,US Triestina,607,Venezia FC,LOAN_RETURN_OR_END_OF_LOAN,End of loan 30/06/2024,0,IN
TM-2024-00342,2024/25,361081,Daishawn Redan,607,Venezia FC,2331,US Avellino 1912,PERMANENT_OR_OTHER_EXPLICIT,?,0,OUT
TM-2024-00343,2024/25,362842,Arthur Melo,430,ACF Fiorentina,506,Juventus FC,LOAN_RETURN_OR_END_OF_LOAN,End of loan 30/06/2024,1,IN+OUT
TM-2024-00344,2024/25,362842,Arthur Melo,506,Juventus FC,12321,Girona FC,LOAN,Loan fee: €700k,0,OUT
TM-2024-00345,2024/25,364133,Pietro Pellegri,416,Torino FC,749,FC Empoli,LOAN,loan transfer,1,IN+OUT
TM-2024-00346,2024/25,364135,Moise Kean,506,Juventus FC,430,ACF Fiorentina,PERMANENT_OR_OTHER_EXPLICIT,€14.50m,1,IN+OUT
TM-2024-00347,2024/25,367284,Leo Østigård,6195,SSC Napoli,273,Stade Rennais FC,PERMANENT_OR_OTHER_EXPLICIT,€7.37m,0,OUT
TM-2024-00348,2024/25,367464,Luís Maximiano,3302,UD Almería,398,SS Lazio,LOAN_RETURN_OR_END_OF_LOAN,End of loan 30/06/2024,0,IN
TM-2024-00349,2024/25,367464,Luís Maximiano,398,SS Lazio,3302,UD Almería,PERMANENT_OR_OTHER_EXPLICIT,€8.10m,0,OUT
TM-2024-00350,2024/25,367992,Jesper Karlsson,1025,Bologna FC 1909,1005,US Lecce,LOAN,loan transfer,1,IN+OUT
TM-2024-00351,2024/25,369684,Rasmus Nissen Kristensen,12,AS Roma,399,Leeds United,LOAN_RETURN_OR_END_OF_LOAN,End of loan 30/06/2024,0,OUT
TM-2024-00352,2024/25,371371,Marash Kumbulla,12,AS Roma,714,RCD Espanyol Barcelona,LOAN,loan transfer,0,OUT
TM-2024-00353,2024/25,371371,Marash Kumbulla,6574,US Sassuolo,12,AS Roma,LOAN_RETURN_OR_END_OF_LOAN,End of loan 30/06/2024,0,IN
TM-2024-00354,2024/25,372445,Dani Silva,276,Hellas Verona,865,FC Midtjylland,PERMANENT_OR_OTHER_EXPLICIT,€3.00m,0,OUT
TM-2024-00355,2024/25,372720,Nicholas Pierini,607,Venezia FC,6574,US Sassuolo,PERMANENT_OR_OTHER_EXPLICIT,€1.60m,0,OUT
TM-2024-00356,2024/25,373373,Lucas Martínez Quarta,430,ACF Fiorentina,209,CA River Plate,PERMANENT_OR_OTHER_EXPLICIT,€7.00m,0,OUT
TM-2024-00357,2024/25,374418,Mateusz Praszelik,276,Hellas Verona,4554,FC Südtirol,LOAN,loan transfer,0,OUT
TM-2024-00358,2024/25,374418,Mateusz Praszelik,4031,Cosenza Calcio,276,Hellas Verona,LOAN_RETURN_OR_END_OF_LOAN,End of loan 30/06/2024,0,IN
TM-2024-00359,2024/25,375877,Vakoun Bayo,1010,Watford FC,410,Udinese Calcio,PERMANENT_OR_OTHER_EXPLICIT,?,0,IN
TM-2024-00360,2024/25,375877,Vakoun Bayo,410,Udinese Calcio,1010,Watford FC,LOAN,loan transfer,0,OUT
TM-2024-00361,2024/25,377042,Michael Folorunsho,276,Hellas Verona,6195,SSC Napoli,LOAN_RETURN_OR_END_OF_LOAN,End of loan 30/06/2024,1,IN+OUT
TM-2024-00362,2024/25,377042,Michael Folorunsho,6195,SSC Napoli,430,ACF Fiorentina,LOAN,Loan fee: €1.00m,1,IN+OUT
TM-2024-00363,2024/25,380744,Egil Selvik,2761,FK Haugesund,410,Udinese Calcio,FREE_TRANSFER,free transfer,0,IN
TM-2024-00364,2024/25,380744,Egil Selvik,410,Udinese Calcio,1010,Watford FC,PERMANENT_OR_OTHER_EXPLICIT,?,0,OUT
TM-2024-00365,2024/25,381706,Arvid Brorsson,2719,Mjällby AIF,2919,AC Monza,PERMANENT_OR_OTHER_EXPLICIT,€500k,0,IN
TM-2024-00366,2024/25,381950,Alexis Saelemaekers,1025,Bologna FC 1909,5,AC Milan,LOAN_RETURN_OR_END_OF_LOAN,End of loan 30/06/2024,1,IN+OUT
TM-2024-00367,2024/25,381950,Alexis Saelemaekers,5,AC Milan,12,AS Roma,LOAN,loan transfer,1,IN+OUT
TM-2024-00368,2024/25,384859,Fabien Centonze,276,Hellas Verona,995,FC Nantes,LOAN_RETURN_OR_END_OF_LOAN,End of loan 30/06/2024,0,OUT
TM-2024-00369,2024/25,385394,Alberto Dossena,1390,Cagliari Calcio,1047,Como 1907,PERMANENT_OR_OTHER_EXPLICIT,€9.34m,1,IN+OUT
TM-2024-00370,2024/25,386446,Alessandro Buongiorno,416,Torino FC,6195,SSC Napoli,PERMANENT_OR_OTHER_EXPLICIT,€36.50m,1,IN+OUT
TM-2024-00371,2024/25,386455,Riccardo Sottil,430,ACF Fiorentina,5,AC Milan,LOAN,Loan fee: €750k,1,IN+OUT
TM-2024-00372,2024/25,386552,Lassana Coulibaly,380,US Salernitana 1919,1005,US Lecce,PERMANENT_OR_OTHER_EXPLICIT,€1.80m,0,IN
TM-2024-00373,2024/25,386755,Gianluca Frabotta,4031,Cosenza Calcio,506,Juventus FC,LOAN_RETURN_OR_END_OF_LOAN,End of loan 30/06/2024,0,IN
TM-2024-00374,2024/25,386755,Gianluca Frabotta,506,Juventus FC,984,West Bromwich Albion,FREE_TRANSFER,free transfer,0,OUT
TM-2024-00375,2024/25,388125,Stanko Juric,130,Parma Calcio 1913,366,Real Valladolid CF,PERMANENT_OR_OTHER_EXPLICIT,€950k,0,OUT
TM-2024-00376,2024/25,388125,Stanko Juric,366,Real Valladolid CF,130,Parma Calcio 1913,LOAN_RETURN_OR_END_OF_LOAN,End of loan 30/06/2024,0,IN
TM-2024-00377,2024/25,388516,Josep Martínez,252,Genoa CFC,46,Inter Milan,PERMANENT_OR_OTHER_EXPLICIT,€14.00m,1,IN+OUT
TM-2024-00378,2024/25,389837,Nicolò Casale,398,SS Lazio,1025,Bologna FC 1909,LOAN,Loan fee: €1.50m,1,IN+OUT
TM-2024-00379,2024/25,391065,Hamed Traoré,6195,SSC Napoli,989,AFC Bournemouth,LOAN_RETURN_OR_END_OF_LOAN,End of loan 30/06/2024,0,OUT
TM-2024-00380,2024/25,391498,Mert Çetin,276,Hellas Verona,868,MKE Ankaragücü,FREE_TRANSFER,free transfer,0,OUT
TM-2024-00381,2024/25,391498,Mert Çetin,868,MKE Ankaragücü,276,Hellas Verona,LOAN_RETURN_OR_END_OF_LOAN,End of loan 30/06/2024,0,IN
TM-2024-00382,2024/25,391719,Domingos Quina,410,Udinese Calcio,45457,Pafos FC,PERMANENT_OR_OTHER_EXPLICIT,€600k,0,OUT
TM-2024-00383,2024/25,391719,Domingos Quina,6912,FC Vizela,410,Udinese Calcio,LOAN_RETURN_OR_END_OF_LOAN,End of loan 30/06/2024,0,IN
TM-2024-00384,2024/25,392033,Gabriele Ferrarini,9439,Feralpisalò,430,ACF Fiorentina,LOAN_RETURN_OR_END_OF_LOAN,End of loan 30/06/2024,0,IN
TM-2024-00385,2024/25,392085,Nicolò Zaniolo,141,Galatasaray,430,ACF Fiorentina,LOAN,Loan fee: €3.20m,0,IN
TM-2024-00386,2024/25,392085,Nicolò Zaniolo,141,Galatasaray,800,Atalanta BC,LOAN,Loan fee: €3.20m,0,IN
TM-2024-00387,2024/25,392085,Nicolò Zaniolo,800,Atalanta BC,141,Galatasaray,LOAN_RETURN_OR_END_OF_LOAN,End of loan 02/02/2025,0,OUT
TM-2024-00388,2024/25,392538,Tommaso Pobega,5,AC Milan,1025,Bologna FC 1909,LOAN,loan transfer,1,IN+OUT
TM-2024-00389,2024/25,392570,Marco Sala,1047,Como 1907,1005,US Lecce,LOAN,loan transfer,1,IN+OUT
TM-2024-00390,2024/25,392881,Antonio Candela,607,Venezia FC,366,Real Valladolid CF,LOAN,loan transfer,0,OUT
TM-2024-00391,2024/25,392959,Andrea Colpani,2919,AC Monza,430,ACF Fiorentina,LOAN,Loan fee: €4.00m,1,IN+OUT
TM-2024-00392,2024/25,392966,Nadir Zortea,800,Atalanta BC,1390,Cagliari Calcio,PERMANENT_OR_OTHER_EXPLICIT,€5.30m,1,IN+OUT
TM-2024-00393,2024/25,392966,Nadir Zortea,8970,Frosinone Calcio,800,Atalanta BC,LOAN_RETURN_OR_END_OF_LOAN,End of loan 30/06/2024,0,IN
TM-2024-00394,2024/25,394300,Davide Frattesi,46,Inter Milan,6574,US Sassuolo,LOAN_RETURN_OR_END_OF_LOAN,End of loan 30/06/2024,0,OUT
TM-2024-00395,2024/25,394300,Davide Frattesi,6574,US Sassuolo,46,Inter Milan,PERMANENT_OR_OTHER_EXPLICIT,€26.40m,0,IN
TM-2024-00396,2024/25,395190,Francesco Mezzoni,6195,SSC Napoli,839,AC Perugia Calcio,LOAN,loan transfer,0,OUT
TM-2024-00397,2024/25,395190,Francesco Mezzoni,839,AC Perugia Calcio,6195,SSC Napoli,LOAN_RETURN_OR_END_OF_LOAN,End of loan 30/06/2024,0,IN
TM-2024-00398,2024/25,395236,Yacine Adli,5,AC Milan,430,ACF Fiorentina,LOAN,Loan fee: €1.50m,1,IN+OUT
TM-2024-00399,2024/25,395237,Maxence Caqueret,1041,Olympique Lyon,1047,Como 1907,PERMANENT_OR_OTHER_EXPLICIT,€15.00m,0,IN
TM-2024-00400,2024/25,395512,Antoine Bernede,527,FC Lausanne-Sport,276,Hellas Verona,LOAN,Loan fee: €150k,0,IN
TM-2024-00401,2024/25,395693,Houssem Aouar,12,AS Roma,8023,Al-Ittihad Club,PERMANENT_OR_OTHER_EXPLICIT,€10.50m,0,OUT
TM-2024-00402,2024/25,397225,Alessandro Zanoli,380,US Salernitana 1919,6195,SSC Napoli,LOAN_RETURN_OR_END_OF_LOAN,End of loan 30/06/2024,0,IN
TM-2024-00403,2024/25,397225,Alessandro Zanoli,6195,SSC Napoli,252,Genoa CFC,LOAN,Loan fee: €500k,1,IN+OUT
TM-2024-00404,2024/25,39728,Mats Hummels,515,Without Club,12,AS Roma,FREE_AGENT_OR_END_OF_CONTRACT,-,0,IN
TM-2024-00405,2024/25,399543,Rémi Oudin,1005,US Lecce,1038,UC Sampdoria,LOAN,loan transfer,0,OUT
TM-2024-00406,2024/25,400489,Eljif Elmas,23826,RB Leipzig,416,Torino FC,LOAN,loan transfer,0,IN
TM-2024-00407,2024/25,401923,Victor Osimhen,6195,SSC Napoli,141,Galatasaray,LOAN,loan transfer,0,OUT
TM-2024-00408,2024/25,401935,Orji Okwonkwo,1025,Bologna FC 1909,4084,AS Cittadella,LOAN,loan transfer,0,OUT
TM-2024-00409,2024/25,401935,Orji Okwonkwo,5621,AC Reggiana 1919,1025,Bologna FC 1909,LOAN_RETURN_OR_END_OF_LOAN,End of loan 15/01/2025,0,IN
TM-2024-00410,2024/25,40433,Alexis Sánchez,46,Inter Milan,410,Udinese Calcio,FREE_TRANSFER,free transfer,1,IN+OUT
TM-2024-00411,2024/25,404995,Davide Diaw,2919,AC Monza,4084,AS Cittadella,PERMANENT_OR_OTHER_EXPLICIT,?,0,OUT
TM-2024-00412,2024/25,404995,Davide Diaw,332,SSC Bari,2919,AC Monza,LOAN_RETURN_OR_END_OF_LOAN,End of loan 30/06/2024,0,IN
TM-2024-00413,2024/25,405670,Yannik Engelhardt,38,Fortuna Düsseldorf,1047,Como 1907,PERMANENT_OR_OTHER_EXPLICIT,€8.00m,0,IN
TM-2024-00414,2024/25,406632,Cas Odenthal,1047,Como 1907,6574,US Sassuolo,PERMANENT_OR_OTHER_EXPLICIT,€1.20m,0,OUT
TM-2024-00415,2024/25,406806,Emil Bohinen,252,Genoa CFC,380,US Salernitana 1919,LOAN_RETURN_OR_END_OF_LOAN,End of loan 30/06/2024,0,OUT
TM-2024-00416,2024/25,406806,Emil Bohinen,252,Genoa CFC,8970,Frosinone Calcio,LOAN,loan transfer,0,OUT
TM-2024-00417,2024/25,406806,Emil Bohinen,380,US Salernitana 1919,252,Genoa CFC,PERMANENT_OR_OTHER_EXPLICIT,€2.00m,0,IN
TM-2024-00418,2024/25,411312,Fabian Pavone,130,Parma Calcio 1913,1415,Città di Teramo 1913,FREE_TRANSFER,free transfer,0,OUT
TM-2024-00419,2024/25,411312,Fabian Pavone,4096,FC Turris 1944,130,Parma Calcio 1913,LOAN_RETURN_OR_END_OF_LOAN,End of loan 30/06/2024,0,IN
TM-2024-00420,2024/25,412513,Thomas Henry,276,Hellas Verona,458,Palermo FC,LOAN,Loan fee: €280k,0,OUT
TM-2024-00421,2024/25,412649,Tommaso Cassandro,1047,Como 1907,4097,US Catanzaro,LOAN,loan transfer,0,OUT
TM-2024-00422,2024/25,413507,Nikola Milenković,430,ACF Fiorentina,703,Nottingham Forest,PERMANENT_OR_OTHER_EXPLICIT,€12.30m,0,OUT
TM-2024-00423,2024/25,413605,David Okereke,416,Torino FC,2239,US Cremonese,LOAN_RETURN_OR_END_OF_LOAN,End of loan 30/06/2024,0,OUT
TM-2024-00424,2024/25,41384,Marko Arnautovic,1025,Bologna FC 1909,46,Inter Milan,PERMANENT_OR_OTHER_EXPLICIT,€10.90m,1,IN+OUT
TM-2024-00425,2024/25,41384,Marko Arnautovic,46,Inter Milan,1025,Bologna FC 1909,LOAN_RETURN_OR_END_OF_LOAN,End of loan 30/06/2024,1,IN+OUT
TM-2024-00426,2024/25,416386,Abdou Harroui,8970,Frosinone Calcio,276,Hellas Verona,PERMANENT_OR_OTHER_EXPLICIT,€2.36m,0,IN
TM-2024-00427,2024/25,417896,Nicola Rauti,416,Torino FC,2655,LR Vicenza,LOAN,loan transfer,0,OUT
TM-2024-00428,2024/25,417896,Nicola Rauti,4554,FC Südtirol,416,Torino FC,LOAN_RETURN_OR_END_OF_LOAN,End of loan 30/06/2024,0,IN
TM-2024-00429,2024/25,41912,Simone Aresti,1390,Cagliari Calcio,,Retired,RETIREMENT,-,0,OUT
TM-2024-00430,2024/25,419723,Elias Cobbaut,130,Parma Calcio 1913,197,AC Sparta Prague,FREE_TRANSFER,free transfer,0,OUT
TM-2024-00431,2024/25,419723,Elias Cobbaut,354,KV Mechelen,130,Parma Calcio 1913,LOAN_RETURN_OR_END_OF_LOAN,End of loan 30/06/2024,0,IN
TM-2024-00432,2024/25,420465,Tiago Djaló,506,Juventus FC,720,FC Porto,LOAN,loan transfer,0,OUT
TM-2024-00433,2024/25,421873,Elia Caprile,6195,SSC Napoli,1390,Cagliari Calcio,LOAN,loan transfer,1,IN+OUT
TM-2024-00434,2024/25,421873,Elia Caprile,749,FC Empoli,6195,SSC Napoli,LOAN_RETURN_OR_END_OF_LOAN,End of loan 30/06/2024,1,IN+OUT
TM-2024-00435,2024/25,422951,Victor Nelsson,141,Galatasaray,12,AS Roma,LOAN,Loan fee: €500k,0,IN
TM-2024-00436,2024/25,423744,Billy Gilmour,1237,Brighton & Hove Albion,6195,SSC Napoli,PERMANENT_OR_OTHER_EXPLICIT,€14.75m,0,IN
TM-2024-00437,2024/25,430280,Hans Nicolussi Caviglia,506,Juventus FC,607,Venezia FC,LOAN,loan transfer,1,IN+OUT
TM-2024-00438,2024/25,431811,Ola Solbakken,12,AS Roma,749,FC Empoli,LOAN,loan transfer,1,IN+OUT
TM-2024-00439,2024/25,431811,Ola Solbakken,828,Urawa Red Diamonds,12,AS Roma,LOAN_RETURN_OR_END_OF_LOAN,End of loan 30/06/2024,0,IN
TM-2024-00440,2024/25,432088,Giacomo Siniega,2253,SEF Torres 1903,749,FC Empoli,LOAN_RETURN_OR_END_OF_LOAN,End of loan 30/06/2024,0,IN
TM-2024-00441,2024/25,432088,Giacomo Siniega,749,FC Empoli,1210,US Livorno 1915,FREE_TRANSFER,free transfer,0,OUT
TM-2024-00442,2024/25,432090,Nicolò Fagioli,506,Juventus FC,430,ACF Fiorentina,LOAN,Loan fee: €2.50m,1,IN+OUT
TM-2024-00443,2024/25,432092,Roberto Piccoli,1005,US Lecce,800,Atalanta BC,LOAN_RETURN_OR_END_OF_LOAN,End of loan 30/06/2024,1,IN+OUT
TM-2024-00444,2024/25,432092,Roberto Piccoli,800,Atalanta BC,1390,Cagliari Calcio,LOAN,Loan fee: €500k,1,IN+OUT
TM-2024-00445,2024/25,432298,Zion Suzuki,475,Sint-Truidense VV,130,Parma Calcio 1913,PERMANENT_OR_OTHER_EXPLICIT,€11.20m,0,IN
TM-2024-00446,2024/25,433181,Tino Anjorin,631,Chelsea FC,749,FC Empoli,FREE_TRANSFER,free transfer,0,IN
TM-2024-00447,2024/25,433584,Alessio Zerbin,2919,AC Monza,6195,SSC Napoli,LOAN_RETURN_OR_END_OF_LOAN,End of loan 30/06/2024 €160k,1,IN+OUT
TM-2024-00448,2024/25,433584,Alessio Zerbin,6195,SSC Napoli,607,Venezia FC,LOAN,Loan fee: €300k,1,IN+OUT
TM-2024-00449,2024/25,435648,Joshua Zirkzee,1025,Bologna FC 1909,985,Manchester United,PERMANENT_OR_OTHER_EXPLICIT,€42.50m,0,OUT
TM-2024-00450,2024/25,435772,Charles De Ketelaere,5,AC Milan,800,Atalanta BC,PERMANENT_OR_OTHER_EXPLICIT,€23.70m,1,IN+OUT
TM-2024-00451,2024/25,435772,Charles De Ketelaere,800,Atalanta BC,5,AC Milan,LOAN_RETURN_OR_END_OF_LOAN,End of loan 30/06/2024,1,IN+OUT
TM-2024-00452,2024/25,439292,Sydney van Hooijdonk,1025,Bologna FC 1909,1429,Cesena FC,FREE_TRANSFER,free transfer,0,OUT
TM-2024-00453,2024/25,439292,Sydney van Hooijdonk,1123,Norwich City,1025,Bologna FC 1909,LOAN_RETURN_OR_END_OF_LOAN,End of loan 30/06/2024,0,IN
TM-2024-00454,2024/25,439914,John Yeboah,9644,Raków Częstochowa,607,Venezia FC,PERMANENT_OR_OTHER_EXPLICIT,€2.50m,0,IN
TM-2024-00455,2024/25,44058,Wojciech Szczesny,506,Juventus FC,,Career break,PERMANENT_OR_OTHER_EXPLICIT,-,0,OUT
TM-2024-00456,2024/25,445126,Emanuele Valeri,8970,Frosinone Calcio,130,Parma Calcio 1913,FREE_TRANSFER,free transfer,0,IN
TM-2024-00457,2024/25,447661,Douglas Luiz,405,Aston Villa,506,Juventus FC,PERMANENT_OR_OTHER_EXPLICIT,€51.50m,0,IN
TM-2024-00458,2024/25,448538,Moutir Chajia,1047,Como 1907,11344,Dinamo Batumi,FREE_TRANSFER,free transfer,0,OUT
TM-2024-00459,2024/25,45026,Rui Patrício,12,AS Roma,800,Atalanta BC,FREE_TRANSFER,free transfer,1,IN+OUT
TM-2024-00460,2024/25,451154,Federico Brancolini,1005,US Lecce,749,FC Empoli,FREE_TRANSFER,free transfer,1,IN+OUT
TM-2024-00461,2024/25,45146,Mario Balotelli,515,Without Club,252,Genoa CFC,FREE_AGENT_OR_END_OF_CONTRACT,-,0,IN
TM-2024-00462,2024/25,456492,Faride Alidou,24,Eintracht Frankfurt,276,Hellas Verona,LOAN,loan transfer,0,IN
TM-2024-00463,2024/25,456492,Faride Alidou,276,Hellas Verona,24,Eintracht Frankfurt,LOAN_RETURN_OR_END_OF_LOAN,End of loan 22/01/2025,0,OUT
TM-2024-00464,2024/25,457673,Gabriel Strefezza,1005,US Lecce,1047,Como 1907,PERMANENT_OR_OTHER_EXPLICIT,€4.78m,1,IN+OUT
TM-2024-00465,2024/25,457673,Gabriel Strefezza,1047,Como 1907,1005,US Lecce,LOAN_RETURN_OR_END_OF_LOAN,End of loan 30/06/2024,1,IN+OUT
TM-2024-00466,2024/25,457674,Alessandro Di Pardo,1390,Cagliari Calcio,1385,Modena FC,LOAN,loan transfer,0,OUT
TM-2024-00467,2024/25,457736,Tijjani Noslin,276,Hellas Verona,398,SS Lazio,PERMANENT_OR_OTHER_EXPLICIT,€16.80m,1,IN+OUT
TM-2024-00468,2024/25,459128,Marco Brescianini,8970,Frosinone Calcio,800,Atalanta BC,LOAN,Loan fee: €2.00m,0,IN
TM-2024-00469,2024/25,459151,Nicolò Cambiaghi,749,FC Empoli,800,Atalanta BC,LOAN_RETURN_OR_END_OF_LOAN,End of loan 30/06/2024,1,IN+OUT
TM-2024-00470,2024/25,459151,Nicolò Cambiaghi,800,Atalanta BC,1025,Bologna FC 1909,PERMANENT_OR_OTHER_EXPLICIT,€11.00m,1,IN+OUT
TM-2024-00471,2024/25,459655,Matteo Lovato,416,Torino FC,380,US Salernitana 1919,LOAN_RETURN_OR_END_OF_LOAN,End of loan 30/06/2024,0,OUT
TM-2024-00472,2024/25,459661,Eddie Salcedo,46,Inter Milan,653,OFI Crete,LOAN,loan transfer,0,OUT
TM-2024-00473,2024/25,459661,Eddie Salcedo,5514,Calcio Lecco 1912,46,Inter Milan,LOAN_RETURN_OR_END_OF_LOAN,End of loan 30/06/2024,0,IN
TM-2024-00474,2024/25,459665,Patrizio Masini,408,Ascoli Calcio,252,Genoa CFC,LOAN_RETURN_OR_END_OF_LOAN,End of loan 30/06/2024,0,IN
TM-2024-00475,2024/25,459697,Niccolò Chiorra,1253,Lucchese 1905,749,FC Empoli,LOAN_RETURN_OR_END_OF_LOAN,End of loan 30/06/2024,0,IN
TM-2024-00476,2024/25,459697,Niccolò Chiorra,749,FC Empoli,4159,Carrarese Calcio 1908,LOAN,loan transfer,0,OUT
TM-2024-00477,2024/25,459704,Mattia Fiorini,27624,US Recanatese,430,ACF Fiorentina,LOAN_RETURN_OR_END_OF_LOAN,End of loan 30/06/2024,0,IN
TM-2024-00478,2024/25,459704,Mattia Fiorini,430,ACF Fiorentina,4111,Rimini FC,FREE_TRANSFER,free transfer,0,OUT
TM-2024-00479,2024/25,459707,Eduard Duțu,430,ACF Fiorentina,46337,Pineto Calcio,LOAN,loan transfer,0,OUT
TM-2024-00480,2024/25,459707,Eduard Duțu,430,ACF Fiorentina,704,Calcio Foggia 1920,LOAN,loan transfer,0,OUT
TM-2024-00481,2024/25,459707,Eduard Duțu,46337,Pineto Calcio,430,ACF Fiorentina,LOAN_RETURN_OR_END_OF_LOAN,End of loan 23/01/2025,0,IN
TM-2024-00482,2024/25,459707,Eduard Duțu,49939,Virtus Francavilla Calcio,430,ACF Fiorentina,LOAN_RETURN_OR_END_OF_LOAN,End of loan 30/06/2024,0,IN
TM-2024-00483,2024/25,459945,Nunzio Lella,607,Venezia FC,332,SSC Bari,LOAN,loan transfer,0,OUT
TM-2024-00484,2024/25,461833,Caleb Okoli,800,Atalanta BC,1003,Leicester City,PERMANENT_OR_OTHER_EXPLICIT,€14.00m,0,OUT
TM-2024-00485,2024/25,461833,Caleb Okoli,8970,Frosinone Calcio,800,Atalanta BC,LOAN_RETURN_OR_END_OF_LOAN,End of loan 30/06/2024,0,IN
TM-2024-00486,2024/25,462086,Elayis Tavsan,276,Hellas Verona,1429,Cesena FC,LOAN,loan transfer,0,OUT
TM-2024-00487,2024/25,462250,João Félix,631,Chelsea FC,5,AC Milan,LOAN,Loan fee: €2.90m,0,IN
TM-2024-00488,2024/25,462699,Franz Stolz,252,Genoa CFC,455,FC Rapid 1923,LOAN,loan transfer,0,OUT
TM-2024-00489,2024/25,463618,Khéphren Thuram,417,OGC Nice,506,Juventus FC,PERMANENT_OR_OTHER_EXPLICIT,€20.60m,0,IN
TM-2024-00490,2024/25,463665,Oumar Solet,515,Without Club,410,Udinese Calcio,FREE_AGENT_OR_END_OF_CONTRACT,-,0,IN
TM-2024-00491,2024/25,463792,Luca Gemello,416,Torino FC,839,AC Perugia Calcio,FREE_TRANSFER,free transfer,0,OUT
TM-2024-00492,2024/25,464446,Andri Fannar Baldursson,1101,IF Elfsborg,1025,Bologna FC 1909,LOAN_RETURN_OR_END_OF_LOAN,End of loan 31/12/2024,0,IN
TM-2024-00493,2024/25,464598,Casper Tengstedt,294,SL Benfica,276,Hellas Verona,LOAN,loan transfer,0,IN
TM-2024-00494,2024/25,465279,Marco Ballarini,410,Udinese Calcio,1253,Lucchese 1905,LOAN,loan transfer,0,OUT
TM-2024-00495,2024/25,465279,Marco Ballarini,4271,US Triestina,410,Udinese Calcio,LOAN_RETURN_OR_END_OF_LOAN,End of loan 31/01/2025,0,IN
TM-2024-00496,2024/25,465830,Mattéo Guendouzi,244,Olympique Marseille,398,SS Lazio,PERMANENT_OR_OTHER_EXPLICIT,€14.80m,0,IN
TM-2024-00497,2024/25,465830,Mattéo Guendouzi,398,SS Lazio,244,Olympique Marseille,LOAN_RETURN_OR_END_OF_LOAN,End of loan 30/06/2024,0,OUT
TM-2024-00498,2024/25,467994,Luca Belardinelli,749,FC Empoli,4554,FC Südtirol,LOAN,loan transfer,0,OUT
TM-2024-00499,2024/25,468066,Jens Cajuste,6195,SSC Napoli,677,Ipswich Town,LOAN,Loan fee: €1.50m,0,OUT
TM-2024-00500,2024/25,468301,Marcos Antônio,1091,PAOK Thessaloniki,398,SS Lazio,LOAN_RETURN_OR_END_OF_LOAN,End of loan 30/06/2024,0,IN
TM-2024-00501,2024/25,468301,Marcos Antônio,398,SS Lazio,585,São Paulo Futebol Clube,LOAN,Loan fee: €150k,0,OUT
TM-2024-00502,2024/25,469690,Nik Prelec,1390,Cagliari Calcio,14,Austria Vienna,LOAN,Loan fee: €100k,0,OUT
TM-2024-00503,2024/25,469690,Nik Prelec,2446,WSG Tirol,1390,Cagliari Calcio,LOAN_RETURN_OR_END_OF_LOAN,End of loan 30/06/2024,0,IN
TM-2024-00504,2024/25,469822,David Neres,294,SL Benfica,6195,SSC Napoli,PERMANENT_OR_OTHER_EXPLICIT,€28.00m,0,IN
TM-2024-00505,2024/25,470391,Jayden Braaf,276,Hellas Verona,380,US Salernitana 1919,LOAN,loan transfer,0,OUT
TM-2024-00506,2024/25,470391,Jayden Braaf,385,Fortuna Sittard,276,Hellas Verona,LOAN_RETURN_OR_END_OF_LOAN,End of loan 30/06/2024,0,IN
TM-2024-00507,2024/25,471004,Luis Binks,1025,Bologna FC 1909,990,Coventry City,PERMANENT_OR_OTHER_EXPLICIT,€3.80m,0,OUT
TM-2024-00508,2024/25,471004,Luis Binks,990,Coventry City,1025,Bologna FC 1909,LOAN_RETURN_OR_END_OF_LOAN,End of loan 30/06/2024,0,IN
TM-2024-00509,2024/25,471936,Oliver Christensen,430,ACF Fiorentina,380,US Salernitana 1919,LOAN,loan transfer,0,OUT
TM-2024-00510,2024/25,472176,Salvatore Boccia,1390,Cagliari Calcio,46619,Arzignano Valchiampo,PERMANENT_OR_OTHER_EXPLICIT,?,0,OUT
TM-2024-00511,2024/25,472176,Salvatore Boccia,6692,Novara FC,1390,Cagliari Calcio,LOAN_RETURN_OR_END_OF_LOAN,End of loan 30/06/2024,0,IN
TM-2024-00512,2024/25,47513,Mato Jajalo,607,Venezia FC,,Retired,RETIREMENT,-,0,OUT
TM-2024-00513,2024/25,476344,Emerson Royal,148,Tottenham Hotspur,5,AC Milan,PERMANENT_OR_OTHER_EXPLICIT,€16.00m,0,IN
TM-2024-00514,2024/25,477027,Elia Petrelli,2254,Pro Sesto 1913,252,Genoa CFC,LOAN_RETURN_OR_END_OF_LOAN,End of loan 30/06/2024,0,IN
TM-2024-00515,2024/25,477027,Elia Petrelli,252,Genoa CFC,9816,Forlì FC,LOAN,loan transfer,0,OUT
TM-2024-00516,2024/25,480116,Lloyd Kelly,762,Newcastle United,506,Juventus FC,LOAN,Loan fee: €3.80m,0,IN
TM-2024-00517,2024/25,481623,João Ferreira,410,Udinese Calcio,1010,Watford FC,LOAN_RETURN_OR_END_OF_LOAN,End of loan 30/06/2024,0,OUT
TM-2024-00518,2024/25,481836,Gianluca Contini,1390,Cagliari Calcio,29251,Virtusvecomp Verona,FREE_TRANSFER,free transfer,0,OUT
TM-2024-00519,2024/25,481836,Gianluca Contini,49939,Virtus Francavilla Calcio,1390,Cagliari Calcio,LOAN_RETURN_OR_END_OF_LOAN,End of loan 30/06/2024,0,IN
TM-2024-00520,2024/25,483348,Djed Spence,252,Genoa CFC,148,Tottenham Hotspur,LOAN_RETURN_OR_END_OF_LOAN,End of loan 30/06/2024,0,OUT
TM-2024-00521,2024/25,485584,Anass Salah-Eddine,317,FC Twente Enschede,12,AS Roma,PERMANENT_OR_OTHER_EXPLICIT,€8.50m,0,IN
TM-2024-00522,2024/25,486031,Nico González,430,ACF Fiorentina,506,Juventus FC,LOAN,Loan fee: €8.40m,1,IN+OUT
TM-2024-00523,2024/25,487333,Paolo Gozzi,1154,Red Star FC,252,Genoa CFC,LOAN_RETURN_OR_END_OF_LOAN,End of loan 30/06/2024,0,IN
TM-2024-00524,2024/25,487333,Paolo Gozzi,252,Genoa CFC,1095,ESTAC Troyes,PERMANENT_OR_OTHER_EXPLICIT,?,0,OUT
TM-2024-00525,2024/25,487474,Francisco Conceição,720,FC Porto,506,Juventus FC,LOAN,Loan fee: €9.50m,0,IN
TM-2024-00526,2024/25,487829,Christian Dalle Mura,1103,Ternana Calcio,430,ACF Fiorentina,LOAN_RETURN_OR_END_OF_LOAN,End of loan 30/06/2024,0,IN
TM-2024-00527,2024/25,487829,Christian Dalle Mura,430,ACF Fiorentina,4031,Cosenza Calcio,PERMANENT_OR_OTHER_EXPLICIT,?,0,OUT
TM-2024-00528,2024/25,487843,Lorenzo Colombo,2919,AC Monza,5,AC Milan,LOAN_RETURN_OR_END_OF_LOAN,End of loan 30/06/2024,1,IN+OUT
TM-2024-00529,2024/25,487843,Lorenzo Colombo,5,AC Milan,749,FC Empoli,LOAN,loan transfer,1,IN+OUT
TM-2024-00530,2024/25,487969,Randal Kolo Muani,583,Paris Saint-Germain,506,Juventus FC,LOAN,Loan fee: €3.60m,0,IN
TM-2024-00531,2024/25,488052,Matthias Braunöder,1047,Como 1907,14,Austria Vienna,LOAN_RETURN_OR_END_OF_LOAN,End of loan 30/06/2024,0,OUT
TM-2024-00532,2024/25,488052,Matthias Braunöder,14,Austria Vienna,1047,Como 1907,PERMANENT_OR_OTHER_EXPLICIT,€1.50m,0,IN
TM-2024-00533,2024/25,48859,Simon Kjaer,5,AC Milan,515,Without Club,FREE_AGENT_OR_END_OF_CONTRACT,-,0,OUT
TM-2024-00534,2024/25,488784,Magnus Kofod Andersen,607,Venezia FC,197,AC Sparta Prague,PERMANENT_OR_OTHER_EXPLICIT,€500k,0,OUT
TM-2024-00535,2024/25,488785,Martin Frese,2778,FC Nordsjaelland,276,Hellas Verona,FREE_TRANSFER,free transfer,0,IN
TM-2024-00536,2024/25,488996,Thórir Jóhann Helgason,23,Eintracht Braunschweig,1005,US Lecce,LOAN_RETURN_OR_END_OF_LOAN,End of loan 30/06/2024,0,IN
TM-2024-00537,2024/25,490384,Koni De Winter,252,Genoa CFC,506,Juventus FC,LOAN_RETURN_OR_END_OF_LOAN,End of loan 30/06/2024,1,IN+OUT
TM-2024-00538,2024/25,490384,Koni De Winter,506,Juventus FC,252,Genoa CFC,PERMANENT_OR_OTHER_EXPLICIT,€11.00m,1,IN+OUT
TM-2024-00539,2024/25,490423,Ignace Van der Brempt,409,Red Bull Salzburg,1047,Como 1907,LOAN,loan transfer,0,IN
TM-2024-00540,2024/25,491693,Nehuén Pérez,410,Udinese Calcio,720,FC Porto,LOAN,Loan fee: €4.08m,0,OUT
TM-2024-00541,2024/25,493702,Mattia Viti,417,OGC Nice,749,FC Empoli,LOAN,loan transfer,0,IN
TM-2024-00542,2024/25,494236,Andy Pelmard,1005,US Lecce,3524,Clermont Foot 63,LOAN_RETURN_OR_END_OF_LOAN,End of loan 19/01/2025,0,OUT
TM-2024-00543,2024/25,494236,Andy Pelmard,3524,Clermont Foot 63,1005,US Lecce,LOAN,loan transfer,0,IN
TM-2024-00544,2024/25,495722,Devis Vásquez,408,Ascoli Calcio,5,AC Milan,LOAN_RETURN_OR_END_OF_LOAN,End of loan 30/06/2024,0,IN
TM-2024-00545,2024/25,495722,Devis Vásquez,5,AC Milan,749,FC Empoli,LOAN,loan transfer,1,IN+OUT
TM-2024-00546,2024/25,496745,Emil Holm,3522,Spezia Calcio,1025,Bologna FC 1909,PERMANENT_OR_OTHER_EXPLICIT,€7.70m,0,IN
TM-2024-00547,2024/25,496745,Emil Holm,800,Atalanta BC,3522,Spezia Calcio,LOAN_RETURN_OR_END_OF_LOAN,End of loan 30/06/2024,0,OUT
TM-2024-00548,2024/25,500419,Mattia Novella,398,SS Lazio,7197,Potenza Calcio,FREE_TRANSFER,free transfer,0,OUT
TM-2024-00549,2024/25,500419,Mattia Novella,49430,AZ Picerno,398,SS Lazio,LOAN_RETURN_OR_END_OF_LOAN,End of loan 30/06/2024,0,IN
TM-2024-00550,2024/25,502670,Khvicha Kvaratskhelia,6195,SSC Napoli,583,Paris Saint-Germain,PERMANENT_OR_OTHER_EXPLICIT,€80.00m,0,OUT
TM-2024-00551,2024/25,502821,Riccardo Calafiori,1025,Bologna FC 1909,11,Arsenal FC,PERMANENT_OR_OTHER_EXPLICIT,€43.70m,0,OUT
TM-2024-00552,2024/25,506941,David Flakus Bosilj,276,Hellas Verona,2502,CD Castellón,FREE_TRANSFER,free transfer,0,OUT
TM-2024-00553,2024/25,506941,David Flakus Bosilj,642,De Graafschap Doetinchem,276,Hellas Verona,LOAN_RETURN_OR_END_OF_LOAN,End of loan 30/06/2024,0,IN
TM-2024-00554,2024/25,513245,Jesper Lindstrøm,6195,SSC Napoli,29,Everton FC,LOAN,Loan fee: €2.44m,0,OUT
TM-2024-00555,2024/25,51736,Marco Mancosu,1390,Cagliari Calcio,,Retired,RETIREMENT,-,0,OUT
TM-2024-00556,2024/25,520530,Fali Candé,347,FC Metz,607,Venezia FC,LOAN,loan transfer,0,IN
TM-2024-00557,2024/25,521407,Walid Cheddira,6195,SSC Napoli,714,RCD Espanyol Barcelona,LOAN,Loan fee: €500k,0,OUT
TM-2024-00558,2024/25,521407,Walid Cheddira,8970,Frosinone Calcio,6195,SSC Napoli,LOAN_RETURN_OR_END_OF_LOAN,End of loan 30/06/2024,0,IN
TM-2024-00559,2024/25,522681,Ben Lhassine Kone,1047,Como 1907,416,Torino FC,LOAN_RETURN_OR_END_OF_LOAN,End of loan 30/06/2024,1,IN+OUT
TM-2024-00560,2024/25,522681,Ben Lhassine Kone,1047,Como 1907,8970,Frosinone Calcio,LOAN,loan transfer,0,OUT
TM-2024-00561,2024/25,522681,Ben Lhassine Kone,416,Torino FC,1047,Como 1907,PERMANENT_OR_OTHER_EXPLICIT,€2.15m,1,IN+OUT
TM-2024-00562,2024/25,523318,Anastasios Douvikas,940,Celta de Vigo,1047,Como 1907,PERMANENT_OR_OTHER_EXPLICIT,€14.00m,0,IN
TM-2024-00563,2024/25,525660,Francesco Donati,4255,SS Arezzo,749,FC Empoli,LOAN_RETURN_OR_END_OF_LOAN,End of loan 30/06/2024,0,IN
TM-2024-00564,2024/25,525660,Francesco Donati,749,FC Empoli,1103,Ternana Calcio,PERMANENT_OR_OTHER_EXPLICIT,€25k,0,OUT
TM-2024-00565,2024/25,527698,Kike Pérez,366,Real Valladolid CF,607,Venezia FC,PERMANENT_OR_OTHER_EXPLICIT,€1.00m,0,IN
TM-2024-00566,2024/25,528833,Lazar Samardžić,410,Udinese Calcio,800,Atalanta BC,LOAN,Loan fee: €5.00m,1,IN+OUT
TM-2024-00567,2024/25,530742,Fisayo Dele-Bashiru,7775,Hatayspor,398,SS Lazio,LOAN,Loan fee: €2.00m,0,IN
TM-2024-00568,2024/25,532040,Giuseppe Di Serio,3522,Spezia Calcio,800,Atalanta BC,LOAN_RETURN_OR_END_OF_LOAN,End of loan 30/06/2024,0,IN
TM-2024-00569,2024/25,532040,Giuseppe Di Serio,800,Atalanta BC,3522,Spezia Calcio,PERMANENT_OR_OTHER_EXPLICIT,€1.50m,0,OUT
TM-2024-00570,2024/25,532495,Marlon Mustapha,1047,Como 1907,3551,SCR Altach,LOAN,loan transfer,0,OUT
TM-2024-00571,2024/25,532495,Marlon Mustapha,1047,Como 1907,65,SpVgg Greuther Fürth,LOAN,loan transfer,0,OUT
TM-2024-00572,2024/25,532495,Marlon Mustapha,38,Fortuna Düsseldorf,1047,Como 1907,LOAN_RETURN_OR_END_OF_LOAN,End of loan 30/06/2024,0,IN
TM-2024-00573,2024/25,532495,Marlon Mustapha,65,SpVgg Greuther Fürth,1047,Como 1907,LOAN_RETURN_OR_END_OF_LOAN,End of loan 03/02/2025,0,IN
TM-2024-00574,2024/25,534083,Edoardo Pierozzi,1429,Cesena FC,430,ACF Fiorentina,LOAN_RETURN_OR_END_OF_LOAN,End of loan 30/06/2024,0,IN
TM-2024-00575,2024/25,534083,Edoardo Pierozzi,430,ACF Fiorentina,2921,Delfino Pescara 1936,LOAN,loan transfer,0,OUT
TM-2024-00576,2024/25,534084,Niccolò Pierozzi,380,US Salernitana 1919,430,ACF Fiorentina,LOAN_RETURN_OR_END_OF_LOAN,End of loan 30/06/2024,0,IN
TM-2024-00577,2024/25,534084,Niccolò Pierozzi,430,ACF Fiorentina,458,Palermo FC,PERMANENT_OR_OTHER_EXPLICIT,€1.00m,0,OUT
TM-2024-00578,2024/25,534121,Andrea Marino,398,SS Lazio,4331,FC Trapani 1905,FREE_TRANSFER,free transfer,0,OUT
TM-2024-00579,2024/25,534121,Andrea Marino,704,Calcio Foggia 1920,398,SS Lazio,LOAN_RETURN_OR_END_OF_LOAN,End of loan 30/06/2024,0,IN
TM-2024-00580,2024/25,535740,Giuseppe Ciocci,14888,US Città di Pontedera,1390,Cagliari Calcio,LOAN_RETURN_OR_END_OF_LOAN,End of loan 30/06/2024,0,IN
TM-2024-00581,2024/25,535793,Jacopo Gianelli,4033,Fermana FC,46,Inter Milan,LOAN_RETURN_OR_END_OF_LOAN,End of loan 30/06/2024,0,IN
TM-2024-00582,2024/25,535793,Jacopo Gianelli,46,Inter Milan,1388,Ancona Calcio,FREE_TRANSFER,free transfer,0,OUT
TM-2024-00583,2024/25,535797,Lorenzo Sgarbi,2331,US Avellino 1912,6195,SSC Napoli,LOAN_RETURN_OR_END_OF_LOAN,End of loan 30/06/2024,0,IN
TM-2024-00584,2024/25,535797,Lorenzo Sgarbi,332,SSC Bari,6195,SSC Napoli,LOAN_RETURN_OR_END_OF_LOAN,End of loan 07/01/2025,0,IN
TM-2024-00585,2024/25,535797,Lorenzo Sgarbi,6195,SSC Napoli,332,SSC Bari,LOAN,loan transfer,0,OUT
TM-2024-00586,2024/25,535797,Lorenzo Sgarbi,6195,SSC Napoli,5587,SS Juve Stabia,LOAN,loan transfer,0,OUT
TM-2024-00587,2024/25,535881,Mattia Chiesa,276,Hellas Verona,112434,Sporting FC,LOAN,loan transfer,0,OUT
TM-2024-00588,2024/25,535955,Nuno Tavares,11,Arsenal FC,398,SS Lazio,LOAN,loan transfer,0,IN
TM-2024-00589,2024/25,536452,Luca Chierico,252,Genoa CFC,4255,SS Arezzo,FREE_TRANSFER,free transfer,0,OUT
TM-2024-00590,2024/25,536452,Luca Chierico,4326,AS Gubbio 1910,252,Genoa CFC,LOAN_RETURN_OR_END_OF_LOAN,End of loan 30/06/2024,0,IN
TM-2024-00591,2024/25,537171,Semuel Pizzignacco,2919,AC Monza,9439,Feralpisalò,LOAN_RETURN_OR_END_OF_LOAN,End of loan 02/02/2025,0,OUT
TM-2024-00592,2024/25,537171,Semuel Pizzignacco,9439,Feralpisalò,2919,AC Monza,LOAN,loan transfer,0,IN
TM-2024-00593,2024/25,537171,Semuel Pizzignacco,9439,Feralpisalò,2919,AC Monza,PERMANENT_OR_OTHER_EXPLICIT,€195k,0,IN
TM-2024-00594,2024/25,537765,Pablo Rodríguez,1005,US Lecce,630,Racing Santander,LOAN,loan transfer,0,OUT
TM-2024-00595,2024/25,537765,Pablo Rodríguez,408,Ascoli Calcio,1005,US Lecce,LOAN_RETURN_OR_END_OF_LOAN,End of loan 30/06/2024,0,IN
TM-2024-00596,2024/25,538079,Alessio Furlanetto,4033,Fermana FC,398,SS Lazio,LOAN_RETURN_OR_END_OF_LOAN,End of loan 30/06/2024,0,IN
TM-2024-00597,2024/25,538918,Sebastiano Esposito,1038,UC Sampdoria,46,Inter Milan,LOAN_RETURN_OR_END_OF_LOAN,End of loan 30/06/2024,0,IN
TM-2024-00598,2024/25,538918,Sebastiano Esposito,46,Inter Milan,749,FC Empoli,LOAN,loan transfer,1,IN+OUT
TM-2024-00599,2024/25,538964,Thijs Dallinga,415,FC Toulouse,1025,Bologna FC 1909,PERMANENT_OR_OTHER_EXPLICIT,€16.20m,0,IN
TM-2024-00600,2024/25,539134,Daniel Maldini,2919,AC Monza,5,AC Milan,LOAN_RETURN_OR_END_OF_LOAN,End of loan 30/06/2024,1,IN+OUT
TM-2024-00601,2024/25,539134,Daniel Maldini,2919,AC Monza,800,Atalanta BC,PERMANENT_OR_OTHER_EXPLICIT,€13.00m,1,IN+OUT
TM-2024-00602,2024/25,539134,Daniel Maldini,5,AC Milan,2919,AC Monza,PERMANENT_OR_OTHER_EXPLICIT,€6.50m,1,IN+OUT
TM-2024-00603,2024/25,539631,Andrea Moretti,4146,Aurora Pro Patria,46,Inter Milan,LOAN_RETURN_OR_END_OF_LOAN,End of loan 30/06/2024,0,IN
TM-2024-00604,2024/25,539631,Andrea Moretti,46,Inter Milan,4271,US Triestina,PERMANENT_OR_OTHER_EXPLICIT,?,0,OUT
TM-2024-00605,2024/25,542588,Alessandro Sorrentino,2919,AC Monza,8970,Frosinone Calcio,LOAN,loan transfer,0,OUT
TM-2024-00606,2024/25,542593,Stefano Palmucci,130,Parma Calcio 1913,4033,Fermana FC,FREE_TRANSFER,free transfer,0,OUT
TM-2024-00607,2024/25,542593,Stefano Palmucci,4033,Fermana FC,130,Parma Calcio 1913,LOAN_RETURN_OR_END_OF_LOAN,End of loan 30/06/2024,0,IN
TM-2024-00608,2024/25,543666,Stefano Turati,6574,US Sassuolo,2919,AC Monza,LOAN,Loan fee: €500k,0,IN
TM-2024-00609,2024/25,543736,Krisztofer Horváth,12423,Kecskeméti TE,416,Torino FC,LOAN_RETURN_OR_END_OF_LOAN,End of loan 30/06/2024,0,IN
TM-2024-00610,2024/25,543736,Krisztofer Horváth,416,Torino FC,708,Újpest FC,PERMANENT_OR_OTHER_EXPLICIT,€1.00m,0,OUT
TM-2024-00611,2024/25,546527,Philip Yeboah,1253,Lucchese 1905,276,Hellas Verona,LOAN_RETURN_OR_END_OF_LOAN,End of loan 30/06/2024,0,IN
TM-2024-00612,2024/25,546527,Philip Yeboah,276,Hellas Verona,33734,SS Monopoli 1966,PERMANENT_OR_OTHER_EXPLICIT,?,0,OUT
TM-2024-00613,2024/25,546880,Brandon Soppy,33,FC Schalke 04,800,Atalanta BC,LOAN_RETURN_OR_END_OF_LOAN,End of loan 30/06/2024,0,IN
TM-2024-00614,2024/25,546880,Brandon Soppy,800,Atalanta BC,41110,Atalanta U23,PERMANENT_OR_OTHER_EXPLICIT,-,0,OUT
TM-2024-00615,2024/25,547786,Louis Munteanu,29831,FCV Farul Constanta,430,ACF Fiorentina,LOAN_RETURN_OR_END_OF_LOAN,End of loan 30/06/2024,0,IN
TM-2024-00616,2024/25,547786,Louis Munteanu,430,ACF Fiorentina,7769,CFR Cluj,PERMANENT_OR_OTHER_EXPLICIT,€2.30m,0,OUT
TM-2024-00617,2024/25,550106,Matteo Cancellieri,398,SS Lazio,130,Parma Calcio 1913,LOAN,Loan fee: €1.20m,1,IN+OUT
TM-2024-00618,2024/25,550106,Matteo Cancellieri,749,FC Empoli,398,SS Lazio,LOAN_RETURN_OR_END_OF_LOAN,End of loan 30/06/2024,1,IN+OUT
TM-2024-00619,2024/25,550108,Nicola Zalewski,12,AS Roma,46,Inter Milan,LOAN,Loan fee: €600k,1,IN+OUT
TM-2024-00620,2024/25,551752,Demba Seck,416,Torino FC,4097,US Catanzaro,LOAN,loan transfer,0,OUT
TM-2024-00621,2024/25,551752,Demba Seck,8970,Frosinone Calcio,416,Torino FC,LOAN_RETURN_OR_END_OF_LOAN,End of loan 30/06/2024,0,IN
TM-2024-00622,2024/25,552223,Filip Stanković,1038,UC Sampdoria,46,Inter Milan,LOAN_RETURN_OR_END_OF_LOAN,End of loan 30/06/2024,0,IN
TM-2024-00623,2024/25,552223,Filip Stanković,46,Inter Milan,607,Venezia FC,LOAN,loan transfer,1,IN+OUT
TM-2024-00624,2024/25,552955,Santiago Gimenez,234,Feyenoord Rotterdam,5,AC Milan,PERMANENT_OR_OTHER_EXPLICIT,€30.20m,0,IN
TM-2024-00625,2024/25,553757,Aleksander Buksa,2446,WSG Tirol,252,Genoa CFC,LOAN_RETURN_OR_END_OF_LOAN,End of loan 30/06/2024,0,IN
TM-2024-00626,2024/25,553757,Aleksander Buksa,252,Genoa CFC,428,Górnik Zabrze,FREE_TRANSFER,free transfer,0,OUT
TM-2024-00627,2024/25,554433,Christian Pierobon,276,Hellas Verona,5587,SS Juve Stabia,PERMANENT_OR_OTHER_EXPLICIT,€171k,0,OUT
TM-2024-00628,2024/25,554433,Christian Pierobon,5587,SS Juve Stabia,276,Hellas Verona,LOAN_RETURN_OR_END_OF_LOAN,End of loan 30/06/2024,0,IN
TM-2024-00629,2024/25,554903,Mateo Retegui,252,Genoa CFC,800,Atalanta BC,PERMANENT_OR_OTHER_EXPLICIT,€24.50m,1,IN+OUT
TM-2024-00630,2024/25,555106,Filip Marchwiński,238,Lech Poznan,1005,US Lecce,PERMANENT_OR_OTHER_EXPLICIT,€3.00m,0,IN
TM-2024-00631,2024/25,555557,Hubert Idasiak,6195,SSC Napoli,256,LKS Lodz,FREE_TRANSFER,free transfer,0,OUT
TM-2024-00632,2024/25,557407,Devyne Rensch,610,Ajax Amsterdam,12,AS Roma,PERMANENT_OR_OTHER_EXPLICIT,€6.00m,0,IN
TM-2024-00633,2024/25,55854,Cristian Ansaldi,130,Parma Calcio 1913,,Retired,RETIREMENT,-,0,OUT
TM-2024-00634,2024/25,561150,Vittorio Agostinelli,430,ACF Fiorentina,515,Without Club,FREE_AGENT_OR_END_OF_CONTRACT,-,0,OUT
TM-2024-00635,2024/25,561150,Vittorio Agostinelli,49939,Virtus Francavilla Calcio,430,ACF Fiorentina,LOAN_RETURN_OR_END_OF_LOAN,End of loan 30/06/2024,0,IN
TM-2024-00636,2024/25,562049,Edoardo Bove,12,AS Roma,430,ACF Fiorentina,LOAN,Loan fee: €1.50m,1,IN+OUT
TM-2024-00637,2024/25,564305,Michel Adopo,800,Atalanta BC,1390,Cagliari Calcio,LOAN,loan transfer,1,IN+OUT
TM-2024-00638,2024/25,564529,Victor Kristiansen,1025,Bologna FC 1909,1003,Leicester City,LOAN_RETURN_OR_END_OF_LOAN,End of loan 30/06/2024,0,OUT
TM-2024-00639,2024/25,566615,Mikael Egill Ellertsson,252,Genoa CFC,607,Venezia FC,LOAN,loan transfer,1,IN+OUT
TM-2024-00640,2024/25,566615,Mikael Egill Ellertsson,607,Venezia FC,252,Genoa CFC,PERMANENT_OR_OTHER_EXPLICIT,€3.50m,1,IN+OUT
TM-2024-00641,2024/25,566936,Antonio Cioffi,1388,Ancona Calcio,6195,SSC Napoli,LOAN_RETURN_OR_END_OF_LOAN,End of loan 30/06/2024,0,IN
TM-2024-00642,2024/25,566936,Antonio Cioffi,6195,SSC Napoli,4111,Rimini FC,LOAN,loan transfer,0,OUT
TM-2024-00643,2024/25,567217,Ebrima Colley,452,BSC Young Boys,800,Atalanta BC,LOAN_RETURN_OR_END_OF_LOAN,End of loan 30/06/2024,0,IN
TM-2024-00644,2024/25,567217,Ebrima Colley,800,Atalanta BC,452,BSC Young Boys,PERMANENT_OR_OTHER_EXPLICIT,€1.65m,0,OUT
TM-2024-00645,2024/25,567454,Lorenzo Lucchesi,1103,Ternana Calcio,430,ACF Fiorentina,LOAN_RETURN_OR_END_OF_LOAN,End of loan 30/06/2024,0,IN
TM-2024-00646,2024/25,567454,Lorenzo Lucchesi,430,ACF Fiorentina,607,Venezia FC,LOAN,loan transfer,1,IN+OUT
TM-2024-00647,2024/25,567454,Lorenzo Lucchesi,607,Venezia FC,5621,AC Reggiana 1919,LOAN,loan transfer,0,OUT
TM-2024-00648,2024/25,568617,Răzvan Sava,7769,CFR Cluj,410,Udinese Calcio,PERMANENT_OR_OTHER_EXPLICIT,€2.50m,0,IN
TM-2024-00649,2024/25,569384,Lucien Agoumé,368,Sevilla FC,46,Inter Milan,LOAN_RETURN_OR_END_OF_LOAN,End of loan 30/06/2024,0,IN
TM-2024-00650,2024/25,569384,Lucien Agoumé,46,Inter Milan,368,Sevilla FC,PERMANENT_OR_OTHER_EXPLICIT,€8.00m,0,OUT
TM-2024-00651,2024/25,569387,Valentin Gendrey,1005,US Lecce,533,TSG 1899 Hoffenheim,PERMANENT_OR_OTHER_EXPLICIT,€9.50m,0,OUT
TM-2024-00652,2024/25,569598,Youssouf Fofana,162,AS Monaco,5,AC Milan,PERMANENT_OR_OTHER_EXPLICIT,€26.00m,0,IN
TM-2024-00653,2024/25,571271,Ivan Smolcic,144,HNK Rijeka,1047,Como 1907,PERMANENT_OR_OTHER_EXPLICIT,€1.60m,0,IN
TM-2024-00654,2024/25,571607,Fabio Miretti,506,Juventus FC,252,Genoa CFC,LOAN,loan transfer,1,IN+OUT
TM-2024-00655,2024/25,572265,Lorenzo Lucca,410,Udinese Calcio,4172,Pisa Sporting Club,LOAN_RETURN_OR_END_OF_LOAN,End of loan 30/06/2024,0,OUT
TM-2024-00656,2024/25,572265,Lorenzo Lucca,4172,Pisa Sporting Club,410,Udinese Calcio,PERMANENT_OR_OTHER_EXPLICIT,€8.00m,0,IN
TM-2024-00657,2024/25,572443,Bruno Conti,276,Hellas Verona,5163,Brindisi FC,FREE_TRANSFER,free transfer,0,OUT
TM-2024-00658,2024/25,572443,Bruno Conti,45894,Guidonia Montecelio 1937 FC,276,Hellas Verona,LOAN_RETURN_OR_END_OF_LOAN,End of loan 30/06/2024,0,IN
TM-2024-00659,2024/25,572780,Liam Kerrigan,1047,Como 1907,28643,SK Beveren,LOAN,loan transfer,0,OUT
TM-2024-00660,2024/25,572780,Liam Kerrigan,6692,Novara FC,1047,Como 1907,LOAN_RETURN_OR_END_OF_LOAN,End of loan 30/06/2024,0,IN
TM-2024-00661,2024/25,57280,Giacomo Bonaventura,430,ACF Fiorentina,9840,Al-Shabab FC,FREE_TRANSFER,free transfer,0,OUT
TM-2024-00662,2024/25,574164,Marco Molla,1025,Bologna FC 1909,22140,KF Laçi,FREE_TRANSFER,free transfer,0,OUT
TM-2024-00663,2024/25,574671,Strahinja Pavlović,409,Red Bull Salzburg,5,AC Milan,PERMANENT_OR_OTHER_EXPLICIT,€18.50m,0,IN
TM-2024-00664,2024/25,581604,Pietro Boer,12,AS Roma,34499,US Pianese,LOAN,loan transfer,0,OUT
TM-2024-00665,2024/25,581672,Samuel Iling-Junior,1025,Bologna FC 1909,405,Aston Villa,LOAN_RETURN_OR_END_OF_LOAN,End of loan 02/02/2025,0,OUT
TM-2024-00666,2024/25,581672,Samuel Iling-Junior,405,Aston Villa,1025,Bologna FC 1909,LOAN,loan transfer,0,IN
TM-2024-00667,2024/25,581672,Samuel Iling-Junior,506,Juventus FC,405,Aston Villa,PERMANENT_OR_OTHER_EXPLICIT,€14.00m,0,OUT
TM-2024-00668,2024/25,582353,Mattia Zanotti,257,FC St. Gallen 1879,46,Inter Milan,LOAN_RETURN_OR_END_OF_LOAN,End of loan 30/06/2024,0,IN
TM-2024-00669,2024/25,582353,Mattia Zanotti,46,Inter Milan,2790,FC Lugano,PERMANENT_OR_OTHER_EXPLICIT,€1.90m,0,OUT
TM-2024-00670,2024/25,583404,Marcus Pedersen,234,Feyenoord Rotterdam,416,Torino FC,LOAN,Loan fee: €1.00m,0,IN
TM-2024-00671,2024/25,585949,Pierre Kalulu,5,AC Milan,506,Juventus FC,LOAN,Loan fee: €3.30m,1,IN+OUT
TM-2024-00672,2024/25,585982,Carlos Augusto,2919,AC Monza,46,Inter Milan,PERMANENT_OR_OTHER_EXPLICIT,€15.25m,1,IN+OUT
TM-2024-00673,2024/25,585982,Carlos Augusto,46,Inter Milan,2919,AC Monza,LOAN_RETURN_OR_END_OF_LOAN,End of loan 30/06/2024,1,IN+OUT
TM-2024-00674,2024/25,586756,Festy Ebosele,1010,Watford FC,410,Udinese Calcio,LOAN_RETURN_OR_END_OF_LOAN,End of loan 30/01/2025,0,IN
TM-2024-00675,2024/25,586756,Festy Ebosele,410,Udinese Calcio,1010,Watford FC,LOAN,loan transfer,0,OUT
TM-2024-00676,2024/25,586756,Festy Ebosele,410,Udinese Calcio,6890,Basaksehir FK,PERMANENT_OR_OTHER_EXPLICIT,€1.50m,0,OUT
TM-2024-00677,2024/25,586853,Vitinha,244,Olympique Marseille,252,Genoa CFC,PERMANENT_OR_OTHER_EXPLICIT,€8.30m,0,IN
TM-2024-00678,2024/25,586853,Vitinha,252,Genoa CFC,244,Olympique Marseille,LOAN_RETURN_OR_END_OF_LOAN,End of loan 30/06/2024,0,OUT
TM-2024-00679,2024/25,586984,Daniel Oyegoke,43,Heart of Midlothian FC,276,Hellas Verona,PERMANENT_OR_OTHER_EXPLICIT,€400k,0,IN
TM-2024-00680,2024/25,588426,Saúl Coco,472,UD Las Palmas,416,Torino FC,PERMANENT_OR_OTHER_EXPLICIT,€8.23m,0,IN
TM-2024-00681,2024/25,589737,Kelvin Yeboah,252,Genoa CFC,56089,Minnesota United FC,PERMANENT_OR_OTHER_EXPLICIT,€2.50m,0,OUT
TM-2024-00682,2024/25,589737,Kelvin Yeboah,3057,Standard Liège,252,Genoa CFC,LOAN_RETURN_OR_END_OF_LOAN,End of loan 30/06/2024,0,IN
TM-2024-00683,2024/25,592879,Eetu Mömmö,1005,US Lecce,1225,FC Haka,LOAN,loan transfer,0,OUT
TM-2024-00684,2024/25,592879,Eetu Mömmö,23777,SJK Seinäjoki,1005,US Lecce,LOAN_RETURN_OR_END_OF_LOAN,End of loan 31/12/2024,0,IN
TM-2024-00685,2024/25,592975,Woyo Coulibaly,130,Parma Calcio 1913,1003,Leicester City,PERMANENT_OR_OTHER_EXPLICIT,€2.00m,0,OUT
TM-2024-00686,2024/25,59377,David de Gea,515,Without Club,430,ACF Fiorentina,FREE_AGENT_OR_END_OF_CONTRACT,-,0,IN
TM-2024-00687,2024/25,600041,Mattia Felici,9439,Feralpisalò,1390,Cagliari Calcio,PERMANENT_OR_OTHER_EXPLICIT,€2.10m,0,IN
TM-2024-00688,2024/25,602124,Alessandro Bianco,430,ACF Fiorentina,2919,AC Monza,LOAN,loan transfer,1,IN+OUT
TM-2024-00689,2024/25,602124,Alessandro Bianco,5621,AC Reggiana 1919,430,ACF Fiorentina,LOAN_RETURN_OR_END_OF_LOAN,End of loan 30/06/2024,0,IN
TM-2024-00690,2024/25,603891,Emmanuel Ekong,749,FC Empoli,496,Malmö FF,PERMANENT_OR_OTHER_EXPLICIT,€1.00m,0,OUT
TM-2024-00691,2024/25,603891,Emmanuel Ekong,999,NK Istra 1961,749,FC Empoli,LOAN_RETURN_OR_END_OF_LOAN,End of loan 30/06/2024,0,IN
TM-2024-00692,2024/25,604207,Filippo Rinaldi,130,Parma Calcio 1913,9439,Feralpisalò,LOAN,loan transfer,0,OUT
TM-2024-00693,2024/25,604207,Filippo Rinaldi,9826,Olbia Calcio 1905,130,Parma Calcio 1913,LOAN_RETURN_OR_END_OF_LOAN,End of loan 30/06/2024,0,IN
TM-2024-00694,2024/25,604239,Gabriele Artistico,398,SS Lazio,4031,Cosenza Calcio,LOAN,loan transfer,0,OUT
TM-2024-00695,2024/25,604239,Gabriele Artistico,398,SS Lazio,5587,SS Juve Stabia,LOAN,loan transfer,0,OUT
TM-2024-00696,2024/25,604239,Gabriele Artistico,49939,Virtus Francavilla Calcio,398,SS Lazio,FREE_TRANSFER,free transfer,0,IN
TM-2024-00697,2024/25,604239,Gabriele Artistico,5587,SS Juve Stabia,398,SS Lazio,LOAN_RETURN_OR_END_OF_LOAN,End of loan 08/01/2025,0,IN
TM-2024-00698,2024/25,605396,Samuel Dahl,1044,Djurgårdens IF,12,AS Roma,PERMANENT_OR_OTHER_EXPLICIT,€5.67m,0,IN
TM-2024-00699,2024/25,605396,Samuel Dahl,12,AS Roma,294,SL Benfica,LOAN,Loan fee: €600k,0,OUT
TM-2024-00700,2024/25,606160,Herculano Nabian,2639,UD Leiria,749,FC Empoli,LOAN_RETURN_OR_END_OF_LOAN,End of loan 30/01/2025,0,IN
TM-2024-00701,2024/25,606160,Herculano Nabian,749,FC Empoli,46854,Mérida AD,LOAN,loan transfer,0,OUT
TM-2024-00702,2024/25,607226,Loum Tchaouna,380,US Salernitana 1919,398,SS Lazio,PERMANENT_OR_OTHER_EXPLICIT,€8.77m,0,IN
TM-2024-00703,2024/25,610878,Jacopo Desogus,1390,Cagliari Calcio,4084,AS Cittadella,PERMANENT_OR_OTHER_EXPLICIT,?,0,OUT
TM-2024-00704,2024/25,610878,Jacopo Desogus,4326,AS Gubbio 1910,1390,Cagliari Calcio,LOAN_RETURN_OR_END_OF_LOAN,End of loan 30/06/2024,0,IN
TM-2024-00705,2024/25,612059,Edoardo Piana,1104,ACR Messina,410,Udinese Calcio,LOAN_RETURN_OR_END_OF_LOAN,End of loan 30/06/2024,0,IN
TM-2024-00706,2024/25,613393,Gaetano Oristanio,1390,Cagliari Calcio,46,Inter Milan,LOAN_RETURN_OR_END_OF_LOAN,End of loan 30/06/2024,1,IN+OUT
TM-2024-00707,2024/25,613393,Gaetano Oristanio,46,Inter Milan,607,Venezia FC,PERMANENT_OR_OTHER_EXPLICIT,€4.00m,1,IN+OUT
TM-2024-00708,2024/25,613539,Marco Bertini,2722,SPAL,398,SS Lazio,LOAN_RETURN_OR_END_OF_LOAN,End of loan 30/06/2024,0,IN
TM-2024-00709,2024/25,613539,Marco Bertini,398,SS Lazio,408,Ascoli Calcio,LOAN,loan transfer,0,OUT
TM-2024-00710,2024/25,613781,Vasilios Zagaritis,130,Parma Calcio 1913,723,Almere City FC,FREE_TRANSFER,free transfer,0,OUT
TM-2024-00711,2024/25,616058,Daniel Fossati,252,Genoa CFC,4102,AC Carpi,LOAN,loan transfer,0,OUT
TM-2024-00712,2024/25,616058,Daniel Fossati,252,Genoa CFC,4326,AS Gubbio 1910,LOAN,loan transfer,0,OUT
TM-2024-00713,2024/25,616058,Daniel Fossati,26883,USD Sestri Levante 1919,252,Genoa CFC,LOAN_RETURN_OR_END_OF_LOAN,End of loan 30/06/2024,0,IN
TM-2024-00714,2024/25,616058,Daniel Fossati,4326,AS Gubbio 1910,252,Genoa CFC,LOAN_RETURN_OR_END_OF_LOAN,End of loan 31/01/2025,0,IN
TM-2024-00715,2024/25,616162,Alessandro Fontanarosa,4031,Cosenza Calcio,46,Inter Milan,LOAN_RETURN_OR_END_OF_LOAN,End of loan 30/06/2024,0,IN
TM-2024-00716,2024/25,616162,Alessandro Fontanarosa,46,Inter Milan,4159,Carrarese Calcio 1908,LOAN,loan transfer,0,OUT
TM-2024-00717,2024/25,616162,Alessandro Fontanarosa,46,Inter Milan,5621,AC Reggiana 1919,LOAN,loan transfer,0,OUT
TM-2024-00718,2024/25,616162,Alessandro Fontanarosa,5621,AC Reggiana 1919,46,Inter Milan,LOAN_RETURN_OR_END_OF_LOAN,End of loan 02/02/2025,0,IN
TM-2024-00719,2024/25,616169,Duccio Degli Innocenti,5514,Calcio Lecco 1912,749,FC Empoli,LOAN_RETURN_OR_END_OF_LOAN,End of loan 30/06/2024,0,IN
TM-2024-00720,2024/25,616169,Duccio Degli Innocenti,749,FC Empoli,3522,Spezia Calcio,LOAN,loan transfer,0,OUT
TM-2024-00721,2024/25,616228,Filippo Neri,607,Venezia FC,18642,Campobasso FC,LOAN,loan transfer,0,OUT
TM-2024-00722,2024/25,616228,Filippo Neri,7030,Vis Pesaro 1898,607,Venezia FC,LOAN_RETURN_OR_END_OF_LOAN,End of loan 30/06/2024,0,IN
TM-2024-00723,2024/25,616628,Giorgio Cittadini,252,Genoa CFC,2919,AC Monza,LOAN_RETURN_OR_END_OF_LOAN,End of loan 29/06/2024,1,IN+OUT
TM-2024-00724,2024/25,616628,Giorgio Cittadini,2919,AC Monza,800,Atalanta BC,LOAN_RETURN_OR_END_OF_LOAN,End of loan 30/06/2024,1,IN+OUT
TM-2024-00725,2024/25,616628,Giorgio Cittadini,800,Atalanta BC,8970,Frosinone Calcio,LOAN,loan transfer,0,OUT
TM-2024-00726,2024/25,616667,Mattia Pagliuca,1025,Bologna FC 1909,29251,Virtusvecomp Verona,FREE_TRANSFER,free transfer,0,OUT
TM-2024-00727,2024/25,616667,Mattia Pagliuca,5163,Brindisi FC,1025,Bologna FC 1909,LOAN_RETURN_OR_END_OF_LOAN,End of loan 30/06/2024,0,IN
TM-2024-00728,2024/25,617164,Pietro Passador,26789,FC Pro Vercelli 1892,416,Torino FC,LOAN_RETURN_OR_END_OF_LOAN,End of loan 02/02/2025,0,IN
TM-2024-00729,2024/25,617164,Pietro Passador,416,Torino FC,1103,Ternana Calcio,LOAN,loan transfer,0,OUT
TM-2024-00730,2024/25,617164,Pietro Passador,416,Torino FC,26789,FC Pro Vercelli 1892,LOAN,loan transfer,0,OUT
TM-2024-00731,2024/25,620313,Lucas Gourna-Douath,409,Red Bull Salzburg,12,AS Roma,LOAN,loan transfer,0,IN
TM-2024-00732,2024/25,620477,Kaio Jorge,506,Juventus FC,609,Cruzeiro Esporte Clube,PERMANENT_OR_OTHER_EXPLICIT,€7.20m,0,OUT
TM-2024-00733,2024/25,620477,Kaio Jorge,8970,Frosinone Calcio,506,Juventus FC,LOAN_RETURN_OR_END_OF_LOAN,End of loan 30/06/2024,0,IN
TM-2024-00734,2024/25,621153,Luigi Palomba,1390,Cagliari Calcio,7030,Vis Pesaro 1898,LOAN,loan transfer,0,OUT
TM-2024-00735,2024/25,621153,Luigi Palomba,9826,Olbia Calcio 1905,1390,Cagliari Calcio,LOAN_RETURN_OR_END_OF_LOAN,End of loan 30/06/2024,0,IN
TM-2024-00736,2024/25,622380,Cesare Casadei,631,Chelsea FC,416,Torino FC,PERMANENT_OR_OTHER_EXPLICIT,€13.00m,0,IN
TM-2024-00737,2024/25,623040,Yayah Kallon,276,Hellas Verona,380,US Salernitana 1919,LOAN,loan transfer,0,OUT
TM-2024-00738,2024/25,623040,Yayah Kallon,276,Hellas Verona,4106,Casertana FC,LOAN,loan transfer,0,OUT
TM-2024-00739,2024/25,623040,Yayah Kallon,332,SSC Bari,276,Hellas Verona,LOAN_RETURN_OR_END_OF_LOAN,End of loan 30/06/2024,0,IN
TM-2024-00740,2024/25,623040,Yayah Kallon,380,US Salernitana 1919,276,Hellas Verona,LOAN_RETURN_OR_END_OF_LOAN,End of loan 02/02/2025,0,IN
TM-2024-00741,2024/25,623412,Mihai Popa,416,Torino FC,7769,CFR Cluj,LOAN,loan transfer,0,OUT
TM-2024-00742,2024/25,624690,Manu Koné,18,Borussia Mönchengladbach,12,AS Roma,PERMANENT_OR_OTHER_EXPLICIT,€18.00m,0,IN
TM-2024-00743,2024/25,624942,Raúl Moro,366,Real Valladolid CF,398,SS Lazio,LOAN_RETURN_OR_END_OF_LOAN,End of loan 30/06/2024,0,IN
TM-2024-00744,2024/25,624942,Raúl Moro,398,SS Lazio,366,Real Valladolid CF,PERMANENT_OR_OTHER_EXPLICIT,€2.50m,0,OUT
TM-2024-00745,2024/25,626913,Boulaye Dia,380,US Salernitana 1919,398,SS Lazio,LOAN,loan transfer,0,IN
TM-2024-00746,2024/25,629016,Marco Nasti,332,SSC Bari,5,AC Milan,LOAN_RETURN_OR_END_OF_LOAN,End of loan 30/06/2024 €700k,0,IN
TM-2024-00747,2024/25,629016,Marco Nasti,5,AC Milan,2239,US Cremonese,PERMANENT_OR_OTHER_EXPLICIT,€500k,0,OUT
TM-2024-00748,2024/25,631927,Saud Abdulhamid,1114,Al-Hilal SFC,12,AS Roma,PERMANENT_OR_OTHER_EXPLICIT,€2.50m,0,IN
TM-2024-00749,2024/25,633306,Iván Azón,142,Real Zaragoza,1047,Como 1907,PERMANENT_OR_OTHER_EXPLICIT,€2.00m,0,IN
TM-2024-00750,2024/25,633992,Enzo Le Fée,12,AS Roma,289,Sunderland AFC,LOAN,loan transfer,0,OUT
TM-2024-00751,2024/25,633992,Enzo Le Fée,273,Stade Rennais FC,12,AS Roma,PERMANENT_OR_OTHER_EXPLICIT,€23.00m,0,IN
TM-2024-00752,2024/25,638793,Tajon Buchanan,46,Inter Milan,1050,Villarreal CF,LOAN,Loan fee: €1.00m,0,OUT
TM-2024-00753,2024/25,640109,Martín Satriano,3911,Stade Brestois 29,46,Inter Milan,LOAN_RETURN_OR_END_OF_LOAN,End of loan 30/06/2024,0,IN
TM-2024-00754,2024/25,640109,Martín Satriano,46,Inter Milan,826,RC Lens,LOAN,Loan fee: €1.00m,0,OUT
TM-2024-00755,2024/25,641555,Matteo Morelli,4333,US Grosseto 1912,749,FC Empoli,LOAN_RETURN_OR_END_OF_LOAN,End of loan 30/06/2024,0,IN
TM-2024-00756,2024/25,641555,Matteo Morelli,749,FC Empoli,27568,US Follonica Gavorrano,LOAN,loan transfer,0,OUT
TM-2024-00757,2024/25,641556,Francesco Nunziatini,2253,SEF Torres 1903,46,Inter Milan,LOAN_RETURN_OR_END_OF_LOAN,End of loan 30/06/2024,0,IN
TM-2024-00758,2024/25,641556,Francesco Nunziatini,46,Inter Milan,2253,SEF Torres 1903,FREE_TRANSFER,free transfer,0,OUT
TM-2024-00759,2024/25,642002,Balthazar Pierret,7124,Quevilly - Rouen Métropole,1005,US Lecce,FREE_TRANSFER,free transfer,0,IN
TM-2024-00760,2024/25,644032,Cheikh Niasse,452,BSC Young Boys,276,Hellas Verona,LOAN,loan transfer,0,IN
TM-2024-00761,2024/25,644408,Oliver Provstgaard,443,Vejle Boldklub,398,SS Lazio,PERMANENT_OR_OTHER_EXPLICIT,€4.50m,0,IN
TM-2024-00762,2024/25,644771,Odilon Kossounou,15,Bayer 04 Leverkusen,800,Atalanta BC,LOAN,Loan fee: €5.50m,0,IN
TM-2024-00763,2024/25,647484,Ebrima Darboe,1038,UC Sampdoria,12,AS Roma,LOAN_RETURN_OR_END_OF_LOAN,End of loan 30/06/2024,0,IN
TM-2024-00764,2024/25,647484,Ebrima Darboe,12,AS Roma,8970,Frosinone Calcio,LOAN,loan transfer,0,OUT
TM-2024-00765,2024/25,647534,Joel Voelkerling Persson,1005,US Lecce,3622,IFK Värnamo,LOAN,loan transfer,0,OUT
TM-2024-00766,2024/25,647534,Joel Voelkerling Persson,3622,IFK Värnamo,1005,US Lecce,LOAN_RETURN_OR_END_OF_LOAN,End of loan 31/12/2024,0,IN
TM-2024-00767,2024/25,647534,Joel Voelkerling Persson,499,Vitesse Arnhem,1005,US Lecce,LOAN_RETURN_OR_END_OF_LOAN,End of loan 30/06/2024,0,IN
TM-2024-00768,2024/25,648032,James Abankwah,410,Udinese Calcio,1010,Watford FC,LOAN,loan transfer,0,OUT
TM-2024-00769,2024/25,649016,El Bilal Touré,800,Atalanta BC,79,VfB Stuttgart,LOAN,Loan fee: €970k,0,OUT
TM-2024-00770,2024/25,649490,Konan N’Dri,2727,Oud-Heverlee Leuven,1005,US Lecce,PERMANENT_OR_OTHER_EXPLICIT,€1.50m,0,IN
TM-2024-00771,2024/25,650224,Christos Kourfalidis,1390,Cagliari Calcio,4031,Cosenza Calcio,PERMANENT_OR_OTHER_EXPLICIT,€250k,0,OUT
TM-2024-00772,2024/25,650224,Christos Kourfalidis,9439,Feralpisalò,1390,Cagliari Calcio,LOAN_RETURN_OR_END_OF_LOAN,End of loan 30/06/2024,0,IN
TM-2024-00773,2024/25,650996,Bruno Prati,430,ACF Fiorentina,60475,SSD Ponte Buggianese,FREE_TRANSFER,free transfer,0,OUT
TM-2024-00774,2024/25,650996,Bruno Prati,430,ACF Fiorentina,99015,SSD Zenith Prato,LOAN,loan transfer,0,OUT
TM-2024-00775,2024/25,650996,Bruno Prati,4333,US Grosseto 1912,430,ACF Fiorentina,LOAN_RETURN_OR_END_OF_LOAN,End of loan 30/06/2024,0,IN
TM-2024-00776,2024/25,650996,Bruno Prati,99015,SSD Zenith Prato,430,ACF Fiorentina,LOAN_RETURN_OR_END_OF_LOAN,End of loan 17/12/2024,0,IN
TM-2024-00777,2024/25,650999,Federico Accornero,252,Genoa CFC,4095,AC Trento,LOAN,loan transfer,0,OUT
TM-2024-00778,2024/25,650999,Federico Accornero,2921,Delfino Pescara 1936,252,Genoa CFC,LOAN_RETURN_OR_END_OF_LOAN,End of loan 30/06/2024,0,IN
TM-2024-00779,2024/25,651002,Giacomo Faticanti,1005,US Lecce,41101,Juventus Next Gen,LOAN,loan transfer,0,OUT
TM-2024-00780,2024/25,651002,Giacomo Faticanti,1103,Ternana Calcio,1005,US Lecce,LOAN_RETURN_OR_END_OF_LOAN,End of loan 30/06/2024,0,IN
TM-2024-00781,2024/25,651005,Cher Ndour,583,Paris Saint-Germain,430,ACF Fiorentina,PERMANENT_OR_OTHER_EXPLICIT,€5.00m,0,IN
TM-2024-00782,2024/25,651569,Daniel Mosquera,2352,CD América de Cali,276,Hellas Verona,PERMANENT_OR_OTHER_EXPLICIT,€990k,0,IN
TM-2024-00783,2024/25,653415,Leonardo Buta,2424,Gil Vicente FC,410,Udinese Calcio,LOAN_RETURN_OR_END_OF_LOAN,End of loan 30/06/2024,0,IN
TM-2024-00784,2024/25,653415,Leonardo Buta,410,Udinese Calcio,979,Moreirense FC,PERMANENT_OR_OTHER_EXPLICIT,?,0,OUT
TM-2024-00785,2024/25,654949,Sekou Diawara,2974,Francs Borains,410,Udinese Calcio,PERMANENT_OR_OTHER_EXPLICIT,?,0,IN
TM-2024-00786,2024/25,654949,Sekou Diawara,410,Udinese Calcio,1253,Lucchese 1905,LOAN,loan transfer,0,OUT
TM-2024-00787,2024/25,654949,Sekou Diawara,410,Udinese Calcio,2974,Francs Borains,PERMANENT_OR_OTHER_EXPLICIT,?,0,OUT
TM-2024-00788,2024/25,654949,Sekou Diawara,41274,Beerschot VA,410,Udinese Calcio,LOAN_RETURN_OR_END_OF_LOAN,End of loan 30/06/2024,0,IN
TM-2024-00789,2024/25,654991,Samuel Mbangula,41101,Juventus Next Gen,506,Juventus FC,PERMANENT_OR_OTHER_EXPLICIT,-,0,IN
TM-2024-00790,2024/25,655009,Richie Sagrado,2727,Oud-Heverlee Leuven,607,Venezia FC,PERMANENT_OR_OTHER_EXPLICIT,€2.00m,0,IN
TM-2024-00791,2024/25,655186,Brayan Boci,252,Genoa CFC,9439,Feralpisalò,FREE_TRANSFER,free transfer,0,OUT
TM-2024-00792,2024/25,655186,Brayan Boci,30066,FC Legnago Salus,252,Genoa CFC,LOAN_RETURN_OR_END_OF_LOAN,End of loan 30/06/2024,0,IN
TM-2024-00793,2024/25,655456,Saba Sazonov,416,Torino FC,749,FC Empoli,LOAN,loan transfer,1,IN+OUT
TM-2024-00794,2024/25,656441,Jean Onana,114,Besiktas JK,252,Genoa CFC,LOAN,Loan fee: €275k,0,IN
TM-2024-00795,2024/25,657742,Joaquín Sosa,1025,Bologna FC 1909,5621,AC Reggiana 1919,LOAN,loan transfer,0,OUT
TM-2024-00796,2024/25,657742,Joaquín Sosa,4078,CF Montréal,1025,Bologna FC 1909,LOAN_RETURN_OR_END_OF_LOAN,End of loan 31/12/2024,0,IN
TM-2024-00797,2024/25,658612,Dimo Krastev,430,ACF Fiorentina,1103,Ternana Calcio,LOAN,loan transfer,0,OUT
TM-2024-00798,2024/25,658612,Dimo Krastev,9439,Feralpisalò,430,ACF Fiorentina,LOAN_RETURN_OR_END_OF_LOAN,End of loan 30/06/2024,0,IN
TM-2024-00799,2024/25,658674,Luan Patrick,515,Without Club,276,Hellas Verona,FREE_AGENT_OR_END_OF_CONTRACT,-,0,IN
TM-2024-00800,2024/25,659415,Riccardo Pagano,11997,Roma U20,12,AS Roma,PERMANENT_OR_OTHER_EXPLICIT,-,0,IN
TM-2024-00801,2024/25,659415,Riccardo Pagano,12,AS Roma,4097,US Catanzaro,LOAN,loan transfer,0,OUT
TM-2024-00802,2024/25,659420,Mattia Motolese,1025,Bologna FC 1909,22045,Latina Calcio 1932,LOAN,loan transfer,0,OUT
TM-2024-00803,2024/25,659420,Mattia Motolese,1025,Bologna FC 1909,4159,Carrarese Calcio 1908,LOAN,loan transfer,0,OUT
TM-2024-00804,2024/25,659420,Mattia Motolese,4159,Carrarese Calcio 1908,1025,Bologna FC 1909,LOAN_RETURN_OR_END_OF_LOAN,End of loan 22/01/2025,0,IN
TM-2024-00805,2024/25,659420,Mattia Motolese,9826,Olbia Calcio 1905,1025,Bologna FC 1909,LOAN_RETURN_OR_END_OF_LOAN,End of loan 30/06/2024,0,IN
TM-2024-00806,2024/25,659516,Warren Bondo,2919,AC Monza,5,AC Milan,PERMANENT_OR_OTHER_EXPLICIT,€10.50m,1,IN+OUT
TM-2024-00807,2024/25,659781,Jack de Vries,7030,Vis Pesaro 1898,607,Venezia FC,LOAN_RETURN_OR_END_OF_LOAN,End of loan 30/06/2024,0,IN
TM-2024-00808,2024/25,661212,Mathias Løvik,687,Molde FK,130,Parma Calcio 1913,PERMANENT_OR_OTHER_EXPLICIT,€3.78m,0,IN
TM-2024-00809,2024/25,662261,Rafa Marín,418,Real Madrid,6195,SSC Napoli,PERMANENT_OR_OTHER_EXPLICIT,€12.00m,0,IN
TM-2024-00810,2024/25,662562,Giuseppe D'Agostino,49430,AZ Picerno,6195,SSC Napoli,LOAN_RETURN_OR_END_OF_LOAN,End of loan 30/06/2024,0,IN
TM-2024-00811,2024/25,662562,Giuseppe D'Agostino,6195,SSC Napoli,9818,Giugliano Calcio 1928,LOAN,loan transfer,0,OUT
TM-2024-00812,2024/25,663237,Jacob Ondrejka,1096,Royal Antwerp FC,130,Parma Calcio 1913,PERMANENT_OR_OTHER_EXPLICIT,€6.80m,0,IN
TM-2024-00813,2024/25,663900,Giovanni Bonfanti,800,Atalanta BC,4172,Pisa Sporting Club,LOAN,Loan fee: €250k,0,OUT
TM-2024-00814,2024/25,666268,Daniel Fila,62,SK Slavia Prague,607,Venezia FC,PERMANENT_OR_OTHER_EXPLICIT,€4.00m,0,IN
TM-2024-00815,2024/25,667056,Federico Caia,276,Hellas Verona,29251,Virtusvecomp Verona,LOAN,loan transfer,0,OUT
TM-2024-00816,2024/25,667056,Federico Caia,4553,US Pergolettese 1932,276,Hellas Verona,LOAN_RETURN_OR_END_OF_LOAN,End of loan 30/06/2024,0,IN
TM-2024-00817,2024/25,667640,Alexandru Borbei,1005,US Lecce,7769,CFR Cluj,LOAN,loan transfer,0,OUT
TM-2024-00818,2024/25,668228,Matheus Martins,1010,Watford FC,410,Udinese Calcio,LOAN_RETURN_OR_END_OF_LOAN,End of loan 30/06/2024,0,IN
TM-2024-00819,2024/25,668228,Matheus Martins,410,Udinese Calcio,537,Botafogo de Futebol e Regatas,PERMANENT_OR_OTHER_EXPLICIT,€10.00m,0,OUT
TM-2024-00820,2024/25,668547,Máximo Perrone,281,Manchester City,1047,Como 1907,LOAN,loan transfer,0,IN
TM-2024-00821,2024/25,668951,Matías Soulé,506,Juventus FC,12,AS Roma,PERMANENT_OR_OTHER_EXPLICIT,€28.60m,1,IN+OUT
TM-2024-00822,2024/25,668951,Matías Soulé,8970,Frosinone Calcio,506,Juventus FC,LOAN_RETURN_OR_END_OF_LOAN,End of loan 30/06/2024,0,IN
TM-2024-00823,2024/25,669915,Filippo Distefano,1103,Ternana Calcio,430,ACF Fiorentina,LOAN_RETURN_OR_END_OF_LOAN,End of loan 30/06/2024,0,IN
TM-2024-00824,2024/25,669915,Filippo Distefano,430,ACF Fiorentina,8970,Frosinone Calcio,LOAN,loan transfer,0,OUT
TM-2024-00825,2024/25,670096,Tanner Tessmann,607,Venezia FC,1041,Olympique Lyon,PERMANENT_OR_OTHER_EXPLICIT,€6.00m,0,OUT
TM-2024-00826,2024/25,670845,Omari Forson,985,Manchester United,2919,AC Monza,FREE_TRANSFER,free transfer,0,IN
TM-2024-00827,2024/25,671542,Daniel Samek,1005,US Lecce,1897,FC Hradec Kralove,LOAN,loan transfer,0,OUT
TM-2024-00828,2024/25,671799,Rui Modesto,272,AIK,410,Udinese Calcio,PERMANENT_OR_OTHER_EXPLICIT,€2.00m,0,IN
TM-2024-00829,2024/25,671915,Enzo Barrenechea,506,Juventus FC,405,Aston Villa,PERMANENT_OR_OTHER_EXPLICIT,€8.00m,0,OUT
TM-2024-00830,2024/25,671915,Enzo Barrenechea,8970,Frosinone Calcio,506,Juventus FC,LOAN_RETURN_OR_END_OF_LOAN,End of loan 30/06/2024,0,IN
TM-2024-00831,2024/25,672836,Nicolò Evangelisti,46337,Pineto Calcio,749,FC Empoli,LOAN_RETURN_OR_END_OF_LOAN,End of loan 30/06/2024,0,IN
TM-2024-00832,2024/25,672836,Nicolò Evangelisti,749,FC Empoli,4541,UC AlbinoLeffe,FREE_TRANSFER,free transfer,0,OUT
TM-2024-00833,2024/25,673495,Emil Roback,5,AC Milan,21283,Muangthong United,FREE_TRANSFER,free transfer,0,OUT
TM-2024-00834,2024/25,67556,Milan Djuric,2919,AC Monza,130,Parma Calcio 1913,PERMANENT_OR_OTHER_EXPLICIT,€1.50m,1,IN+OUT
TM-2024-00835,2024/25,676411,Dailon Livramento,384,MVV Maastricht,276,Hellas Verona,PERMANENT_OR_OTHER_EXPLICIT,€700k,0,IN
TM-2024-00836,2024/25,678035,Jay Enem,4590,Ethnikos Achna,607,Venezia FC,LOAN_RETURN_OR_END_OF_LOAN,End of loan 30/06/2024,0,IN
TM-2024-00837,2024/25,678035,Jay Enem,607,Venezia FC,91288,Omonia 29th May,LOAN,loan transfer,0,OUT
TM-2024-00838,2024/25,679271,Davide Gentile,4163,US Fiorenzuola 1922,430,ACF Fiorentina,LOAN_RETURN_OR_END_OF_LOAN,End of loan 30/06/2024,0,IN
TM-2024-00839,2024/25,679271,Davide Gentile,430,ACF Fiorentina,380,US Salernitana 1919,LOAN,loan transfer,0,OUT
TM-2024-00840,2024/25,679754,Niklas Pyyhtiä,1025,Bologna FC 1909,4554,FC Südtirol,LOAN,loan transfer,0,OUT
TM-2024-00841,2024/25,679754,Niklas Pyyhtiä,1103,Ternana Calcio,1025,Bologna FC 1909,LOAN_RETURN_OR_END_OF_LOAN,End of loan 30/06/2024,0,IN
TM-2024-00842,2024/25,679829,Henri Salomaa,1005,US Lecce,1253,Lucchese 1905,LOAN,loan transfer,0,OUT
TM-2024-00843,2024/25,679829,Henri Salomaa,1005,US Lecce,4106,Casertana FC,LOAN,loan transfer,0,OUT
TM-2024-00844,2024/25,679829,Henri Salomaa,4106,Casertana FC,1005,US Lecce,LOAN_RETURN_OR_END_OF_LOAN,End of loan 29/01/2025,0,IN
TM-2024-00845,2024/25,679829,Henri Salomaa,5514,Calcio Lecco 1912,1005,US Lecce,LOAN_RETURN_OR_END_OF_LOAN,End of loan 30/06/2024,0,IN
TM-2024-00846,2024/25,682032,Marley Aké,322,Yverdon Sport FC,506,Juventus FC,LOAN_RETURN_OR_END_OF_LOAN,End of loan 30/06/2024,0,IN
TM-2024-00847,2024/25,682032,Marley Aké,506,Juventus FC,322,Yverdon Sport FC,PERMANENT_OR_OTHER_EXPLICIT,?,0,OUT
TM-2024-00848,2024/25,685506,Christian Travaglini,1390,Cagliari Calcio,4146,Aurora Pro Patria,PERMANENT_OR_OTHER_EXPLICIT,?,0,OUT
TM-2024-00849,2024/25,685506,Christian Travaglini,4093,Taranto SS,1390,Cagliari Calcio,LOAN_RETURN_OR_END_OF_LOAN,End of loan 30/06/2024,0,IN
TM-2024-00850,2024/25,686965,Juan Cabal,276,Hellas Verona,506,Juventus FC,PERMANENT_OR_OTHER_EXPLICIT,€12.80m,1,IN+OUT
TM-2024-00851,2024/25,68864,Kevin Strootman,252,Genoa CFC,515,Without Club,FREE_AGENT_OR_END_OF_CONTRACT,-,0,OUT
TM-2024-00852,2024/25,691476,Alessio Rossi,704,Calcio Foggia 1920,749,FC Empoli,LOAN_RETURN_OR_END_OF_LOAN,End of loan 30/06/2024,0,IN
TM-2024-00853,2024/25,691476,Alessio Rossi,749,FC Empoli,515,Without Club,FREE_AGENT_OR_END_OF_CONTRACT,-,0,OUT
TM-2024-00854,2024/25,691529,Valerio Biagini,1210,US Livorno 1915,749,FC Empoli,LOAN_RETURN_OR_END_OF_LOAN,End of loan 30/06/2024,0,IN
TM-2024-00855,2024/25,691678,Tommaso Fumagalli,1047,Como 1907,4031,Cosenza Calcio,LOAN,loan transfer,0,OUT
TM-2024-00856,2024/25,692351,Alessandro Silvestro,46,Inter Milan,704,Calcio Foggia 1920,PERMANENT_OR_OTHER_EXPLICIT,?,0,OUT
TM-2024-00857,2024/25,692351,Alessandro Silvestro,704,Calcio Foggia 1920,46,Inter Milan,LOAN_RETURN_OR_END_OF_LOAN,End of loan 30/06/2024,0,IN
TM-2024-00858,2024/25,698548,Marko Lazetić,385,Fortuna Sittard,5,AC Milan,LOAN_RETURN_OR_END_OF_LOAN,End of loan 30/06/2024,0,IN
TM-2024-00859,2024/25,698548,Marko Lazetić,5,AC Milan,3137,FK TSC Backa Topola,LOAN,loan transfer,0,OUT
TM-2024-00860,2024/25,698560,Cheick Condé,260,FC Zürich,607,Venezia FC,PERMANENT_OR_OTHER_EXPLICIT,€2.00m,0,IN
TM-2024-00861,2024/25,699442,Kacper Urbański,1025,Bologna FC 1909,2919,AC Monza,LOAN,Loan fee: €500k,1,IN+OUT
TM-2024-00862,2024/25,700643,Martin Turk,130,Parma Calcio 1913,318,Ruch Chorzow,PERMANENT_OR_OTHER_EXPLICIT,€150k,0,OUT
TM-2024-00863,2024/25,700998,Chaka Traorè,458,Palermo FC,5,AC Milan,LOAN_RETURN_OR_END_OF_LOAN,End of loan 30/06/2024,0,IN
TM-2024-00864,2024/25,700998,Chaka Traorè,5,AC Milan,41107,Milan Futuro,PERMANENT_OR_OTHER_EXPLICIT,-,0,OUT
TM-2024-00865,2024/25,701002,Giovanni Vaglica,130,Parma Calcio 1913,4146,Aurora Pro Patria,PERMANENT_OR_OTHER_EXPLICIT,?,0,OUT
TM-2024-00866,2024/25,701002,Giovanni Vaglica,4095,AC Trento,130,Parma Calcio 1913,LOAN_RETURN_OR_END_OF_LOAN,End of loan 30/06/2024,0,IN
TM-2024-00867,2024/25,701819,Daniele Ghilardi,1038,UC Sampdoria,276,Hellas Verona,LOAN_RETURN_OR_END_OF_LOAN,End of loan 30/06/2024,0,IN
TM-2024-00868,2024/25,701842,Nicolò Cavuoti,1390,Cagliari Calcio,9439,Feralpisalò,LOAN,loan transfer,0,OUT
TM-2024-00869,2024/25,701842,Nicolò Cavuoti,9826,Olbia Calcio 1905,1390,Cagliari Calcio,LOAN_RETURN_OR_END_OF_LOAN,End of loan 30/06/2024,0,IN
TM-2024-00870,2024/25,702324,Rachid Kouda,130,Parma Calcio 1913,3522,Spezia Calcio,LOAN,loan transfer,0,OUT
TM-2024-00871,2024/25,702324,Rachid Kouda,3522,Spezia Calcio,130,Parma Calcio 1913,PERMANENT_OR_OTHER_EXPLICIT,€4.00m,0,IN
TM-2024-00872,2024/25,703227,Davide Mastrantonio,12,AS Roma,41107,Milan Futuro,LOAN,loan transfer,0,OUT
TM-2024-00873,2024/25,703227,Davide Mastrantonio,12,AS Roma,4271,US Triestina,LOAN,loan transfer,0,OUT
TM-2024-00874,2024/25,703227,Davide Mastrantonio,26789,FC Pro Vercelli 1892,12,AS Roma,LOAN_RETURN_OR_END_OF_LOAN,End of loan 30/06/2024,0,IN
TM-2024-00875,2024/25,703227,Davide Mastrantonio,41107,Milan Futuro,12,AS Roma,LOAN_RETURN_OR_END_OF_LOAN,End of loan 29/01/2025,0,IN
TM-2024-00876,2024/25,703240,Gennaro Iaccarino,33734,SS Monopoli 1966,6195,SSC Napoli,LOAN_RETURN_OR_END_OF_LOAN,End of loan 30/06/2024,0,IN
TM-2024-00877,2024/25,703240,Gennaro Iaccarino,6195,SSC Napoli,4326,AS Gubbio 1910,LOAN,loan transfer,0,OUT
TM-2024-00878,2024/25,704156,Nicholas Gioacchini,1047,Como 1907,51772,FC Cincinnati,LOAN,loan transfer,0,OUT
TM-2024-00879,2024/25,704156,Nicholas Gioacchini,1047,Como 1907,6676,Asteras Aktor,FREE_TRANSFER,free transfer,0,OUT
TM-2024-00880,2024/25,704156,Nicholas Gioacchini,51772,FC Cincinnati,1047,Como 1907,LOAN_RETURN_OR_END_OF_LOAN,End of loan 31/12/2024,0,IN
TM-2024-00881,2024/25,704176,Destiny Egharevba,27624,US Recanatese,430,ACF Fiorentina,LOAN_RETURN_OR_END_OF_LOAN,End of loan 30/06/2024,0,IN
TM-2024-00882,2024/25,704176,Destiny Egharevba,430,ACF Fiorentina,24898,AC Renate,FREE_TRANSFER,free transfer,0,OUT
TM-2024-00883,2024/25,704230,Edoardo Bernardi,276,Hellas Verona,4095,AC Trento,LOAN,loan transfer,0,OUT
TM-2024-00884,2024/25,704230,Edoardo Bernardi,276,Hellas Verona,46619,Arzignano Valchiampo,LOAN,loan transfer,0,OUT
TM-2024-00885,2024/25,704230,Edoardo Bernardi,4095,AC Trento,276,Hellas Verona,LOAN_RETURN_OR_END_OF_LOAN,End of loan 29/01/2025,0,IN
TM-2024-00886,2024/25,704230,Edoardo Bernardi,46619,Arzignano Valchiampo,276,Hellas Verona,LOAN_RETURN_OR_END_OF_LOAN,End of loan 30/06/2024,0,IN
TM-2024-00887,2024/25,704234,Diego Fornari,22556,Prodeco Calcio Montebelluna,276,Hellas Verona,LOAN_RETURN_OR_END_OF_LOAN,End of loan 30/06/2024,0,IN
TM-2024-00888,2024/25,704234,Diego Fornari,276,Hellas Verona,22556,Prodeco Calcio Montebelluna,FREE_TRANSFER,free transfer,0,OUT
TM-2024-00889,2024/25,704335,Davide Bragantini,2581,Mantova 1911,276,Hellas Verona,LOAN_RETURN_OR_END_OF_LOAN,End of loan 30/06/2024,0,IN
TM-2024-00890,2024/25,704335,Davide Bragantini,276,Hellas Verona,2581,Mantova 1911,PERMANENT_OR_OTHER_EXPLICIT,€397k,0,OUT
TM-2024-00891,2024/25,704337,William Rovida,4146,Aurora Pro Patria,46,Inter Milan,LOAN_RETURN_OR_END_OF_LOAN,End of loan 30/06/2024,0,IN
TM-2024-00892,2024/25,704337,William Rovida,46,Inter Milan,4146,Aurora Pro Patria,PERMANENT_OR_OTHER_EXPLICIT,?,0,OUT
TM-2024-00893,2024/25,704423,Mattia Florio,2254,Pro Sesto 1913,276,Hellas Verona,LOAN_RETURN_OR_END_OF_LOAN,End of loan 30/06/2024,0,IN
TM-2024-00894,2024/25,704423,Mattia Florio,276,Hellas Verona,46293,Caldiero Terme,LOAN,loan transfer,0,OUT
TM-2024-00895,2024/25,704456,Nosa Edward Obaretin,4095,AC Trento,6195,SSC Napoli,LOAN_RETURN_OR_END_OF_LOAN,End of loan 30/06/2024,0,IN
TM-2024-00896,2024/25,704456,Nosa Edward Obaretin,6195,SSC Napoli,332,SSC Bari,LOAN,loan transfer,0,OUT
TM-2024-00897,2024/25,704742,Giorgio Savini,416,Torino FC,515,Without Club,FREE_AGENT_OR_END_OF_CONTRACT,-,0,OUT
TM-2024-00898,2024/25,704742,Giorgio Savini,6692,Novara FC,416,Torino FC,LOAN_RETURN_OR_END_OF_LOAN,End of loan 30/06/2024,0,IN
TM-2024-00899,2024/25,704744,Tommaso Di Marco,416,Torino FC,5587,SS Juve Stabia,LOAN,loan transfer,0,OUT
TM-2024-00900,2024/25,704744,Tommaso Di Marco,416,Torino FC,9439,Feralpisalò,LOAN,loan transfer,0,OUT
TM-2024-00901,2024/25,704744,Tommaso Di Marco,49939,Virtus Francavilla Calcio,416,Torino FC,LOAN_RETURN_OR_END_OF_LOAN,End of loan 30/06/2024,0,IN
TM-2024-00902,2024/25,704744,Tommaso Di Marco,5587,SS Juve Stabia,416,Torino FC,LOAN_RETURN_OR_END_OF_LOAN,End of loan 02/02/2025,0,IN
TM-2024-00903,2024/25,704825,Alessandro Dellavalle,12130,Torino Primavera,416,Torino FC,PERMANENT_OR_OTHER_EXPLICIT,-,0,IN
TM-2024-00904,2024/25,704825,Alessandro Dellavalle,416,Torino FC,1385,Modena FC,LOAN,loan transfer,0,OUT
TM-2024-00905,2024/25,704979,Peter Kovacik,1047,Como 1907,20063,Zeleziarne Podbrezova,LOAN,loan transfer,0,OUT
TM-2024-00906,2024/25,704979,Peter Kovacik,1047,Como 1907,2300,Jagiellonia Bialystok,LOAN,loan transfer,0,OUT
TM-2024-00907,2024/25,704979,Peter Kovacik,20063,Zeleziarne Podbrezova,1047,Como 1907,PERMANENT_OR_OTHER_EXPLICIT,€600k,0,IN
TM-2024-00908,2024/25,704979,Peter Kovacik,2300,Jagiellonia Bialystok,1047,Como 1907,LOAN_RETURN_OR_END_OF_LOAN,End of loan 03/02/2025,0,IN
TM-2024-00909,2024/25,705063,Samuele Angori,14888,US Città di Pontedera,749,FC Empoli,LOAN_RETURN_OR_END_OF_LOAN,End of loan 30/06/2024,0,IN
TM-2024-00910,2024/25,705063,Samuele Angori,749,FC Empoli,4172,Pisa Sporting Club,PERMANENT_OR_OTHER_EXPLICIT,€1.40m,0,OUT
TM-2024-00911,2024/25,705097,Davide Veroli,1390,Cagliari Calcio,1038,UC Sampdoria,LOAN,Loan fee: €200k,0,OUT
TM-2024-00912,2024/25,705097,Davide Veroli,4097,US Catanzaro,1390,Cagliari Calcio,LOAN_RETURN_OR_END_OF_LOAN,End of loan 30/06/2024,0,IN
TM-2024-00913,2024/25,706380,Lado Akhalaia,416,Torino FC,515,Without Club,FREE_AGENT_OR_END_OF_CONTRACT,-,0,OUT
TM-2024-00914,2024/25,706380,Lado Akhalaia,9284,Swift Hesperange,416,Torino FC,LOAN_RETURN_OR_END_OF_LOAN,End of loan 30/06/2024,0,IN
TM-2024-00915,2024/25,707295,Giuseppe Ambrosino,4097,US Catanzaro,6195,SSC Napoli,LOAN_RETURN_OR_END_OF_LOAN,End of loan 30/06/2024,0,IN
TM-2024-00916,2024/25,707295,Giuseppe Ambrosino,6195,SSC Napoli,8970,Frosinone Calcio,LOAN,loan transfer,0,OUT
TM-2024-00917,2024/25,707450,Lorenzo Amatucci,1103,Ternana Calcio,430,ACF Fiorentina,LOAN_RETURN_OR_END_OF_LOAN,End of loan 30/06/2024,0,IN
TM-2024-00918,2024/25,707450,Lorenzo Amatucci,430,ACF Fiorentina,380,US Salernitana 1919,LOAN,loan transfer,0,OUT
TM-2024-00919,2024/25,707809,Joël Schingtienne,2727,Oud-Heverlee Leuven,607,Venezia FC,PERMANENT_OR_OTHER_EXPLICIT,€3.00m,0,IN
TM-2024-00920,2024/25,707844,Mandela Keita,1096,Royal Antwerp FC,130,Parma Calcio 1913,PERMANENT_OR_OTHER_EXPLICIT,€11.90m,0,IN
TM-2024-00921,2024/25,708072,Nicolò Savona,41101,Juventus Next Gen,506,Juventus FC,PERMANENT_OR_OTHER_EXPLICIT,-,0,IN
TM-2024-00922,2024/25,708086,Romano Floriani Mussolini,2921,Delfino Pescara 1936,398,SS Lazio,LOAN_RETURN_OR_END_OF_LOAN,End of loan 30/06/2024,0,IN
TM-2024-00923,2024/25,708086,Romano Floriani Mussolini,398,SS Lazio,5587,SS Juve Stabia,LOAN,loan transfer,0,OUT
TM-2024-00924,2024/25,708186,Tjas Begic,130,Parma Calcio 1913,8970,Frosinone Calcio,LOAN,loan transfer,0,OUT
TM-2024-00925,2024/25,708678,Isaak Touré,1158,FC Lorient,410,Udinese Calcio,LOAN,loan transfer,0,IN
TM-2024-00926,2024/25,709500,Alessandro Renzi,4255,SS Arezzo,749,FC Empoli,LOAN_RETURN_OR_END_OF_LOAN,End of loan 30/06/2024,0,IN
TM-2024-00927,2024/25,709500,Alessandro Renzi,749,FC Empoli,4255,SS Arezzo,FREE_TRANSFER,free transfer,0,OUT
TM-2024-00928,2024/25,709957,Álex Valle,131,FC Barcelona,1047,Como 1907,LOAN,loan transfer,0,IN
TM-2024-00929,2024/25,709986,Giacomo Toniolo,16996,Hellas Verona Primavera,276,Hellas Verona,PERMANENT_OR_OTHER_EXPLICIT,-,0,IN
TM-2024-00930,2024/25,709986,Giacomo Toniolo,276,Hellas Verona,30066,FC Legnago Salus,LOAN,loan transfer,0,OUT
TM-2024-00931,2024/25,709986,Giacomo Toniolo,276,Hellas Verona,4103,FC Lumezzane,LOAN,loan transfer,0,OUT
TM-2024-00932,2024/25,709986,Giacomo Toniolo,30066,FC Legnago Salus,276,Hellas Verona,LOAN_RETURN_OR_END_OF_LOAN,End of loan 09/01/2025,0,IN
TM-2024-00933,2024/25,710968,Uros Kabic,416,Torino FC,159,Red Star Belgrade,LOAN_RETURN_OR_END_OF_LOAN,End of loan 30/06/2024,0,OUT
TM-2024-00934,2024/25,711352,Francesco Zallu,1390,Cagliari Calcio,4326,AS Gubbio 1910,FREE_TRANSFER,free transfer,0,OUT
TM-2024-00935,2024/25,711352,Francesco Zallu,9826,Olbia Calcio 1905,1390,Cagliari Calcio,LOAN_RETURN_OR_END_OF_LOAN,End of loan 30/06/2024,0,IN
TM-2024-00936,2024/25,715470,Brian Bayeye,408,Ascoli Calcio,416,Torino FC,LOAN_RETURN_OR_END_OF_LOAN,End of loan 30/06/2024,0,IN
TM-2024-00937,2024/25,715470,Brian Bayeye,416,Torino FC,7567,FK Radnicki Nis,LOAN,loan transfer,0,OUT
TM-2024-00938,2024/25,716668,Kevin Haveri,1627,Catania FC,416,Torino FC,LOAN_RETURN_OR_END_OF_LOAN,End of loan 30/06/2024,0,IN
TM-2024-00939,2024/25,716668,Kevin Haveri,18642,Campobasso FC,416,Torino FC,LOAN_RETURN_OR_END_OF_LOAN,End of loan 02/02/2025,0,IN
TM-2024-00940,2024/25,716668,Kevin Haveri,416,Torino FC,1104,ACR Messina,LOAN,loan transfer,0,OUT
TM-2024-00941,2024/25,716668,Kevin Haveri,416,Torino FC,18642,Campobasso FC,LOAN,loan transfer,0,OUT
TM-2024-00942,2024/25,718088,Damiano Pecile,607,Venezia FC,515,Without Club,FREE_AGENT_OR_END_OF_CONTRACT,-,0,OUT
TM-2024-00943,2024/25,718088,Damiano Pecile,7030,Vis Pesaro 1898,607,Venezia FC,LOAN_RETURN_OR_END_OF_LOAN,End of loan 30/06/2024,0,IN
TM-2024-00944,2024/25,724069,Kevin Martins,84400,Monza Primavera,2919,AC Monza,PERMANENT_OR_OTHER_EXPLICIT,-,0,IN
TM-2024-00945,2024/25,724099,Claudio Turi,12819,Napoli Primavera,6195,SSC Napoli,PERMANENT_OR_OTHER_EXPLICIT,-,0,IN
TM-2024-00946,2024/25,724108,Aaron Ciammaglichella,12130,Torino Primavera,416,Torino FC,PERMANENT_OR_OTHER_EXPLICIT,-,0,IN
TM-2024-00947,2024/25,724108,Aaron Ciammaglichella,416,Torino FC,1103,Ternana Calcio,LOAN,loan transfer,0,OUT
TM-2024-00948,2024/25,724178,Luis Hasa,1005,US Lecce,6195,SSC Napoli,PERMANENT_OR_OTHER_EXPLICIT,€500k,1,IN+OUT
TM-2024-00949,2024/25,724178,Luis Hasa,41101,Juventus Next Gen,1005,US Lecce,PERMANENT_OR_OTHER_EXPLICIT,€150k,0,IN
TM-2024-00950,2024/25,724418,Eljon Toci,2254,Pro Sesto 1913,430,ACF Fiorentina,LOAN_RETURN_OR_END_OF_LOAN,End of loan 30/06/2024,0,IN
TM-2024-00951,2024/25,724418,Eljon Toci,430,ACF Fiorentina,4146,Aurora Pro Patria,LOAN,loan transfer,0,OUT
TM-2024-00952,2024/25,726526,Stefan Mitrović,276,Hellas Verona,2727,Oud-Heverlee Leuven,LOAN,Loan fee: €200k,0,OUT
TM-2024-00953,2024/25,726721,Gonçalo Esteves,10949,Sporting CP B,410,Udinese Calcio,FREE_TRANSFER,free transfer,0,IN
TM-2024-00954,2024/25,726721,Gonçalo Esteves,410,Udinese Calcio,322,Yverdon Sport FC,LOAN,loan transfer,0,OUT
TM-2024-00955,2024/25,727495,Nikola Iliev,46,Inter Milan,2531,Botev Plovdiv,PERMANENT_OR_OTHER_EXPLICIT,€240k,0,OUT
TM-2024-00956,2024/25,727495,Nikola Iliev,61955,CSKA 1948,46,Inter Milan,LOAN_RETURN_OR_END_OF_LOAN,End of loan 30/06/2024,0,IN
TM-2024-00957,2024/25,728485,Danilo Veiga,2431,CF Estrela Amadora,1005,US Lecce,PERMANENT_OR_OTHER_EXPLICIT,€1.00m,0,IN
TM-2024-00958,2024/25,728516,Lovro Stubljar,6248,NK Domzale,749,FC Empoli,LOAN_RETURN_OR_END_OF_LOAN,End of loan 30/06/2024,0,IN
TM-2024-00959,2024/25,728516,Lovro Stubljar,710,NK Celje,749,FC Empoli,LOAN_RETURN_OR_END_OF_LOAN,End of loan 31/12/2024,0,IN
TM-2024-00960,2024/25,728516,Lovro Stubljar,749,FC Empoli,6248,NK Domzale,LOAN,loan transfer,0,OUT
TM-2024-00961,2024/25,728516,Lovro Stubljar,749,FC Empoli,710,NK Celje,LOAN,loan transfer,0,OUT
TM-2024-00962,2024/25,728733,Brooke Norton-Cuffy,9249,Arsenal FC U21,252,Genoa CFC,PERMANENT_OR_OTHER_EXPLICIT,€2.60m,0,IN
TM-2024-00963,2024/25,731491,Franco Carboni,1103,Ternana Calcio,46,Inter Milan,LOAN_RETURN_OR_END_OF_LOAN,End of loan 30/06/2024,0,IN
TM-2024-00964,2024/25,731491,Franco Carboni,209,CA River Plate,46,Inter Milan,LOAN_RETURN_OR_END_OF_LOAN,End of loan 23/08/2024,0,IN
TM-2024-00965,2024/25,731491,Franco Carboni,2919,AC Monza,46,Inter Milan,LOAN_RETURN_OR_END_OF_LOAN,End of loan 08/01/2024,1,IN+OUT
TM-2024-00966,2024/25,731491,Franco Carboni,46,Inter Milan,209,CA River Plate,LOAN,Loan fee: €500k,0,OUT
TM-2024-00967,2024/25,731491,Franco Carboni,46,Inter Milan,607,Venezia FC,LOAN,loan transfer,1,IN+OUT
TM-2024-00968,2024/25,731510,Giovanni Di Renzo,22045,Latina Calcio 1932,607,Venezia FC,PERMANENT_OR_OTHER_EXPLICIT,€100k,0,IN
TM-2024-00969,2024/25,731510,Giovanni Di Renzo,607,Venezia FC,7030,Vis Pesaro 1898,LOAN,loan transfer,0,OUT
TM-2024-00970,2024/25,735568,Natan,6195,SSC Napoli,150,Real Betis Balompié,LOAN,Loan fee: €1.00m,0,OUT
TM-2024-00971,2024/25,736034,Isaías Delpupo,1390,Cagliari Calcio,475,Sint-Truidense VV,PERMANENT_OR_OTHER_EXPLICIT,€200k,0,OUT
TM-2024-00972,2024/25,736034,Isaías Delpupo,14888,US Città di Pontedera,1390,Cagliari Calcio,LOAN_RETURN_OR_END_OF_LOAN,End of loan 30/06/2024,0,IN
TM-2024-00973,2024/25,73794,Duván Zapata,416,Torino FC,800,Atalanta BC,LOAN_RETURN_OR_END_OF_LOAN,End of loan 30/06/2024,1,IN+OUT
TM-2024-00974,2024/25,73794,Duván Zapata,800,Atalanta BC,416,Torino FC,PERMANENT_OR_OTHER_EXPLICIT,€8.60m,1,IN+OUT
TM-2024-00975,2024/25,738119,Antonino Viola,1005,US Lecce,22408,Altamura S.S.,PERMANENT_OR_OTHER_EXPLICIT,?,0,OUT
TM-2024-00976,2024/25,738119,Antonino Viola,22344,AC Nardò,1005,US Lecce,LOAN_RETURN_OR_END_OF_LOAN,End of loan 30/06/2024,0,IN
TM-2024-00977,2024/25,73926,Davide Faraoni,430,ACF Fiorentina,276,Hellas Verona,LOAN_RETURN_OR_END_OF_LOAN,End of loan 30/06/2024,1,IN+OUT
TM-2024-00978,2024/25,741090,Jonas Rouhi,41101,Juventus Next Gen,506,Juventus FC,PERMANENT_OR_OTHER_EXPLICIT,-,0,IN
TM-2024-00979,2024/25,741257,Álex Jiménez,28870,Real Madrid U19,5,AC Milan,PERMANENT_OR_OTHER_EXPLICIT,€14.75m,0,IN
TM-2024-00980,2024/25,741292,Iker Bravo,15,Bayer 04 Leverkusen,410,Udinese Calcio,PERMANENT_OR_OTHER_EXPLICIT,€2.50m,0,IN
TM-2024-00981,2024/25,743091,Emirhan İlkhan,6890,Basaksehir FK,416,Torino FC,LOAN_RETURN_OR_END_OF_LOAN,End of loan 30/06/2024,0,IN
TM-2024-00982,2024/25,743523,Nathan Buayi-Kiala,130,Parma Calcio 1913,290,AJ Auxerre,PERMANENT_OR_OTHER_EXPLICIT,?,0,OUT
TM-2024-00983,2024/25,743523,Nathan Buayi-Kiala,290,AJ Auxerre,130,Parma Calcio 1913,LOAN_RETURN_OR_END_OF_LOAN,End of loan 30/06/2024,0,IN
TM-2024-00984,2024/25,743574,Antonello Vona,130,Parma Calcio 1913,22045,Latina Calcio 1932,PERMANENT_OR_OTHER_EXPLICIT,?,0,OUT
TM-2024-00985,2024/25,743574,Antonello Vona,5163,Brindisi FC,130,Parma Calcio 1913,LOAN_RETURN_OR_END_OF_LOAN,End of loan 30/06/2024,0,IN
TM-2024-00986,2024/25,744728,Arijon Ibrahimovic,27,Bayern Munich,398,SS Lazio,LOAN,loan transfer,0,IN
TM-2024-00987,2024/25,745202,Yllan Okou,595,SC Bastia,276,Hellas Verona,LOAN,Loan fee: €150k,0,IN
TM-2024-00988,2024/25,745427,Gabriele Guarino,1385,Modena FC,749,FC Empoli,LOAN_RETURN_OR_END_OF_LOAN,End of loan 30/06/2024,0,IN
TM-2024-00989,2024/25,745427,Gabriele Guarino,749,FC Empoli,4159,Carrarese Calcio 1908,LOAN,loan transfer,0,OUT
TM-2024-00990,2024/25,745444,Valerio Crespi,398,SS Lazio,4554,FC Südtirol,LOAN,loan transfer,0,OUT
TM-2024-00991,2024/25,745444,Valerio Crespi,398,SS Lazio,9439,Feralpisalò,LOAN,loan transfer,0,OUT
TM-2024-00992,2024/25,745444,Valerio Crespi,4031,Cosenza Calcio,398,SS Lazio,LOAN_RETURN_OR_END_OF_LOAN,End of loan 30/06/2024,0,IN
TM-2024-00993,2024/25,745444,Valerio Crespi,4554,FC Südtirol,398,SS Lazio,LOAN_RETURN_OR_END_OF_LOAN,End of loan 30/01/2025,0,IN
TM-2024-00994,2024/25,745778,Gabriele Calvani,14888,US Città di Pontedera,252,Genoa CFC,LOAN_RETURN_OR_END_OF_LOAN,End of loan 30/06/2024,0,IN
TM-2024-00995,2024/25,745778,Gabriele Calvani,252,Genoa CFC,19,Brescia Calcio (- 2025),LOAN,loan transfer,0,OUT
TM-2024-00996,2024/25,748316,Juan Manuel Cruz,276,Hellas Verona,4031,Cosenza Calcio,LOAN,loan transfer,0,OUT
TM-2024-00997,2024/25,748319,Carlos Alcaraz,506,Juventus FC,180,Southampton FC,LOAN_RETURN_OR_END_OF_LOAN,End of loan 30/06/2024,0,OUT
TM-2024-00998,2024/25,748382,Amin Sarr,1041,Olympique Lyon,276,Hellas Verona,LOAN,loan transfer,0,IN
TM-2024-00999,2024/25,749552,Alieu Fadera,1184,KRC Genk,1047,Como 1907,PERMANENT_OR_OTHER_EXPLICIT,€5.00m,0,IN
TM-2024-01000,2024/25,769063,Luka Romero,1108,Deportivo Alavés,5,AC Milan,LOAN_RETURN_OR_END_OF_LOAN,End of loan 17/01/2025,0,IN
TM-2024-01001,2024/25,769063,Luka Romero,3302,UD Almería,5,AC Milan,LOAN_RETURN_OR_END_OF_LOAN,End of loan 30/06/2024,0,IN
TM-2024-01002,2024/25,769063,Luka Romero,5,AC Milan,1108,Deportivo Alavés,LOAN,loan transfer,0,OUT
TM-2024-01003,2024/25,769063,Luka Romero,5,AC Milan,3711,CD Cruz Azul,PERMANENT_OR_OTHER_EXPLICIT,€3.20m,0,OUT
TM-2024-01004,2024/25,776303,Marco Pellegrino,1234,CA Independiente,5,AC Milan,LOAN_RETURN_OR_END_OF_LOAN,End of loan 17/01/2025,0,IN
TM-2024-01005,2024/25,776303,Marco Pellegrino,380,US Salernitana 1919,5,AC Milan,LOAN_RETURN_OR_END_OF_LOAN,End of loan 30/06/2024,0,IN
TM-2024-01006,2024/25,776303,Marco Pellegrino,5,AC Milan,1234,CA Independiente,LOAN,loan transfer,0,OUT
TM-2024-01007,2024/25,776303,Marco Pellegrino,5,AC Milan,2063,CA Huracán,LOAN,loan transfer,0,OUT
TM-2024-01008,2024/25,776737,Joselito,276,Hellas Verona,839,AC Perugia Calcio,PERMANENT_OR_OTHER_EXPLICIT,€30k,0,OUT
TM-2024-01009,2024/25,77825,Etrit Berisha,749,FC Empoli,,Career break,PERMANENT_OR_OTHER_EXPLICIT,-,0,OUT
TM-2024-01010,2024/25,780136,Aleksandar Stanković,46,Inter Milan,434,FC Luzern,LOAN,Loan fee: €1.60m,0,OUT
TM-2024-01011,2024/25,780136,Aleksandar Stanković,5380,Inter Milan Primavera,46,Inter Milan,PERMANENT_OR_OTHER_EXPLICIT,-,0,IN
TM-2024-01012,2024/25,7825,Pepe Reina,1050,Villarreal CF,1047,Como 1907,FREE_TRANSFER,free transfer,0,IN
TM-2024-01013,2024/25,787618,Valentín Carboni,244,Olympique Marseille,46,Inter Milan,LOAN_RETURN_OR_END_OF_LOAN,End of loan 11/02/2025,0,IN
TM-2024-01014,2024/25,787618,Valentín Carboni,2919,AC Monza,46,Inter Milan,LOAN_RETURN_OR_END_OF_LOAN,End of loan 30/06/2024 €250k,1,IN+OUT
TM-2024-01015,2024/25,787618,Valentín Carboni,46,Inter Milan,244,Olympique Marseille,LOAN,Loan fee: €1.00m,0,OUT
TM-2024-01016,2024/25,790885,Daniele Iacoponi,130,Parma Calcio 1913,515,Without Club,FREE_AGENT_OR_END_OF_CONTRACT,-,0,OUT
TM-2024-01017,2024/25,790885,Daniele Iacoponi,4111,Rimini FC,130,Parma Calcio 1913,LOAN_RETURN_OR_END_OF_LOAN,End of loan 30/06/2024,0,IN
TM-2024-01018,2024/25,797572,Stefan Lekovic,159,Red Star Belgrade,2919,AC Monza,LOAN,loan transfer,0,IN
TM-2024-01019,2024/25,797791,Antonio Tikvic,1010,Watford FC,410,Udinese Calcio,LOAN_RETURN_OR_END_OF_LOAN,End of loan 31/07/2024,0,IN
TM-2024-01020,2024/25,797791,Antonio Tikvic,410,Udinese Calcio,1010,Watford FC,LOAN,loan transfer,0,OUT
TM-2024-01021,2024/25,797791,Antonio Tikvic,410,Udinese Calcio,1010,Watford FC,PERMANENT_OR_OTHER_EXPLICIT,€300k,0,OUT
TM-2024-01022,2024/25,79960,Alex Sandro,506,Juventus FC,614,CR Flamengo,FREE_TRANSFER,free transfer,0,OUT
TM-2024-01023,2024/25,800948,Jan-Carlo Simić,10958,AC Milan Primavera,5,AC Milan,PERMANENT_OR_OTHER_EXPLICIT,-,0,IN
TM-2024-01024,2024/25,800948,Jan-Carlo Simić,5,AC Milan,58,RSC Anderlecht,PERMANENT_OR_OTHER_EXPLICIT,€2.61m,0,OUT
TM-2024-01025,2024/25,802243,Ed McJannet,1005,US Lecce,22249,Audace Cerignola,LOAN,loan transfer,0,OUT
TM-2024-01026,2024/25,802243,Ed McJannet,5618,Lecce Primavera,1005,US Lecce,PERMANENT_OR_OTHER_EXPLICIT,-,0,IN
TM-2024-01027,2024/25,804799,Ange N'Guessan,1103,Ternana Calcio,416,Torino FC,LOAN_RETURN_OR_END_OF_LOAN,End of loan 30/06/2024,0,IN
TM-2024-01028,2024/25,804799,Ange N'Guessan,416,Torino FC,26985,NK Bravo,LOAN,loan transfer,0,OUT
TM-2024-01029,2024/25,805696,Mats Lemmens,1005,US Lecce,54189,RWD Molenbeek,LOAN,loan transfer,0,OUT
TM-2024-01030,2024/25,805696,Mats Lemmens,1005,US Lecce,7773,KSC Lokeren-Temse,LOAN,loan transfer,0,OUT
TM-2024-01031,2024/25,805696,Mats Lemmens,5514,Calcio Lecco 1912,1005,US Lecce,LOAN_RETURN_OR_END_OF_LOAN,End of loan 30/06/2024,0,IN
TM-2024-01032,2024/25,805696,Mats Lemmens,7773,KSC Lokeren-Temse,1005,US Lecce,LOAN_RETURN_OR_END_OF_LOAN,End of loan 02/02/2025,0,IN
TM-2024-01033,2024/25,805714,Renato Veiga,631,Chelsea FC,506,Juventus FC,LOAN,Loan fee: €4.00m,0,IN
TM-2024-01034,2024/25,805886,Gaby Jean,30204,FC Annecy,1005,US Lecce,PERMANENT_OR_OTHER_EXPLICIT,€1.00m,0,IN
TM-2024-01035,2024/25,806524,Hilmir Rafn Mikaelsson,21101,Kristiansund BK,607,Venezia FC,LOAN_RETURN_OR_END_OF_LOAN,End of loan 31/12/2024,0,IN
TM-2024-01036,2024/25,806524,Hilmir Rafn Mikaelsson,607,Venezia FC,239,Viking FK,PERMANENT_OR_OTHER_EXPLICIT,€500k,0,OUT
TM-2024-01037,2024/25,806955,Dario Sits,130,Parma Calcio 1913,500,Helmond Sport,LOAN,loan transfer,0,OUT
TM-2024-01038,2024/25,806955,Dario Sits,2722,SPAL,130,Parma Calcio 1913,LOAN_RETURN_OR_END_OF_LOAN,End of loan 30/06/2024,0,IN
TM-2024-01039,2024/25,813137,Niccolò Pisilli,11997,Roma U20,12,AS Roma,PERMANENT_OR_OTHER_EXPLICIT,-,0,IN
TM-2024-01040,2024/25,814445,Lorenzo Ignacchiti,14888,US Città di Pontedera,749,FC Empoli,LOAN_RETURN_OR_END_OF_LOAN,End of loan 30/06/2024,0,IN
TM-2024-01041,2024/25,814445,Lorenzo Ignacchiti,749,FC Empoli,5621,AC Reggiana 1919,LOAN,loan transfer,0,OUT
TM-2024-01042,2024/25,814446,Luca Marianucci,2254,Pro Sesto 1913,749,FC Empoli,LOAN_RETURN_OR_END_OF_LOAN,End of loan 30/06/2024,0,IN
TM-2024-01043,2024/25,814450,Riccardo Fini,749,FC Empoli,4095,AC Trento,PERMANENT_OR_OTHER_EXPLICIT,?,0,OUT
TM-2024-01044,2024/25,814459,Alessandro Spavone,49939,Virtus Francavilla Calcio,6195,SSC Napoli,LOAN_RETURN_OR_END_OF_LOAN,End of loan 29/01/2025,0,IN
TM-2024-01045,2024/25,814459,Alessandro Spavone,6195,SSC Napoli,45894,Guidonia Montecelio 1937 FC,LOAN,loan transfer,0,OUT
TM-2024-01046,2024/25,815483,Jacopo Antolini,416,Torino FC,26789,FC Pro Vercelli 1892,LOAN,loan transfer,0,OUT
TM-2024-01047,2024/25,815529,Nicolò Calabrese,276,Hellas Verona,29251,Virtusvecomp Verona,LOAN,loan transfer,0,OUT
TM-2024-01048,2024/25,815532,Mattia Rigo,276,Hellas Verona,4102,AC Carpi,LOAN,loan transfer,0,OUT
TM-2024-01049,2024/25,815532,Mattia Rigo,29251,Virtusvecomp Verona,276,Hellas Verona,LOAN_RETURN_OR_END_OF_LOAN,End of loan 20/01/2025,0,IN
TM-2024-01050,2024/25,815563,Lapo Nava,5,AC Milan,41107,Milan Futuro,PERMANENT_OR_OTHER_EXPLICIT,-,0,OUT
TM-2024-01051,2024/25,815567,Andrea Mazza,84400,Monza Primavera,2919,AC Monza,PERMANENT_OR_OTHER_EXPLICIT,-,0,IN
TM-2024-01052,2024/25,816679,Dario Daka,1005,US Lecce,4331,FC Trapani 1905,FREE_TRANSFER,free transfer,0,OUT
TM-2024-01053,2024/25,816679,Dario Daka,5618,Lecce Primavera,1005,US Lecce,PERMANENT_OR_OTHER_EXPLICIT,-,0,IN
TM-2024-01054,2024/25,817936,Andrea Mazia,1025,Bologna FC 1909,50258,Varesina Calcio,LOAN,loan transfer,0,OUT
TM-2024-01055,2024/25,817936,Andrea Mazia,27624,US Recanatese,1025,Bologna FC 1909,LOAN_RETURN_OR_END_OF_LOAN,End of loan 30/06/2024,0,IN
TM-2024-01056,2024/25,818040,Afonso Peixoto,607,Venezia FC,7030,Vis Pesaro 1898,LOAN,loan transfer,0,OUT
TM-2024-01057,2024/25,818040,Afonso Peixoto,7030,Vis Pesaro 1898,607,Venezia FC,LOAN_RETURN_OR_END_OF_LOAN,End of loan 30/06/2024,0,IN
TM-2024-01058,2024/25,818448,Alessandro Marcandalli,252,Genoa CFC,607,Venezia FC,LOAN,Loan fee: €250k,1,IN+OUT
TM-2024-01059,2024/25,818448,Alessandro Marcandalli,5621,AC Reggiana 1919,252,Genoa CFC,LOAN_RETURN_OR_END_OF_LOAN,End of loan 30/06/2024,0,IN
TM-2024-01060,2024/25,818581,Matteo Marchisano,6195,SSC Napoli,6266,Cavese 1919,LOAN,loan transfer,0,OUT
TM-2024-01061,2024/25,818581,Matteo Marchisano,7197,Potenza Calcio,6195,SSC Napoli,LOAN_RETURN_OR_END_OF_LOAN,End of loan 30/06/2024,0,IN
TM-2024-01062,2024/25,818880,Tommaso Corazza,1025,Bologna FC 1909,380,US Salernitana 1919,LOAN,loan transfer,0,OUT
TM-2024-01063,2024/25,818888,Antonio Raimondo,1025,Bologna FC 1909,380,US Salernitana 1919,LOAN,loan transfer,0,OUT
TM-2024-01064,2024/25,818888,Antonio Raimondo,1025,Bologna FC 1909,607,Venezia FC,LOAN,loan transfer,1,IN+OUT
TM-2024-01065,2024/25,818888,Antonio Raimondo,1103,Ternana Calcio,1025,Bologna FC 1909,LOAN_RETURN_OR_END_OF_LOAN,End of loan 30/06/2024,0,IN
TM-2024-01066,2024/25,818888,Antonio Raimondo,607,Venezia FC,1025,Bologna FC 1909,LOAN_RETURN_OR_END_OF_LOAN,End of loan 08/01/2025,1,IN+OUT
TM-2024-01067,2024/25,818889,Gennaro Anatriello,1025,Bologna FC 1909,1104,ACR Messina,LOAN,loan transfer,0,OUT
TM-2024-01068,2024/25,818889,Gennaro Anatriello,1025,Bologna FC 1909,4331,FC Trapani 1905,LOAN,loan transfer,0,OUT
TM-2024-01069,2024/25,818889,Gennaro Anatriello,1104,ACR Messina,1025,Bologna FC 1909,LOAN_RETURN_OR_END_OF_LOAN,End of loan 16/01/2025,0,IN
TM-2024-01070,2024/25,818889,Gennaro Anatriello,2721,Forza e Coraggio Alessandria,1025,Bologna FC 1909,LOAN_RETURN_OR_END_OF_LOAN,End of loan 30/06/2024,0,IN
TM-2024-01071,2024/25,818898,Federico Magro,12816,Lazio U20,276,Hellas Verona,PERMANENT_OR_OTHER_EXPLICIT,€50k,0,IN
TM-2024-01072,2024/25,818929,Simone Calvani,252,Genoa CFC,14888,US Città di Pontedera,LOAN,loan transfer,0,OUT
TM-2024-01073,2024/25,819036,Dennis Curatolo,46,Inter Milan,4146,Aurora Pro Patria,PERMANENT_OR_OTHER_EXPLICIT,?,0,OUT
TM-2024-01074,2024/25,819036,Dennis Curatolo,5380,Inter Milan Primavera,46,Inter Milan,PERMANENT_OR_OTHER_EXPLICIT,-,0,IN
TM-2024-01075,2024/25,820633,Coli Saco,1388,Ancona Calcio,6195,SSC Napoli,LOAN_RETURN_OR_END_OF_LOAN,End of loan 30/06/2024,0,IN
TM-2024-01076,2024/25,820633,Coli Saco,6195,SSC Napoli,332,SSC Bari,LOAN,loan transfer,0,OUT
TM-2024-01077,2024/25,820635,Costantino Favasuli,1103,Ternana Calcio,430,ACF Fiorentina,LOAN_RETURN_OR_END_OF_LOAN,End of loan 30/06/2024,0,IN
TM-2024-01078,2024/25,820635,Costantino Favasuli,430,ACF Fiorentina,332,SSC Bari,LOAN,loan transfer,0,OUT
TM-2024-01079,2024/25,82070,Diego Demme,6195,SSC Napoli,44,Hertha BSC,FREE_TRANSFER,free transfer,0,OUT
TM-2024-01080,2024/25,821052,Lorenzo Gagliardi,14888,US Città di Pontedera,252,Genoa CFC,LOAN_RETURN_OR_END_OF_LOAN,End of loan 21/01/2025,0,IN
TM-2024-01081,2024/25,821052,Lorenzo Gagliardi,252,Genoa CFC,6692,Novara FC,LOAN,loan transfer,0,OUT
TM-2024-01082,2024/25,821678,Emiliano Filippis,27568,US Follonica Gavorrano,749,FC Empoli,LOAN_RETURN_OR_END_OF_LOAN,End of loan 30/06/2024,0,IN
TM-2024-01083,2024/25,821678,Emiliano Filippis,749,FC Empoli,34499,US Pianese,LOAN,loan transfer,0,OUT
TM-2024-01084,2024/25,823486,Michael Kayode,430,ACF Fiorentina,1148,Brentford FC,LOAN,Loan fee: €500k,0,OUT
TM-2024-01085,2024/25,82442,Olivier Giroud,5,AC Milan,51828,Los Angeles FC,FREE_TRANSFER,free transfer,0,OUT
TM-2024-01086,2024/25,825199,Facundo González,1038,UC Sampdoria,506,Juventus FC,LOAN_RETURN_OR_END_OF_LOAN,End of loan 30/06/2024,0,IN
TM-2024-01087,2024/25,825199,Facundo González,506,Juventus FC,234,Feyenoord Rotterdam,LOAN,Loan fee: €400k,0,OUT
TM-2024-01088,2024/25,825499,Niccolò Nardi,4102,AC Carpi,430,ACF Fiorentina,LOAN_RETURN_OR_END_OF_LOAN,End of loan 08/01/2025,0,IN
TM-2024-01089,2024/25,825499,Niccolò Nardi,430,ACF Fiorentina,34499,US Pianese,LOAN,loan transfer,0,OUT
TM-2024-01090,2024/25,831162,Gino Infantino,430,ACF Fiorentina,2150,Al-Ain FC,LOAN,loan transfer,0,OUT
TM-2024-01091,2024/25,836441,Gaspar,2431,CF Estrela Amadora,1005,US Lecce,PERMANENT_OR_OTHER_EXPLICIT,€2.00m,0,IN
TM-2024-01092,2024/25,845566,Mihajlo Ilić,1025,Bologna FC 1909,669,FK Partizan Belgrade,LOAN,loan transfer,0,OUT
TM-2024-01093,2024/25,84765,Francesco Caputo,749,FC Empoli,515,Without Club,FREE_AGENT_OR_END_OF_CONTRACT,-,0,OUT
TM-2024-01094,2024/25,848509,Jackson Tchatchoua,172,Royal Charleroi SC,276,Hellas Verona,PERMANENT_OR_OTHER_EXPLICIT,€3.95m,0,IN
TM-2024-01095,2024/25,848509,Jackson Tchatchoua,276,Hellas Verona,172,Royal Charleroi SC,LOAN_RETURN_OR_END_OF_LOAN,End of loan 30/06/2024,0,OUT
TM-2024-01096,2024/25,851385,Tobias Slotsager,173,Odense Boldklub,276,Hellas Verona,PERMANENT_OR_OTHER_EXPLICIT,€800k,0,IN
TM-2024-01097,2024/25,85370,Sergi Roberto,131,FC Barcelona,1047,Como 1907,FREE_TRANSFER,free transfer,0,IN
TM-2024-01098,2024/25,85528,Marco Silvestri,1038,UC Sampdoria,749,FC Empoli,PERMANENT_OR_OTHER_EXPLICIT,?,0,IN
TM-2024-01099,2024/25,85528,Marco Silvestri,410,Udinese Calcio,1038,UC Sampdoria,PERMANENT_OR_OTHER_EXPLICIT,?,0,OUT
TM-2024-01100,2024/25,855308,Arthur Atta,347,FC Metz,410,Udinese Calcio,LOAN,loan transfer,0,IN
TM-2024-01101,2024/25,856530,Mateo Pellegrino,1029,CA Vélez Sarsfield,130,Parma Calcio 1913,PERMANENT_OR_OTHER_EXPLICIT,€3.22m,0,IN
TM-2024-01102,2024/25,858677,Peter Amoran,130,Parma Calcio 1913,839,AC Perugia Calcio,LOAN,loan transfer,0,OUT
TM-2024-01103,2024/25,86083,Richard Marcone,4096,FC Turris 1944,130,Parma Calcio 1913,FREE_TRANSFER,free transfer,0,IN
TM-2024-01104,2024/25,860992,Nicolás Valentini,189,CA Boca Juniors,430,ACF Fiorentina,FREE_TRANSFER,free transfer,0,IN
TM-2024-01105,2024/25,860992,Nicolás Valentini,430,ACF Fiorentina,276,Hellas Verona,LOAN,Loan fee: €200k,1,IN+OUT
TM-2024-01106,2024/25,861221,Ebenezer Annan,1025,Bologna FC 1909,4633,FK Novi Pazar,PERMANENT_OR_OTHER_EXPLICIT,€350k,0,OUT
TM-2024-01107,2024/25,861221,Ebenezer Annan,4633,FK Novi Pazar,1025,Bologna FC 1909,LOAN_RETURN_OR_END_OF_LOAN,End of loan 30/06/2024,0,IN
TM-2024-01108,2024/25,866250,Seydou Fini,252,Genoa CFC,798,Excelsior Rotterdam,LOAN,loan transfer,0,OUT
TM-2024-01109,2024/25,866250,Seydou Fini,3057,Standard Liège,252,Genoa CFC,LOAN_RETURN_OR_END_OF_LOAN,End of loan 30/06/2024,0,IN
TM-2024-01110,2024/25,86784,Ricardo Rodríguez,416,Torino FC,150,Real Betis Balompié,FREE_TRANSFER,free transfer,0,OUT
TM-2024-01111,2024/25,873981,Diego González,398,SS Lazio,8590,Atlas Guadalajara,LOAN,loan transfer,0,OUT
TM-2024-01112,2024/25,876400,Simone Pafundi,527,FC Lausanne-Sport,410,Udinese Calcio,LOAN_RETURN_OR_END_OF_LOAN,End of loan 31/12/2024,0,IN
TM-2024-01113,2024/25,877139,Alberto Costa,2420,Vitória Guimarães SC,506,Juventus FC,PERMANENT_OR_OTHER_EXPLICIT,€13.80m,0,IN
TM-2024-01114,2024/25,877672,Ali Jasim,1047,Como 1907,723,Almere City FC,LOAN,loan transfer,0,OUT
TM-2024-01115,2024/25,877672,Ali Jasim,42035,Al-Kahrbaa Club,1047,Como 1907,FREE_TRANSFER,free transfer,0,IN
TM-2024-01116,2024/25,87884,Mário Rui,6195,SSC Napoli,515,Without Club,FREE_AGENT_OR_END_OF_CONTRACT,-,0,OUT
TM-2024-01117,2024/25,881610,David Ankeye,252,Genoa CFC,455,FC Rapid 1923,LOAN,loan transfer,0,OUT
TM-2024-01118,2024/25,883349,Kevin Zeroli,10958,AC Milan Primavera,5,AC Milan,PERMANENT_OR_OTHER_EXPLICIT,-,0,IN
TM-2024-01119,2024/25,883349,Kevin Zeroli,5,AC Milan,2919,AC Monza,LOAN,loan transfer,1,IN+OUT
TM-2024-01120,2024/25,885226,Riyad Idrissi,11676,Cagliari Primavera,1390,Cagliari Calcio,PERMANENT_OR_OTHER_EXPLICIT,-,0,IN
TM-2024-01121,2024/25,885226,Riyad Idrissi,1390,Cagliari Calcio,1385,Modena FC,LOAN,Loan fee: €100k,0,OUT
TM-2024-01122,2024/25,885623,Issiaka Kamate,110302,Avs Futebol,46,Inter Milan,LOAN_RETURN_OR_END_OF_LOAN,End of loan 29/01/2025,0,IN
TM-2024-01123,2024/25,885623,Issiaka Kamate,46,Inter Milan,110302,Avs Futebol,LOAN,loan transfer,0,OUT
TM-2024-01124,2024/25,885623,Issiaka Kamate,46,Inter Milan,1385,Modena FC,LOAN,loan transfer,0,OUT
TM-2024-01125,2024/25,885623,Issiaka Kamate,5380,Inter Milan Primavera,46,Inter Milan,PERMANENT_OR_OTHER_EXPLICIT,-,0,IN
TM-2024-01126,2024/25,88682,Mattia De Sciglio,506,Juventus FC,749,FC Empoli,LOAN,loan transfer,1,IN+OUT
TM-2024-01127,2024/25,88683,Mattia Destro,749,FC Empoli,515,Without Club,FREE_AGENT_OR_END_OF_CONTRACT,-,0,OUT
TM-2024-01128,2024/25,88684,Giulio Donati,2919,AC Monza,515,Without Club,FREE_AGENT_OR_END_OF_CONTRACT,-,0,OUT
TM-2024-01129,2024/25,88685,Antonio Donnarumma,3037,Calcio Padova,416,Torino FC,FREE_TRANSFER,free transfer,0,IN
TM-2024-01130,2024/25,890290,Dean Huijsen,12,AS Roma,506,Juventus FC,LOAN_RETURN_OR_END_OF_LOAN,End of loan 30/06/2024,1,IN+OUT
TM-2024-01131,2024/25,890290,Dean Huijsen,506,Juventus FC,989,AFC Bournemouth,PERMANENT_OR_OTHER_EXPLICIT,€22.10m,0,OUT
TM-2024-01132,2024/25,890385,Sebastian Otoa,1053,Aalborg BK,252,Genoa CFC,PERMANENT_OR_OTHER_EXPLICIT,€2.75m,0,IN
TM-2024-01133,2024/25,89086,Aleksandr Kokorin,10586,Aris Limassol,430,ACF Fiorentina,LOAN_RETURN_OR_END_OF_LOAN,End of loan 30/06/2024,0,IN
TM-2024-01134,2024/25,89086,Aleksandr Kokorin,430,ACF Fiorentina,10586,Aris Limassol,FREE_TRANSFER,free transfer,0,OUT
TM-2024-01135,2024/25,891869,Leonardo Colombo,84400,Monza Primavera,2919,AC Monza,PERMANENT_OR_OTHER_EXPLICIT,-,0,IN
TM-2024-01136,2024/25,893675,Amir Richardson,1421,Stade Reims,430,ACF Fiorentina,PERMANENT_OR_OTHER_EXPLICIT,€9.00m,0,IN
TM-2024-01137,2024/25,895937,Marco Palestra,41110,Atalanta U23,800,Atalanta BC,PERMANENT_OR_OTHER_EXPLICIT,-,0,IN
TM-2024-01138,2024/25,902573,Mateusz Kowalski,5243,Parma Primavera,130,Parma Calcio 1913,PERMANENT_OR_OTHER_EXPLICIT,-,0,IN
TM-2024-01139,2024/25,906315,Hugo Cuenca,41107,Milan Futuro,252,Genoa CFC,FREE_TRANSFER,free transfer,0,IN
TM-2024-01140,2024/25,911485,Noah Baudouin,1408,Piacenza Calcio 1919,607,Venezia FC,FREE_TRANSFER,free transfer,0,IN
TM-2024-01141,2024/25,911485,Noah Baudouin,607,Venezia FC,124530,US Monnaie Football,FREE_TRANSFER,free transfer,0,OUT
TM-2024-01142,2024/25,913539,Estanis Pedrola,1038,UC Sampdoria,1025,Bologna FC 1909,LOAN,Loan fee: €100k,0,IN
TM-2024-01143,2024/25,918957,Davide Renzetti,12816,Lazio U20,398,SS Lazio,PERMANENT_OR_OTHER_EXPLICIT,-,0,IN
TM-2024-01144,2024/25,91970,Juan Cuadrado,46,Inter Milan,800,Atalanta BC,FREE_TRANSFER,free transfer,1,IN+OUT
TM-2024-01145,2024/25,924349,Issa Doumbia,4541,UC AlbinoLeffe,607,Venezia FC,PERMANENT_OR_OTHER_EXPLICIT,€1.00m,0,IN
TM-2024-01146,2024/25,925584,Axel Guessand,410,Udinese Calcio,21101,Kristiansund BK,PERMANENT_OR_OTHER_EXPLICIT,?,0,OUT
TM-2024-01147,2024/25,925584,Axel Guessand,724,FC Volendam,410,Udinese Calcio,LOAN_RETURN_OR_END_OF_LOAN,End of loan 30/06/2024,0,IN
TM-2024-01148,2024/25,926952,Patrick Dorgu,1005,US Lecce,985,Manchester United,PERMANENT_OR_OTHER_EXPLICIT,€30.00m,0,OUT
TM-2024-01149,2024/25,928900,Zanos Savva,12130,Torino Primavera,416,Torino FC,PERMANENT_OR_OTHER_EXPLICIT,-,0,IN
TM-2024-01150,2024/25,931567,Stiven Shpendi,749,FC Empoli,4159,Carrarese Calcio 1908,LOAN,loan transfer,0,OUT
TM-2024-01151,2024/25,933552,Marco Tremolada,1047,Como 1907,4103,FC Lumezzane,LOAN,loan transfer,0,OUT
TM-2024-01152,2024/25,933552,Marco Tremolada,24898,AC Renate,1047,Como 1907,LOAN_RETURN_OR_END_OF_LOAN,End of loan 30/06/2024,0,IN
TM-2024-01153,2024/25,933857,Giuseppe Brugognone,26883,USD Sestri Levante 1919,749,FC Empoli,LOAN_RETURN_OR_END_OF_LOAN,End of loan 22/01/2025,0,IN
TM-2024-01154,2024/25,933857,Giuseppe Brugognone,749,FC Empoli,704,Calcio Foggia 1920,LOAN,loan transfer,0,OUT
TM-2024-01155,2024/25,934465,Mattia Lanzarotti,1047,Como 1907,14891,FBC Saronno 1910,FREE_TRANSFER,free transfer,0,OUT
TM-2024-01156,2024/25,934527,Alieu Njie,12130,Torino Primavera,416,Torino FC,PERMANENT_OR_OTHER_EXPLICIT,-,0,IN
TM-2024-01157,2024/25,934863,Tommaso Pittino,252,Genoa CFC,4103,FC Lumezzane,LOAN,loan transfer,0,OUT
TM-2024-01158,2024/25,934863,Tommaso Pittino,26883,USD Sestri Levante 1919,252,Genoa CFC,LOAN_RETURN_OR_END_OF_LOAN,End of loan 08/01/2025,0,IN
TM-2024-01159,2024/25,934878,Jeff Ekhator,8517,Genoa U20,252,Genoa CFC,PERMANENT_OR_OTHER_EXPLICIT,-,0,IN
TM-2024-01160,2024/25,935777,Jacopo Seghetti,8492,Empoli Primavera,749,FC Empoli,PERMANENT_OR_OTHER_EXPLICIT,-,0,IN
TM-2024-01161,2024/25,935782,Francesco Vallarelli,4095,AC Trento,749,FC Empoli,LOAN_RETURN_OR_END_OF_LOAN,End of loan 09/01/2025,0,IN
TM-2024-01162,2024/25,935782,Francesco Vallarelli,749,FC Empoli,9818,Giugliano Calcio 1928,LOAN,loan transfer,0,OUT
TM-2024-01163,2024/25,936183,Christian Corradi,2655,LR Vicenza,276,Hellas Verona,PERMANENT_OR_OTHER_EXPLICIT,€750k,0,IN
TM-2024-01164,2024/25,936183,Christian Corradi,276,Hellas Verona,4097,US Catanzaro,LOAN,loan transfer,0,OUT
TM-2024-01165,2024/25,936536,João Costa,11997,Roma U20,12,AS Roma,PERMANENT_OR_OTHER_EXPLICIT,-,0,IN
TM-2024-01166,2024/25,936536,João Costa,12,AS Roma,7732,Al-Ettifaq FC,PERMANENT_OR_OTHER_EXPLICIT,€9.00m,0,OUT
TM-2024-01167,2024/25,936684,Saad El Haddad,17257,Venezia Primavera,607,Venezia FC,PERMANENT_OR_OTHER_EXPLICIT,-,0,IN
TM-2024-01168,2024/25,936745,Ismaël Konaté,11676,Cagliari Primavera,749,FC Empoli,PERMANENT_OR_OTHER_EXPLICIT,€100k,0,IN
TM-2024-01169,2024/25,939745,Lorenzo Torriani,10958,AC Milan Primavera,5,AC Milan,PERMANENT_OR_OTHER_EXPLICIT,-,0,IN
TM-2024-01170,2024/25,940135,Christos Papadopoulos,252,Genoa CFC,41101,Juventus Next Gen,LOAN,Loan fee: €790k,0,OUT
TM-2024-01171,2024/25,940135,Christos Papadopoulos,8517,Genoa U20,252,Genoa CFC,PERMANENT_OR_OTHER_EXPLICIT,-,0,IN
TM-2024-01172,2024/25,942814,Lorenzo Tosto,8492,Empoli Primavera,749,FC Empoli,PERMANENT_OR_OTHER_EXPLICIT,-,0,IN
TM-2024-01173,2024/25,944570,Vasilije Adžić,4391,Buducnost Podgorica,506,Juventus FC,PERMANENT_OR_OTHER_EXPLICIT,€7.20m,0,IN
TM-2024-01174,2024/25,948294,Nico Paz,418,Real Madrid,1047,Como 1907,PERMANENT_OR_OTHER_EXPLICIT,€66.00m,0,IN
TM-2024-01175,2024/25,950593,Damián Pizarro,2433,CSD Colo-Colo,410,Udinese Calcio,PERMANENT_OR_OTHER_EXPLICIT,€3.50m,0,IN
TM-2024-01176,2024/25,95424,Kyle Walker,281,Manchester City,5,AC Milan,LOAN,loan transfer,0,IN
TM-2024-01177,2024/25,95736,Leandro Chichizola,130,Parma Calcio 1913,3522,Spezia Calcio,PERMANENT_OR_OTHER_EXPLICIT,?,0,OUT
TM-2024-01178,2024/25,958649,Zinedin Smajlović,1005,US Lecce,8843,Sandvikens IF,FREE_TRANSFER,free transfer,0,OUT
TM-2024-01179,2024/25,958649,Zinedin Smajlović,5514,Calcio Lecco 1912,1005,US Lecce,LOAN_RETURN_OR_END_OF_LOAN,End of loan 30/06/2024,0,IN
TM-2024-01180,2024/25,960941,Jacopo Bacci,8492,Empoli Primavera,749,FC Empoli,PERMANENT_OR_OTHER_EXPLICIT,-,0,IN
TM-2024-01181,2024/25,961022,Benja Domínguez,1106,Club de Gimnasia y Esgrima La Plata,1025,Bologna FC 1909,PERMANENT_OR_OTHER_EXPLICIT,€5.22m,0,IN
TM-2024-01182,2024/25,962125,Buba Sangaré,12798,Levante UD U19,12,AS Roma,PERMANENT_OR_OTHER_EXPLICIT,€2.18m,0,IN
TM-2024-01183,2024/25,96341,Romelu Lukaku,12,AS Roma,631,Chelsea FC,LOAN_RETURN_OR_END_OF_LOAN,End of loan 30/06/2024,0,OUT
TM-2024-01184,2024/25,96341,Romelu Lukaku,631,Chelsea FC,6195,SSC Napoli,PERMANENT_OR_OTHER_EXPLICIT,€30.70m,0,IN
TM-2024-01185,2024/25,964087,Alphadjo Cissè,16996,Hellas Verona Primavera,276,Hellas Verona,PERMANENT_OR_OTHER_EXPLICIT,-,0,IN
TM-2024-01186,2024/25,967148,Naïm Byar,11204,Stade Reims B,1025,Bologna FC 1909,PERMANENT_OR_OTHER_EXPLICIT,€310k,0,IN
TM-2024-01187,2024/25,969192,Ebenezer Akinsanmiro,46,Inter Milan,1038,UC Sampdoria,LOAN,Loan fee: €190k,0,OUT
TM-2024-01188,2024/25,969192,Ebenezer Akinsanmiro,5380,Inter Milan Primavera,46,Inter Milan,PERMANENT_OR_OTHER_EXPLICIT,-,0,IN
TM-2024-01189,2024/25,977877,Ayanda Sishuba,276,Hellas Verona,273,Stade Rennais FC,PERMANENT_OR_OTHER_EXPLICIT,€250k,0,OUT
TM-2024-01190,2024/25,977877,Ayanda Sishuba,826,RC Lens,276,Hellas Verona,PERMANENT_OR_OTHER_EXPLICIT,€250k,0,IN
TM-2024-01191,2024/25,979766,Mathis Lambourde,273,Stade Rennais FC,276,Hellas Verona,PERMANENT_OR_OTHER_EXPLICIT,€460k,0,IN
TM-2024-01192,2024/25,980576,Amine Salama,1421,Stade Reims,416,Torino FC,LOAN,Loan fee: €200k,0,IN
TM-2024-01193,2024/25,980632,Sergiu Perciun,12130,Torino Primavera,416,Torino FC,PERMANENT_OR_OTHER_EXPLICIT,-,0,IN
TM-2024-01194,2024/25,981136,Fabio Rispoli,1047,Como 1907,29251,Virtusvecomp Verona,LOAN,loan transfer,0,OUT
TM-2024-01195,2024/25,981136,Fabio Rispoli,14694,Como Primavera,1047,Como 1907,PERMANENT_OR_OTHER_EXPLICIT,-,0,IN
TM-2024-01196,2024/25,982267,Ibrahim Sulemana,1390,Cagliari Calcio,800,Atalanta BC,PERMANENT_OR_OTHER_EXPLICIT,€7.40m,1,IN+OUT
TM-2024-01197,2024/25,982855,Reda Belahyane,276,Hellas Verona,398,SS Lazio,PERMANENT_OR_OTHER_EXPLICIT,€10.30m,1,IN+OUT
TM-2024-01198,2024/25,98322,Denis Cheryshev,607,Venezia FC,515,Without Club,FREE_AGENT_OR_END_OF_CONTRACT,-,0,OUT
TM-2024-01199,2024/25,983675,Babacar Diop,7030,Vis Pesaro 1898,607,Venezia FC,LOAN_RETURN_OR_END_OF_LOAN,End of loan 30/06/2024,0,IN
TM-2024-01200,2024/25,984964,Niccolò Fortini,430,ACF Fiorentina,5587,SS Juve Stabia,LOAN,loan transfer,0,OUT
TM-2024-01201,2024/25,984964,Niccolò Fortini,8505,Fiorentina Primavera,430,ACF Fiorentina,PERMANENT_OR_OTHER_EXPLICIT,-,0,IN
TM-2024-01202,2024/25,99232,Marco D'Alessandro,2919,AC Monza,4097,US Catanzaro,FREE_TRANSFER,free transfer,0,OUT
TM-2024-01203,2024/25,99232,Marco D'Alessandro,4172,Pisa Sporting Club,2919,AC Monza,LOAN_RETURN_OR_END_OF_LOAN,End of loan 30/06/2024,0,IN
TM-2024-01204,2024/25,99254,Luigi Sepe,398,SS Lazio,380,US Salernitana 1919,LOAN_RETURN_OR_END_OF_LOAN,End of loan 30/06/2024,0,OUT
TM-2024-01205,2024/25,993645,Tomás Palacios,12179,CS Independiente Rivadavia,46,Inter Milan,PERMANENT_OR_OTHER_EXPLICIT,€6.40m,0,IN
TM-2024-01206,2024/25,993645,Tomás Palacios,46,Inter Milan,2919,AC Monza,LOAN,loan transfer,1,IN+OUT
TM-2024-01207,2024/25,996453,Maat Daniel Caprini,8505,Fiorentina Primavera,430,ACF Fiorentina,PERMANENT_OR_OTHER_EXPLICIT,-,0,IN
