event_id,season,player_id,player_name,from_club_id,from_club,to_club_id,to_club,semantic_type,fee_text,paired_internal_faces,source_faces
TM-2023-00001,2023/24,1004344,Ali Dembélé,12130,Torino Primavera,416,Torino FC,PERMANENT_OR_OTHER_EXPLICIT,-,0,IN
TM-2023-00002,2023/24,1004344,Ali Dembélé,416,Torino FC,607,Venezia FC,LOAN,loan transfer,0,OUT
TM-2023-00003,2023/24,1009633,David Pejičić,10959,Udinese Primavera,410,Udinese Calcio,PERMANENT_OR_OTHER_EXPLICIT,-,0,IN
TM-2023-00004,2023/24,1012421,Matija Popović,12819,Napoli Primavera,2919,AC Monza,LOAN,loan transfer,0,IN
TM-2023-00005,2023/24,1014243,Vivaldo Semedo,410,Udinese Calcio,724,FC Volendam,LOAN,loan transfer,0,OUT
TM-2023-00006,2023/24,1026255,Saná Fernandes,12816,Lazio U19,398,SS Lazio,PERMANENT_OR_OTHER_EXPLICIT,-,0,IN
TM-2023-00007,2023/24,104752,Konstantinos Manolas,515,Without Club,380,US Salernitana 1919,FREE_AGENT_OR_END_OF_CONTRACT,-,0,IN
TM-2023-00008,2023/24,1082519,Charlys,15555,EC Vitória U20,276,Hellas Verona,LOAN,loan transfer,0,IN
TM-2023-00009,2023/24,110925,Francesco Bardi,1025,Bologna FC 1909,5621,AC Reggiana 1919,FREE_TRANSFER,free transfer,0,OUT
TM-2023-00010,2023/24,1111663,Kingstone Mutandwa,11676,Cagliari Primavera,1390,Cagliari Calcio,PERMANENT_OR_OTHER_EXPLICIT,-,0,IN
TM-2023-00011,2023/24,112302,Roberto Pereyra,410,Udinese Calcio,515,Without Club,FREE_AGENT_OR_END_OF_CONTRACT,-,0,OUT
TM-2023-00012,2023/24,112302,Roberto Pereyra,515,Without Club,410,Udinese Calcio,FREE_AGENT_OR_END_OF_CONTRACT,-,0,IN
TM-2023-00013,2023/24,115763,Koray Günter,1038,UC Sampdoria,276,Hellas Verona,LOAN_RETURN_OR_END_OF_LOAN,End of loan 30/06/2023,0,IN
TM-2023-00014,2023/24,115763,Koray Günter,276,Hellas Verona,6646,Fatih Karagümrük,LOAN,loan transfer,0,OUT
TM-2023-00015,2023/24,1159022,Mateus Lusuardi,21828,Criciúma EC U20,8970,Frosinone Calcio,PERMANENT_OR_OTHER_EXPLICIT,€300k,0,IN
TM-2023-00016,2023/24,119031,Kaan Ayhan,141,Galatasaray,6574,US Sassuolo,LOAN_RETURN_OR_END_OF_LOAN,End of loan 30/06/2023,0,IN
TM-2023-00017,2023/24,119031,Kaan Ayhan,6574,US Sassuolo,141,Galatasaray,PERMANENT_OR_OTHER_EXPLICIT,€2.80m,0,OUT
TM-2023-00018,2023/24,119228,Luis Muriel,800,Atalanta BC,45604,Orlando City SC,PERMANENT_OR_OTHER_EXPLICIT,€2.10m,0,OUT
TM-2023-00019,2023/24,124769,Luca Marrone,2919,AC Monza,5514,Calcio Lecco 1912,FREE_TRANSFER,free transfer,0,OUT
TM-2023-00020,2023/24,126540,Samuel Umtiti,1005,US Lecce,131,FC Barcelona,LOAN_RETURN_OR_END_OF_LOAN,End of loan 30/06/2023,0,OUT
TM-2023-00021,2023/24,12907,Alessio Cragno,1390,Cagliari Calcio,2919,AC Monza,PERMANENT_OR_OTHER_EXPLICIT,€3.60m,1,IN+OUT
TM-2023-00022,2023/24,12907,Alessio Cragno,2919,AC Monza,1390,Cagliari Calcio,LOAN_RETURN_OR_END_OF_LOAN,End of loan 30/06/2023,1,IN+OUT
TM-2023-00023,2023/24,12907,Alessio Cragno,2919,AC Monza,6574,US Sassuolo,LOAN,loan transfer,1,IN+OUT
TM-2023-00024,2023/24,130360,Simone Verdi,276,Hellas Verona,416,Torino FC,LOAN_RETURN_OR_END_OF_LOAN,End of loan 30/06/2023,1,IN+OUT
TM-2023-00025,2023/24,130360,Simone Verdi,416,Torino FC,1047,Como 1907,PERMANENT_OR_OTHER_EXPLICIT,€1.80m,0,OUT
TM-2023-00026,2023/24,131075,Francesco Acerbi,398,SS Lazio,46,Inter Milan,PERMANENT_OR_OTHER_EXPLICIT,€4.00m,1,IN+OUT
TM-2023-00027,2023/24,131075,Francesco Acerbi,46,Inter Milan,398,SS Lazio,LOAN_RETURN_OR_END_OF_LOAN,End of loan 30/06/2023,1,IN+OUT
TM-2023-00028,2023/24,131731,Mehdi Bourabia,3522,Spezia Calcio,8970,Frosinone Calcio,FREE_TRANSFER,free transfer,0,IN
TM-2023-00029,2023/24,131731,Mehdi Bourabia,8970,Frosinone Calcio,3205,Kayserispor,PERMANENT_OR_OTHER_EXPLICIT,?,0,OUT
TM-2023-00030,2023/24,131951,Kevin Lasagna,276,Hellas Verona,6646,Fatih Karagümrük,LOAN,loan transfer,0,OUT
TM-2023-00031,2023/24,134383,Tommaso Morosini,2919,AC Monza,60004,USD Cisanese,FREE_TRANSFER,free transfer,0,OUT
TM-2023-00032,2023/24,134383,Tommaso Morosini,74951,Sangiuliano City,2919,AC Monza,LOAN_RETURN_OR_END_OF_LOAN,End of loan 30/06/2023,0,IN
TM-2023-00033,2023/24,134983,Andrea La Mantia,2722,SPAL,749,FC Empoli,LOAN_RETURN_OR_END_OF_LOAN,End of loan 30/06/2023,0,IN
TM-2023-00034,2023/24,134983,Andrea La Mantia,749,FC Empoli,2722,SPAL,PERMANENT_OR_OTHER_EXPLICIT,€1.00m,0,OUT
TM-2023-00035,2023/24,135208,Riza Durmisi,398,SS Lazio,515,Without Club,FREE_AGENT_OR_END_OF_CONTRACT,-,0,OUT
TM-2023-00036,2023/24,135208,Riza Durmisi,648,CD Tenerife,398,SS Lazio,LOAN_RETURN_OR_END_OF_LOAN,End of loan 30/06/2023,0,IN
TM-2023-00037,2023/24,136111,Nicola Leali,408,Ascoli Calcio,252,Genoa CFC,FREE_TRANSFER,free transfer,0,IN
TM-2023-00038,2023/24,144143,Bartosz Bereszyński,1038,UC Sampdoria,749,FC Empoli,LOAN,loan transfer,0,IN
TM-2023-00039,2023/24,144143,Bartosz Bereszyński,6195,SSC Napoli,1038,UC Sampdoria,LOAN_RETURN_OR_END_OF_LOAN,End of loan 30/06/2023,0,OUT
TM-2023-00040,2023/24,144244,Pantelis Hatzidiakos,1090,AZ Alkmaar,1390,Cagliari Calcio,PERMANENT_OR_OTHER_EXPLICIT,€2.70m,0,IN
TM-2023-00041,2023/24,146680,Andrea Barberis,2919,AC Monza,4172,Pisa Sporting Club,FREE_TRANSFER,free transfer,0,OUT
TM-2023-00042,2023/24,146752,Gianluca Caprari,276,Hellas Verona,2919,AC Monza,PERMANENT_OR_OTHER_EXPLICIT,€8.00m,1,IN+OUT
TM-2023-00043,2023/24,146752,Gianluca Caprari,2919,AC Monza,276,Hellas Verona,LOAN_RETURN_OR_END_OF_LOAN,End of loan 30/06/2023,1,IN+OUT
TM-2023-00044,2023/24,148252,Remo Freuler,703,Nottingham Forest,1025,Bologna FC 1909,LOAN,loan transfer,0,IN
TM-2023-00045,2023/24,148368,Divock Origi,5,AC Milan,703,Nottingham Forest,LOAN,loan transfer,0,OUT
TM-2023-00046,2023/24,156617,Marcelo Brozović,46,Inter Milan,18544,Al-Nassr FC,PERMANENT_OR_OTHER_EXPLICIT,€15.70m,0,OUT
TM-2023-00047,2023/24,157501,M'Baye Niang,3840,Adana Demirspor,749,FC Empoli,PERMANENT_OR_OTHER_EXPLICIT,€250k,0,IN
TM-2023-00048,2023/24,157507,Adrien Tamèze,276,Hellas Verona,416,Torino FC,PERMANENT_OR_OTHER_EXPLICIT,€2.80m,1,IN+OUT
TM-2023-00049,2023/24,160344,Leonardo Mancuso,1047,Como 1907,2919,AC Monza,LOAN_RETURN_OR_END_OF_LOAN,End of loan 30/06/2023,0,IN
TM-2023-00050,2023/24,160344,Leonardo Mancuso,2919,AC Monza,458,Palermo FC,LOAN,loan transfer,0,OUT
TM-2023-00051,2023/24,160357,Mario Sampirisi,2919,AC Monza,5621,AC Reggiana 1919,PERMANENT_OR_OTHER_EXPLICIT,?,0,OUT
TM-2023-00052,2023/24,160357,Mario Sampirisi,8970,Frosinone Calcio,2919,AC Monza,LOAN_RETURN_OR_END_OF_LOAN,End of loan 30/06/2023,1,IN+OUT
TM-2023-00053,2023/24,160561,Fabio Lucioni,1005,US Lecce,458,Palermo FC,FREE_TRANSFER,free transfer,0,OUT
TM-2023-00054,2023/24,160561,Fabio Lucioni,8970,Frosinone Calcio,1005,US Lecce,LOAN_RETURN_OR_END_OF_LOAN,End of loan 30/06/2023,1,IN+OUT
TM-2023-00055,2023/24,163639,Federico Ceccherini,276,Hellas Verona,6646,Fatih Karagümrük,LOAN,loan transfer,0,OUT
TM-2023-00056,2023/24,166237,Leandro Paredes,506,Juventus FC,583,Paris Saint-Germain,LOAN_RETURN_OR_END_OF_LOAN,End of loan 30/06/2023,0,OUT
TM-2023-00057,2023/24,166237,Leandro Paredes,583,Paris Saint-Germain,12,AS Roma,PERMANENT_OR_OTHER_EXPLICIT,€5.65m,0,IN
TM-2023-00058,2023/24,16633,Alex Cordaz,46,Inter Milan,515,Without Club,FREE_AGENT_OR_END_OF_CONTRACT,-,0,OUT
TM-2023-00059,2023/24,167727,Andrea Belotti,12,AS Roma,430,ACF Fiorentina,LOAN,Loan fee: €750k,1,IN+OUT
TM-2023-00060,2023/24,167741,Mattia Valoti,2919,AC Monza,4172,Pisa Sporting Club,LOAN,loan transfer,0,OUT
TM-2023-00061,2023/24,167859,Stefano Sturaro,252,Genoa CFC,6646,Fatih Karagümrük,FREE_TRANSFER,free transfer,0,OUT
TM-2023-00062,2023/24,168157,Leander Dendoncker,405,Aston Villa,6195,SSC Napoli,LOAN,Loan fee: €608k,0,IN
TM-2023-00063,2023/24,170481,Jean-Daniel Akpa Akpro,398,SS Lazio,2919,AC Monza,LOAN,Loan fee: €500k,1,IN+OUT
TM-2023-00064,2023/24,170481,Jean-Daniel Akpa Akpro,749,FC Empoli,398,SS Lazio,LOAN_RETURN_OR_END_OF_LOAN,End of loan 30/06/2023,1,IN+OUT
TM-2023-00065,2023/24,171159,Leo Stulac,458,Palermo FC,749,FC Empoli,LOAN_RETURN_OR_END_OF_LOAN,End of loan 30/06/2023,0,IN
TM-2023-00066,2023/24,171159,Leo Stulac,749,FC Empoli,458,Palermo FC,PERMANENT_OR_OTHER_EXPLICIT,€1.00m,0,OUT
TM-2023-00067,2023/24,180337,Sardar Azmoun,15,Bayer 04 Leverkusen,12,AS Roma,LOAN,loan transfer,0,IN
TM-2023-00068,2023/24,181382,Abdoulaye Touré,252,Genoa CFC,738,Le Havre AC,FREE_TRANSFER,free transfer,0,OUT
TM-2023-00069,2023/24,182581,Tonny Vilhena,380,US Salernitana 1919,714,RCD Espanyol Barcelona,LOAN_RETURN_OR_END_OF_LOAN,End of loan 30/06/2023,0,OUT
TM-2023-00070,2023/24,182618,Tiemoué Bakayoko,5,AC Milan,631,Chelsea FC,LOAN_RETURN_OR_END_OF_LOAN,End of loan 30/06/2023,0,OUT
TM-2023-00071,2023/24,182932,Davy Klaassen,610,Ajax Amsterdam,46,Inter Milan,FREE_TRANSFER,free transfer,0,IN
TM-2023-00072,2023/24,183841,Petar Stojanović,749,FC Empoli,1038,UC Sampdoria,LOAN,loan transfer,0,OUT
TM-2023-00073,2023/24,186368,Valentino Lazaro,416,Torino FC,46,Inter Milan,LOAN_RETURN_OR_END_OF_LOAN,End of loan 30/06/2023,1,IN+OUT
TM-2023-00074,2023/24,186368,Valentino Lazaro,46,Inter Milan,416,Torino FC,PERMANENT_OR_OTHER_EXPLICIT,€3.40m,1,IN+OUT
TM-2023-00075,2023/24,187587,Ante Rebić,5,AC Milan,114,Besiktas JK,FREE_TRANSFER,free transfer,0,OUT
TM-2023-00076,2023/24,188436,Luigi Canotto,1386,LFA Reggio Calabria,8970,Frosinone Calcio,LOAN_RETURN_OR_END_OF_LOAN,End of loan 30/06/2023,0,IN
TM-2023-00077,2023/24,188436,Luigi Canotto,8970,Frosinone Calcio,4031,Cosenza Calcio,LOAN,loan transfer,0,OUT
TM-2023-00078,2023/24,190634,Marko Pajac,252,Genoa CFC,5621,AC Reggiana 1919,LOAN,loan transfer,0,OUT
TM-2023-00079,2023/24,191891,Arkadiusz Milik,244,Olympique Marseille,506,Juventus FC,PERMANENT_OR_OTHER_EXPLICIT,€7.30m,0,IN
TM-2023-00080,2023/24,191891,Arkadiusz Milik,506,Juventus FC,244,Olympique Marseille,LOAN_RETURN_OR_END_OF_LOAN,End of loan 30/06/2023,0,OUT
TM-2023-00081,2023/24,192638,Nicolas Haas,749,FC Empoli,434,FC Luzern,LOAN,loan transfer,0,OUT
TM-2023-00082,2023/24,192875,William Troost-Ekong,380,US Salernitana 1919,1010,Watford FC,LOAN_RETURN_OR_END_OF_LOAN,End of loan 30/06/2023,0,OUT
TM-2023-00083,2023/24,193867,Liam Henderson,749,FC Empoli,458,Palermo FC,LOAN,loan transfer,0,OUT
TM-2023-00084,2023/24,194549,Simy,4171,Benevento Calcio,380,US Salernitana 1919,LOAN_RETURN_OR_END_OF_LOAN,End of loan 30/06/2023,0,IN
TM-2023-00085,2023/24,195171,Samu Castillejo,1049,Valencia CF,6574,US Sassuolo,LOAN,loan transfer,0,IN
TM-2023-00086,2023/24,197470,Mattia Caldara,3522,Spezia Calcio,5,AC Milan,LOAN_RETURN_OR_END_OF_LOAN,End of loan 30/06/2023,0,IN
TM-2023-00087,2023/24,197471,Roberto Gagliardini,46,Inter Milan,2919,AC Monza,FREE_TRANSFER,free transfer,1,IN+OUT
TM-2023-00088,2023/24,197473,Alberto Grassi,130,Parma Calcio 1913,749,FC Empoli,FREE_TRANSFER,free transfer,0,IN
TM-2023-00089,2023/24,197473,Alberto Grassi,749,FC Empoli,130,Parma Calcio 1913,LOAN_RETURN_OR_END_OF_LOAN,End of loan 30/06/2023,0,OUT
TM-2023-00090,2023/24,197743,Filippo Costa,6195,SSC Napoli,2655,LR Vicenza,PERMANENT_OR_OTHER_EXPLICIT,€1k,0,OUT
TM-2023-00091,2023/24,197743,Filippo Costa,704,Calcio Foggia 1920,6195,SSC Napoli,LOAN_RETURN_OR_END_OF_LOAN,End of loan 30/06/2023,0,IN
TM-2023-00092,2023/24,197751,Alberto Cerri,1047,Como 1907,1390,Cagliari Calcio,LOAN_RETURN_OR_END_OF_LOAN,End of loan 30/06/2023,0,IN
TM-2023-00093,2023/24,197751,Alberto Cerri,1047,Como 1907,749,FC Empoli,LOAN,loan transfer,0,IN
TM-2023-00094,2023/24,197751,Alberto Cerri,1390,Cagliari Calcio,1047,Como 1907,PERMANENT_OR_OTHER_EXPLICIT,€1.25m,0,OUT
TM-2023-00095,2023/24,198087,Matteo Ricci,6646,Fatih Karagümrük,8970,Frosinone Calcio,LOAN_RETURN_OR_END_OF_LOAN,End of loan 30/06/2023,0,IN
TM-2023-00096,2023/24,198087,Matteo Ricci,8970,Frosinone Calcio,1038,UC Sampdoria,PERMANENT_OR_OTHER_EXPLICIT,€1.25m,0,OUT
TM-2023-00097,2023/24,199258,Andrea Petagna,2919,AC Monza,1390,Cagliari Calcio,LOAN,loan transfer,1,IN+OUT
TM-2023-00098,2023/24,199258,Andrea Petagna,2919,AC Monza,6195,SSC Napoli,LOAN_RETURN_OR_END_OF_LOAN,End of loan 30/06/2023,1,IN+OUT
TM-2023-00099,2023/24,199258,Andrea Petagna,6195,SSC Napoli,2919,AC Monza,PERMANENT_OR_OTHER_EXPLICIT,€9.70m,1,IN+OUT
TM-2023-00100,2023/24,199927,Davide Biraschi,252,Genoa CFC,6646,Fatih Karagümrük,FREE_TRANSFER,free transfer,0,OUT
TM-2023-00101,2023/24,199927,Davide Biraschi,6646,Fatih Karagümrük,252,Genoa CFC,LOAN_RETURN_OR_END_OF_LOAN,End of loan 30/06/2023,0,IN
TM-2023-00102,2023/24,199976,Marco Sportiello,800,Atalanta BC,5,AC Milan,FREE_TRANSFER,free transfer,1,IN+OUT
TM-2023-00103,2023/24,20005,Papu Gómez,515,Without Club,2919,AC Monza,FREE_AGENT_OR_END_OF_CONTRACT,-,0,IN
TM-2023-00104,2023/24,200174,Roberto Insigne,8970,Frosinone Calcio,458,Palermo FC,PERMANENT_OR_OTHER_EXPLICIT,€1.00m,0,OUT
TM-2023-00105,2023/24,200188,Mattia Aramu,252,Genoa CFC,332,SSC Bari,LOAN,loan transfer,0,OUT
TM-2023-00106,2023/24,200188,Mattia Aramu,252,Genoa CFC,607,Venezia FC,LOAN_RETURN_OR_END_OF_LOAN,End of loan 30/06/2023,0,OUT
TM-2023-00107,2023/24,200188,Mattia Aramu,607,Venezia FC,252,Genoa CFC,PERMANENT_OR_OTHER_EXPLICIT,€2.50m,0,IN
TM-2023-00108,2023/24,201040,Marco Benassi,2239,US Cremonese,430,ACF Fiorentina,LOAN_RETURN_OR_END_OF_LOAN,End of loan 30/06/2023,0,IN
TM-2023-00109,2023/24,201040,Marco Benassi,430,ACF Fiorentina,,Retired,RETIREMENT,-,0,OUT
TM-2023-00110,2023/24,202886,Ruben Loftus-Cheek,631,Chelsea FC,5,AC Milan,PERMANENT_OR_OTHER_EXPLICIT,€18.90m,0,IN
TM-2023-00111,2023/24,203842,Viktor Kovalenko,3522,Spezia Calcio,800,Atalanta BC,LOAN_RETURN_OR_END_OF_LOAN,End of loan 30/06/2023,0,IN
TM-2023-00112,2023/24,203842,Viktor Kovalenko,800,Atalanta BC,749,FC Empoli,LOAN,loan transfer,1,IN+OUT
TM-2023-00113,2023/24,204069,Milan Škriniar,46,Inter Milan,583,Paris Saint-Germain,FREE_TRANSFER,free transfer,0,OUT
TM-2023-00114,2023/24,205809,Marcus Rohdén,8970,Frosinone Calcio,6646,Fatih Karagümrük,FREE_TRANSFER,free transfer,0,OUT
TM-2023-00115,2023/24,205940,Marko Pjaca,506,Juventus FC,144,HNK Rijeka,FREE_TRANSFER,free transfer,0,OUT
TM-2023-00116,2023/24,205940,Marko Pjaca,749,FC Empoli,506,Juventus FC,LOAN_RETURN_OR_END_OF_LOAN,End of loan 30/06/2023,1,IN+OUT
TM-2023-00117,2023/24,207877,Ruslan Malinovskyi,244,Olympique Marseille,252,Genoa CFC,LOAN,Loan fee: €3.00m,0,IN
TM-2023-00118,2023/24,207877,Ruslan Malinovskyi,244,Olympique Marseille,252,Genoa CFC,PERMANENT_OR_OTHER_EXPLICIT,€7.70m,0,IN
TM-2023-00119,2023/24,207877,Ruslan Malinovskyi,244,Olympique Marseille,800,Atalanta BC,LOAN_RETURN_OR_END_OF_LOAN,End of loan 30/06/2023,0,IN
TM-2023-00120,2023/24,207877,Ruslan Malinovskyi,252,Genoa CFC,244,Olympique Marseille,LOAN_RETURN_OR_END_OF_LOAN,End of loan 30/01/2024,0,OUT
TM-2023-00121,2023/24,207877,Ruslan Malinovskyi,800,Atalanta BC,244,Olympique Marseille,PERMANENT_OR_OTHER_EXPLICIT,€10.00m,0,OUT
TM-2023-00122,2023/24,208172,Mateusz Wieteska,3524,Clermont Foot 63,1390,Cagliari Calcio,PERMANENT_OR_OTHER_EXPLICIT,€5.30m,0,IN
TM-2023-00123,2023/24,208690,George Pușcaș,1032,Reading FC,252,Genoa CFC,PERMANENT_OR_OTHER_EXPLICIT,€2.50m,0,IN
TM-2023-00124,2023/24,208690,George Pușcaș,252,Genoa CFC,1032,Reading FC,LOAN_RETURN_OR_END_OF_LOAN,End of loan 30/06/2023,0,OUT
TM-2023-00125,2023/24,208690,George Pușcaș,252,Genoa CFC,332,SSC Bari,LOAN,Loan fee: €600k,0,OUT
TM-2023-00126,2023/24,210178,Pablo Marí,11,Arsenal FC,2919,AC Monza,PERMANENT_OR_OTHER_EXPLICIT,€6.20m,0,IN
TM-2023-00127,2023/24,210178,Pablo Marí,2919,AC Monza,11,Arsenal FC,LOAN_RETURN_OR_END_OF_LOAN,End of loan 30/06/2023,0,OUT
TM-2023-00128,2023/24,215167,Marco Bleve,1005,US Lecce,4159,Carrarese Calcio 1908,LOAN,loan transfer,0,OUT
TM-2023-00129,2023/24,215649,Mirko Marić,2919,AC Monza,144,HNK Rijeka,LOAN,loan transfer,0,OUT
TM-2023-00130,2023/24,216179,Stefano Sensi,2919,AC Monza,46,Inter Milan,LOAN_RETURN_OR_END_OF_LOAN,End of loan 30/06/2023,1,IN+OUT
TM-2023-00131,2023/24,216569,Jérémie Boga,800,Atalanta BC,417,OGC Nice,PERMANENT_OR_OTHER_EXPLICIT,€17.50m,0,OUT
TM-2023-00132,2023/24,216599,Domen Crnigoj,380,US Salernitana 1919,607,Venezia FC,LOAN_RETURN_OR_END_OF_LOAN,End of loan 30/06/2023,0,OUT
TM-2023-00133,2023/24,223974,Stefan Posch,1025,Bologna FC 1909,533,TSG 1899 Hoffenheim,LOAN_RETURN_OR_END_OF_LOAN,End of loan 30/06/2023,0,OUT
TM-2023-00134,2023/24,223974,Stefan Posch,533,TSG 1899 Hoffenheim,1025,Bologna FC 1909,PERMANENT_OR_OTHER_EXPLICIT,€5.00m,0,IN
TM-2023-00135,2023/24,225963,Lautaro Giannetti,1029,CA Vélez Sarsfield,410,Udinese Calcio,FREE_TRANSFER,free transfer,0,IN
TM-2023-00136,2023/24,226025,Luca Mazzitelli,2919,AC Monza,8970,Frosinone Calcio,PERMANENT_OR_OTHER_EXPLICIT,?,1,IN+OUT
TM-2023-00137,2023/24,226025,Luca Mazzitelli,8970,Frosinone Calcio,2919,AC Monza,LOAN_RETURN_OR_END_OF_LOAN,End of loan 30/06/2023,1,IN+OUT
TM-2023-00138,2023/24,226058,Luka Bogdan,1103,Ternana Calcio,380,US Salernitana 1919,LOAN_RETURN_OR_END_OF_LOAN,End of loan 30/06/2023,0,IN
TM-2023-00139,2023/24,226058,Luka Bogdan,380,US Salernitana 1919,1103,Ternana Calcio,PERMANENT_OR_OTHER_EXPLICIT,€600k,0,OUT
TM-2023-00140,2023/24,22628,Benoît Costil,1082,LOSC Lille,380,US Salernitana 1919,FREE_TRANSFER,free transfer,0,IN
TM-2023-00141,2023/24,226524,Morten Thorsby,89,1.FC Union Berlin,252,Genoa CFC,LOAN,Loan fee: €350k,0,IN
TM-2023-00142,2023/24,227081,Joaquín Correa,46,Inter Milan,244,Olympique Marseille,LOAN,Loan fee: €2.00m,0,OUT
TM-2023-00143,2023/24,227347,Valentin Antov,2919,AC Monza,2239,US Cremonese,LOAN,Loan fee: €350k,0,OUT
TM-2023-00144,2023/24,228761,Jony,2448,Sporting Gijón,398,SS Lazio,LOAN_RETURN_OR_END_OF_LOAN,End of loan 30/06/2023,0,IN
TM-2023-00145,2023/24,228761,Jony,398,SS Lazio,7077,FC Cartagena,FREE_TRANSFER,free transfer,0,OUT
TM-2023-00146,2023/24,232418,Ondrej Duda,276,Hellas Verona,3,1.FC Köln,LOAN_RETURN_OR_END_OF_LOAN,End of loan 30/06/2023,0,OUT
TM-2023-00147,2023/24,232418,Ondrej Duda,3,1.FC Köln,276,Hellas Verona,PERMANENT_OR_OTHER_EXPLICIT,€3.10m,0,IN
TM-2023-00148,2023/24,234509,André Onana,46,Inter Milan,985,Manchester United,PERMANENT_OR_OTHER_EXPLICIT,€50.20m,0,OUT
TM-2023-00149,2023/24,236490,Ola Aina,416,Torino FC,703,Nottingham Forest,FREE_TRANSFER,free transfer,0,OUT
TM-2023-00150,2023/24,237666,Silvan Hefti,252,Genoa CFC,969,Montpellier HSC,LOAN,Loan fee: €430k,0,OUT
TM-2023-00151,2023/24,238537,Wladimiro Falcone,1005,US Lecce,1038,UC Sampdoria,LOAN_RETURN_OR_END_OF_LOAN,End of loan 30/06/2023 €1.25m,0,OUT
TM-2023-00152,2023/24,238537,Wladimiro Falcone,1038,UC Sampdoria,1005,US Lecce,PERMANENT_OR_OTHER_EXPLICIT,€4.00m,0,IN
TM-2023-00153,2023/24,238947,Elio Capradossi,1390,Cagliari Calcio,5514,Calcio Lecco 1912,FREE_TRANSFER,free transfer,0,OUT
TM-2023-00154,2023/24,238981,Vittorio Parigini,1047,Como 1907,252,Genoa CFC,LOAN_RETURN_OR_END_OF_LOAN,End of loan 30/06/2023,0,IN
TM-2023-00155,2023/24,238981,Vittorio Parigini,252,Genoa CFC,9439,Feralpisalò,FREE_TRANSFER,free transfer,0,OUT
TM-2023-00156,2023/24,238993,Simone Scuffet,7769,CFR Cluj,1390,Cagliari Calcio,PERMANENT_OR_OTHER_EXPLICIT,€2.00m,0,IN
TM-2023-00157,2023/24,239099,Pietro Ceccaroni,1005,US Lecce,607,Venezia FC,LOAN_RETURN_OR_END_OF_LOAN,End of loan 30/06/2023,0,OUT
TM-2023-00158,2023/24,240219,Lorenzo Venuti,430,ACF Fiorentina,1005,US Lecce,FREE_TRANSFER,free transfer,1,IN+OUT
TM-2023-00159,2023/24,240252,Karlo Lulic,8970,Frosinone Calcio,332,SSC Bari,PERMANENT_OR_OTHER_EXPLICIT,?,0,OUT
TM-2023-00160,2023/24,240349,Cristiano Lombardi,4271,US Triestina,398,SS Lazio,LOAN_RETURN_OR_END_OF_LOAN,End of loan 30/06/2023,0,IN
TM-2023-00161,2023/24,240934,Filippo Bandinelli,749,FC Empoli,3522,Spezia Calcio,PERMANENT_OR_OTHER_EXPLICIT,€2.50m,0,OUT
TM-2023-00162,2023/24,241076,Emmanuel Gyasi,3522,Spezia Calcio,749,FC Empoli,PERMANENT_OR_OTHER_EXPLICIT,€2.00m,0,IN
TM-2023-00163,2023/24,241527,Federico Bonazzoli,380,US Salernitana 1919,276,Hellas Verona,LOAN,loan transfer,1,IN+OUT
TM-2023-00164,2023/24,241889,Antonio Barreca,1390,Cagliari Calcio,1038,UC Sampdoria,FREE_TRANSFER,free transfer,0,OUT
TM-2023-00165,2023/24,242813,Filip Jagiełło,252,Genoa CFC,3522,Spezia Calcio,LOAN,loan transfer,0,OUT
TM-2023-00166,2023/24,242940,Edoardo Goldaniga,1390,Cagliari Calcio,1047,Como 1907,PERMANENT_OR_OTHER_EXPLICIT,€1.43m,0,OUT
TM-2023-00167,2023/24,244491,Stefano Gori,506,Juventus FC,2919,AC Monza,LOAN,loan transfer,1,IN+OUT
TM-2023-00168,2023/24,244491,Stefano Gori,839,AC Perugia Calcio,506,Juventus FC,LOAN_RETURN_OR_END_OF_LOAN,End of loan 30/06/2023,0,IN
TM-2023-00169,2023/24,245078,Nemanja Radonjic,244,Olympique Marseille,416,Torino FC,PERMANENT_OR_OTHER_EXPLICIT,€1.70m,0,IN
TM-2023-00170,2023/24,245078,Nemanja Radonjic,416,Torino FC,237,RCD Mallorca,LOAN,loan transfer,0,OUT
TM-2023-00171,2023/24,245078,Nemanja Radonjic,416,Torino FC,244,Olympique Marseille,LOAN_RETURN_OR_END_OF_LOAN,End of loan 30/06/2023,0,OUT
TM-2023-00172,2023/24,247377,Kevin Bonifazi,1025,Bologna FC 1909,8970,Frosinone Calcio,LOAN,loan transfer,1,IN+OUT
TM-2023-00173,2023/24,247652,Shon Weissman,16795,Granada CF,380,US Salernitana 1919,LOAN,loan transfer,0,IN
TM-2023-00174,2023/24,250153,Pasquale Mazzocchi,380,US Salernitana 1919,6195,SSC Napoli,PERMANENT_OR_OTHER_EXPLICIT,€3.00m,1,IN+OUT
TM-2023-00175,2023/24,250683,Nikita Contini,1386,LFA Reggio Calabria,6195,SSC Napoli,LOAN_RETURN_OR_END_OF_LOAN,End of loan 30/06/2023,0,IN
TM-2023-00176,2023/24,251878,Aarón Martín,39,1.FSV Mainz 05,252,Genoa CFC,FREE_TRANSFER,free transfer,0,IN
TM-2023-00177,2023/24,25488,Antonio Candreva,1038,UC Sampdoria,380,US Salernitana 1919,PERMANENT_OR_OTHER_EXPLICIT,€500k,0,IN
TM-2023-00178,2023/24,25488,Antonio Candreva,380,US Salernitana 1919,1038,UC Sampdoria,LOAN_RETURN_OR_END_OF_LOAN,End of loan 30/06/2023,0,OUT
TM-2023-00179,2023/24,25508,Salvatore Sirigu,430,ACF Fiorentina,515,Without Club,FREE_AGENT_OR_END_OF_CONTRACT,-,0,OUT
TM-2023-00180,2023/24,255450,Aleksey Miranchuk,416,Torino FC,800,Atalanta BC,LOAN_RETURN_OR_END_OF_LOAN,End of loan 30/06/2023,1,IN+OUT
TM-2023-00181,2023/24,255461,Przemysław Szymiński,8970,Frosinone Calcio,5621,AC Reggiana 1919,LOAN,loan transfer,0,OUT
TM-2023-00182,2023/24,256339,Emil Audero,1038,UC Sampdoria,46,Inter Milan,LOAN,loan transfer,0,IN
TM-2023-00183,2023/24,256678,Filippo Romagna,6574,US Sassuolo,5621,AC Reggiana 1919,LOAN,loan transfer,0,OUT
TM-2023-00184,2023/24,257462,Luka Jović,430,ACF Fiorentina,5,AC Milan,PERMANENT_OR_OTHER_EXPLICIT,€500k,1,IN+OUT
TM-2023-00185,2023/24,257751,Simone Bastoni,3522,Spezia Calcio,749,FC Empoli,LOAN,loan transfer,0,IN
TM-2023-00186,2023/24,258027,Renato Sanches,583,Paris Saint-Germain,12,AS Roma,LOAN,Loan fee: €1.00m,0,IN
TM-2023-00187,2023/24,259953,Rade Krunic,5,AC Milan,36,Fenerbahce,LOAN,Loan fee: €475k,0,OUT
TM-2023-00188,2023/24,261905,Suat Serdar,44,Hertha BSC,276,Hellas Verona,LOAN,loan transfer,0,IN
TM-2023-00189,2023/24,264116,Gastón Pereiro,1390,Cagliari Calcio,1103,Ternana Calcio,LOAN,Loan fee: €270k,0,OUT
TM-2023-00190,2023/24,264116,Gastón Pereiro,866,Club Nacional,1390,Cagliari Calcio,LOAN_RETURN_OR_END_OF_LOAN,End of loan 30/06/2023,0,IN
TM-2023-00191,2023/24,264514,Luca Vido,458,Palermo FC,800,Atalanta BC,LOAN_RETURN_OR_END_OF_LOAN,End of loan 30/06/2023,0,IN
TM-2023-00192,2023/24,264514,Luca Vido,800,Atalanta BC,5621,AC Reggiana 1919,PERMANENT_OR_OTHER_EXPLICIT,?,0,OUT
TM-2023-00193,2023/24,26485,Jérôme Boateng,515,Without Club,380,US Salernitana 1919,FREE_AGENT_OR_END_OF_CONTRACT,-,0,IN
TM-2023-00194,2023/24,265088,Manuel Locatelli,506,Juventus FC,6574,US Sassuolo,LOAN_RETURN_OR_END_OF_LOAN,End of loan 30/06/2023,1,IN+OUT
TM-2023-00195,2023/24,265088,Manuel Locatelli,6574,US Sassuolo,506,Juventus FC,PERMANENT_OR_OTHER_EXPLICIT,€36.40m,1,IN+OUT
TM-2023-00196,2023/24,265320,Emanuele Cicerelli,1386,LFA Reggio Calabria,398,SS Lazio,LOAN_RETURN_OR_END_OF_LOAN,End of loan 31/08/2023,0,IN
TM-2023-00197,2023/24,265320,Emanuele Cicerelli,398,SS Lazio,1627,Catania FC,FREE_TRANSFER,free transfer,0,OUT
TM-2023-00198,2023/24,265625,Ajdin Hrustic,1304,Heracles Almelo,276,Hellas Verona,LOAN_RETURN_OR_END_OF_LOAN,End of loan 30/06/2024,0,IN
TM-2023-00199,2023/24,265625,Ajdin Hrustic,276,Hellas Verona,1304,Heracles Almelo,LOAN,loan transfer,0,OUT
TM-2023-00200,2023/24,266302,Sergej Milinković-Savić,398,SS Lazio,1114,Al-Hilal SFC,PERMANENT_OR_OTHER_EXPLICIT,€40.00m,0,OUT
TM-2023-00201,2023/24,266795,Gonzalo Escalante,2687,Cádiz CF,398,SS Lazio,LOAN_RETURN_OR_END_OF_LOAN,End of loan 30/06/2023,0,IN
TM-2023-00202,2023/24,266795,Gonzalo Escalante,398,SS Lazio,2687,Cádiz CF,PERMANENT_OR_OTHER_EXPLICIT,€2.50m,0,OUT
TM-2023-00203,2023/24,267614,Julian Kristoffersen,29251,Virtusvecomp Verona,380,US Salernitana 1919,LOAN_RETURN_OR_END_OF_LOAN,End of loan 30/06/2023,0,IN
TM-2023-00204,2023/24,267614,Julian Kristoffersen,380,US Salernitana 1919,1388,Ancona Calcio,PERMANENT_OR_OTHER_EXPLICIT,€60k,0,OUT
TM-2023-00205,2023/24,273132,Robin Gosens,46,Inter Milan,89,1.FC Union Berlin,PERMANENT_OR_OTHER_EXPLICIT,€13.00m,0,OUT
TM-2023-00206,2023/24,273236,Marlon,2919,AC Monza,660,Shakhtar Donetsk,LOAN_RETURN_OR_END_OF_LOAN,End of loan 30/06/2023,0,OUT
TM-2023-00207,2023/24,277179,Angeliño,23826,RB Leipzig,12,AS Roma,LOAN,loan transfer,0,IN
TM-2023-00208,2023/24,278531,Sebastiano Luperto,6195,SSC Napoli,749,FC Empoli,PERMANENT_OR_OTHER_EXPLICIT,€2.50m,1,IN+OUT
TM-2023-00209,2023/24,278531,Sebastiano Luperto,749,FC Empoli,6195,SSC Napoli,LOAN_RETURN_OR_END_OF_LOAN,End of loan 30/06/2023,1,IN+OUT
TM-2023-00210,2023/24,28021,Samir Handanovič,46,Inter Milan,,Retired,RETIREMENT,-,0,OUT
TM-2023-00211,2023/24,282144,Marin Pongracic,1005,US Lecce,82,VfL Wolfsburg,LOAN_RETURN_OR_END_OF_LOAN,End of loan 30/06/2023,0,OUT
TM-2023-00212,2023/24,282144,Marin Pongracic,82,VfL Wolfsburg,1005,US Lecce,PERMANENT_OR_OTHER_EXPLICIT,€1.60m,0,IN
TM-2023-00213,2023/24,282388,Giovanni Simeone,276,Hellas Verona,6195,SSC Napoli,PERMANENT_OR_OTHER_EXPLICIT,€12.00m,1,IN+OUT
TM-2023-00214,2023/24,282388,Giovanni Simeone,6195,SSC Napoli,276,Hellas Verona,LOAN_RETURN_OR_END_OF_LOAN,End of loan 30/06/2023,1,IN+OUT
TM-2023-00215,2023/24,282810,Carles Pérez,12,AS Roma,940,Celta de Vigo,PERMANENT_OR_OTHER_EXPLICIT,€5.20m,0,OUT
TM-2023-00216,2023/24,282810,Carles Pérez,940,Celta de Vigo,12,AS Roma,LOAN_RETURN_OR_END_OF_LOAN,End of loan 30/06/2023,0,IN
TM-2023-00217,2023/24,283233,Jacob Rasmussen,234,Feyenoord Rotterdam,430,ACF Fiorentina,LOAN_RETURN_OR_END_OF_LOAN,End of loan 30/06/2023,0,IN
TM-2023-00218,2023/24,283233,Jacob Rasmussen,430,ACF Fiorentina,206,Bröndby IF,PERMANENT_OR_OTHER_EXPLICIT,€1.30m,0,OUT
TM-2023-00219,2023/24,28396,Edin Dzeko,46,Inter Milan,36,Fenerbahce,FREE_TRANSFER,free transfer,0,OUT
TM-2023-00220,2023/24,284595,Tommaso Augello,1038,UC Sampdoria,1390,Cagliari Calcio,PERMANENT_OR_OTHER_EXPLICIT,€2.40m,0,IN
TM-2023-00221,2023/24,286047,Guglielmo Vicario,749,FC Empoli,148,Tottenham Hotspur,PERMANENT_OR_OTHER_EXPLICIT,€18.50m,0,OUT
TM-2023-00222,2023/24,286275,Armando Anastasio,26789,FC Pro Vercelli 1892,2919,AC Monza,LOAN_RETURN_OR_END_OF_LOAN,End of loan 30/06/2023,0,IN
TM-2023-00223,2023/24,286275,Armando Anastasio,2919,AC Monza,4106,Casertana FC,LOAN,loan transfer,0,OUT
TM-2023-00224,2023/24,286949,Adam Masina,410,Udinese Calcio,416,Torino FC,LOAN,loan transfer,1,IN+OUT
TM-2023-00225,2023/24,287579,Sofyan Amrabat,430,ACF Fiorentina,985,Manchester United,LOAN,Loan fee: €10.00m,0,OUT
TM-2023-00226,2023/24,287600,Paweł Jaroszyński,380,US Salernitana 1919,5689,Cracovia,PERMANENT_OR_OTHER_EXPLICIT,€450k,0,OUT
TM-2023-00227,2023/24,287600,Paweł Jaroszyński,5689,Cracovia,380,US Salernitana 1919,LOAN_RETURN_OR_END_OF_LOAN,End of loan 30/06/2023,0,IN
TM-2023-00228,2023/24,287700,Mohamed Fares,398,SS Lazio,19,Brescia Calcio (- 2025),LOAN,loan transfer,0,OUT
TM-2023-00229,2023/24,289446,Yerry Mina,29,Everton FC,430,ACF Fiorentina,FREE_TRANSFER,free transfer,0,IN
TM-2023-00230,2023/24,289446,Yerry Mina,430,ACF Fiorentina,1390,Cagliari Calcio,PERMANENT_OR_OTHER_EXPLICIT,€500k,1,IN+OUT
TM-2023-00231,2023/24,290017,Hassane Kamara,1010,Watford FC,410,Udinese Calcio,LOAN_RETURN_OR_END_OF_LOAN,End of loan 30/06/2023,0,IN
TM-2023-00232,2023/24,290032,Kevin Rüegg,276,Hellas Verona,26,FC Basel 1893,LOAN,loan transfer,0,OUT
TM-2023-00233,2023/24,290032,Kevin Rüegg,452,BSC Young Boys,276,Hellas Verona,LOAN_RETURN_OR_END_OF_LOAN,End of loan 30/06/2023,0,IN
TM-2023-00234,2023/24,290862,Maxime Lopez,6574,US Sassuolo,430,ACF Fiorentina,LOAN,Loan fee: €1.00m,1,IN+OUT
TM-2023-00235,2023/24,291276,Marcin Listkowski,1005,US Lecce,5514,Calcio Lecco 1912,LOAN,loan transfer,0,OUT
TM-2023-00236,2023/24,291276,Marcin Listkowski,19,Brescia Calcio (- 2025),1005,US Lecce,LOAN_RETURN_OR_END_OF_LOAN,End of loan 30/06/2023,0,IN
TM-2023-00237,2023/24,291400,Giovanni Crociata,4084,AS Cittadella,749,FC Empoli,LOAN_RETURN_OR_END_OF_LOAN,End of loan 30/06/2023,0,IN
TM-2023-00238,2023/24,291400,Giovanni Crociata,749,FC Empoli,5514,Calcio Lecco 1912,PERMANENT_OR_OTHER_EXPLICIT,?,0,OUT
TM-2023-00239,2023/24,291522,Tommaso Fantacci,46619,Arzignano Valchiampo,749,FC Empoli,LOAN_RETURN_OR_END_OF_LOAN,End of loan 30/06/2023,0,IN
TM-2023-00240,2023/24,291522,Tommaso Fantacci,749,FC Empoli,45894,Monterosi Tuscia FC,FREE_TRANSFER,free transfer,0,OUT
TM-2023-00241,2023/24,293168,Filip Benkovic,23,Eintracht Braunschweig,410,Udinese Calcio,LOAN_RETURN_OR_END_OF_LOAN,End of loan 30/06/2023,0,IN
TM-2023-00242,2023/24,293168,Filip Benkovic,410,Udinese Calcio,449,Trabzonspor,LOAN,Loan fee: €500k,0,OUT
TM-2023-00243,2023/24,293169,Josip Brekalo,430,ACF Fiorentina,447,HNK Hajduk Split,LOAN,Loan fee: €100k,0,OUT
TM-2023-00244,2023/24,293200,Nikola Vlašić,379,West Ham United,416,Torino FC,PERMANENT_OR_OTHER_EXPLICIT,€10.60m,0,IN
TM-2023-00245,2023/24,293200,Nikola Vlašić,416,Torino FC,379,West Ham United,LOAN_RETURN_OR_END_OF_LOAN,End of loan 30/06/2023,0,OUT
TM-2023-00246,2023/24,296422,Fodé Ballo-Touré,5,AC Milan,931,Fulham FC,LOAN,loan transfer,0,OUT
TM-2023-00247,2023/24,297630,Marco Carraro,4083,FC Crotone,800,Atalanta BC,LOAN_RETURN_OR_END_OF_LOAN,End of loan 30/06/2023,0,IN
TM-2023-00248,2023/24,297630,Marco Carraro,800,Atalanta BC,2722,SPAL,FREE_TRANSFER,free transfer,0,OUT
TM-2023-00249,2023/24,297645,Riccardo Marchizza,6574,US Sassuolo,8970,Frosinone Calcio,PERMANENT_OR_OTHER_EXPLICIT,€1.30m,1,IN+OUT
TM-2023-00250,2023/24,297648,Simone Muratore,800,Atalanta BC,,Retired,RETIREMENT,-,0,OUT
TM-2023-00251,2023/24,298975,Pol Lirola,244,Olympique Marseille,8970,Frosinone Calcio,LOAN,loan transfer,0,IN
TM-2023-00252,2023/24,300137,Marius Adamonis,398,SS Lazio,839,AC Perugia Calcio,LOAN,loan transfer,0,OUT
TM-2023-00253,2023/24,300532,Pontus Almqvist,1083,FC Rostov,1005,US Lecce,LOAN,loan transfer,0,IN
TM-2023-00254,2023/24,301235,Giacomo Calò,252,Genoa CFC,4031,Cosenza Calcio,PERMANENT_OR_OTHER_EXPLICIT,€61k,0,OUT
TM-2023-00255,2023/24,301235,Giacomo Calò,4031,Cosenza Calcio,252,Genoa CFC,LOAN_RETURN_OR_END_OF_LOAN,End of loan 30/06/2023,0,IN
TM-2023-00256,2023/24,301236,Francesco Cassata,1103,Ternana Calcio,252,Genoa CFC,LOAN_RETURN_OR_END_OF_LOAN,End of loan 30/06/2023,0,IN
TM-2023-00257,2023/24,301236,Francesco Cassata,252,Genoa CFC,3522,Spezia Calcio,LOAN,loan transfer,0,OUT
TM-2023-00258,2023/24,301239,Christian Mora,1387,Siena FC,800,Atalanta BC,LOAN_RETURN_OR_END_OF_LOAN,End of loan 30/06/2023,0,IN
TM-2023-00259,2023/24,301239,Christian Mora,800,Atalanta BC,41110,Atalanta U23,PERMANENT_OR_OTHER_EXPLICIT,-,0,OUT
TM-2023-00260,2023/24,303657,Ionuț Radu,290,AJ Auxerre,46,Inter Milan,LOAN_RETURN_OR_END_OF_LOAN,End of loan 30/06/2023,0,IN
TM-2023-00261,2023/24,303657,Ionuț Radu,46,Inter Milan,989,AFC Bournemouth,LOAN,loan transfer,0,OUT
TM-2023-00262,2023/24,307427,Marko Bozic,790,NK Maribor,8970,Frosinone Calcio,LOAN_RETURN_OR_END_OF_LOAN,End of loan 30/06/2023,0,IN
TM-2023-00263,2023/24,307427,Marko Bozic,8970,Frosinone Calcio,790,NK Maribor,PERMANENT_OR_OTHER_EXPLICIT,?,0,OUT
TM-2023-00264,2023/24,309393,Lennart Czyborra,252,Genoa CFC,1269,PEC Zwolle,LOAN,Loan fee: €200k,0,OUT
TM-2023-00265,2023/24,311178,Georgios Kyriakopoulos,1025,Bologna FC 1909,6574,US Sassuolo,LOAN_RETURN_OR_END_OF_LOAN,End of loan 30/06/2023,1,IN+OUT
TM-2023-00266,2023/24,311178,Georgios Kyriakopoulos,6574,US Sassuolo,2919,AC Monza,LOAN,loan transfer,1,IN+OUT
TM-2023-00267,2023/24,312341,Luca Ravanelli,8970,Frosinone Calcio,2239,US Cremonese,LOAN_RETURN_OR_END_OF_LOAN,End of loan 30/06/2023,0,OUT
TM-2023-00268,2023/24,312773,Daniele Sommariva,2921,Delfino Pescara 1936,252,Genoa CFC,PERMANENT_OR_OTHER_EXPLICIT,€100k,0,IN
TM-2023-00269,2023/24,312862,Dalbert,46,Inter Milan,6600,Sport Club Internacional,FREE_TRANSFER,free transfer,0,OUT
TM-2023-00270,2023/24,313830,Pablo Galdames,2239,US Cremonese,252,Genoa CFC,LOAN_RETURN_OR_END_OF_LOAN,End of loan 30/06/2023,0,IN
TM-2023-00271,2023/24,313830,Pablo Galdames,252,Genoa CFC,978,Clube de Regatas Vasco da Gama,PERMANENT_OR_OTHER_EXPLICIT,€800k,0,OUT
TM-2023-00272,2023/24,314678,Brahim Díaz,5,AC Milan,418,Real Madrid,LOAN_RETURN_OR_END_OF_LOAN,End of loan 30/06/2023,0,OUT
TM-2023-00273,2023/24,314965,Pedro Pereira,11282,Alanyaspor,2919,AC Monza,LOAN_RETURN_OR_END_OF_LOAN,End of loan 30/06/2023,0,IN
TM-2023-00274,2023/24,315779,Christian Pulisic,631,Chelsea FC,5,AC Milan,PERMANENT_OR_OTHER_EXPLICIT,€20.80m,0,IN
TM-2023-00275,2023/24,315846,Luca Matarese,8970,Frosinone Calcio,515,Without Club,FREE_AGENT_OR_END_OF_CONTRACT,-,0,OUT
TM-2023-00276,2023/24,315856,Christian Capone,5621,AC Reggiana 1919,800,Atalanta BC,LOAN_RETURN_OR_END_OF_LOAN,End of loan 30/06/2023,0,IN
TM-2023-00277,2023/24,315856,Christian Capone,800,Atalanta BC,41110,Atalanta U23,PERMANENT_OR_OTHER_EXPLICIT,-,0,OUT
TM-2023-00278,2023/24,315859,Gabriele Gori,1386,LFA Reggio Calabria,430,ACF Fiorentina,LOAN_RETURN_OR_END_OF_LOAN,End of loan 30/06/2023,0,IN
TM-2023-00279,2023/24,315859,Gabriele Gori,430,ACF Fiorentina,2331,US Avellino 1912,FREE_TRANSFER,free transfer,0,OUT
TM-2023-00280,2023/24,315862,Filippo Melegoni,252,Genoa CFC,5621,AC Reggiana 1919,LOAN,loan transfer,0,OUT
TM-2023-00281,2023/24,315862,Filippo Melegoni,3057,Standard Liège,252,Genoa CFC,LOAN_RETURN_OR_END_OF_LOAN,End of loan 30/06/2023,0,IN
TM-2023-00282,2023/24,315865,Andrea Pinamonti,46,Inter Milan,6574,US Sassuolo,PERMANENT_OR_OTHER_EXPLICIT,€20.00m,1,IN+OUT
TM-2023-00283,2023/24,315865,Andrea Pinamonti,6574,US Sassuolo,46,Inter Milan,LOAN_RETURN_OR_END_OF_LOAN,End of loan 30/06/2023,1,IN+OUT
TM-2023-00284,2023/24,315867,Gianluca Scamacca,379,West Ham United,800,Atalanta BC,PERMANENT_OR_OTHER_EXPLICIT,€28.00m,0,IN
TM-2023-00285,2023/24,315871,Federico Valietti,252,Genoa CFC,4093,Taranto SS,LOAN,loan transfer,0,OUT
TM-2023-00286,2023/24,315871,Federico Valietti,2655,LR Vicenza,252,Genoa CFC,LOAN_RETURN_OR_END_OF_LOAN,End of loan 18/01/2024,0,IN
TM-2023-00287,2023/24,316889,Hirving Lozano,6195,SSC Napoli,383,PSV Eindhoven,PERMANENT_OR_OTHER_EXPLICIT,€15.00m,0,OUT
TM-2023-00288,2023/24,316934,Nikola Moro,1025,Bologna FC 1909,121,Dynamo Moscow,LOAN_RETURN_OR_END_OF_LOAN,End of loan 30/06/2023,0,OUT
TM-2023-00289,2023/24,316934,Nikola Moro,121,Dynamo Moscow,1025,Bologna FC 1909,PERMANENT_OR_OTHER_EXPLICIT,€2.50m,0,IN
TM-2023-00290,2023/24,317057,Adrian Semper,252,Genoa CFC,1047,Como 1907,PERMANENT_OR_OTHER_EXPLICIT,€1.46m,0,OUT
TM-2023-00291,2023/24,317482,Marko Rog,1390,Cagliari Calcio,419,GNK Dinamo Zagreb,LOAN,loan transfer,0,OUT
TM-2023-00292,2023/24,318528,Marcus Thuram,18,Borussia Mönchengladbach,46,Inter Milan,FREE_TRANSFER,free transfer,0,IN
TM-2023-00293,2023/24,319160,Jakub Jankto,3709,Getafe CF,1390,Cagliari Calcio,PERMANENT_OR_OTHER_EXPLICIT,€540k,0,IN
TM-2023-00294,2023/24,320871,Rok Vodisek,252,Genoa CFC,55601,NK Rogaska,FREE_TRANSFER,free transfer,0,OUT
TM-2023-00295,2023/24,32113,Armando Izzo,2919,AC Monza,416,Torino FC,LOAN_RETURN_OR_END_OF_LOAN,End of loan 30/06/2023,1,IN+OUT
TM-2023-00296,2023/24,32113,Armando Izzo,416,Torino FC,2919,AC Monza,PERMANENT_OR_OTHER_EXPLICIT,€3.00m,1,IN+OUT
TM-2023-00297,2023/24,322655,Flavius Daniliuc,380,US Salernitana 1919,409,Red Bull Salzburg,LOAN,Loan fee: €300k,0,OUT
TM-2023-00298,2023/24,323167,Matteo Gabbia,1050,Villarreal CF,5,AC Milan,LOAN_RETURN_OR_END_OF_LOAN,End of loan 03/01/2024,0,IN
TM-2023-00299,2023/24,323167,Matteo Gabbia,5,AC Milan,1050,Villarreal CF,LOAN,loan transfer,0,OUT
TM-2023-00300,2023/24,323255,Giacomo Satalino,4159,Carrarese Calcio 1908,6574,US Sassuolo,LOAN_RETURN_OR_END_OF_LOAN,End of loan 30/06/2023,0,IN
TM-2023-00301,2023/24,323255,Giacomo Satalino,6574,US Sassuolo,5621,AC Reggiana 1919,LOAN,loan transfer,0,OUT
TM-2023-00302,2023/24,324282,Fabio Depaoli,276,Hellas Verona,1038,UC Sampdoria,LOAN_RETURN_OR_END_OF_LOAN,End of loan 30/06/2023,0,OUT
TM-2023-00303,2023/24,324351,Panagiotis Retsos,276,Hellas Verona,683,Olympiacos Piraeus,FREE_TRANSFER,free transfer,0,OUT
TM-2023-00304,2023/24,324351,Panagiotis Retsos,683,Olympiacos Piraeus,276,Hellas Verona,LOAN_RETURN_OR_END_OF_LOAN,End of loan 30/06/2023,0,IN
TM-2023-00305,2023/24,324377,Youssef Maleh,1005,US Lecce,430,ACF Fiorentina,LOAN_RETURN_OR_END_OF_LOAN,End of loan 30/06/2023,1,IN+OUT
TM-2023-00306,2023/24,324377,Youssef Maleh,1005,US Lecce,749,FC Empoli,LOAN,loan transfer,1,IN+OUT
TM-2023-00307,2023/24,324377,Youssef Maleh,430,ACF Fiorentina,1005,US Lecce,PERMANENT_OR_OTHER_EXPLICIT,€5.00m,1,IN+OUT
TM-2023-00308,2023/24,324378,Valerio Mantovani,1103,Ternana Calcio,380,US Salernitana 1919,LOAN_RETURN_OR_END_OF_LOAN,End of loan 30/06/2023,0,IN
TM-2023-00309,2023/24,324378,Valerio Mantovani,380,US Salernitana 1919,1103,Ternana Calcio,PERMANENT_OR_OTHER_EXPLICIT,€200k,0,OUT
TM-2023-00310,2023/24,324804,Yann Karamoh,416,Torino FC,969,Montpellier HSC,LOAN,loan transfer,0,OUT
TM-2023-00311,2023/24,325924,Ahmed Touba,6890,Basaksehir FK,1005,US Lecce,LOAN,loan transfer,0,IN
TM-2023-00312,2023/24,325993,Oliver Abildgaard,276,Hellas Verona,2698,Rubin Kazan,LOAN_RETURN_OR_END_OF_LOAN,End of loan 30/06/2023,0,OUT
TM-2023-00313,2023/24,327757,Krzysztof Piatek,380,US Salernitana 1919,44,Hertha BSC,LOAN_RETURN_OR_END_OF_LOAN,End of loan 30/06/2023,0,OUT
TM-2023-00314,2023/24,330126,Karol Świderski,78435,Charlotte FC,276,Hellas Verona,LOAN,loan transfer,0,IN
TM-2023-00315,2023/24,330659,Justin Kluivert,1049,Valencia CF,12,AS Roma,LOAN_RETURN_OR_END_OF_LOAN,End of loan 30/06/2023,0,IN
TM-2023-00316,2023/24,330659,Justin Kluivert,12,AS Roma,989,AFC Bournemouth,PERMANENT_OR_OTHER_EXPLICIT,€10.80m,0,OUT
TM-2023-00317,2023/24,331498,Jordi Mboula,237,RCD Mallorca,276,Hellas Verona,FREE_TRANSFER,free transfer,0,IN
TM-2023-00318,2023/24,331498,Jordi Mboula,276,Hellas Verona,630,Racing Santander,FREE_TRANSFER,free transfer,0,OUT
TM-2023-00319,2023/24,332179,Matteo Pessina,2919,AC Monza,800,Atalanta BC,LOAN_RETURN_OR_END_OF_LOAN,End of loan 30/06/2023,1,IN+OUT
TM-2023-00320,2023/24,332179,Matteo Pessina,800,Atalanta BC,2919,AC Monza,PERMANENT_OR_OTHER_EXPLICIT,€12.00m,1,IN+OUT
TM-2023-00321,2023/24,332697,Weston McKennie,399,Leeds United,506,Juventus FC,LOAN_RETURN_OR_END_OF_LOAN,End of loan 30/06/2023,0,IN
TM-2023-00322,2023/24,334341,Francesco Orlando,1387,Siena FC,380,US Salernitana 1919,LOAN_RETURN_OR_END_OF_LOAN,End of loan 30/06/2023,0,IN
TM-2023-00323,2023/24,334341,Francesco Orlando,380,US Salernitana 1919,4093,Taranto SS,PERMANENT_OR_OTHER_EXPLICIT,?,0,OUT
TM-2023-00324,2023/24,334526,Denis Zakaria,506,Juventus FC,162,AS Monaco,PERMANENT_OR_OTHER_EXPLICIT,€20.00m,0,OUT
TM-2023-00325,2023/24,334526,Denis Zakaria,631,Chelsea FC,506,Juventus FC,LOAN_RETURN_OR_END_OF_LOAN,End of loan 30/06/2023,0,IN
TM-2023-00326,2023/24,334835,Toma Bašić,398,SS Lazio,380,US Salernitana 1919,LOAN,loan transfer,1,IN+OUT
TM-2023-00327,2023/24,336960,Giuseppe Pezzella,1005,US Lecce,130,Parma Calcio 1913,LOAN_RETURN_OR_END_OF_LOAN,End of loan 30/06/2023,0,OUT
TM-2023-00328,2023/24,336960,Giuseppe Pezzella,130,Parma Calcio 1913,749,FC Empoli,FREE_TRANSFER,free transfer,0,IN
TM-2023-00329,2023/24,33763,Massimo Coda,252,Genoa CFC,2239,US Cremonese,LOAN,loan transfer,0,OUT
TM-2023-00330,2023/24,337809,Simone Mazzocchi,4554,FC Südtirol,800,Atalanta BC,LOAN_RETURN_OR_END_OF_LOAN,End of loan 30/06/2023,0,IN
TM-2023-00331,2023/24,338032,Deyovaisio Zeefuik,276,Hellas Verona,44,Hertha BSC,LOAN_RETURN_OR_END_OF_LOAN,End of loan 30/06/2023,0,OUT
TM-2023-00332,2023/24,338672,Zinho Vanheusden,1090,AZ Alkmaar,46,Inter Milan,LOAN_RETURN_OR_END_OF_LOAN,End of loan 30/06/2023,0,IN
TM-2023-00333,2023/24,338672,Zinho Vanheusden,46,Inter Milan,3057,Standard Liège,LOAN,loan transfer,0,OUT
TM-2023-00334,2023/24,339707,Cristo,2448,Sporting Gijón,410,Udinese Calcio,LOAN_RETURN_OR_END_OF_LOAN,End of loan 30/06/2023,0,IN
TM-2023-00335,2023/24,339707,Cristo,410,Udinese Calcio,8024,FC Arouca,FREE_TRANSFER,free transfer,0,OUT
TM-2023-00336,2023/24,339782,Alessandro Rossi,398,SS Lazio,515,Without Club,FREE_AGENT_OR_END_OF_CONTRACT,-,0,OUT
TM-2023-00337,2023/24,339782,Alessandro Rossi,45894,Monterosi Tuscia FC,398,SS Lazio,LOAN_RETURN_OR_END_OF_LOAN,End of loan 30/06/2023,0,IN
TM-2023-00338,2023/24,340353,Maduka Okoye,1010,Watford FC,410,Udinese Calcio,PERMANENT_OR_OTHER_EXPLICIT,€6.00m,0,IN
TM-2023-00339,2023/24,340394,Abdelhamid Sabiri,1038,UC Sampdoria,430,ACF Fiorentina,LOAN_RETURN_OR_END_OF_LOAN,End of loan 30/06/2023,0,IN
TM-2023-00340,2023/24,340394,Abdelhamid Sabiri,430,ACF Fiorentina,50531,Al-Fayha FC,LOAN,Loan fee: €100k,0,OUT
TM-2023-00341,2023/24,340657,Michele Volpe,5587,SS Juve Stabia,8970,Frosinone Calcio,LOAN_RETURN_OR_END_OF_LOAN,End of loan 30/06/2023,0,IN
TM-2023-00342,2023/24,340657,Michele Volpe,8970,Frosinone Calcio,2721,US Alessandria Calcio 1912,FREE_TRANSFER,free transfer,0,OUT
TM-2023-00343,2023/24,340879,Merih Demiral,800,Atalanta BC,18487,Al-Ahli SFC,PERMANENT_OR_OTHER_EXPLICIT,€17.00m,0,OUT
TM-2023-00344,2023/24,341019,Güven Yalçın,252,Genoa CFC,6646,Fatih Karagümrük,LOAN,loan transfer,0,OUT
TM-2023-00345,2023/24,342341,Leonardo Candellone,21331,Pordenone Calcio,6195,SSC Napoli,LOAN_RETURN_OR_END_OF_LOAN,End of loan 30/06/2023,0,IN
TM-2023-00346,2023/24,342341,Leonardo Candellone,6195,SSC Napoli,5587,SS Juve Stabia,PERMANENT_OR_OTHER_EXPLICIT,€1k,0,OUT
TM-2023-00347,2023/24,345458,Sebastian Walukiewicz,1390,Cagliari Calcio,749,FC Empoli,PERMANENT_OR_OTHER_EXPLICIT,€4.50m,1,IN+OUT
TM-2023-00348,2023/24,345458,Sebastian Walukiewicz,749,FC Empoli,1390,Cagliari Calcio,LOAN_RETURN_OR_END_OF_LOAN,End of loan 30/06/2023,1,IN+OUT
TM-2023-00349,2023/24,3455,Zlatan Ibrahimović,5,AC Milan,,Retired,RETIREMENT,-,0,OUT
TM-2023-00350,2023/24,345590,Jens Odgaard,1090,AZ Alkmaar,1025,Bologna FC 1909,LOAN,Loan fee: €225k,0,IN
TM-2023-00351,2023/24,346528,Stefano Mazzini,4339,Aquila Montevarchi 1902,800,Atalanta BC,LOAN_RETURN_OR_END_OF_LOAN,End of loan 30/06/2023,0,IN
TM-2023-00352,2023/24,346528,Stefano Mazzini,800,Atalanta BC,4159,Carrarese Calcio 1908,FREE_TRANSFER,free transfer,0,OUT
TM-2023-00353,2023/24,346560,Alessandro Mallamo,332,SSC Bari,800,Atalanta BC,LOAN_RETURN_OR_END_OF_LOAN,End of loan 30/06/2023,0,IN
TM-2023-00354,2023/24,346560,Alessandro Mallamo,800,Atalanta BC,41110,Atalanta U23,PERMANENT_OR_OTHER_EXPLICIT,-,0,OUT
TM-2023-00355,2023/24,346567,Luca Pellegrini,398,SS Lazio,506,Juventus FC,LOAN_RETURN_OR_END_OF_LOAN,End of loan 30/06/2023,1,IN+OUT
TM-2023-00356,2023/24,346567,Luca Pellegrini,506,Juventus FC,398,SS Lazio,LOAN,loan transfer,1,IN+OUT
TM-2023-00357,2023/24,346890,Noah Okafor,409,Red Bull Salzburg,5,AC Milan,PERMANENT_OR_OTHER_EXPLICIT,€15.50m,0,IN
TM-2023-00358,2023/24,347900,Jerdy Schouten,1025,Bologna FC 1909,383,PSV Eindhoven,PERMANENT_OR_OTHER_EXPLICIT,€12.35m,0,OUT
TM-2023-00359,2023/24,353366,Benjamin Pavard,27,Bayern Munich,46,Inter Milan,PERMANENT_OR_OTHER_EXPLICIT,€32.40m,0,IN
TM-2023-00360,2023/24,353922,Mert Müldür,6574,US Sassuolo,36,Fenerbahce,PERMANENT_OR_OTHER_EXPLICIT,€3.00m,0,OUT
TM-2023-00361,2023/24,354814,M'Bala Nzola,3522,Spezia Calcio,430,ACF Fiorentina,PERMANENT_OR_OTHER_EXPLICIT,€12.60m,0,IN
TM-2023-00362,2023/24,354909,Giorgio Altare,1390,Cagliari Calcio,607,Venezia FC,LOAN,loan transfer,0,OUT
TM-2023-00363,2023/24,356141,Daichi Kamada,24,Eintracht Frankfurt,398,SS Lazio,FREE_TRANSFER,free transfer,0,IN
TM-2023-00364,2023/24,357158,Rúben Vinagre,336,Sporting CP,276,Hellas Verona,LOAN,loan transfer,0,IN
TM-2023-00365,2023/24,357992,Raoul Bellanova,1390,Cagliari Calcio,416,Torino FC,PERMANENT_OR_OTHER_EXPLICIT,€7.00m,1,IN+OUT
TM-2023-00366,2023/24,357992,Raoul Bellanova,46,Inter Milan,1390,Cagliari Calcio,LOAN_RETURN_OR_END_OF_LOAN,End of loan 30/06/2023,1,IN+OUT
TM-2023-00367,2023/24,357995,Davide Bettella,458,Palermo FC,2919,AC Monza,LOAN_RETURN_OR_END_OF_LOAN,End of loan 30/06/2023,0,IN
TM-2023-00368,2023/24,358008,Gianluca Gaetano,6195,SSC Napoli,1390,Cagliari Calcio,LOAN,loan transfer,1,IN+OUT
TM-2023-00369,2023/24,358032,Cyril Ngonge,276,Hellas Verona,6195,SSC Napoli,PERMANENT_OR_OTHER_EXPLICIT,€20.00m,1,IN+OUT
TM-2023-00370,2023/24,358166,Eldor Shomurodov,12,AS Roma,1390,Cagliari Calcio,LOAN,Loan fee: €1.00m,1,IN+OUT
TM-2023-00371,2023/24,358166,Eldor Shomurodov,3522,Spezia Calcio,12,AS Roma,LOAN_RETURN_OR_END_OF_LOAN,End of loan 30/06/2023,0,IN
TM-2023-00372,2023/24,360516,Reda Boultam,380,US Salernitana 1919,4772,NK Olimpija Ljubljana,PERMANENT_OR_OTHER_EXPLICIT,?,0,OUT
TM-2023-00373,2023/24,360516,Reda Boultam,999,NK Istra 1961,380,US Salernitana 1919,LOAN_RETURN_OR_END_OF_LOAN,End of loan 30/06/2023,0,IN
TM-2023-00374,2023/24,361065,Mitchel Bakker,15,Bayer 04 Leverkusen,800,Atalanta BC,PERMANENT_OR_OTHER_EXPLICIT,€8.80m,0,IN
TM-2023-00375,2023/24,361104,Sergiño Dest,5,AC Milan,131,FC Barcelona,LOAN_RETURN_OR_END_OF_LOAN,End of loan 30/06/2023,0,OUT
TM-2023-00376,2023/24,362842,Arthur Melo,31,Liverpool FC,506,Juventus FC,LOAN_RETURN_OR_END_OF_LOAN,End of loan 30/06/2023,0,IN
TM-2023-00377,2023/24,362842,Arthur Melo,506,Juventus FC,430,ACF Fiorentina,LOAN,Loan fee: €2.00m,1,IN+OUT
TM-2023-00378,2023/24,362981,Marco Varnier,2722,SPAL,800,Atalanta BC,LOAN_RETURN_OR_END_OF_LOAN,End of loan 30/06/2023,0,IN
TM-2023-00379,2023/24,362981,Marco Varnier,800,Atalanta BC,41110,Atalanta U23,PERMANENT_OR_OTHER_EXPLICIT,-,0,OUT
TM-2023-00380,2023/24,364135,Moise Kean,29,Everton FC,506,Juventus FC,PERMANENT_OR_OTHER_EXPLICIT,€30.00m,0,IN
TM-2023-00381,2023/24,364135,Moise Kean,506,Juventus FC,29,Everton FC,LOAN_RETURN_OR_END_OF_LOAN,End of loan 30/06/2023,0,OUT
TM-2023-00382,2023/24,365108,Dan Ndoye,26,FC Basel 1893,1025,Bologna FC 1909,PERMANENT_OR_OTHER_EXPLICIT,€16.45m,0,IN
TM-2023-00383,2023/24,367464,Luís Maximiano,398,SS Lazio,3302,UD Almería,LOAN,Loan fee: €500k,0,OUT
TM-2023-00384,2023/24,367992,Jesper Karlsson,1090,AZ Alkmaar,1025,Bologna FC 1909,PERMANENT_OR_OTHER_EXPLICIT,€11.15m,0,IN
TM-2023-00385,2023/24,369674,Joakim Maehle,800,Atalanta BC,82,VfL Wolfsburg,PERMANENT_OR_OTHER_EXPLICIT,€12.50m,0,OUT
TM-2023-00386,2023/24,369684,Rasmus Nissen Kristensen,399,Leeds United,12,AS Roma,LOAN,loan transfer,0,IN
TM-2023-00387,2023/24,370701,Michele Cerofolini,430,ACF Fiorentina,8970,Frosinone Calcio,FREE_TRANSFER,free transfer,1,IN+OUT
TM-2023-00388,2023/24,370846,Timothy Weah,1082,LOSC Lille,506,Juventus FC,PERMANENT_OR_OTHER_EXPLICIT,€12.50m,0,IN
TM-2023-00389,2023/24,371013,Ivor Pandur,276,Hellas Verona,385,Fortuna Sittard,PERMANENT_OR_OTHER_EXPLICIT,€1.40m,0,OUT
TM-2023-00390,2023/24,371013,Ivor Pandur,385,Fortuna Sittard,276,Hellas Verona,LOAN_RETURN_OR_END_OF_LOAN,End of loan 30/06/2023,0,IN
TM-2023-00391,2023/24,371149,Evan Ndicka,24,Eintracht Frankfurt,12,AS Roma,FREE_TRANSFER,free transfer,0,IN
TM-2023-00392,2023/24,371247,Gabriel Brazão,1103,Ternana Calcio,46,Inter Milan,LOAN_RETURN_OR_END_OF_LOAN,End of loan 31/01/2024,0,IN
TM-2023-00393,2023/24,371247,Gabriel Brazão,46,Inter Milan,1103,Ternana Calcio,LOAN,loan transfer,0,OUT
TM-2023-00394,2023/24,371247,Gabriel Brazão,46,Inter Milan,221,Santos FC,FREE_TRANSFER,free transfer,0,OUT
TM-2023-00395,2023/24,371371,Marash Kumbulla,12,AS Roma,6574,US Sassuolo,LOAN,loan transfer,1,IN+OUT
TM-2023-00396,2023/24,372445,Dani Silva,2420,Vitória Guimarães SC,276,Hellas Verona,PERMANENT_OR_OTHER_EXPLICIT,€1.70m,0,IN
TM-2023-00397,2023/24,377042,Michael Folorunsho,332,SSC Bari,6195,SSC Napoli,LOAN_RETURN_OR_END_OF_LOAN,End of loan 30/06/2023,0,IN
TM-2023-00398,2023/24,377042,Michael Folorunsho,6195,SSC Napoli,276,Hellas Verona,LOAN,Loan fee: €200k,1,IN+OUT
TM-2023-00399,2023/24,380350,Igor Julio,430,ACF Fiorentina,1237,Brighton & Hove Albion,PERMANENT_OR_OTHER_EXPLICIT,€16.50m,0,OUT
TM-2023-00400,2023/24,381950,Alexis Saelemaekers,5,AC Milan,1025,Bologna FC 1909,LOAN,Loan fee: €500k,1,IN+OUT
TM-2023-00401,2023/24,382567,Matteo Cotali,8970,Frosinone Calcio,1385,Modena FC,FREE_TRANSFER,free transfer,0,OUT
TM-2023-00402,2023/24,384859,Fabien Centonze,995,FC Nantes,276,Hellas Verona,LOAN,loan transfer,0,IN
TM-2023-00403,2023/24,38607,Federico Di Francesco,1005,US Lecce,458,Palermo FC,PERMANENT_OR_OTHER_EXPLICIT,€1.30m,0,OUT
TM-2023-00404,2023/24,386567,Leonardo Loria,8970,Frosinone Calcio,4172,Pisa Sporting Club,LOAN_RETURN_OR_END_OF_LOAN,End of loan 30/06/2023,0,OUT
TM-2023-00405,2023/24,386755,Gianluca Frabotta,1005,US Lecce,506,Juventus FC,LOAN_RETURN_OR_END_OF_LOAN,End of loan 30/06/2023,1,IN+OUT
TM-2023-00406,2023/24,386755,Gianluca Frabotta,332,SSC Bari,506,Juventus FC,LOAN_RETURN_OR_END_OF_LOAN,End of loan 10/01/2024,0,IN
TM-2023-00407,2023/24,386755,Gianluca Frabotta,506,Juventus FC,332,SSC Bari,LOAN,loan transfer,0,OUT
TM-2023-00408,2023/24,386755,Gianluca Frabotta,506,Juventus FC,4031,Cosenza Calcio,LOAN,loan transfer,0,OUT
TM-2023-00409,2023/24,386755,Gianluca Frabotta,8970,Frosinone Calcio,1005,US Lecce,LOAN_RETURN_OR_END_OF_LOAN,End of loan 29/06/2023,1,IN+OUT
TM-2023-00410,2023/24,386914,Sam Lammers,1038,UC Sampdoria,749,FC Empoli,LOAN_RETURN_OR_END_OF_LOAN,End of loan 29/06/2023,0,IN
TM-2023-00411,2023/24,386914,Sam Lammers,749,FC Empoli,800,Atalanta BC,LOAN_RETURN_OR_END_OF_LOAN,End of loan 30/06/2023,1,IN+OUT
TM-2023-00412,2023/24,386914,Sam Lammers,800,Atalanta BC,124,Rangers FC,PERMANENT_OR_OTHER_EXPLICIT,€4.10m,0,OUT
TM-2023-00413,2023/24,387234,Szymon Żurkowski,3522,Spezia Calcio,430,ACF Fiorentina,LOAN_RETURN_OR_END_OF_LOAN,End of loan 30/06/2023,0,IN
TM-2023-00414,2023/24,387234,Szymon Żurkowski,3522,Spezia Calcio,749,FC Empoli,LOAN,loan transfer,0,IN
TM-2023-00415,2023/24,387234,Szymon Żurkowski,430,ACF Fiorentina,3522,Spezia Calcio,PERMANENT_OR_OTHER_EXPLICIT,€3.38m,0,OUT
TM-2023-00416,2023/24,388382,Assan Ceesay,1005,US Lecce,50532,Damac FC,PERMANENT_OR_OTHER_EXPLICIT,€2.50m,0,OUT
TM-2023-00417,2023/24,388516,Josep Martínez,23826,RB Leipzig,252,Genoa CFC,PERMANENT_OR_OTHER_EXPLICIT,€3.50m,0,IN
TM-2023-00418,2023/24,388516,Josep Martínez,252,Genoa CFC,23826,RB Leipzig,LOAN_RETURN_OR_END_OF_LOAN,End of loan 30/06/2023,0,OUT
TM-2023-00419,2023/24,390159,Vincenzo Millico,1390,Cagliari Calcio,408,Ascoli Calcio,FREE_TRANSFER,free transfer,0,OUT
TM-2023-00420,2023/24,390177,Nedim Bajrami,6574,US Sassuolo,749,FC Empoli,LOAN_RETURN_OR_END_OF_LOAN,End of loan 30/06/2023,1,IN+OUT
TM-2023-00421,2023/24,390177,Nedim Bajrami,749,FC Empoli,6574,US Sassuolo,PERMANENT_OR_OTHER_EXPLICIT,€6.00m,1,IN+OUT
TM-2023-00422,2023/24,390638,Arthur Cabral,430,ACF Fiorentina,294,SL Benfica,PERMANENT_OR_OTHER_EXPLICIT,€21.00m,0,OUT
TM-2023-00423,2023/24,391049,Gabriel Meli,27624,US Recanatese,749,FC Empoli,LOAN_RETURN_OR_END_OF_LOAN,End of loan 24/05/2023,0,IN
TM-2023-00424,2023/24,391049,Gabriel Meli,749,FC Empoli,27624,US Recanatese,FREE_TRANSFER,free transfer,0,OUT
TM-2023-00425,2023/24,391065,Hamed Traoré,6574,US Sassuolo,989,AFC Bournemouth,PERMANENT_OR_OTHER_EXPLICIT,€25.62m,0,OUT
TM-2023-00426,2023/24,391065,Hamed Traoré,989,AFC Bournemouth,6195,SSC Napoli,LOAN,loan transfer,0,IN
TM-2023-00427,2023/24,391065,Hamed Traoré,989,AFC Bournemouth,6574,US Sassuolo,LOAN_RETURN_OR_END_OF_LOAN,End of loan 30/06/2023,0,IN
TM-2023-00428,2023/24,391498,Mert Çetin,276,Hellas Verona,868,MKE Ankaragücü,LOAN,loan transfer,0,OUT
TM-2023-00429,2023/24,391498,Mert Çetin,3840,Adana Demirspor,276,Hellas Verona,LOAN_RETURN_OR_END_OF_LOAN,End of loan 30/06/2023,0,IN
TM-2023-00430,2023/24,391719,Domingos Quina,1010,Watford FC,410,Udinese Calcio,PERMANENT_OR_OTHER_EXPLICIT,?,0,IN
TM-2023-00431,2023/24,391719,Domingos Quina,410,Udinese Calcio,6912,FC Vizela,LOAN,loan transfer,0,OUT
TM-2023-00432,2023/24,392033,Gabriele Ferrarini,1385,Modena FC,2919,AC Monza,LOAN_RETURN_OR_END_OF_LOAN,End of loan 29/06/2023,0,IN
TM-2023-00433,2023/24,392033,Gabriele Ferrarini,2919,AC Monza,430,ACF Fiorentina,LOAN_RETURN_OR_END_OF_LOAN,End of loan 30/06/2023,1,IN+OUT
TM-2023-00434,2023/24,392033,Gabriele Ferrarini,430,ACF Fiorentina,9439,Feralpisalò,LOAN,loan transfer,0,OUT
TM-2023-00435,2023/24,392570,Marco Sala,458,Palermo FC,6574,US Sassuolo,LOAN_RETURN_OR_END_OF_LOAN,End of loan 30/06/2023,0,IN
TM-2023-00436,2023/24,392570,Marco Sala,6574,US Sassuolo,1047,Como 1907,FREE_TRANSFER,free transfer,0,OUT
TM-2023-00437,2023/24,392963,Salvatore Elia,458,Palermo FC,800,Atalanta BC,LOAN_RETURN_OR_END_OF_LOAN,End of loan 30/06/2023,0,IN
TM-2023-00438,2023/24,392963,Salvatore Elia,800,Atalanta BC,3522,Spezia Calcio,PERMANENT_OR_OTHER_EXPLICIT,€1.85m,0,OUT
TM-2023-00439,2023/24,392964,Emmanuel Latte Lath,257,FC St. Gallen 1879,800,Atalanta BC,LOAN_RETURN_OR_END_OF_LOAN,End of loan 30/06/2023,0,IN
TM-2023-00440,2023/24,392964,Emmanuel Latte Lath,800,Atalanta BC,641,Middlesbrough FC,PERMANENT_OR_OTHER_EXPLICIT,€7.10m,0,OUT
TM-2023-00441,2023/24,392966,Nadir Zortea,6574,US Sassuolo,800,Atalanta BC,LOAN_RETURN_OR_END_OF_LOAN,End of loan 30/06/2023,1,IN+OUT
TM-2023-00442,2023/24,392966,Nadir Zortea,800,Atalanta BC,8970,Frosinone Calcio,LOAN,loan transfer,1,IN+OUT
TM-2023-00443,2023/24,394300,Davide Frattesi,6574,US Sassuolo,46,Inter Milan,LOAN,Loan fee: €5.00m,1,IN+OUT
TM-2023-00444,2023/24,394304,Manolo Portanova,252,Genoa CFC,5621,AC Reggiana 1919,LOAN,loan transfer,0,OUT
TM-2023-00445,2023/24,394346,Emanuel Vignato,1025,Bologna FC 1909,4172,Pisa Sporting Club,PERMANENT_OR_OTHER_EXPLICIT,€400k,0,OUT
TM-2023-00446,2023/24,394346,Emanuel Vignato,4172,Pisa Sporting Club,380,US Salernitana 1919,LOAN,loan transfer,0,IN
TM-2023-00447,2023/24,394346,Emanuel Vignato,749,FC Empoli,1025,Bologna FC 1909,LOAN_RETURN_OR_END_OF_LOAN,End of loan 30/06/2023,1,IN+OUT
TM-2023-00448,2023/24,395083,Andreaw Gravillon,416,Torino FC,1421,Stade Reims,LOAN_RETURN_OR_END_OF_LOAN,End of loan 30/06/2023,0,OUT
TM-2023-00449,2023/24,395190,Francesco Mezzoni,1388,Ancona Calcio,6195,SSC Napoli,LOAN_RETURN_OR_END_OF_LOAN,End of loan 30/06/2023,0,IN
TM-2023-00450,2023/24,395190,Francesco Mezzoni,6195,SSC Napoli,839,AC Perugia Calcio,LOAN,loan transfer,0,OUT
TM-2023-00451,2023/24,395693,Houssem Aouar,1041,Olympique Lyon,12,AS Roma,FREE_TRANSFER,free transfer,0,IN
TM-2023-00452,2023/24,397033,Sandro Tonali,5,AC Milan,762,Newcastle United,PERMANENT_OR_OTHER_EXPLICIT,€67.10m,0,OUT
TM-2023-00453,2023/24,397225,Alessandro Zanoli,1038,UC Sampdoria,6195,SSC Napoli,LOAN_RETURN_OR_END_OF_LOAN,End of loan 30/06/2023,0,IN
TM-2023-00454,2023/24,397225,Alessandro Zanoli,6195,SSC Napoli,380,US Salernitana 1919,LOAN,Loan fee: €100k,1,IN+OUT
TM-2023-00455,2023/24,397721,Gioacchino Galeotafiore,380,US Salernitana 1919,19164,Paganese Calcio 1926,FREE_TRANSFER,free transfer,0,OUT
TM-2023-00456,2023/24,398163,Gonzalo Villar,12,AS Roma,16795,Granada CF,PERMANENT_OR_OTHER_EXPLICIT,€1.80m,0,OUT
TM-2023-00457,2023/24,398163,Gonzalo Villar,3709,Getafe CF,12,AS Roma,LOAN_RETURN_OR_END_OF_LOAN,End of loan 30/06/2023,0,IN
TM-2023-00458,2023/24,398808,Martin Hongla,276,Hellas Verona,16795,Granada CF,PERMANENT_OR_OTHER_EXPLICIT,€2.75m,0,OUT
TM-2023-00459,2023/24,398808,Martin Hongla,366,Real Valladolid CF,276,Hellas Verona,LOAN_RETURN_OR_END_OF_LOAN,End of loan 30/06/2023,0,IN
TM-2023-00460,2023/24,398945,Miloš Bočić,8970,Frosinone Calcio,2921,Delfino Pescara 1936,LOAN_RETURN_OR_END_OF_LOAN,End of loan 30/06/2023,0,OUT
TM-2023-00461,2023/24,399543,Rémi Oudin,1005,US Lecce,40,FC Girondins Bordeaux,LOAN_RETURN_OR_END_OF_LOAN,End of loan 30/06/2023,0,OUT
TM-2023-00462,2023/24,399543,Rémi Oudin,40,FC Girondins Bordeaux,1005,US Lecce,PERMANENT_OR_OTHER_EXPLICIT,€1.00m,0,IN
TM-2023-00463,2023/24,39983,Leonardo Bonucci,506,Juventus FC,89,1.FC Union Berlin,FREE_TRANSFER,free transfer,0,OUT
TM-2023-00464,2023/24,400489,Eljif Elmas,6195,SSC Napoli,23826,RB Leipzig,PERMANENT_OR_OTHER_EXPLICIT,€24.00m,0,OUT
TM-2023-00465,2023/24,40074,Stefan Ilsanker,252,Genoa CFC,,Career break,PERMANENT_OR_OTHER_EXPLICIT,-,0,OUT
TM-2023-00466,2023/24,401527,Rogério,6574,US Sassuolo,82,VfL Wolfsburg,PERMANENT_OR_OTHER_EXPLICIT,€5.50m,0,OUT
TM-2023-00467,2023/24,401920,Kingsley Michael,1025,Bologna FC 1909,307,DSV Leoben,FREE_TRANSFER,free transfer,0,OUT
TM-2023-00468,2023/24,401922,Samuel Chukwueze,1050,Villarreal CF,5,AC Milan,PERMANENT_OR_OTHER_EXPLICIT,€21.10m,0,IN
TM-2023-00469,2023/24,401935,Orji Okwonkwo,1025,Bologna FC 1909,5621,AC Reggiana 1919,LOAN,Loan fee: €450,0,OUT
TM-2023-00470,2023/24,404260,Aleksa Terzić,430,ACF Fiorentina,409,Red Bull Salzburg,PERMANENT_OR_OTHER_EXPLICIT,€5.65m,0,OUT
TM-2023-00471,2023/24,40433,Alexis Sánchez,244,Olympique Marseille,46,Inter Milan,FREE_TRANSFER,free transfer,0,IN
TM-2023-00472,2023/24,404995,Davide Diaw,1385,Modena FC,2919,AC Monza,LOAN_RETURN_OR_END_OF_LOAN,End of loan 30/06/2023,0,IN
TM-2023-00473,2023/24,404995,Davide Diaw,2919,AC Monza,332,SSC Bari,LOAN,loan transfer,0,OUT
TM-2023-00474,2023/24,405399,Denis Drăguș,252,Genoa CFC,3057,Standard Liège,LOAN_RETURN_OR_END_OF_LOAN,End of loan 30/06/2023,0,OUT
TM-2023-00475,2023/24,405885,Giacomo Raspadori,6195,SSC Napoli,6574,US Sassuolo,LOAN_RETURN_OR_END_OF_LOAN,End of loan 30/06/2023,1,IN+OUT
TM-2023-00476,2023/24,405885,Giacomo Raspadori,6574,US Sassuolo,6195,SSC Napoli,PERMANENT_OR_OTHER_EXPLICIT,€28.00m,1,IN+OUT
TM-2023-00477,2023/24,406806,Emil Bohinen,380,US Salernitana 1919,252,Genoa CFC,LOAN,loan transfer,1,IN+OUT
TM-2023-00478,2023/24,406912,Gabriele Bellodi,5,AC Milan,9826,Olbia Calcio 1905,FREE_TRANSFER,free transfer,0,OUT
TM-2023-00479,2023/24,406912,Gabriele Bellodi,9826,Olbia Calcio 1905,5,AC Milan,LOAN_RETURN_OR_END_OF_LOAN,End of loan 30/06/2023,0,IN
TM-2023-00480,2023/24,410158,Rodrigo Becão,410,Udinese Calcio,36,Fenerbahce,PERMANENT_OR_OTHER_EXPLICIT,€8.31m,0,OUT
TM-2023-00481,2023/24,412366,Brenner,51772,FC Cincinnati,410,Udinese Calcio,PERMANENT_OR_OTHER_EXPLICIT,€10.00m,0,IN
TM-2023-00482,2023/24,412649,Tommaso Cassandro,1005,US Lecce,1047,Como 1907,PERMANENT_OR_OTHER_EXPLICIT,€350k,0,OUT
TM-2023-00483,2023/24,412660,Keinan Davis,405,Aston Villa,410,Udinese Calcio,PERMANENT_OR_OTHER_EXPLICIT,€2.30m,0,IN
TM-2023-00484,2023/24,412758,Giorgi Kvernadze,28971,FC Kolkheti-1913 Poti,8970,Frosinone Calcio,LOAN,loan transfer,0,IN
TM-2023-00485,2023/24,413605,David Okereke,2239,US Cremonese,416,Torino FC,LOAN,loan transfer,0,IN
TM-2023-00486,2023/24,41384,Marko Arnautovic,1025,Bologna FC 1909,46,Inter Milan,LOAN,loan transfer,1,IN+OUT
TM-2023-00487,2023/24,413942,John Björkengren,1005,US Lecce,5724,Randers FC,PERMANENT_OR_OTHER_EXPLICIT,€300k,0,OUT
TM-2023-00488,2023/24,413942,John Björkengren,19,Brescia Calcio (- 2025),1005,US Lecce,LOAN_RETURN_OR_END_OF_LOAN,End of loan 30/06/2023,0,IN
TM-2023-00489,2023/24,416371,Davide Zugaro,46,Inter Milan,515,Without Club,FREE_AGENT_OR_END_OF_CONTRACT,-,0,OUT
TM-2023-00490,2023/24,416371,Davide Zugaro,74951,Sangiuliano City,46,Inter Milan,LOAN_RETURN_OR_END_OF_LOAN,End of loan 30/06/2023,0,IN
TM-2023-00491,2023/24,416386,Abdou Harroui,6574,US Sassuolo,8970,Frosinone Calcio,PERMANENT_OR_OTHER_EXPLICIT,€700k,1,IN+OUT
TM-2023-00492,2023/24,417414,Davide Marfella,6195,SSC Napoli,4106,Casertana FC,FREE_TRANSFER,free transfer,0,OUT
TM-2023-00493,2023/24,417575,Uros Racic,1049,Valencia CF,6574,US Sassuolo,PERMANENT_OR_OTHER_EXPLICIT,€2.50m,0,IN
TM-2023-00494,2023/24,417896,Nicola Rauti,2722,SPAL,416,Torino FC,LOAN_RETURN_OR_END_OF_LOAN,End of loan 30/06/2023,0,IN
TM-2023-00495,2023/24,417896,Nicola Rauti,416,Torino FC,4554,FC Südtirol,LOAN,loan transfer,0,OUT
TM-2023-00496,2023/24,418559,Erik Botheim,380,US Salernitana 1919,496,Malmö FF,FREE_TRANSFER,free transfer,0,OUT
TM-2023-00497,2023/24,418571,Hamza Rafia,2921,Delfino Pescara 1936,1005,US Lecce,PERMANENT_OR_OTHER_EXPLICIT,€800k,0,IN
TM-2023-00498,2023/24,420465,Tiago Djaló,1082,LOSC Lille,506,Juventus FC,PERMANENT_OR_OTHER_EXPLICIT,€5.10m,0,IN
TM-2023-00499,2023/24,421766,Ludovico Gelmi,800,Atalanta BC,41110,Atalanta U23,PERMANENT_OR_OTHER_EXPLICIT,-,0,OUT
TM-2023-00500,2023/24,421766,Ludovico Gelmi,9826,Olbia Calcio 1905,800,Atalanta BC,LOAN_RETURN_OR_END_OF_LOAN,End of loan 30/06/2023,0,IN
TM-2023-00501,2023/24,421768,Alessandro Cortinovis,276,Hellas Verona,800,Atalanta BC,LOAN_RETURN_OR_END_OF_LOAN,End of loan 30/06/2023,1,IN+OUT
TM-2023-00502,2023/24,421768,Alessandro Cortinovis,4031,Cosenza Calcio,276,Hellas Verona,LOAN_RETURN_OR_END_OF_LOAN,End of loan 29/06/2023,0,IN
TM-2023-00503,2023/24,421768,Alessandro Cortinovis,800,Atalanta BC,41110,Atalanta U23,PERMANENT_OR_OTHER_EXPLICIT,-,0,OUT
TM-2023-00504,2023/24,421769,Davide Ghislandi,4271,US Triestina,800,Atalanta BC,LOAN_RETURN_OR_END_OF_LOAN,End of loan 30/06/2023,0,IN
TM-2023-00505,2023/24,421769,Davide Ghislandi,800,Atalanta BC,41110,Atalanta U23,PERMANENT_OR_OTHER_EXPLICIT,-,0,OUT
TM-2023-00506,2023/24,421775,Nicolò Armini,398,SS Lazio,7197,Potenza Calcio,FREE_TRANSFER,free transfer,0,OUT
TM-2023-00507,2023/24,421775,Nicolò Armini,7197,Potenza Calcio,398,SS Lazio,LOAN_RETURN_OR_END_OF_LOAN,End of loan 30/06/2023,0,IN
TM-2023-00508,2023/24,421781,Valerio Labriola,4093,Taranto SS,6195,SSC Napoli,LOAN_RETURN_OR_END_OF_LOAN,End of loan 30/06/2023,0,IN
TM-2023-00509,2023/24,421781,Valerio Labriola,6195,SSC Napoli,9818,Giugliano Calcio 1928,FREE_TRANSFER,free transfer,0,OUT
TM-2023-00510,2023/24,421869,Nicholas Rizzo,252,Genoa CFC,4271,US Triestina,FREE_TRANSFER,free transfer,0,OUT
TM-2023-00511,2023/24,421869,Nicholas Rizzo,26789,FC Pro Vercelli 1892,252,Genoa CFC,LOAN_RETURN_OR_END_OF_LOAN,End of loan 30/06/2023,0,IN
TM-2023-00512,2023/24,421873,Elia Caprile,332,SSC Bari,6195,SSC Napoli,PERMANENT_OR_OTHER_EXPLICIT,€2.20m,0,IN
TM-2023-00513,2023/24,421873,Elia Caprile,6195,SSC Napoli,749,FC Empoli,LOAN,Loan fee: €500k,1,IN+OUT
TM-2023-00514,2023/24,42205,Yann Sommer,27,Bayern Munich,46,Inter Milan,PERMANENT_OR_OTHER_EXPLICIT,€6.90m,0,IN
TM-2023-00515,2023/24,427197,William Bianda,12,AS Roma,515,Without Club,FREE_AGENT_OR_END_OF_CONTRACT,-,0,OUT
TM-2023-00516,2023/24,42744,Samir Ujkani,749,FC Empoli,,Retired,RETIREMENT,-,0,OUT
TM-2023-00517,2023/24,430280,Hans Nicolussi Caviglia,380,US Salernitana 1919,41101,Juventus Next Gen,LOAN_RETURN_OR_END_OF_LOAN,End of loan 30/06/2023,0,OUT
TM-2023-00518,2023/24,430280,Hans Nicolussi Caviglia,41101,Juventus Next Gen,506,Juventus FC,PERMANENT_OR_OTHER_EXPLICIT,-,0,IN
TM-2023-00519,2023/24,431755,Dejan Kulusevski,148,Tottenham Hotspur,506,Juventus FC,LOAN_RETURN_OR_END_OF_LOAN,End of loan 30/06/2023,0,IN
TM-2023-00520,2023/24,431755,Dejan Kulusevski,506,Juventus FC,148,Tottenham Hotspur,PERMANENT_OR_OTHER_EXPLICIT,€30.00m,0,OUT
TM-2023-00521,2023/24,431811,Ola Solbakken,12,AS Roma,683,Olympiacos Piraeus,LOAN,Loan fee: €1.50m,0,OUT
TM-2023-00522,2023/24,431811,Ola Solbakken,12,AS Roma,828,Urawa Red Diamonds,LOAN,loan transfer,0,OUT
TM-2023-00523,2023/24,431811,Ola Solbakken,683,Olympiacos Piraeus,12,AS Roma,LOAN_RETURN_OR_END_OF_LOAN,End of loan 11/01/2024,0,IN
TM-2023-00524,2023/24,432088,Giacomo Siniega,39818,San Donato Tavarnelle,749,FC Empoli,LOAN_RETURN_OR_END_OF_LOAN,End of loan 30/06/2023,0,IN
TM-2023-00525,2023/24,432088,Giacomo Siniega,749,FC Empoli,2253,SEF Torres 1903,LOAN,loan transfer,0,OUT
TM-2023-00526,2023/24,432089,Emmanuel Gyabuaa,2921,Delfino Pescara 1936,800,Atalanta BC,LOAN_RETURN_OR_END_OF_LOAN,End of loan 30/06/2023,0,IN
TM-2023-00527,2023/24,432089,Emmanuel Gyabuaa,800,Atalanta BC,41110,Atalanta U23,PERMANENT_OR_OTHER_EXPLICIT,-,0,OUT
TM-2023-00528,2023/24,432092,Roberto Piccoli,749,FC Empoli,800,Atalanta BC,LOAN_RETURN_OR_END_OF_LOAN,End of loan 31/08/2023,1,IN+OUT
TM-2023-00529,2023/24,432092,Roberto Piccoli,800,Atalanta BC,1005,US Lecce,LOAN,loan transfer,1,IN+OUT
TM-2023-00530,2023/24,43217,Pierluigi Frattali,332,SSC Bari,8970,Frosinone Calcio,PERMANENT_OR_OTHER_EXPLICIT,?,0,IN
TM-2023-00531,2023/24,432758,Toni Fruk,24575,HNK Gorica,430,ACF Fiorentina,LOAN_RETURN_OR_END_OF_LOAN,End of loan 30/06/2023,0,IN
TM-2023-00532,2023/24,432758,Toni Fruk,430,ACF Fiorentina,144,HNK Rijeka,PERMANENT_OR_OTHER_EXPLICIT,€4.00m,0,OUT
TM-2023-00533,2023/24,433584,Alessio Zerbin,6195,SSC Napoli,2919,AC Monza,LOAN,loan transfer,1,IN+OUT
TM-2023-00534,2023/24,433984,Sam Beukema,1090,AZ Alkmaar,1025,Bologna FC 1909,PERMANENT_OR_OTHER_EXPLICIT,€10.88m,0,IN
TM-2023-00535,2023/24,434433,Nikola Krstović,4529,DAC Dunajska Streda,1005,US Lecce,PERMANENT_OR_OTHER_EXPLICIT,€8.15m,0,IN
TM-2023-00536,2023/24,434676,Ronaldo Vieira,416,Torino FC,1038,UC Sampdoria,LOAN_RETURN_OR_END_OF_LOAN,End of loan 30/06/2023,0,OUT
TM-2023-00537,2023/24,435772,Charles De Ketelaere,5,AC Milan,800,Atalanta BC,LOAN,Loan fee: €3.00m,1,IN+OUT
TM-2023-00538,2023/24,43848,Miguel Veloso,276,Hellas Verona,4172,Pisa Sporting Club,FREE_TRANSFER,free transfer,0,OUT
TM-2023-00539,2023/24,439072,Matías Viña,12,AS Roma,614,CR Flamengo,PERMANENT_OR_OTHER_EXPLICIT,€8.10m,0,OUT
TM-2023-00540,2023/24,439072,Matías Viña,12,AS Roma,6574,US Sassuolo,LOAN,loan transfer,1,IN+OUT
TM-2023-00541,2023/24,439072,Matías Viña,6574,US Sassuolo,12,AS Roma,LOAN_RETURN_OR_END_OF_LOAN,End of loan 24/01/2024,1,IN+OUT
TM-2023-00542,2023/24,439072,Matías Viña,989,AFC Bournemouth,12,AS Roma,LOAN_RETURN_OR_END_OF_LOAN,End of loan 30/06/2023,0,IN
TM-2023-00543,2023/24,439292,Sydney van Hooijdonk,1025,Bologna FC 1909,1123,Norwich City,LOAN,loan transfer,0,OUT
TM-2023-00544,2023/24,439292,Sydney van Hooijdonk,306,SC Heerenveen,1025,Bologna FC 1909,LOAN_RETURN_OR_END_OF_LOAN,End of loan 30/06/2023,0,IN
TM-2023-00545,2023/24,44136,Domenico Criscito,252,Genoa CFC,,Retired,RETIREMENT,-,0,OUT
TM-2023-00546,2023/24,441515,Daniel Boloca,8970,Frosinone Calcio,6574,US Sassuolo,PERMANENT_OR_OTHER_EXPLICIT,€6.50m,1,IN+OUT
TM-2023-00547,2023/24,441986,Yann Bisseck,678,Aarhus GF,46,Inter Milan,PERMANENT_OR_OTHER_EXPLICIT,€7.20m,0,IN
TM-2023-00548,2023/24,442703,Ylber Ramadani,370,Aberdeen FC,1005,US Lecce,PERMANENT_OR_OTHER_EXPLICIT,€1.30m,0,IN
TM-2023-00549,2023/24,44420,Ștefan Radu,398,SS Lazio,,Retired,RETIREMENT,-,0,OUT
TM-2023-00550,2023/24,445126,Emanuele Valeri,2239,US Cremonese,8970,Frosinone Calcio,FREE_TRANSFER,free transfer,0,IN
TM-2023-00551,2023/24,448466,Jovane Cabral,336,Sporting CP,380,US Salernitana 1919,LOAN,loan transfer,0,IN
TM-2023-00552,2023/24,448466,Jovane Cabral,380,US Salernitana 1919,336,Sporting CP,LOAN_RETURN_OR_END_OF_LOAN,End of loan 30/01/2024,0,OUT
TM-2023-00553,2023/24,449151,Junior Messias,252,Genoa CFC,5,AC Milan,LOAN_RETURN_OR_END_OF_LOAN,End of loan 12/01/2024,1,IN+OUT
TM-2023-00554,2023/24,449151,Junior Messias,5,AC Milan,252,Genoa CFC,LOAN,Loan fee: €1.50m,1,IN+OUT
TM-2023-00555,2023/24,449151,Junior Messias,5,AC Milan,252,Genoa CFC,PERMANENT_OR_OTHER_EXPLICIT,€1.50m,1,IN+OUT
TM-2023-00556,2023/24,450417,Dylan Bronn,380,US Salernitana 1919,61,Servette FC,LOAN,loan transfer,0,OUT
TM-2023-00557,2023/24,450936,Tanguy Ndombélé,6195,SSC Napoli,148,Tottenham Hotspur,LOAN_RETURN_OR_END_OF_LOAN,End of loan 30/06/2023,0,OUT
TM-2023-00558,2023/24,45320,Ángel Di María,506,Juventus FC,294,SL Benfica,FREE_TRANSFER,free transfer,0,OUT
TM-2023-00559,2023/24,453864,Marvin Cuni,28,FC Bayern Munich II,8970,Frosinone Calcio,PERMANENT_OR_OTHER_EXPLICIT,€1.00m,0,IN
TM-2023-00560,2023/24,457422,Samuele Mulattieri,46,Inter Milan,6574,US Sassuolo,PERMANENT_OR_OTHER_EXPLICIT,€5.30m,1,IN+OUT
TM-2023-00561,2023/24,457422,Samuele Mulattieri,8970,Frosinone Calcio,46,Inter Milan,LOAN_RETURN_OR_END_OF_LOAN,End of loan 30/06/2023 €1.00m,1,IN+OUT
TM-2023-00562,2023/24,457673,Gabriel Strefezza,1005,US Lecce,1047,Como 1907,LOAN,loan transfer,0,OUT
TM-2023-00563,2023/24,457674,Alessandro Di Pardo,1390,Cagliari Calcio,41101,Juventus Next Gen,LOAN_RETURN_OR_END_OF_LOAN,End of loan 30/06/2023,0,OUT
TM-2023-00564,2023/24,457674,Alessandro Di Pardo,41101,Juventus Next Gen,1390,Cagliari Calcio,PERMANENT_OR_OTHER_EXPLICIT,€2.00m,0,IN
TM-2023-00565,2023/24,457736,Tijjani Noslin,385,Fortuna Sittard,276,Hellas Verona,PERMANENT_OR_OTHER_EXPLICIT,€3.00m,0,IN
TM-2023-00566,2023/24,457859,Michele Avella,515,Without Club,8970,Frosinone Calcio,FREE_AGENT_OR_END_OF_CONTRACT,-,0,IN
TM-2023-00567,2023/24,457859,Michele Avella,8970,Frosinone Calcio,19,Brescia Calcio (- 2025),LOAN,loan transfer,0,OUT
TM-2023-00568,2023/24,459102,Thomas Vettorel,33734,SS Monopoli 1966,8970,Frosinone Calcio,LOAN_RETURN_OR_END_OF_LOAN,End of loan 30/06/2023,0,IN
TM-2023-00569,2023/24,459102,Thomas Vettorel,8970,Frosinone Calcio,4326,AS Gubbio 1910,FREE_TRANSFER,free transfer,0,OUT
TM-2023-00570,2023/24,459128,Marco Brescianini,4031,Cosenza Calcio,5,AC Milan,LOAN_RETURN_OR_END_OF_LOAN,End of loan 30/06/2023,0,IN
TM-2023-00571,2023/24,459128,Marco Brescianini,5,AC Milan,8970,Frosinone Calcio,PERMANENT_OR_OTHER_EXPLICIT,€6.20m,1,IN+OUT
TM-2023-00572,2023/24,459149,Lorenzo Peli,1388,Ancona Calcio,800,Atalanta BC,LOAN_RETURN_OR_END_OF_LOAN,End of loan 24/01/2024,0,IN
TM-2023-00573,2023/24,459149,Lorenzo Peli,14888,US Città di Pontedera,800,Atalanta BC,LOAN_RETURN_OR_END_OF_LOAN,End of loan 30/06/2023,0,IN
TM-2023-00574,2023/24,459149,Lorenzo Peli,800,Atalanta BC,1388,Ancona Calcio,LOAN,loan transfer,0,OUT
TM-2023-00575,2023/24,459149,Lorenzo Peli,800,Atalanta BC,14888,US Città di Pontedera,LOAN,loan transfer,0,OUT
TM-2023-00576,2023/24,459644,Adama Sane,276,Hellas Verona,32768,Gzira United FC,FREE_TRANSFER,free transfer,0,OUT
TM-2023-00577,2023/24,459644,Adama Sane,30326,Gelbison,276,Hellas Verona,LOAN_RETURN_OR_END_OF_LOAN,End of loan 30/06/2023,0,IN
TM-2023-00578,2023/24,459655,Matteo Lovato,380,US Salernitana 1919,416,Torino FC,LOAN,Loan fee: €350k,1,IN+OUT
TM-2023-00579,2023/24,459658,Andrea Cambiaso,1025,Bologna FC 1909,506,Juventus FC,LOAN_RETURN_OR_END_OF_LOAN,End of loan 30/06/2023,1,IN+OUT
TM-2023-00580,2023/24,459661,Eddie Salcedo,12567,CD Eldense,46,Inter Milan,LOAN_RETURN_OR_END_OF_LOAN,End of loan 09/01/2024,0,IN
TM-2023-00581,2023/24,459661,Eddie Salcedo,252,Genoa CFC,46,Inter Milan,LOAN_RETURN_OR_END_OF_LOAN,End of loan 30/06/2023,1,IN+OUT
TM-2023-00582,2023/24,459661,Eddie Salcedo,46,Inter Milan,12567,CD Eldense,LOAN,loan transfer,0,OUT
TM-2023-00583,2023/24,459661,Eddie Salcedo,46,Inter Milan,5514,Calcio Lecco 1912,LOAN,loan transfer,0,OUT
TM-2023-00584,2023/24,459665,Patrizio Masini,252,Genoa CFC,408,Ascoli Calcio,LOAN,loan transfer,0,OUT
TM-2023-00585,2023/24,459665,Patrizio Masini,6692,Novara FC,252,Genoa CFC,LOAN_RETURN_OR_END_OF_LOAN,End of loan 30/06/2023,0,IN
TM-2023-00586,2023/24,459697,Niccolò Chiorra,2581,Mantova 1911,749,FC Empoli,LOAN_RETURN_OR_END_OF_LOAN,End of loan 30/06/2023,0,IN
TM-2023-00587,2023/24,459697,Niccolò Chiorra,749,FC Empoli,1253,Lucchese Calcio,LOAN,loan transfer,0,OUT
TM-2023-00588,2023/24,459704,Mattia Fiorini,4163,US Fiorenzuola 1922,430,ACF Fiorentina,LOAN_RETURN_OR_END_OF_LOAN,End of loan 30/06/2023,0,IN
TM-2023-00589,2023/24,459704,Mattia Fiorini,430,ACF Fiorentina,27624,US Recanatese,LOAN,loan transfer,0,OUT
TM-2023-00590,2023/24,459704,Mattia Fiorini,430,ACF Fiorentina,704,Calcio Foggia 1920,LOAN,loan transfer,0,OUT
TM-2023-00591,2023/24,459704,Mattia Fiorini,704,Calcio Foggia 1920,430,ACF Fiorentina,LOAN_RETURN_OR_END_OF_LOAN,End of loan 31/01/2024,0,IN
TM-2023-00592,2023/24,459707,Eduard Duțu,1388,Ancona Calcio,430,ACF Fiorentina,LOAN_RETURN_OR_END_OF_LOAN,End of loan 03/01/2024,0,IN
TM-2023-00593,2023/24,459707,Eduard Duțu,430,ACF Fiorentina,1388,Ancona Calcio,LOAN,loan transfer,0,OUT
TM-2023-00594,2023/24,459707,Eduard Duțu,430,ACF Fiorentina,49939,Virtus Francavilla Calcio,LOAN,loan transfer,0,OUT
TM-2023-00595,2023/24,459707,Eduard Duțu,4326,AS Gubbio 1910,430,ACF Fiorentina,LOAN_RETURN_OR_END_OF_LOAN,End of loan 30/06/2023,0,IN
TM-2023-00596,2023/24,459763,Marco Carnesecchi,2239,US Cremonese,800,Atalanta BC,LOAN_RETURN_OR_END_OF_LOAN,End of loan 30/06/2023,0,IN
TM-2023-00597,2023/24,459842,Sébastian Breza,1025,Bologna FC 1909,322,Yverdon Sport FC,LOAN,loan transfer,0,OUT
TM-2023-00598,2023/24,459842,Sébastian Breza,1025,Bologna FC 1909,4078,CF Montréal,FREE_TRANSFER,free transfer,0,OUT
TM-2023-00599,2023/24,459842,Sébastian Breza,322,Yverdon Sport FC,1025,Bologna FC 1909,LOAN_RETURN_OR_END_OF_LOAN,End of loan 14/01/2024,0,IN
TM-2023-00600,2023/24,459842,Sébastian Breza,4159,Carrarese Calcio 1908,1025,Bologna FC 1909,LOAN_RETURN_OR_END_OF_LOAN,End of loan 30/06/2023,0,IN
TM-2023-00601,2023/24,459945,Nunzio Lella,1390,Cagliari Calcio,607,Venezia FC,PERMANENT_OR_OTHER_EXPLICIT,€800k,0,OUT
TM-2023-00602,2023/24,459953,Giacomo Manzari,33734,SS Monopoli 1966,8970,Frosinone Calcio,LOAN_RETURN_OR_END_OF_LOAN,End of loan 29/06/2023,0,IN
TM-2023-00603,2023/24,459953,Giacomo Manzari,408,Ascoli Calcio,6574,US Sassuolo,LOAN_RETURN_OR_END_OF_LOAN,End of loan 29/01/2024,0,IN
TM-2023-00604,2023/24,459953,Giacomo Manzari,6574,US Sassuolo,408,Ascoli Calcio,LOAN,loan transfer,0,OUT
TM-2023-00605,2023/24,459953,Giacomo Manzari,6574,US Sassuolo,9439,Feralpisalò,LOAN,loan transfer,0,OUT
TM-2023-00606,2023/24,459953,Giacomo Manzari,8970,Frosinone Calcio,6574,US Sassuolo,LOAN_RETURN_OR_END_OF_LOAN,End of loan 30/06/2023,1,IN+OUT
TM-2023-00607,2023/24,459988,Gennaro Borrelli,2921,Delfino Pescara 1936,8970,Frosinone Calcio,PERMANENT_OR_OTHER_EXPLICIT,€330k,0,IN
TM-2023-00608,2023/24,459988,Gennaro Borrelli,8970,Frosinone Calcio,19,Brescia Calcio (- 2025),LOAN,loan transfer,0,OUT
TM-2023-00609,2023/24,459988,Gennaro Borrelli,8970,Frosinone Calcio,2921,Delfino Pescara 1936,LOAN_RETURN_OR_END_OF_LOAN,End of loan 30/06/2023,0,OUT
TM-2023-00610,2023/24,459991,Marco Pompetti,4554,FC Südtirol,46,Inter Milan,LOAN_RETURN_OR_END_OF_LOAN,End of loan 30/06/2023,0,IN
TM-2023-00611,2023/24,459991,Marco Pompetti,46,Inter Milan,4097,US Catanzaro,PERMANENT_OR_OTHER_EXPLICIT,€500k,0,OUT
TM-2023-00612,2023/24,460034,Giuseppe Marcianò,8970,Frosinone Calcio,515,Without Club,FREE_AGENT_OR_END_OF_CONTRACT,-,0,OUT
TM-2023-00613,2023/24,460939,Tijjani Reijnders,1090,AZ Alkmaar,5,AC Milan,PERMANENT_OR_OTHER_EXPLICIT,€24.80m,0,IN
TM-2023-00614,2023/24,461496,Morten Hjulmand,1005,US Lecce,336,Sporting CP,PERMANENT_OR_OTHER_EXPLICIT,€19.50m,0,OUT
TM-2023-00615,2023/24,461833,Caleb Okoli,800,Atalanta BC,8970,Frosinone Calcio,LOAN,Loan fee: €100k,1,IN+OUT
TM-2023-00616,2023/24,462086,Elayis Tavsan,467,NEC Nijmegen,276,Hellas Verona,PERMANENT_OR_OTHER_EXPLICIT,€500k,0,IN
TM-2023-00617,2023/24,462699,Franz Stolz,2662,SKN St. Pölten,252,Genoa CFC,PERMANENT_OR_OTHER_EXPLICIT,€250k,0,IN
TM-2023-00618,2023/24,462823,Gustav Isaksen,865,FC Midtjylland,398,SS Lazio,PERMANENT_OR_OTHER_EXPLICIT,€14.40m,0,IN
TM-2023-00619,2023/24,464446,Andri Fannar Baldursson,1025,Bologna FC 1909,1101,IF Elfsborg,LOAN,Loan fee: €86k,0,OUT
TM-2023-00620,2023/24,464446,Andri Fannar Baldursson,467,NEC Nijmegen,1025,Bologna FC 1909,LOAN_RETURN_OR_END_OF_LOAN,End of loan 30/06/2023,0,IN
TM-2023-00621,2023/24,464682,Andrea Errico,8970,Frosinone Calcio,515,Without Club,FREE_AGENT_OR_END_OF_CONTRACT,-,0,OUT
TM-2023-00622,2023/24,465279,Marco Ballarini,4095,AC Trento,410,Udinese Calcio,LOAN_RETURN_OR_END_OF_LOAN,End of loan 30/06/2023,0,IN
TM-2023-00623,2023/24,465279,Marco Ballarini,410,Udinese Calcio,4271,US Triestina,LOAN,loan transfer,0,OUT
TM-2023-00624,2023/24,465565,Dimitrije Kamenovic,197,AC Sparta Prague,398,SS Lazio,LOAN_RETURN_OR_END_OF_LOAN,End of loan 30/06/2023,0,IN
TM-2023-00625,2023/24,465565,Dimitrije Kamenovic,398,SS Lazio,322,Yverdon Sport FC,LOAN,loan transfer,0,OUT
TM-2023-00626,2023/24,465667,Giorgio Brogni,1388,Ancona Calcio,800,Atalanta BC,LOAN_RETURN_OR_END_OF_LOAN,End of loan 30/06/2023,0,IN
TM-2023-00627,2023/24,465667,Giorgio Brogni,800,Atalanta BC,4326,AS Gubbio 1910,LOAN,loan transfer,0,OUT
TM-2023-00628,2023/24,465830,Mattéo Guendouzi,244,Olympique Marseille,398,SS Lazio,LOAN,Loan fee: €1.00m,0,IN
TM-2023-00629,2023/24,467354,Matteo Campani,6574,US Sassuolo,4172,Pisa Sporting Club,FREE_TRANSFER,free transfer,0,OUT
TM-2023-00630,2023/24,467354,Matteo Campani,7030,Vis Pesaro 1898,6574,US Sassuolo,LOAN_RETURN_OR_END_OF_LOAN,End of loan 30/06/2023,0,IN
TM-2023-00631,2023/24,467994,Luca Belardinelli,4554,FC Südtirol,749,FC Empoli,LOAN_RETURN_OR_END_OF_LOAN,End of loan 30/06/2023,0,IN
TM-2023-00632,2023/24,468066,Jens Cajuste,1421,Stade Reims,6195,SSC Napoli,PERMANENT_OR_OTHER_EXPLICIT,€11.50m,0,IN
TM-2023-00633,2023/24,468301,Marcos Antônio,398,SS Lazio,1091,PAOK Thessaloniki,LOAN,Loan fee: €300k,0,OUT
TM-2023-00634,2023/24,469690,Nik Prelec,1390,Cagliari Calcio,2446,WSG Tirol,LOAN,loan transfer,0,OUT
TM-2023-00635,2023/24,469787,Berkan Kutlu,141,Galatasaray,252,Genoa CFC,LOAN,Loan fee: €250k,0,IN
TM-2023-00636,2023/24,469787,Berkan Kutlu,252,Genoa CFC,141,Galatasaray,LOAN_RETURN_OR_END_OF_LOAN,End of loan 12/01/2024,0,OUT
TM-2023-00637,2023/24,470391,Jayden Braaf,17,Borussia Dortmund II,276,Hellas Verona,PERMANENT_OR_OTHER_EXPLICIT,€1.00m,0,IN
TM-2023-00638,2023/24,470391,Jayden Braaf,276,Hellas Verona,17,Borussia Dortmund II,LOAN_RETURN_OR_END_OF_LOAN,End of loan 30/06/2023,0,OUT
TM-2023-00639,2023/24,470391,Jayden Braaf,276,Hellas Verona,385,Fortuna Sittard,LOAN,Loan fee: €200k,0,OUT
TM-2023-00640,2023/24,470422,Triantafyllos Pasalidis,653,OFI Crete,380,US Salernitana 1919,PERMANENT_OR_OTHER_EXPLICIT,€250k,0,IN
TM-2023-00641,2023/24,470794,Ivan Ilić,276,Hellas Verona,416,Torino FC,PERMANENT_OR_OTHER_EXPLICIT,€16.50m,1,IN+OUT
TM-2023-00642,2023/24,470794,Ivan Ilić,416,Torino FC,276,Hellas Verona,LOAN_RETURN_OR_END_OF_LOAN,End of loan 30/06/2023,1,IN+OUT
TM-2023-00643,2023/24,471004,Luis Binks,1025,Bologna FC 1909,990,Coventry City,LOAN,loan transfer,0,OUT
TM-2023-00644,2023/24,471004,Luis Binks,1047,Como 1907,1025,Bologna FC 1909,LOAN_RETURN_OR_END_OF_LOAN,End of loan 30/06/2023,0,IN
TM-2023-00645,2023/24,471936,Oliver Christensen,44,Hertha BSC,430,ACF Fiorentina,PERMANENT_OR_OTHER_EXPLICIT,€3.80m,0,IN
TM-2023-00646,2023/24,472161,Mamadou Coulibaly,1103,Ternana Calcio,380,US Salernitana 1919,LOAN_RETURN_OR_END_OF_LOAN,End of loan 30/06/2023,0,IN
TM-2023-00647,2023/24,472161,Mamadou Coulibaly,380,US Salernitana 1919,458,Palermo FC,LOAN,loan transfer,0,OUT
TM-2023-00648,2023/24,472176,Salvatore Boccia,1390,Cagliari Calcio,6692,Novara FC,LOAN,loan transfer,0,OUT
TM-2023-00649,2023/24,472176,Salvatore Boccia,4096,FC Turris 1944,1390,Cagliari Calcio,LOAN_RETURN_OR_END_OF_LOAN,End of loan 30/06/2023,0,IN
TM-2023-00650,2023/24,473887,David Heidenreich,1322,FK Jablonec,800,Atalanta BC,LOAN_RETURN_OR_END_OF_LOAN,End of loan 30/06/2023,0,IN
TM-2023-00651,2023/24,473887,David Heidenreich,800,Atalanta BC,1897,FC Hradec Kralove,PERMANENT_OR_OTHER_EXPLICIT,€68k,0,OUT
TM-2023-00652,2023/24,475208,Bryan Reynolds,12,AS Roma,968,KVC Westerlo,PERMANENT_OR_OTHER_EXPLICIT,€3.33m,0,OUT
TM-2023-00653,2023/24,475208,Bryan Reynolds,968,KVC Westerlo,12,AS Roma,LOAN_RETURN_OR_END_OF_LOAN,End of loan 30/06/2023,0,IN
TM-2023-00654,2023/24,476066,Matteo Pinelli,4085,Fidelis Andria 2018,6574,US Sassuolo,LOAN_RETURN_OR_END_OF_LOAN,End of loan 30/06/2023,0,IN
TM-2023-00655,2023/24,476066,Matteo Pinelli,6574,US Sassuolo,515,Without Club,FREE_AGENT_OR_END_OF_CONTRACT,-,0,OUT
TM-2023-00656,2023/24,477027,Elia Petrelli,1387,Siena FC,252,Genoa CFC,LOAN_RETURN_OR_END_OF_LOAN,End of loan 30/06/2023,0,IN
TM-2023-00657,2023/24,477027,Elia Petrelli,252,Genoa CFC,2254,Pro Sesto 1913,LOAN,loan transfer,0,OUT
TM-2023-00658,2023/24,481173,Mady Camara,12,AS Roma,683,Olympiacos Piraeus,LOAN_RETURN_OR_END_OF_LOAN,End of loan 30/06/2023,0,OUT
TM-2023-00659,2023/24,481344,Alessandro Russo,6574,US Sassuolo,4095,AC Trento,LOAN,loan transfer,0,OUT
TM-2023-00660,2023/24,481623,João Ferreira,1010,Watford FC,410,Udinese Calcio,LOAN,loan transfer,0,IN
TM-2023-00661,2023/24,481675,Christos Mandas,653,OFI Crete,398,SS Lazio,PERMANENT_OR_OTHER_EXPLICIT,€1.30m,0,IN
TM-2023-00662,2023/24,481834,Andrea Carboni,607,Venezia FC,2919,AC Monza,LOAN_RETURN_OR_END_OF_LOAN,End of loan 30/06/2023,0,IN
TM-2023-00663,2023/24,481836,Gianluca Contini,1390,Cagliari Calcio,49939,Virtus Francavilla Calcio,LOAN,loan transfer,0,OUT
TM-2023-00664,2023/24,481836,Gianluca Contini,9826,Olbia Calcio 1905,1390,Cagliari Calcio,LOAN_RETURN_OR_END_OF_LOAN,End of loan 31/01/2024,0,IN
TM-2023-00665,2023/24,482107,Magnus Warming,105,SV Darmstadt 98,416,Torino FC,LOAN_RETURN_OR_END_OF_LOAN,End of loan 30/06/2023,0,IN
TM-2023-00666,2023/24,482107,Magnus Warming,416,Torino FC,1100,SK Brann,PERMANENT_OR_OTHER_EXPLICIT,€650k,0,OUT
TM-2023-00667,2023/24,483348,Djed Spence,148,Tottenham Hotspur,252,Genoa CFC,LOAN,loan transfer,0,IN
TM-2023-00668,2023/24,486347,Tibo Persyn,3892,FC Eindhoven,46,Inter Milan,LOAN_RETURN_OR_END_OF_LOAN,End of loan 30/06/2023,0,IN
TM-2023-00669,2023/24,486347,Tibo Persyn,46,Inter Milan,3892,FC Eindhoven,PERMANENT_OR_OTHER_EXPLICIT,€40k,0,OUT
TM-2023-00670,2023/24,486624,Musa Barrow,1025,Bologna FC 1909,28844,Al-Taawoun FC,PERMANENT_OR_OTHER_EXPLICIT,€6.00m,0,OUT
TM-2023-00671,2023/24,487333,Paolo Gozzi,252,Genoa CFC,1154,Red Star FC,LOAN,Loan fee: €120k,0,OUT
TM-2023-00672,2023/24,487333,Paolo Gozzi,2921,Delfino Pescara 1936,252,Genoa CFC,LOAN_RETURN_OR_END_OF_LOAN,End of loan 30/06/2023,0,IN
TM-2023-00673,2023/24,487829,Christian Dalle Mura,2722,SPAL,430,ACF Fiorentina,LOAN_RETURN_OR_END_OF_LOAN,End of loan 30/06/2023,0,IN
TM-2023-00674,2023/24,487829,Christian Dalle Mura,430,ACF Fiorentina,1103,Ternana Calcio,LOAN,loan transfer,0,OUT
TM-2023-00675,2023/24,487834,Lorenzo Pirola,380,US Salernitana 1919,46,Inter Milan,LOAN_RETURN_OR_END_OF_LOAN,End of loan 30/06/2023,1,IN+OUT
TM-2023-00676,2023/24,487834,Lorenzo Pirola,46,Inter Milan,380,US Salernitana 1919,PERMANENT_OR_OTHER_EXPLICIT,€5.00m,1,IN+OUT
TM-2023-00677,2023/24,487836,Simone Panada,1385,Modena FC,800,Atalanta BC,LOAN_RETURN_OR_END_OF_LOAN,End of loan 30/06/2023,0,IN
TM-2023-00678,2023/24,487836,Simone Panada,800,Atalanta BC,1038,UC Sampdoria,LOAN,loan transfer,0,OUT
TM-2023-00679,2023/24,487838,Niccolò Squizzato,24898,AC Renate,46,Inter Milan,LOAN_RETURN_OR_END_OF_LOAN,End of loan 30/06/2023,0,IN
TM-2023-00680,2023/24,487838,Niccolò Squizzato,46,Inter Milan,2921,Delfino Pescara 1936,PERMANENT_OR_OTHER_EXPLICIT,€50k,0,OUT
TM-2023-00681,2023/24,487843,Lorenzo Colombo,1005,US Lecce,5,AC Milan,LOAN_RETURN_OR_END_OF_LOAN,End of loan 30/06/2023 €1.50m,1,IN+OUT
TM-2023-00682,2023/24,487843,Lorenzo Colombo,5,AC Milan,2919,AC Monza,LOAN,loan transfer,1,IN+OUT
TM-2023-00683,2023/24,487846,Guillaume Renault,2721,US Alessandria Calcio 1912,800,Atalanta BC,LOAN_RETURN_OR_END_OF_LOAN,End of loan 30/06/2023,0,IN
TM-2023-00684,2023/24,487846,Guillaume Renault,800,Atalanta BC,4146,Aurora Pro Patria,LOAN,loan transfer,0,OUT
TM-2023-00685,2023/24,488996,Thórir Jóhann Helgason,1005,US Lecce,23,Eintracht Braunschweig,LOAN,loan transfer,0,OUT
TM-2023-00686,2023/24,489611,Filippo Ranocchia,2919,AC Monza,506,Juventus FC,LOAN_RETURN_OR_END_OF_LOAN,End of loan 30/06/2023,1,IN+OUT
TM-2023-00687,2023/24,489611,Filippo Ranocchia,506,Juventus FC,458,Palermo FC,PERMANENT_OR_OTHER_EXPLICIT,€3.88m,0,OUT
TM-2023-00688,2023/24,489611,Filippo Ranocchia,506,Juventus FC,749,FC Empoli,LOAN,Loan fee: €500k,1,IN+OUT
TM-2023-00689,2023/24,489611,Filippo Ranocchia,749,FC Empoli,506,Juventus FC,LOAN_RETURN_OR_END_OF_LOAN,End of loan 17/01/2024,1,IN+OUT
TM-2023-00690,2023/24,490384,Koni De Winter,506,Juventus FC,252,Genoa CFC,LOAN,loan transfer,1,IN+OUT
TM-2023-00691,2023/24,490384,Koni De Winter,749,FC Empoli,506,Juventus FC,LOAN_RETURN_OR_END_OF_LOAN,End of loan 30/06/2023,1,IN+OUT
TM-2023-00692,2023/24,490842,Lukas Klitten,1177,Silkeborg IF,8970,Frosinone Calcio,LOAN_RETURN_OR_END_OF_LOAN,End of loan 30/06/2023,0,IN
TM-2023-00693,2023/24,490842,Lukas Klitten,8970,Frosinone Calcio,5818,Hobro IK,FREE_TRANSFER,free transfer,0,OUT
TM-2023-00694,2023/24,491026,Alexander Satariano,32129,Balzan FC,8970,Frosinone Calcio,LOAN_RETURN_OR_END_OF_LOAN,End of loan 30/06/2023,0,IN
TM-2023-00695,2023/24,491026,Alexander Satariano,8970,Frosinone Calcio,10262,Birkirkara FC,FREE_TRANSFER,free transfer,0,OUT
TM-2023-00696,2023/24,491648,Diego Valencia,380,US Salernitana 1919,3060,Atromitos Athens,LOAN,loan transfer,0,OUT
TM-2023-00697,2023/24,491705,Facundo Colidio,11831,Club Atlético Tigre,46,Inter Milan,LOAN_RETURN_OR_END_OF_LOAN,End of loan 30/06/2023,0,IN
TM-2023-00698,2023/24,491705,Facundo Colidio,46,Inter Milan,209,CA River Plate,PERMANENT_OR_OTHER_EXPLICIT,€4.40m,0,OUT
TM-2023-00699,2023/24,493702,Mattia Viti,417,OGC Nice,6574,US Sassuolo,LOAN,Loan fee: €510k,0,IN
TM-2023-00700,2023/24,49499,Georginio Wijnaldum,12,AS Roma,583,Paris Saint-Germain,LOAN_RETURN_OR_END_OF_LOAN,End of loan 30/06/2023,0,OUT
TM-2023-00701,2023/24,495722,Devis Vásquez,1035,Sheffield Wednesday,5,AC Milan,LOAN_RETURN_OR_END_OF_LOAN,End of loan 18/01/2024,0,IN
TM-2023-00702,2023/24,495722,Devis Vásquez,5,AC Milan,1035,Sheffield Wednesday,LOAN,Loan fee: €190k,0,OUT
TM-2023-00703,2023/24,495722,Devis Vásquez,5,AC Milan,408,Ascoli Calcio,LOAN,loan transfer,0,OUT
TM-2023-00704,2023/24,496270,Gianmarco Cangiano,1025,Bologna FC 1909,2921,Delfino Pescara 1936,LOAN,loan transfer,0,OUT
TM-2023-00705,2023/24,496270,Gianmarco Cangiano,385,Fortuna Sittard,1025,Bologna FC 1909,LOAN_RETURN_OR_END_OF_LOAN,End of loan 30/06/2023,0,IN
TM-2023-00706,2023/24,496745,Emil Holm,3522,Spezia Calcio,800,Atalanta BC,LOAN,Loan fee: €2.50m,0,IN
TM-2023-00707,2023/24,497291,Nicolás Domínguez,1025,Bologna FC 1909,703,Nottingham Forest,PERMANENT_OR_OTHER_EXPLICIT,€6.65m,0,OUT
TM-2023-00708,2023/24,499830,Samuele Spalluto,430,ACF Fiorentina,33734,SS Monopoli 1966,PERMANENT_OR_OTHER_EXPLICIT,€250k,0,OUT
TM-2023-00709,2023/24,499830,Samuele Spalluto,6692,Novara FC,430,ACF Fiorentina,LOAN_RETURN_OR_END_OF_LOAN,End of loan 30/06/2023,0,IN
TM-2023-00710,2023/24,502475,Samuele Vitale,30326,Gelbison,6574,US Sassuolo,LOAN_RETURN_OR_END_OF_LOAN,End of loan 30/06/2023,0,IN
TM-2023-00711,2023/24,502475,Samuele Vitale,6574,US Sassuolo,33734,SS Monopoli 1966,FREE_TRANSFER,free transfer,0,OUT
TM-2023-00712,2023/24,502821,Riccardo Calafiori,26,FC Basel 1893,1025,Bologna FC 1909,PERMANENT_OR_OTHER_EXPLICIT,€23.85m,0,IN
TM-2023-00713,2023/24,503075,Isak Hien,276,Hellas Verona,800,Atalanta BC,PERMANENT_OR_OTHER_EXPLICIT,€8.86m,1,IN+OUT
TM-2023-00714,2023/24,503482,Min-jae Kim,6195,SSC Napoli,27,Bayern Munich,PERMANENT_OR_OTHER_EXPLICIT,€50.00m,0,OUT
TM-2023-00715,2023/24,503638,Mohamed Ihattaren,506,Juventus FC,152,Samsunspor,FREE_TRANSFER,free transfer,0,OUT
TM-2023-00716,2023/24,503881,Aster Vranckx,5,AC Milan,82,VfL Wolfsburg,LOAN_RETURN_OR_END_OF_LOAN,End of loan 30/06/2023,0,OUT
TM-2023-00717,2023/24,503991,Yunus Musah,1049,Valencia CF,5,AC Milan,PERMANENT_OR_OTHER_EXPLICIT,€21.20m,0,IN
TM-2023-00718,2023/24,506941,David Flakus Bosilj,26985,NK Bravo,276,Hellas Verona,LOAN_RETURN_OR_END_OF_LOAN,End of loan 30/06/2023,0,IN
TM-2023-00719,2023/24,506941,David Flakus Bosilj,276,Hellas Verona,642,De Graafschap Doetinchem,LOAN,loan transfer,0,OUT
TM-2023-00720,2023/24,507479,Darian Males,26,FC Basel 1893,46,Inter Milan,LOAN_RETURN_OR_END_OF_LOAN,End of loan 30/06/2023,0,IN
TM-2023-00721,2023/24,507479,Darian Males,46,Inter Milan,452,BSC Young Boys,PERMANENT_OR_OTHER_EXPLICIT,€1.90m,0,OUT
TM-2023-00722,2023/24,513245,Jesper Lindstrøm,24,Eintracht Frankfurt,6195,SSC Napoli,PERMANENT_OR_OTHER_EXPLICIT,€30.00m,0,IN
TM-2023-00723,2023/24,521407,Walid Cheddira,332,SSC Bari,6195,SSC Napoli,PERMANENT_OR_OTHER_EXPLICIT,€3.00m,0,IN
TM-2023-00724,2023/24,521407,Walid Cheddira,6195,SSC Napoli,8970,Frosinone Calcio,LOAN,Loan fee: €500k,1,IN+OUT
TM-2023-00725,2023/24,522681,Ben Lhassine Kone,416,Torino FC,1047,Como 1907,LOAN,loan transfer,0,OUT
TM-2023-00726,2023/24,522681,Ben Lhassine Kone,8970,Frosinone Calcio,416,Torino FC,LOAN_RETURN_OR_END_OF_LOAN,End of loan 30/06/2023,1,IN+OUT
TM-2023-00727,2023/24,522784,Taty Castellanos,40058,New York City FC,398,SS Lazio,PERMANENT_OR_OTHER_EXPLICIT,€18.60m,0,IN
TM-2023-00728,2023/24,524010,Oier Zarraga,621,Athletic Bilbao,410,Udinese Calcio,FREE_TRANSFER,free transfer,0,IN
TM-2023-00729,2023/24,524481,Roger Ibañez,12,AS Roma,18487,Al-Ahli SFC,PERMANENT_OR_OTHER_EXPLICIT,€28.50m,0,OUT
TM-2023-00730,2023/24,525660,Francesco Donati,408,Ascoli Calcio,749,FC Empoli,LOAN_RETURN_OR_END_OF_LOAN,End of loan 30/06/2023,0,IN
TM-2023-00731,2023/24,525660,Francesco Donati,5514,Calcio Lecco 1912,749,FC Empoli,LOAN_RETURN_OR_END_OF_LOAN,End of loan 12/01/2024,0,IN
TM-2023-00732,2023/24,525660,Francesco Donati,749,FC Empoli,4255,SS Arezzo,LOAN,loan transfer,0,OUT
TM-2023-00733,2023/24,525660,Francesco Donati,749,FC Empoli,5514,Calcio Lecco 1912,LOAN,loan transfer,0,OUT
TM-2023-00734,2023/24,525704,Nicolò Rovella,2919,AC Monza,506,Juventus FC,LOAN_RETURN_OR_END_OF_LOAN,End of loan 30/06/2023,1,IN+OUT
TM-2023-00735,2023/24,525704,Nicolò Rovella,506,Juventus FC,398,SS Lazio,LOAN,loan transfer,1,IN+OUT
TM-2023-00736,2023/24,529841,Mattia Zennaro,252,Genoa CFC,9439,Feralpisalò,FREE_TRANSFER,free transfer,0,OUT
TM-2023-00737,2023/24,529841,Mattia Zennaro,9439,Feralpisalò,252,Genoa CFC,LOAN_RETURN_OR_END_OF_LOAN,End of loan 30/06/2023 €26k,0,IN
TM-2023-00738,2023/24,531065,Oussama El Azzouzi,3948,Union Saint-Gilloise,1025,Bologna FC 1909,PERMANENT_OR_OTHER_EXPLICIT,€2.29m,0,IN
TM-2023-00739,2023/24,531188,Milan Kremenovic,21414,NK Dekani,8970,Frosinone Calcio,LOAN_RETURN_OR_END_OF_LOAN,End of loan 30/06/2023,0,IN
TM-2023-00740,2023/24,531188,Milan Kremenovic,8970,Frosinone Calcio,515,Without Club,FREE_AGENT_OR_END_OF_CONTRACT,-,0,OUT
TM-2023-00741,2023/24,532937,Johan Vásquez,2239,US Cremonese,252,Genoa CFC,LOAN_RETURN_OR_END_OF_LOAN,End of loan 30/06/2023,0,IN
TM-2023-00742,2023/24,534083,Edoardo Pierozzi,1047,Como 1907,430,ACF Fiorentina,LOAN_RETURN_OR_END_OF_LOAN,End of loan 30/06/2023,0,IN
TM-2023-00743,2023/24,534083,Edoardo Pierozzi,430,ACF Fiorentina,1429,Cesena FC,LOAN,loan transfer,0,OUT
TM-2023-00744,2023/24,534084,Niccolò Pierozzi,1386,LFA Reggio Calabria,430,ACF Fiorentina,LOAN_RETURN_OR_END_OF_LOAN,End of loan 30/06/2023,0,IN
TM-2023-00745,2023/24,534084,Niccolò Pierozzi,430,ACF Fiorentina,380,US Salernitana 1919,LOAN,loan transfer,1,IN+OUT
TM-2023-00746,2023/24,534121,Andrea Marino,398,SS Lazio,704,Calcio Foggia 1920,LOAN,loan transfer,0,OUT
TM-2023-00747,2023/24,534121,Andrea Marino,4085,Fidelis Andria 2018,398,SS Lazio,LOAN_RETURN_OR_END_OF_LOAN,End of loan 30/06/2023,0,IN
TM-2023-00748,2023/24,534174,Samuele Vianni,1408,Piacenza Calcio 1919,416,Torino FC,LOAN_RETURN_OR_END_OF_LOAN,End of loan 30/06/2023,0,IN
TM-2023-00749,2023/24,534174,Samuele Vianni,416,Torino FC,61604,Nuova Florida Calcio,FREE_TRANSFER,free transfer,0,OUT
TM-2023-00750,2023/24,53536,Tolgay Arslan,410,Udinese Calcio,25580,Melbourne City FC,FREE_TRANSFER,free transfer,0,OUT
TM-2023-00751,2023/24,535740,Giuseppe Ciocci,1390,Cagliari Calcio,14888,US Città di Pontedera,LOAN,loan transfer,0,OUT
TM-2023-00752,2023/24,535740,Giuseppe Ciocci,1390,Cagliari Calcio,2921,Delfino Pescara 1936,LOAN,loan transfer,0,OUT
TM-2023-00753,2023/24,535740,Giuseppe Ciocci,2921,Delfino Pescara 1936,1390,Cagliari Calcio,LOAN_RETURN_OR_END_OF_LOAN,End of loan 02/01/2024,0,IN
TM-2023-00754,2023/24,535793,Jacopo Gianelli,46,Inter Milan,4033,Fermana FC,LOAN,loan transfer,0,OUT
TM-2023-00755,2023/24,535797,Lorenzo Sgarbi,2254,Pro Sesto 1913,6195,SSC Napoli,LOAN_RETURN_OR_END_OF_LOAN,End of loan 30/06/2023,0,IN
TM-2023-00756,2023/24,535797,Lorenzo Sgarbi,6195,SSC Napoli,2331,US Avellino 1912,LOAN,loan transfer,0,OUT
TM-2023-00757,2023/24,535881,Mattia Chiesa,2581,Mantova 1911,276,Hellas Verona,LOAN_RETURN_OR_END_OF_LOAN,End of loan 30/06/2023,0,IN
TM-2023-00758,2023/24,536452,Luca Chierico,1408,Piacenza Calcio 1919,252,Genoa CFC,LOAN_RETURN_OR_END_OF_LOAN,End of loan 30/06/2023,0,IN
TM-2023-00759,2023/24,536452,Luca Chierico,252,Genoa CFC,4326,AS Gubbio 1910,LOAN,loan transfer,0,OUT
TM-2023-00760,2023/24,536520,Ruben Providence,12,AS Roma,4467,TSV Hartberg,PERMANENT_OR_OTHER_EXPLICIT,€500k,0,OUT
TM-2023-00761,2023/24,536520,Ruben Providence,4467,TSV Hartberg,12,AS Roma,LOAN_RETURN_OR_END_OF_LOAN,End of loan 30/06/2023,0,IN
TM-2023-00762,2023/24,536814,Daniele Solcia,49939,Virtus Francavilla Calcio,800,Atalanta BC,LOAN_RETURN_OR_END_OF_LOAN,End of loan 30/06/2023,0,IN
TM-2023-00763,2023/24,536814,Daniele Solcia,800,Atalanta BC,41110,Atalanta U23,PERMANENT_OR_OTHER_EXPLICIT,-,0,OUT
TM-2023-00764,2023/24,537488,Dion Ruffo Luci,1025,Bologna FC 1909,4111,Rimini FC,FREE_TRANSFER,free transfer,0,OUT
TM-2023-00765,2023/24,537488,Dion Ruffo Luci,4096,FC Turris 1944,1025,Bologna FC 1909,LOAN_RETURN_OR_END_OF_LOAN,End of loan 30/06/2023,0,IN
TM-2023-00766,2023/24,537490,Matias Rocchi,1025,Bologna FC 1909,56642,US Corticella,FREE_TRANSFER,free transfer,0,OUT
TM-2023-00767,2023/24,537490,Matias Rocchi,4324,Imolese Calcio 1919,1025,Bologna FC 1909,LOAN_RETURN_OR_END_OF_LOAN,End of loan 30/06/2023,0,IN
TM-2023-00768,2023/24,537548,Fabrizio Bagheria,1210,US Livorno 1915,46,Inter Milan,LOAN_RETURN_OR_END_OF_LOAN,End of loan 30/06/2023,0,IN
TM-2023-00769,2023/24,537548,Fabrizio Bagheria,46,Inter Milan,515,Without Club,FREE_AGENT_OR_END_OF_CONTRACT,-,0,OUT
TM-2023-00770,2023/24,537765,Pablo Rodríguez,1005,US Lecce,408,Ascoli Calcio,LOAN,loan transfer,0,OUT
TM-2023-00771,2023/24,537765,Pablo Rodríguez,19,Brescia Calcio (- 2025),1005,US Lecce,LOAN_RETURN_OR_END_OF_LOAN,End of loan 30/06/2023,0,IN
TM-2023-00772,2023/24,538079,Alessio Furlanetto,24898,AC Renate,398,SS Lazio,LOAN_RETURN_OR_END_OF_LOAN,End of loan 30/06/2023,0,IN
TM-2023-00773,2023/24,538079,Alessio Furlanetto,398,SS Lazio,4033,Fermana FC,LOAN,loan transfer,0,OUT
TM-2023-00774,2023/24,538918,Sebastiano Esposito,332,SSC Bari,46,Inter Milan,LOAN_RETURN_OR_END_OF_LOAN,End of loan 30/06/2023,0,IN
TM-2023-00775,2023/24,538918,Sebastiano Esposito,46,Inter Milan,1038,UC Sampdoria,LOAN,loan transfer,0,OUT
TM-2023-00776,2023/24,538974,Janis Antiste,1416,Amiens SC,6574,US Sassuolo,LOAN_RETURN_OR_END_OF_LOAN,End of loan 30/06/2023,0,IN
TM-2023-00777,2023/24,538974,Janis Antiste,6574,US Sassuolo,5621,AC Reggiana 1919,LOAN,loan transfer,0,OUT
TM-2023-00778,2023/24,539134,Daniel Maldini,3522,Spezia Calcio,5,AC Milan,LOAN_RETURN_OR_END_OF_LOAN,End of loan 30/06/2023,0,IN
TM-2023-00779,2023/24,539134,Daniel Maldini,5,AC Milan,2919,AC Monza,LOAN,loan transfer,1,IN+OUT
TM-2023-00780,2023/24,539134,Daniel Maldini,5,AC Milan,749,FC Empoli,LOAN,loan transfer,1,IN+OUT
TM-2023-00781,2023/24,539134,Daniel Maldini,749,FC Empoli,5,AC Milan,LOAN_RETURN_OR_END_OF_LOAN,End of loan 09/01/2024,1,IN+OUT
TM-2023-00782,2023/24,539212,Federico Bevilacqua,4553,US Pergolettese 1932,8970,Frosinone Calcio,LOAN_RETURN_OR_END_OF_LOAN,End of loan 30/06/2023,0,IN
TM-2023-00783,2023/24,539212,Federico Bevilacqua,8970,Frosinone Calcio,91510,Dolomiti Bellunesi,FREE_TRANSFER,free transfer,0,OUT
TM-2023-00784,2023/24,539631,Andrea Moretti,2254,Pro Sesto 1913,46,Inter Milan,LOAN_RETURN_OR_END_OF_LOAN,End of loan 30/06/2023,0,IN
TM-2023-00785,2023/24,539631,Andrea Moretti,46,Inter Milan,4146,Aurora Pro Patria,LOAN,loan transfer,0,OUT
TM-2023-00786,2023/24,540333,Tomas Suslov,202,FC Groningen,276,Hellas Verona,LOAN,loan transfer,0,IN
TM-2023-00787,2023/24,540333,Tomas Suslov,202,FC Groningen,276,Hellas Verona,PERMANENT_OR_OTHER_EXPLICIT,€1.00m,0,IN
TM-2023-00788,2023/24,540333,Tomas Suslov,276,Hellas Verona,202,FC Groningen,LOAN_RETURN_OR_END_OF_LOAN,End of loan 30/01/2024,0,OUT
TM-2023-00789,2023/24,542570,Roberto Pierno,1005,US Lecce,2921,Delfino Pescara 1936,FREE_TRANSFER,free transfer,0,OUT
TM-2023-00790,2023/24,542570,Roberto Pierno,49939,Virtus Francavilla Calcio,1005,US Lecce,LOAN_RETURN_OR_END_OF_LOAN,End of loan 30/06/2023,0,IN
TM-2023-00791,2023/24,543666,Stefano Turati,6574,US Sassuolo,8970,Frosinone Calcio,LOAN,loan transfer,1,IN+OUT
TM-2023-00792,2023/24,543666,Stefano Turati,8970,Frosinone Calcio,6574,US Sassuolo,LOAN_RETURN_OR_END_OF_LOAN,End of loan 30/06/2023,1,IN+OUT
TM-2023-00793,2023/24,543736,Krisztofer Horváth,12423,Kecskeméti TE,416,Torino FC,LOAN_RETURN_OR_END_OF_LOAN,End of loan 30/06/2023,0,IN
TM-2023-00794,2023/24,543736,Krisztofer Horváth,416,Torino FC,12423,Kecskeméti TE,LOAN,loan transfer,0,OUT
TM-2023-00795,2023/24,543771,Kristjan Asllani,46,Inter Milan,749,FC Empoli,LOAN_RETURN_OR_END_OF_LOAN,End of loan 30/06/2023,1,IN+OUT
TM-2023-00796,2023/24,543771,Kristjan Asllani,749,FC Empoli,46,Inter Milan,PERMANENT_OR_OTHER_EXPLICIT,€15.70m,1,IN+OUT
TM-2023-00797,2023/24,544149,David Zima,416,Torino FC,62,SK Slavia Prague,PERMANENT_OR_OTHER_EXPLICIT,€4.00m,0,OUT
TM-2023-00798,2023/24,54581,Ilija Nestorovski,410,Udinese Calcio,408,Ascoli Calcio,FREE_TRANSFER,free transfer,0,OUT
TM-2023-00799,2023/24,546176,Brian Oddei,11083,NK Rudes,6574,US Sassuolo,LOAN_RETURN_OR_END_OF_LOAN,End of loan 30/06/2023,0,IN
TM-2023-00800,2023/24,546176,Brian Oddei,6574,US Sassuolo,11083,NK Rudes,PERMANENT_OR_OTHER_EXPLICIT,€1k,0,OUT
TM-2023-00801,2023/24,546527,Philip Yeboah,2581,Mantova 1911,276,Hellas Verona,LOAN_RETURN_OR_END_OF_LOAN,End of loan 30/06/2023,0,IN
TM-2023-00802,2023/24,546527,Philip Yeboah,276,Hellas Verona,1253,Lucchese Calcio,LOAN,loan transfer,0,OUT
TM-2023-00803,2023/24,546627,Jacopo Pellegrini,5621,AC Reggiana 1919,6574,US Sassuolo,LOAN_RETURN_OR_END_OF_LOAN,End of loan 30/06/2023,0,IN
TM-2023-00804,2023/24,546627,Jacopo Pellegrini,6574,US Sassuolo,2655,LR Vicenza,LOAN,loan transfer,0,OUT
TM-2023-00805,2023/24,546880,Brandon Soppy,416,Torino FC,800,Atalanta BC,LOAN_RETURN_OR_END_OF_LOAN,End of loan 31/01/2024,1,IN+OUT
TM-2023-00806,2023/24,546880,Brandon Soppy,800,Atalanta BC,33,FC Schalke 04,LOAN,loan transfer,0,OUT
TM-2023-00807,2023/24,546880,Brandon Soppy,800,Atalanta BC,416,Torino FC,LOAN,loan transfer,1,IN+OUT
TM-2023-00808,2023/24,547827,Andrei Mărginean,6574,US Sassuolo,1103,Ternana Calcio,LOAN,loan transfer,0,OUT
TM-2023-00809,2023/24,547827,Andrei Mărginean,6692,Novara FC,6574,US Sassuolo,LOAN_RETURN_OR_END_OF_LOAN,End of loan 30/06/2023,0,IN
TM-2023-00810,2023/24,547985,Fabiano Parisi,749,FC Empoli,430,ACF Fiorentina,PERMANENT_OR_OTHER_EXPLICIT,€10.00m,1,IN+OUT
TM-2023-00811,2023/24,550106,Matteo Cancellieri,276,Hellas Verona,398,SS Lazio,PERMANENT_OR_OTHER_EXPLICIT,€8.50m,1,IN+OUT
TM-2023-00812,2023/24,550106,Matteo Cancellieri,398,SS Lazio,276,Hellas Verona,LOAN_RETURN_OR_END_OF_LOAN,End of loan 30/06/2023,1,IN+OUT
TM-2023-00813,2023/24,550106,Matteo Cancellieri,398,SS Lazio,749,FC Empoli,LOAN,Loan fee: €1.00m,1,IN+OUT
TM-2023-00814,2023/24,550116,Ilario Monterisi,1005,US Lecce,8970,Frosinone Calcio,PERMANENT_OR_OTHER_EXPLICIT,€500k,1,IN+OUT
TM-2023-00815,2023/24,550116,Ilario Monterisi,8970,Frosinone Calcio,1005,US Lecce,LOAN_RETURN_OR_END_OF_LOAN,End of loan 30/06/2023,1,IN+OUT
TM-2023-00816,2023/24,551752,Demba Seck,416,Torino FC,8970,Frosinone Calcio,LOAN,loan transfer,1,IN+OUT
TM-2023-00817,2023/24,552059,Lukas Vorlicky,800,Atalanta BC,41110,Atalanta U23,PERMANENT_OR_OTHER_EXPLICIT,-,0,OUT
TM-2023-00818,2023/24,552223,Filip Stanković,46,Inter Milan,1038,UC Sampdoria,LOAN,loan transfer,0,OUT
TM-2023-00819,2023/24,552223,Filip Stanković,724,FC Volendam,46,Inter Milan,LOAN_RETURN_OR_END_OF_LOAN,End of loan 30/06/2023,0,IN
TM-2023-00820,2023/24,55282,Ciprian Tătărușanu,5,AC Milan,40039,Abha Club,FREE_TRANSFER,free transfer,0,OUT
TM-2023-00821,2023/24,553757,Aleksander Buksa,24394,Standard de Liège 16 FC,252,Genoa CFC,LOAN_RETURN_OR_END_OF_LOAN,End of loan 30/06/2023,0,IN
TM-2023-00822,2023/24,553757,Aleksander Buksa,252,Genoa CFC,2446,WSG Tirol,LOAN,Loan fee: €100k,0,OUT
TM-2023-00823,2023/24,554433,Christian Pierobon,2581,Mantova 1911,276,Hellas Verona,LOAN_RETURN_OR_END_OF_LOAN,End of loan 30/06/2023,0,IN
TM-2023-00824,2023/24,554433,Christian Pierobon,276,Hellas Verona,4271,US Triestina,LOAN,loan transfer,0,OUT
TM-2023-00825,2023/24,554433,Christian Pierobon,276,Hellas Verona,5587,SS Juve Stabia,LOAN,loan transfer,0,OUT
TM-2023-00826,2023/24,554433,Christian Pierobon,4271,US Triestina,276,Hellas Verona,LOAN_RETURN_OR_END_OF_LOAN,End of loan 30/01/2024,0,IN
TM-2023-00827,2023/24,554903,Mateo Retegui,11831,Club Atlético Tigre,252,Genoa CFC,PERMANENT_OR_OTHER_EXPLICIT,€15.25m,0,IN
TM-2023-00828,2023/24,555820,Martín Payero,641,Middlesbrough FC,410,Udinese Calcio,PERMANENT_OR_OTHER_EXPLICIT,€3.00m,0,IN
TM-2023-00829,2023/24,556385,Destiny Udogie,410,Udinese Calcio,148,Tottenham Hotspur,LOAN_RETURN_OR_END_OF_LOAN,End of loan 30/06/2023,0,OUT
TM-2023-00830,2023/24,557132,Matteo Saccani,4553,US Pergolettese 1932,6574,US Sassuolo,LOAN_RETURN_OR_END_OF_LOAN,End of loan 30/06/2023,0,IN
TM-2023-00831,2023/24,557132,Matteo Saccani,6574,US Sassuolo,4096,FC Turris 1944,LOAN,loan transfer,0,OUT
TM-2023-00832,2023/24,55769,Danilo D'Ambrosio,46,Inter Milan,2919,AC Monza,FREE_TRANSFER,free transfer,1,IN+OUT
TM-2023-00833,2023/24,561150,Vittorio Agostinelli,4031,Cosenza Calcio,430,ACF Fiorentina,LOAN_RETURN_OR_END_OF_LOAN,End of loan 30/06/2023,0,IN
TM-2023-00834,2023/24,561150,Vittorio Agostinelli,430,ACF Fiorentina,49939,Virtus Francavilla Calcio,LOAN,loan transfer,0,OUT
TM-2023-00835,2023/24,561150,Vittorio Agostinelli,430,ACF Fiorentina,5514,Calcio Lecco 1912,LOAN,loan transfer,0,OUT
TM-2023-00836,2023/24,561150,Vittorio Agostinelli,5514,Calcio Lecco 1912,430,ACF Fiorentina,LOAN_RETURN_OR_END_OF_LOAN,End of loan 23/01/2024,0,IN
TM-2023-00837,2023/24,562030,Musa Juwara,1025,Bologna FC 1909,443,Vejle Boldklub,FREE_TRANSFER,free transfer,0,OUT
TM-2023-00838,2023/24,562030,Musa Juwara,173,Odense Boldklub,1025,Bologna FC 1909,LOAN_RETURN_OR_END_OF_LOAN,End of loan 30/06/2023,0,IN
TM-2023-00839,2023/24,562259,Antonio Mionic,2721,US Alessandria Calcio 1912,5,AC Milan,LOAN_RETURN_OR_END_OF_LOAN,End of loan 30/06/2023,0,IN
TM-2023-00840,2023/24,562259,Antonio Mionic,5,AC Milan,24325,SK Lisen,FREE_TRANSFER,free transfer,0,OUT
TM-2023-00841,2023/24,562287,Christian Celesia,1104,ACR Messina,416,Torino FC,LOAN_RETURN_OR_END_OF_LOAN,End of loan 30/06/2023,0,IN
TM-2023-00842,2023/24,562287,Christian Celesia,416,Torino FC,2581,Mantova 1911,FREE_TRANSFER,free transfer,0,OUT
TM-2023-00843,2023/24,564305,Michel Adopo,416,Torino FC,800,Atalanta BC,FREE_TRANSFER,free transfer,1,IN+OUT
TM-2023-00844,2023/24,564529,Victor Kristiansen,1003,Leicester City,1025,Bologna FC 1909,LOAN,Loan fee: €1.00m,0,IN
TM-2023-00845,2023/24,564532,Franco Vezzoni,4146,Aurora Pro Patria,46,Inter Milan,LOAN_RETURN_OR_END_OF_LOAN,End of loan 30/06/2023,0,IN
TM-2023-00846,2023/24,564532,Franco Vezzoni,46,Inter Milan,704,Calcio Foggia 1920,FREE_TRANSFER,free transfer,0,OUT
TM-2023-00847,2023/24,566927,Giovanni Corradini,26789,FC Pro Vercelli 1892,430,ACF Fiorentina,LOAN_RETURN_OR_END_OF_LOAN,End of loan 30/06/2023,0,IN
TM-2023-00848,2023/24,566927,Giovanni Corradini,430,ACF Fiorentina,3522,Spezia Calcio,FREE_TRANSFER,free transfer,0,OUT
TM-2023-00849,2023/24,566936,Antonio Cioffi,14888,US Città di Pontedera,6195,SSC Napoli,LOAN_RETURN_OR_END_OF_LOAN,End of loan 30/06/2023,0,IN
TM-2023-00850,2023/24,566936,Antonio Cioffi,6195,SSC Napoli,1388,Ancona Calcio,LOAN,loan transfer,0,OUT
TM-2023-00851,2023/24,567129,Josh Doig,276,Hellas Verona,6574,US Sassuolo,PERMANENT_OR_OTHER_EXPLICIT,€6.75m,1,IN+OUT
TM-2023-00852,2023/24,567217,Ebrima Colley,6646,Fatih Karagümrük,800,Atalanta BC,LOAN_RETURN_OR_END_OF_LOAN,End of loan 30/06/2023,0,IN
TM-2023-00853,2023/24,567217,Ebrima Colley,800,Atalanta BC,452,BSC Young Boys,LOAN,Loan fee: €250k,0,OUT
TM-2023-00854,2023/24,567454,Lorenzo Lucchesi,430,ACF Fiorentina,1103,Ternana Calcio,LOAN,loan transfer,0,OUT
TM-2023-00855,2023/24,567454,Lorenzo Lucchesi,8505,Fiorentina Primavera,430,ACF Fiorentina,PERMANENT_OR_OTHER_EXPLICIT,-,0,IN
TM-2023-00856,2023/24,567469,Alessandro Barbetta,34499,US Pianese,6574,US Sassuolo,LOAN_RETURN_OR_END_OF_LOAN,End of loan 30/06/2023,0,IN
TM-2023-00857,2023/24,567469,Alessandro Barbetta,6574,US Sassuolo,27609,Calcio Budoni,FREE_TRANSFER,free transfer,0,OUT
TM-2023-00858,2023/24,567472,Federico Zuccon,5514,Calcio Lecco 1912,800,Atalanta BC,LOAN_RETURN_OR_END_OF_LOAN,End of loan 30/06/2023,0,IN
TM-2023-00859,2023/24,568559,Radu Drăgușin,252,Genoa CFC,148,Tottenham Hotspur,PERMANENT_OR_OTHER_EXPLICIT,€28.00m,0,OUT
TM-2023-00860,2023/24,568559,Radu Drăgușin,252,Genoa CFC,506,Juventus FC,LOAN_RETURN_OR_END_OF_LOAN,End of loan 30/06/2023,1,IN+OUT
TM-2023-00861,2023/24,568559,Radu Drăgușin,506,Juventus FC,252,Genoa CFC,PERMANENT_OR_OTHER_EXPLICIT,€9.70m,1,IN+OUT
TM-2023-00862,2023/24,569384,Lucien Agoumé,1095,ESTAC Troyes,46,Inter Milan,LOAN_RETURN_OR_END_OF_LOAN,End of loan 30/06/2023,0,IN
TM-2023-00863,2023/24,569384,Lucien Agoumé,46,Inter Milan,368,Sevilla FC,LOAN,loan transfer,0,OUT
TM-2023-00864,2023/24,570466,Mateusz Łęgowski,324,Pogon Szczecin,380,US Salernitana 1919,PERMANENT_OR_OTHER_EXPLICIT,€3.00m,0,IN
TM-2023-00865,2023/24,571600,Gabriele Bracaglia,17664,Frosinone Primavera,8970,Frosinone Calcio,PERMANENT_OR_OTHER_EXPLICIT,-,0,IN
TM-2023-00866,2023/24,571600,Gabriele Bracaglia,8970,Frosinone Calcio,24898,AC Renate,LOAN,loan transfer,0,OUT
TM-2023-00867,2023/24,572265,Lorenzo Lucca,4172,Pisa Sporting Club,410,Udinese Calcio,LOAN,Loan fee: €800k,0,IN
TM-2023-00868,2023/24,572443,Bruno Conti,2581,Mantova 1911,276,Hellas Verona,LOAN_RETURN_OR_END_OF_LOAN,End of loan 30/06/2023,0,IN
TM-2023-00869,2023/24,572443,Bruno Conti,276,Hellas Verona,45894,Monterosi Tuscia FC,LOAN,loan transfer,0,OUT
TM-2023-00870,2023/24,572658,Hamza Haoudi,4096,FC Turris 1944,8970,Frosinone Calcio,LOAN_RETURN_OR_END_OF_LOAN,End of loan 30/06/2023,0,IN
TM-2023-00871,2023/24,572658,Hamza Haoudi,8970,Frosinone Calcio,26789,FC Pro Vercelli 1892,LOAN,loan transfer,0,OUT
TM-2023-00872,2023/24,574164,Marco Molla,4324,Imolese Calcio 1919,1025,Bologna FC 1909,LOAN_RETURN_OR_END_OF_LOAN,End of loan 30/06/2023,0,IN
TM-2023-00873,2023/24,574495,Kristoffer Askildsen,1005,US Lecce,1038,UC Sampdoria,LOAN_RETURN_OR_END_OF_LOAN,End of loan 30/06/2023,0,OUT
TM-2023-00874,2023/24,574889,Simone Ianesi,14888,US Città di Pontedera,410,Udinese Calcio,LOAN_RETURN_OR_END_OF_LOAN,End of loan 30/06/2023,0,IN
TM-2023-00875,2023/24,574889,Simone Ianesi,410,Udinese Calcio,14888,US Città di Pontedera,PERMANENT_OR_OTHER_EXPLICIT,-,0,OUT
TM-2023-00876,2023/24,577394,Denso Kasius,1025,Bologna FC 1909,1090,AZ Alkmaar,FREE_TRANSFER,free transfer,0,OUT
TM-2023-00877,2023/24,577394,Denso Kasius,170,Rapid Vienna,1025,Bologna FC 1909,LOAN_RETURN_OR_END_OF_LOAN,End of loan 30/06/2023,0,IN
TM-2023-00878,2023/24,579299,Edoardo Sottini,2331,US Avellino 1912,46,Inter Milan,LOAN_RETURN_OR_END_OF_LOAN,End of loan 30/06/2023,0,IN
TM-2023-00879,2023/24,579299,Edoardo Sottini,46,Inter Milan,4084,AS Cittadella,FREE_TRANSFER,free transfer,0,OUT
TM-2023-00880,2023/24,579746,Giuseppe Agostino,252,Genoa CFC,4271,US Triestina,PERMANENT_OR_OTHER_EXPLICIT,?,0,OUT
TM-2023-00881,2023/24,582353,Mattia Zanotti,46,Inter Milan,257,FC St. Gallen 1879,LOAN,loan transfer,0,OUT
TM-2023-00882,2023/24,583404,Marcus Pedersen,234,Feyenoord Rotterdam,6574,US Sassuolo,LOAN,Loan fee: €1.00m,0,IN
TM-2023-00883,2023/24,585982,Carlos Augusto,2919,AC Monza,46,Inter Milan,LOAN,loan transfer,1,IN+OUT
TM-2023-00884,2023/24,586429,Ryan Flamingo,499,Vitesse Arnhem,6574,US Sassuolo,LOAN_RETURN_OR_END_OF_LOAN,End of loan 30/06/2023,0,IN
TM-2023-00885,2023/24,586429,Ryan Flamingo,6574,US Sassuolo,200,FC Utrecht,LOAN,loan transfer,0,OUT
TM-2023-00886,2023/24,586853,Vitinha,244,Olympique Marseille,252,Genoa CFC,LOAN,Loan fee: €3.00m,0,IN
TM-2023-00887,2023/24,589737,Kelvin Yeboah,167,FC Augsburg,252,Genoa CFC,LOAN_RETURN_OR_END_OF_LOAN,End of loan 30/06/2023,0,IN
TM-2023-00888,2023/24,589737,Kelvin Yeboah,252,Genoa CFC,3057,Standard Liège,LOAN,Loan fee: €460k,0,OUT
TM-2023-00889,2023/24,589737,Kelvin Yeboah,252,Genoa CFC,969,Montpellier HSC,LOAN,loan transfer,0,OUT
TM-2023-00890,2023/24,589737,Kelvin Yeboah,969,Montpellier HSC,252,Genoa CFC,LOAN_RETURN_OR_END_OF_LOAN,End of loan 31/01/2024,0,IN
TM-2023-00891,2023/24,592879,Eetu Mömmö,1005,US Lecce,23777,SJK Seinäjoki,LOAN,loan transfer,0,OUT
TM-2023-00892,2023/24,592879,Eetu Mömmö,1185,FH Hafnarfjördur,1005,US Lecce,LOAN_RETURN_OR_END_OF_LOAN,End of loan 31/12/2023,0,IN
TM-2023-00893,2023/24,592924,Andreas Jungdal,3551,SCR Altach,5,AC Milan,LOAN_RETURN_OR_END_OF_LOAN,End of loan 30/06/2023,0,IN
TM-2023-00894,2023/24,592924,Andreas Jungdal,5,AC Milan,2239,US Cremonese,PERMANENT_OR_OTHER_EXPLICIT,€150k,0,OUT
TM-2023-00895,2023/24,595809,Beto,410,Udinese Calcio,29,Everton FC,PERMANENT_OR_OTHER_EXPLICIT,€25.00m,0,OUT
TM-2023-00896,2023/24,600936,Luca Moro,6574,US Sassuolo,3522,Spezia Calcio,LOAN,loan transfer,0,OUT
TM-2023-00897,2023/24,600936,Luca Moro,8970,Frosinone Calcio,6574,US Sassuolo,LOAN_RETURN_OR_END_OF_LOAN,End of loan 30/06/2023,1,IN+OUT
TM-2023-00898,2023/24,601577,André Anderson,585,São Paulo Futebol Clube,398,SS Lazio,LOAN_RETURN_OR_END_OF_LOAN,End of loan 30/06/2023,0,IN
TM-2023-00899,2023/24,602124,Alessandro Bianco,430,ACF Fiorentina,5621,AC Reggiana 1919,LOAN,loan transfer,0,OUT
TM-2023-00900,2023/24,603676,Leonardo Pezzola,39818,San Donato Tavarnelle,749,FC Empoli,LOAN_RETURN_OR_END_OF_LOAN,End of loan 30/06/2023,0,IN
TM-2023-00901,2023/24,603676,Leonardo Pezzola,749,FC Empoli,4330,US Sambenedettese,FREE_TRANSFER,free transfer,0,OUT
TM-2023-00902,2023/24,603891,Emmanuel Ekong,749,FC Empoli,999,NK Istra 1961,LOAN,loan transfer,0,OUT
TM-2023-00903,2023/24,603891,Emmanuel Ekong,839,AC Perugia Calcio,749,FC Empoli,LOAN_RETURN_OR_END_OF_LOAN,End of loan 30/06/2023,0,IN
TM-2023-00904,2023/24,604579,Alessandro Mercati,4159,Carrarese Calcio 1908,6574,US Sassuolo,LOAN_RETURN_OR_END_OF_LOAN,End of loan 30/06/2023,0,IN
TM-2023-00905,2023/24,604579,Alessandro Mercati,6574,US Sassuolo,4326,AS Gubbio 1910,LOAN,loan transfer,0,OUT
TM-2023-00906,2023/24,606614,Jacopo De Matteis,380,US Salernitana 1919,1104,ACR Messina,PERMANENT_OR_OTHER_EXPLICIT,?,0,OUT
TM-2023-00907,2023/24,606614,Jacopo De Matteis,4033,Fermana FC,380,US Salernitana 1919,LOAN_RETURN_OR_END_OF_LOAN,End of loan 30/06/2023,0,IN
TM-2023-00908,2023/24,607226,Loum Tchaouna,273,Stade Rennais FC,380,US Salernitana 1919,PERMANENT_OR_OTHER_EXPLICIT,€3.00m,0,IN
TM-2023-00909,2023/24,608469,Adolfo Gaich,276,Hellas Verona,2410,CSKA Moscow,LOAN_RETURN_OR_END_OF_LOAN,End of loan 30/06/2023,0,OUT
TM-2023-00910,2023/24,60889,Gary Medel,1025,Bologna FC 1909,978,Clube de Regatas Vasco da Gama,FREE_TRANSFER,free transfer,0,OUT
TM-2023-00911,2023/24,610383,Filippo Frison,4163,US Fiorenzuola 1922,430,ACF Fiorentina,LOAN_RETURN_OR_END_OF_LOAN,End of loan 30/06/2023,0,IN
TM-2023-00912,2023/24,610383,Filippo Frison,430,ACF Fiorentina,515,Without Club,FREE_AGENT_OR_END_OF_CONTRACT,-,0,OUT
TM-2023-00913,2023/24,610442,Rasmus Højlund,800,Atalanta BC,985,Manchester United,PERMANENT_OR_OTHER_EXPLICIT,€79.80m,0,OUT
TM-2023-00914,2023/24,610878,Jacopo Desogus,1390,Cagliari Calcio,4326,AS Gubbio 1910,LOAN,loan transfer,0,OUT
TM-2023-00915,2023/24,610878,Jacopo Desogus,2921,Delfino Pescara 1936,1390,Cagliari Calcio,LOAN_RETURN_OR_END_OF_LOAN,End of loan 30/06/2023,0,IN
TM-2023-00916,2023/24,612059,Edoardo Piana,2721,US Alessandria Calcio 1912,410,Udinese Calcio,LOAN_RETURN_OR_END_OF_LOAN,End of loan 10/01/2024,0,IN
TM-2023-00917,2023/24,612059,Edoardo Piana,410,Udinese Calcio,1104,ACR Messina,LOAN,loan transfer,0,OUT
TM-2023-00918,2023/24,612059,Edoardo Piana,410,Udinese Calcio,2721,US Alessandria Calcio 1912,LOAN,loan transfer,0,OUT
TM-2023-00919,2023/24,612065,Karim Zedadka,6195,SSC Napoli,9284,Swift Hesperange,PERMANENT_OR_OTHER_EXPLICIT,€60k,0,OUT
TM-2023-00920,2023/24,613129,Christian Aucelli,6574,US Sassuolo,4553,US Pergolettese 1932,LOAN,loan transfer,0,OUT
TM-2023-00921,2023/24,613129,Christian Aucelli,7030,Vis Pesaro 1898,6574,US Sassuolo,LOAN_RETURN_OR_END_OF_LOAN,End of loan 30/06/2023,0,IN
TM-2023-00922,2023/24,613393,Gaetano Oristanio,46,Inter Milan,1390,Cagliari Calcio,LOAN,loan transfer,1,IN+OUT
TM-2023-00923,2023/24,613393,Gaetano Oristanio,724,FC Volendam,46,Inter Milan,LOAN_RETURN_OR_END_OF_LOAN,End of loan 30/06/2023,0,IN
TM-2023-00924,2023/24,613539,Marco Bertini,398,SS Lazio,2722,SPAL,LOAN,loan transfer,0,OUT
TM-2023-00925,2023/24,616031,Michele Besaggio,252,Genoa CFC,19,Brescia Calcio (- 2025),PERMANENT_OR_OTHER_EXPLICIT,?,0,OUT
TM-2023-00926,2023/24,616031,Michele Besaggio,41101,Juventus Next Gen,252,Genoa CFC,LOAN_RETURN_OR_END_OF_LOAN,End of loan 30/06/2023,0,IN
TM-2023-00927,2023/24,616058,Daniel Fossati,14888,US Città di Pontedera,252,Genoa CFC,LOAN_RETURN_OR_END_OF_LOAN,End of loan 23/01/2024,0,IN
TM-2023-00928,2023/24,616058,Daniel Fossati,22227,Borgosesia Calcio,252,Genoa CFC,LOAN_RETURN_OR_END_OF_LOAN,End of loan 30/06/2023,0,IN
TM-2023-00929,2023/24,616058,Daniel Fossati,252,Genoa CFC,14888,US Città di Pontedera,LOAN,loan transfer,0,OUT
TM-2023-00930,2023/24,616058,Daniel Fossati,252,Genoa CFC,26883,USD Sestri Levante 1919,LOAN,loan transfer,0,OUT
TM-2023-00931,2023/24,616162,Alessandro Fontanarosa,46,Inter Milan,4031,Cosenza Calcio,LOAN,loan transfer,0,OUT
TM-2023-00932,2023/24,616169,Duccio Degli Innocenti,749,FC Empoli,5514,Calcio Lecco 1912,LOAN,loan transfer,0,OUT
TM-2023-00933,2023/24,616628,Giorgio Cittadini,1385,Modena FC,800,Atalanta BC,LOAN_RETURN_OR_END_OF_LOAN,End of loan 30/06/2023,0,IN
TM-2023-00934,2023/24,616628,Giorgio Cittadini,2919,AC Monza,252,Genoa CFC,LOAN,loan transfer,1,IN+OUT
TM-2023-00935,2023/24,616628,Giorgio Cittadini,800,Atalanta BC,2919,AC Monza,LOAN,loan transfer,1,IN+OUT
TM-2023-00936,2023/24,616638,Alassane Sidibe,408,Ascoli Calcio,800,Atalanta BC,LOAN_RETURN_OR_END_OF_LOAN,End of loan 30/06/2023,0,IN
TM-2023-00937,2023/24,616638,Alassane Sidibe,800,Atalanta BC,41110,Atalanta U23,PERMANENT_OR_OTHER_EXPLICIT,-,0,OUT
TM-2023-00938,2023/24,616667,Mattia Pagliuca,1025,Bologna FC 1909,2721,US Alessandria Calcio 1912,LOAN,loan transfer,0,OUT
TM-2023-00939,2023/24,616667,Mattia Pagliuca,1025,Bologna FC 1909,5163,Brindisi FC,LOAN,loan transfer,0,OUT
TM-2023-00940,2023/24,616667,Mattia Pagliuca,2721,US Alessandria Calcio 1912,1025,Bologna FC 1909,LOAN_RETURN_OR_END_OF_LOAN,End of loan 31/01/2024,0,IN
TM-2023-00941,2023/24,617019,Matthew Garbett,132,NAC Breda,416,Torino FC,LOAN_RETURN_OR_END_OF_LOAN,End of loan 30/06/2023,0,IN
TM-2023-00942,2023/24,617019,Matthew Garbett,416,Torino FC,132,NAC Breda,PERMANENT_OR_OTHER_EXPLICIT,?,0,OUT
TM-2023-00943,2023/24,617164,Pietro Passador,4111,Rimini FC,416,Torino FC,LOAN_RETURN_OR_END_OF_LOAN,End of loan 05/01/2024,0,IN
TM-2023-00944,2023/24,617170,Martin Palumbo,410,Udinese Calcio,41101,Juventus Next Gen,PERMANENT_OR_OTHER_EXPLICIT,€785k,0,OUT
TM-2023-00945,2023/24,617170,Martin Palumbo,41101,Juventus Next Gen,410,Udinese Calcio,LOAN_RETURN_OR_END_OF_LOAN,End of loan 30/06/2023,0,IN
TM-2023-00946,2023/24,618505,Davide Costanzo,26789,FC Pro Vercelli 1892,6195,SSC Napoli,LOAN_RETURN_OR_END_OF_LOAN,End of loan 30/06/2023,0,IN
TM-2023-00947,2023/24,618505,Davide Costanzo,6195,SSC Napoli,47180,Portici 1906,FREE_TRANSFER,free transfer,0,OUT
TM-2023-00948,2023/24,620477,Kaio Jorge,506,Juventus FC,8970,Frosinone Calcio,LOAN,loan transfer,1,IN+OUT
TM-2023-00949,2023/24,621122,Matteo Angeli,1025,Bologna FC 1909,4084,AS Cittadella,FREE_TRANSFER,free transfer,0,OUT
TM-2023-00950,2023/24,621122,Matteo Angeli,24898,AC Renate,1025,Bologna FC 1909,LOAN_RETURN_OR_END_OF_LOAN,End of loan 30/06/2023,0,IN
TM-2023-00951,2023/24,623040,Yayah Kallon,252,Genoa CFC,276,Hellas Verona,PERMANENT_OR_OTHER_EXPLICIT,€1.80m,1,IN+OUT
TM-2023-00952,2023/24,623040,Yayah Kallon,276,Hellas Verona,252,Genoa CFC,LOAN_RETURN_OR_END_OF_LOAN,End of loan 30/06/2023,1,IN+OUT
TM-2023-00953,2023/24,623040,Yayah Kallon,276,Hellas Verona,332,SSC Bari,LOAN,loan transfer,0,OUT
TM-2023-00954,2023/24,623412,Mihai Popa,40843,FC Voluntari,416,Torino FC,FREE_TRANSFER,free transfer,0,IN
TM-2023-00955,2023/24,623851,Khadim Ndiaye,800,Atalanta BC,515,Without Club,FREE_AGENT_OR_END_OF_CONTRACT,-,0,OUT
TM-2023-00956,2023/24,624942,Raúl Moro,2497,Real Oviedo,398,SS Lazio,LOAN_RETURN_OR_END_OF_LOAN,End of loan 30/06/2023,0,IN
TM-2023-00957,2023/24,624942,Raúl Moro,398,SS Lazio,366,Real Valladolid CF,LOAN,loan transfer,0,OUT
TM-2023-00958,2023/24,626913,Boulaye Dia,1050,Villarreal CF,380,US Salernitana 1919,PERMANENT_OR_OTHER_EXPLICIT,€14.40m,0,IN
TM-2023-00959,2023/24,626913,Boulaye Dia,380,US Salernitana 1919,1050,Villarreal CF,LOAN_RETURN_OR_END_OF_LOAN,End of loan 30/06/2023,0,OUT
TM-2023-00960,2023/24,627226,Reinier,418,Real Madrid,8970,Frosinone Calcio,LOAN,loan transfer,0,IN
TM-2023-00961,2023/24,627624,Lorenzo Peschetola,22045,Latina Calcio 1932,46,Inter Milan,LOAN_RETURN_OR_END_OF_LOAN,End of loan 30/06/2023,0,IN
TM-2023-00962,2023/24,627624,Lorenzo Peschetola,46,Inter Milan,33734,SS Monopoli 1966,FREE_TRANSFER,free transfer,0,OUT
TM-2023-00963,2023/24,628366,Lucas Beltrán,209,CA River Plate,430,ACF Fiorentina,PERMANENT_OR_OTHER_EXPLICIT,€19.70m,0,IN
TM-2023-00964,2023/24,628558,Riccardo Ciervo,607,Venezia FC,6574,US Sassuolo,LOAN_RETURN_OR_END_OF_LOAN,End of loan 30/06/2023,0,IN
TM-2023-00965,2023/24,628558,Riccardo Ciervo,6574,US Sassuolo,4554,FC Südtirol,LOAN,loan transfer,0,OUT
TM-2023-00966,2023/24,629016,Marco Nasti,4031,Cosenza Calcio,5,AC Milan,LOAN_RETURN_OR_END_OF_LOAN,End of loan 30/06/2023,0,IN
TM-2023-00967,2023/24,629016,Marco Nasti,5,AC Milan,332,SSC Bari,LOAN,loan transfer,0,OUT
TM-2023-00968,2023/24,630812,Stefano Rubbi,2919,AC Monza,515,Without Club,FREE_AGENT_OR_END_OF_CONTRACT,-,0,OUT
TM-2023-00969,2023/24,630812,Stefano Rubbi,4553,US Pergolettese 1932,2919,AC Monza,LOAN_RETURN_OR_END_OF_LOAN,End of loan 30/06/2023,0,IN
TM-2023-00970,2023/24,631007,Filippo Terracciano,276,Hellas Verona,5,AC Milan,PERMANENT_OR_OTHER_EXPLICIT,€4.50m,1,IN+OUT
TM-2023-00971,2023/24,63186,Roberto Soriano,1025,Bologna FC 1909,515,Without Club,FREE_AGENT_OR_END_OF_CONTRACT,-,0,OUT
TM-2023-00972,2023/24,633530,Jordan Zemura,989,AFC Bournemouth,410,Udinese Calcio,FREE_TRANSFER,free transfer,0,IN
TM-2023-00973,2023/24,633668,Giovanni Fabbian,1386,LFA Reggio Calabria,46,Inter Milan,LOAN_RETURN_OR_END_OF_LOAN,End of loan 30/06/2023,0,IN
TM-2023-00974,2023/24,633668,Giovanni Fabbian,46,Inter Milan,1025,Bologna FC 1909,PERMANENT_OR_OTHER_EXPLICIT,€5.37m,1,IN+OUT
TM-2023-00975,2023/24,638793,Tajon Buchanan,2282,Club Brugge KV,46,Inter Milan,PERMANENT_OR_OTHER_EXPLICIT,€7.30m,0,IN
TM-2023-00976,2023/24,640109,Martín Satriano,46,Inter Milan,3911,Stade Brestois 29,LOAN,loan transfer,0,OUT
TM-2023-00977,2023/24,640109,Martín Satriano,749,FC Empoli,46,Inter Milan,LOAN_RETURN_OR_END_OF_LOAN,End of loan 30/06/2023,1,IN+OUT
TM-2023-00978,2023/24,641537,Tommaso Baldanzi,749,FC Empoli,12,AS Roma,PERMANENT_OR_OTHER_EXPLICIT,€11.50m,1,IN+OUT
TM-2023-00979,2023/24,641553,Alessio Rizza,1408,Piacenza Calcio 1919,749,FC Empoli,LOAN_RETURN_OR_END_OF_LOAN,End of loan 30/06/2023,0,IN
TM-2023-00980,2023/24,641553,Alessio Rizza,749,FC Empoli,4084,AS Cittadella,PERMANENT_OR_OTHER_EXPLICIT,?,0,OUT
TM-2023-00981,2023/24,641556,Francesco Nunziatini,39818,San Donato Tavarnelle,46,Inter Milan,LOAN_RETURN_OR_END_OF_LOAN,End of loan 30/06/2023,0,IN
TM-2023-00982,2023/24,641556,Francesco Nunziatini,46,Inter Milan,2253,SEF Torres 1903,LOAN,loan transfer,0,OUT
TM-2023-00983,2023/24,642689,Mikael,2863,América Futebol Clube (MG),380,US Salernitana 1919,LOAN_RETURN_OR_END_OF_LOAN,End of loan 31/12/2023,0,IN
TM-2023-00984,2023/24,644676,Bruno Amione,1038,UC Sampdoria,276,Hellas Verona,LOAN_RETURN_OR_END_OF_LOAN,End of loan 30/06/2023,0,IN
TM-2023-00985,2023/24,644676,Bruno Amione,276,Hellas Verona,1403,Santos Laguna,PERMANENT_OR_OTHER_EXPLICIT,€3.00m,0,OUT
TM-2023-00986,2023/24,647484,Ebrima Darboe,12,AS Roma,1038,UC Sampdoria,LOAN,loan transfer,0,OUT
TM-2023-00987,2023/24,647484,Ebrima Darboe,12,AS Roma,413,LASK,LOAN,loan transfer,0,OUT
TM-2023-00988,2023/24,647484,Ebrima Darboe,413,LASK,12,AS Roma,LOAN_RETURN_OR_END_OF_LOAN,End of loan 31/01/2024,0,IN
TM-2023-00989,2023/24,647534,Joel Voelkerling Persson,1005,US Lecce,499,Vitesse Arnhem,LOAN,loan transfer,0,OUT
TM-2023-00990,2023/24,648032,James Abankwah,358,Charlton Athletic,410,Udinese Calcio,LOAN_RETURN_OR_END_OF_LOAN,End of loan 29/01/2024,0,IN
TM-2023-00991,2023/24,648032,James Abankwah,410,Udinese Calcio,358,Charlton Athletic,LOAN,loan transfer,0,OUT
TM-2023-00992,2023/24,648779,Wilfried Singo,416,Torino FC,162,AS Monaco,PERMANENT_OR_OTHER_EXPLICIT,€9.10m,0,OUT
TM-2023-00993,2023/24,649016,El Bilal Touré,3302,UD Almería,800,Atalanta BC,PERMANENT_OR_OTHER_EXPLICIT,€30.20m,0,IN
TM-2023-00994,2023/24,650224,Christos Kourfalidis,1390,Cagliari Calcio,9439,Feralpisalò,LOAN,Loan fee: €200k,0,OUT
TM-2023-00995,2023/24,650254,Jonathan Italeng,4339,Aquila Montevarchi 1902,800,Atalanta BC,LOAN_RETURN_OR_END_OF_LOAN,End of loan 30/06/2023,0,IN
TM-2023-00996,2023/24,650254,Jonathan Italeng,800,Atalanta BC,41110,Atalanta U23,PERMANENT_OR_OTHER_EXPLICIT,-,0,OUT
TM-2023-00997,2023/24,650593,Elmando Gjini,1414,Amora FC,252,Genoa CFC,LOAN_RETURN_OR_END_OF_LOAN,End of loan 30/06/2023,0,IN
TM-2023-00998,2023/24,650593,Elmando Gjini,252,Genoa CFC,3739,KF Teuta,FREE_TRANSFER,free transfer,0,OUT
TM-2023-00999,2023/24,650988,Bryan Bonucci,27561,US Adriese 1906,6574,US Sassuolo,LOAN_RETURN_OR_END_OF_LOAN,End of loan 30/06/2023,0,IN
TM-2023-01000,2023/24,650988,Bryan Bonucci,6574,US Sassuolo,46664,Cjarlins Muzane,LOAN,loan transfer,0,OUT
TM-2023-01001,2023/24,650993,Filippo Missori,12,AS Roma,6574,US Sassuolo,PERMANENT_OR_OTHER_EXPLICIT,€2.50m,1,IN+OUT
TM-2023-01002,2023/24,650996,Bruno Prati,22249,Audace Cerignola,430,ACF Fiorentina,LOAN_RETURN_OR_END_OF_LOAN,End of loan 01/01/2024,0,IN
TM-2023-01003,2023/24,650996,Bruno Prati,430,ACF Fiorentina,4333,US Grosseto 1912,LOAN,loan transfer,0,OUT
TM-2023-01004,2023/24,651002,Giacomo Faticanti,1005,US Lecce,1103,Ternana Calcio,LOAN,loan transfer,0,OUT
TM-2023-01005,2023/24,651002,Giacomo Faticanti,11997,Roma U19,1005,US Lecce,PERMANENT_OR_OTHER_EXPLICIT,€1.35m,0,IN
TM-2023-01006,2023/24,653415,Leonardo Buta,410,Udinese Calcio,2424,Gil Vicente FC,LOAN,loan transfer,0,OUT
TM-2023-01007,2023/24,654949,Sekou Diawara,10959,Udinese Primavera,410,Udinese Calcio,PERMANENT_OR_OTHER_EXPLICIT,-,0,IN
TM-2023-01008,2023/24,654949,Sekou Diawara,410,Udinese Calcio,41274,Beerschot VA,LOAN,loan transfer,0,OUT
TM-2023-01009,2023/24,655186,Brayan Boci,252,Genoa CFC,30066,FC Legnago Salus,LOAN,loan transfer,0,OUT
TM-2023-01010,2023/24,655186,Brayan Boci,252,Genoa CFC,5514,Calcio Lecco 1912,LOAN,loan transfer,0,OUT
TM-2023-01011,2023/24,655186,Brayan Boci,5514,Calcio Lecco 1912,252,Genoa CFC,LOAN_RETURN_OR_END_OF_LOAN,End of loan 05/01/2024,0,IN
TM-2023-01012,2023/24,655186,Brayan Boci,8517,Genoa U19,252,Genoa CFC,PERMANENT_OR_OTHER_EXPLICIT,-,0,IN
TM-2023-01013,2023/24,655456,Saba Sazonov,121,Dynamo Moscow,416,Torino FC,PERMANENT_OR_OTHER_EXPLICIT,€2.75m,0,IN
TM-2023-01014,2023/24,655525,Yeferson Paz,6574,US Sassuolo,839,AC Perugia Calcio,LOAN,loan transfer,0,OUT
TM-2023-01015,2023/24,655525,Yeferson Paz,839,AC Perugia Calcio,6574,US Sassuolo,LOAN_RETURN_OR_END_OF_LOAN,End of loan 30/06/2023,0,IN
TM-2023-01016,2023/24,656095,Andi Hoti,245,SC Freiburg II,46,Inter Milan,LOAN_RETURN_OR_END_OF_LOAN,End of loan 30/06/2023,0,IN
TM-2023-01017,2023/24,656095,Andi Hoti,46,Inter Milan,187,1.FC Magdeburg,PERMANENT_OR_OTHER_EXPLICIT,€220k,0,OUT
TM-2023-01018,2023/24,657742,Joaquín Sosa,1025,Bologna FC 1909,4078,CF Montréal,LOAN,loan transfer,0,OUT
TM-2023-01019,2023/24,657742,Joaquín Sosa,1025,Bologna FC 1909,419,GNK Dinamo Zagreb,LOAN,loan transfer,0,OUT
TM-2023-01020,2023/24,657742,Joaquín Sosa,419,GNK Dinamo Zagreb,1025,Bologna FC 1909,LOAN_RETURN_OR_END_OF_LOAN,End of loan 10/01/2024,0,IN
TM-2023-01021,2023/24,658244,Luigi Samele,22249,Audace Cerignola,6574,US Sassuolo,LOAN_RETURN_OR_END_OF_LOAN,End of loan 30/06/2023,0,IN
TM-2023-01022,2023/24,658244,Luigi Samele,4093,Taranto SS,6574,US Sassuolo,LOAN_RETURN_OR_END_OF_LOAN,End of loan 31/01/2024,0,IN
TM-2023-01023,2023/24,658244,Luigi Samele,6574,US Sassuolo,2721,US Alessandria Calcio 1912,LOAN,loan transfer,0,OUT
TM-2023-01024,2023/24,658244,Luigi Samele,6574,US Sassuolo,4093,Taranto SS,LOAN,loan transfer,0,OUT
TM-2023-01025,2023/24,658586,Matteo Fiorenza,416,Torino FC,515,Without Club,FREE_AGENT_OR_END_OF_CONTRACT,-,0,OUT
TM-2023-01026,2023/24,658612,Dimo Krastev,4097,US Catanzaro,430,ACF Fiorentina,LOAN_RETURN_OR_END_OF_LOAN,End of loan 23/01/2024,0,IN
TM-2023-01027,2023/24,658612,Dimo Krastev,430,ACF Fiorentina,4097,US Catanzaro,LOAN,loan transfer,0,OUT
TM-2023-01028,2023/24,658612,Dimo Krastev,430,ACF Fiorentina,9439,Feralpisalò,LOAN,loan transfer,0,OUT
TM-2023-01029,2023/24,658612,Dimo Krastev,8505,Fiorentina Primavera,430,ACF Fiorentina,PERMANENT_OR_OTHER_EXPLICIT,-,0,IN
TM-2023-01030,2023/24,659516,Warren Bondo,1386,LFA Reggio Calabria,2919,AC Monza,LOAN_RETURN_OR_END_OF_LOAN,End of loan 30/06/2023,0,IN
TM-2023-01031,2023/24,659648,Gioele Zacchi,19114,Sassuolo Primavera,6574,US Sassuolo,PERMANENT_OR_OTHER_EXPLICIT,-,0,IN
TM-2023-01032,2023/24,659648,Gioele Zacchi,6574,US Sassuolo,44223,AS Giana Erminio,LOAN,loan transfer,0,OUT
TM-2023-01033,2023/24,662562,Giuseppe D'Agostino,33734,SS Monopoli 1966,6195,SSC Napoli,LOAN_RETURN_OR_END_OF_LOAN,End of loan 28/01/2024,0,IN
TM-2023-01034,2023/24,662562,Giuseppe D'Agostino,5587,SS Juve Stabia,6195,SSC Napoli,LOAN_RETURN_OR_END_OF_LOAN,End of loan 30/06/2023,0,IN
TM-2023-01035,2023/24,662562,Giuseppe D'Agostino,6195,SSC Napoli,33734,SS Monopoli 1966,LOAN,loan transfer,0,OUT
TM-2023-01036,2023/24,662562,Giuseppe D'Agostino,6195,SSC Napoli,49430,AZ Picerno,LOAN,loan transfer,0,OUT
TM-2023-01037,2023/24,663900,Giovanni Bonfanti,14888,US Città di Pontedera,800,Atalanta BC,LOAN_RETURN_OR_END_OF_LOAN,End of loan 30/06/2023,0,IN
TM-2023-01038,2023/24,663939,Andrea Oliveri,8970,Frosinone Calcio,800,Atalanta BC,LOAN_RETURN_OR_END_OF_LOAN,End of loan 30/06/2023,1,IN+OUT
TM-2023-01039,2023/24,666005,Michele Forchignone,1627,Catania FC,6574,US Sassuolo,LOAN_RETURN_OR_END_OF_LOAN,End of loan 30/06/2023,0,IN
TM-2023-01040,2023/24,666005,Michele Forchignone,6574,US Sassuolo,8373,Siracusa Calcio,FREE_TRANSFER,free transfer,0,OUT
TM-2023-01041,2023/24,668951,Matías Soulé,506,Juventus FC,8970,Frosinone Calcio,LOAN,loan transfer,1,IN+OUT
TM-2023-01042,2023/24,669915,Filippo Distefano,430,ACF Fiorentina,1103,Ternana Calcio,LOAN,loan transfer,0,OUT
TM-2023-01043,2023/24,669915,Filippo Distefano,8505,Fiorentina Primavera,430,ACF Fiorentina,PERMANENT_OR_OTHER_EXPLICIT,-,0,IN
TM-2023-01044,2023/24,671915,Enzo Barrenechea,506,Juventus FC,8970,Frosinone Calcio,LOAN,loan transfer,1,IN+OUT
TM-2023-01045,2023/24,672836,Nicolò Evangelisti,4093,Taranto SS,749,FC Empoli,LOAN_RETURN_OR_END_OF_LOAN,End of loan 30/06/2023,0,IN
TM-2023-01046,2023/24,672836,Nicolò Evangelisti,749,FC Empoli,46337,Pineto Calcio,LOAN,loan transfer,0,OUT
TM-2023-01047,2023/24,672869,Pierluca Luciani,1387,Siena FC,8970,Frosinone Calcio,LOAN_RETURN_OR_END_OF_LOAN,End of loan 30/06/2023,0,IN
TM-2023-01048,2023/24,672869,Pierluca Luciani,8970,Frosinone Calcio,1104,ACR Messina,LOAN,loan transfer,0,OUT
TM-2023-01049,2023/24,673148,Alessio Piazza,1005,US Lecce,37653,Santa Lucia FC,FREE_TRANSFER,free transfer,0,OUT
TM-2023-01050,2023/24,673148,Alessio Piazza,1104,ACR Messina,1005,US Lecce,LOAN_RETURN_OR_END_OF_LOAN,End of loan 30/06/2023,0,IN
TM-2023-01051,2023/24,673495,Emil Roback,2844,IFK Norrköping,5,AC Milan,LOAN_RETURN_OR_END_OF_LOAN,End of loan 31/12/2023,0,IN
TM-2023-01052,2023/24,674806,Santiago Pierotti,1070,CA Colón,1005,US Lecce,PERMANENT_OR_OTHER_EXPLICIT,€1.20m,0,IN
TM-2023-01053,2023/24,67556,Milan Djuric,276,Hellas Verona,2919,AC Monza,PERMANENT_OR_OTHER_EXPLICIT,€2.30m,1,IN+OUT
TM-2023-01054,2023/24,679280,Kalifa Kujabi,8970,Frosinone Calcio,2253,SEF Torres 1903,LOAN,loan transfer,0,OUT
TM-2023-01055,2023/24,679754,Niklas Pyyhtiä,1025,Bologna FC 1909,1103,Ternana Calcio,LOAN,loan transfer,0,OUT
TM-2023-01056,2023/24,682032,Marley Aké,2969,Dijon FCO,506,Juventus FC,LOAN_RETURN_OR_END_OF_LOAN,End of loan 30/06/2023,0,IN
TM-2023-01057,2023/24,682032,Marley Aké,410,Udinese Calcio,506,Juventus FC,LOAN_RETURN_OR_END_OF_LOAN,End of loan 17/01/2024,1,IN+OUT
TM-2023-01058,2023/24,682032,Marley Aké,506,Juventus FC,322,Yverdon Sport FC,LOAN,loan transfer,0,OUT
TM-2023-01059,2023/24,682032,Marley Aké,506,Juventus FC,410,Udinese Calcio,LOAN,loan transfer,1,IN+OUT
TM-2023-01060,2023/24,685506,Christian Travaglini,1103,Ternana Calcio,1390,Cagliari Calcio,LOAN_RETURN_OR_END_OF_LOAN,End of loan 10/01/2024,0,IN
TM-2023-01061,2023/24,685506,Christian Travaglini,1390,Cagliari Calcio,1103,Ternana Calcio,LOAN,loan transfer,0,OUT
TM-2023-01062,2023/24,685506,Christian Travaglini,1390,Cagliari Calcio,4093,Taranto SS,LOAN,loan transfer,0,OUT
TM-2023-01063,2023/24,685506,Christian Travaglini,9826,Olbia Calcio 1905,1390,Cagliari Calcio,PERMANENT_OR_OTHER_EXPLICIT,€100k,0,IN
TM-2023-01064,2023/24,68864,Kevin Strootman,244,Olympique Marseille,252,Genoa CFC,FREE_TRANSFER,free transfer,0,IN
TM-2023-01065,2023/24,68864,Kevin Strootman,252,Genoa CFC,244,Olympique Marseille,LOAN_RETURN_OR_END_OF_LOAN,End of loan 30/06/2023,0,OUT
TM-2023-01066,2023/24,691476,Alessio Rossi,39818,San Donato Tavarnelle,749,FC Empoli,LOAN_RETURN_OR_END_OF_LOAN,End of loan 30/06/2023,0,IN
TM-2023-01067,2023/24,691476,Alessio Rossi,749,FC Empoli,704,Calcio Foggia 1920,LOAN,loan transfer,0,OUT
TM-2023-01068,2023/24,691825,Edoardo Pieragnolo,19114,Sassuolo Primavera,6574,US Sassuolo,PERMANENT_OR_OTHER_EXPLICIT,-,0,IN
TM-2023-01069,2023/24,691825,Edoardo Pieragnolo,6574,US Sassuolo,5621,AC Reggiana 1919,LOAN,Loan fee: €18k,0,OUT
TM-2023-01070,2023/24,692351,Alessandro Silvestro,4163,US Fiorenzuola 1922,46,Inter Milan,LOAN_RETURN_OR_END_OF_LOAN,End of loan 31/01/2024,0,IN
TM-2023-01071,2023/24,692351,Alessandro Silvestro,4339,Aquila Montevarchi 1902,46,Inter Milan,LOAN_RETURN_OR_END_OF_LOAN,End of loan 30/06/2023,0,IN
TM-2023-01072,2023/24,692351,Alessandro Silvestro,46,Inter Milan,4163,US Fiorenzuola 1922,LOAN,loan transfer,0,OUT
TM-2023-01073,2023/24,692351,Alessandro Silvestro,46,Inter Milan,704,Calcio Foggia 1920,LOAN,loan transfer,0,OUT
TM-2023-01074,2023/24,693352,Iron Gomis,10484,Kasimpasa,380,US Salernitana 1919,LOAN,loan transfer,0,IN
TM-2023-01075,2023/24,698259,Thomas Kristensen,678,Aarhus GF,410,Udinese Calcio,PERMANENT_OR_OTHER_EXPLICIT,€5.00m,0,IN
TM-2023-01076,2023/24,698548,Marko Lazetić,3551,SCR Altach,5,AC Milan,LOAN_RETURN_OR_END_OF_LOAN,End of loan 30/06/2023,0,IN
TM-2023-01077,2023/24,698548,Marko Lazetić,5,AC Milan,385,Fortuna Sittard,LOAN,loan transfer,0,OUT
TM-2023-01078,2023/24,700998,Chaka Traorè,10958,Milan Primavera,5,AC Milan,PERMANENT_OR_OTHER_EXPLICIT,-,0,IN
TM-2023-01079,2023/24,700998,Chaka Traorè,5,AC Milan,458,Palermo FC,LOAN,loan transfer,0,OUT
TM-2023-01080,2023/24,701036,Gianluca Parodi,252,Genoa CFC,4103,FC Lumezzane,FREE_TRANSFER,free transfer,0,OUT
TM-2023-01081,2023/24,701036,Gianluca Parodi,4103,FC Lumezzane,252,Genoa CFC,LOAN_RETURN_OR_END_OF_LOAN,End of loan 30/06/2023,0,IN
TM-2023-01082,2023/24,701819,Daniele Ghilardi,2581,Mantova 1911,276,Hellas Verona,LOAN_RETURN_OR_END_OF_LOAN,End of loan 30/06/2023,0,IN
TM-2023-01083,2023/24,701819,Daniele Ghilardi,276,Hellas Verona,1038,UC Sampdoria,LOAN,loan transfer,0,OUT
TM-2023-01084,2023/24,703227,Davide Mastrantonio,12,AS Roma,26789,FC Pro Vercelli 1892,LOAN,loan transfer,0,OUT
TM-2023-01085,2023/24,703227,Davide Mastrantonio,12,AS Roma,45894,Monterosi Tuscia FC,LOAN,loan transfer,0,OUT
TM-2023-01086,2023/24,703227,Davide Mastrantonio,45894,Monterosi Tuscia FC,12,AS Roma,LOAN_RETURN_OR_END_OF_LOAN,End of loan 25/01/2024,0,IN
TM-2023-01087,2023/24,703245,Antonio Vergara,26789,FC Pro Vercelli 1892,6195,SSC Napoli,LOAN_RETURN_OR_END_OF_LOAN,End of loan 30/06/2023,0,IN
TM-2023-01088,2023/24,703245,Antonio Vergara,6195,SSC Napoli,5621,AC Reggiana 1919,LOAN,loan transfer,0,OUT
TM-2023-01089,2023/24,704176,Destiny Egharevba,4163,US Fiorenzuola 1922,430,ACF Fiorentina,LOAN_RETURN_OR_END_OF_LOAN,End of loan 30/06/2023,0,IN
TM-2023-01090,2023/24,704176,Destiny Egharevba,430,ACF Fiorentina,27624,US Recanatese,LOAN,loan transfer,0,OUT
TM-2023-01091,2023/24,704234,Diego Fornari,276,Hellas Verona,22556,Prodeco Calcio Montebelluna,LOAN,loan transfer,0,OUT
TM-2023-01092,2023/24,704234,Diego Fornari,9816,Forlì FC,276,Hellas Verona,LOAN_RETURN_OR_END_OF_LOAN,End of loan 30/06/2023,0,IN
TM-2023-01093,2023/24,704337,William Rovida,4159,Carrarese Calcio 1908,46,Inter Milan,LOAN_RETURN_OR_END_OF_LOAN,End of loan 30/06/2023,0,IN
TM-2023-01094,2023/24,704337,William Rovida,46,Inter Milan,4146,Aurora Pro Patria,LOAN,loan transfer,0,OUT
TM-2023-01095,2023/24,704347,Antonio Pio Iervolino,380,US Salernitana 1919,7030,Vis Pesaro 1898,LOAN,loan transfer,0,OUT
TM-2023-01096,2023/24,704456,Nosa Edward Obaretin,12819,Napoli Primavera,6195,SSC Napoli,PERMANENT_OR_OTHER_EXPLICIT,-,0,IN
TM-2023-01097,2023/24,704456,Nosa Edward Obaretin,6195,SSC Napoli,4095,AC Trento,LOAN,loan transfer,0,OUT
TM-2023-01098,2023/24,704709,Mattia Damiani,410,Udinese Calcio,4255,SS Arezzo,FREE_TRANSFER,free transfer,0,OUT
TM-2023-01099,2023/24,704709,Mattia Damiani,4255,SS Arezzo,410,Udinese Calcio,LOAN_RETURN_OR_END_OF_LOAN,End of loan 30/06/2023,0,IN
TM-2023-01100,2023/24,704742,Giorgio Savini,30326,Gelbison,416,Torino FC,LOAN_RETURN_OR_END_OF_LOAN,End of loan 30/06/2023,0,IN
TM-2023-01101,2023/24,704742,Giorgio Savini,416,Torino FC,6692,Novara FC,LOAN,loan transfer,0,OUT
TM-2023-01102,2023/24,705063,Samuele Angori,749,FC Empoli,14888,US Città di Pontedera,LOAN,loan transfer,0,OUT
TM-2023-01103,2023/24,705063,Samuele Angori,839,AC Perugia Calcio,749,FC Empoli,PERMANENT_OR_OTHER_EXPLICIT,€200k,0,IN
TM-2023-01104,2023/24,705097,Davide Veroli,11676,Cagliari Primavera,1390,Cagliari Calcio,PERMANENT_OR_OTHER_EXPLICIT,-,0,IN
TM-2023-01105,2023/24,705097,Davide Veroli,1390,Cagliari Calcio,4097,US Catanzaro,LOAN,loan transfer,0,OUT
TM-2023-01106,2023/24,705355,Lorenzo Palmisani,17664,Frosinone Primavera,8970,Frosinone Calcio,PERMANENT_OR_OTHER_EXPLICIT,-,0,IN
TM-2023-01107,2023/24,705355,Lorenzo Palmisani,8970,Frosinone Calcio,9826,Olbia Calcio 1905,LOAN,loan transfer,0,OUT
TM-2023-01108,2023/24,705355,Lorenzo Palmisani,9826,Olbia Calcio 1905,8970,Frosinone Calcio,LOAN_RETURN_OR_END_OF_LOAN,End of loan 03/01/2024,0,IN
TM-2023-01109,2023/24,70580,Raffaele Di Gennaro,4326,AS Gubbio 1910,46,Inter Milan,FREE_TRANSFER,free transfer,0,IN
TM-2023-01110,2023/24,70689,Filippo Falco,1390,Cagliari Calcio,159,Red Star Belgrade,LOAN_RETURN_OR_END_OF_LOAN,End of loan 30/06/2023,0,OUT
TM-2023-01111,2023/24,707295,Giuseppe Ambrosino,4084,AS Cittadella,6195,SSC Napoli,LOAN_RETURN_OR_END_OF_LOAN,End of loan 30/06/2023,0,IN
TM-2023-01112,2023/24,707295,Giuseppe Ambrosino,6195,SSC Napoli,4097,US Catanzaro,LOAN,loan transfer,0,OUT
TM-2023-01113,2023/24,707450,Lorenzo Amatucci,430,ACF Fiorentina,1103,Ternana Calcio,LOAN,loan transfer,0,OUT
TM-2023-01114,2023/24,707450,Lorenzo Amatucci,8505,Fiorentina Primavera,430,ACF Fiorentina,PERMANENT_OR_OTHER_EXPLICIT,-,0,IN
TM-2023-01115,2023/24,707475,Giuseppe Filì,1104,ACR Messina,749,FC Empoli,LOAN_RETURN_OR_END_OF_LOAN,End of loan 30/06/2023,0,IN
TM-2023-01116,2023/24,707475,Giuseppe Filì,749,FC Empoli,56697,United Riccione,FREE_TRANSFER,free transfer,0,OUT
TM-2023-01117,2023/24,707793,Kacper Zielski,18950,FC Matera,252,Genoa CFC,LOAN_RETURN_OR_END_OF_LOAN,End of loan 30/06/2023,0,IN
TM-2023-01118,2023/24,707793,Kacper Zielski,252,Genoa CFC,41149,Raków Częstochowa II,FREE_TRANSFER,free transfer,0,OUT
TM-2023-01119,2023/24,708086,Romano Floriani Mussolini,12816,Lazio U19,398,SS Lazio,PERMANENT_OR_OTHER_EXPLICIT,-,0,IN
TM-2023-01120,2023/24,708086,Romano Floriani Mussolini,398,SS Lazio,2921,Delfino Pescara 1936,LOAN,loan transfer,0,OUT
TM-2023-01121,2023/24,709985,Jeppe Corfitzen,5618,Lecce Primavera,1005,US Lecce,PERMANENT_OR_OTHER_EXPLICIT,-,0,IN
TM-2023-01122,2023/24,710968,Uros Kabic,159,Red Star Belgrade,416,Torino FC,LOAN,loan transfer,0,IN
TM-2023-01123,2023/24,712030,Cristian Macrì,1005,US Lecce,27657,FC Francavilla 1931,FREE_TRANSFER,free transfer,0,OUT
TM-2023-01124,2023/24,712030,Cristian Macrì,22344,AC Nardò,1005,US Lecce,LOAN_RETURN_OR_END_OF_LOAN,End of loan 30/06/2023,0,IN
TM-2023-01125,2023/24,715470,Brian Bayeye,416,Torino FC,408,Ascoli Calcio,LOAN,loan transfer,0,OUT
TM-2023-01126,2023/24,716668,Kevin Haveri,408,Ascoli Calcio,416,Torino FC,LOAN_RETURN_OR_END_OF_LOAN,End of loan 26/01/2024,0,IN
TM-2023-01127,2023/24,716668,Kevin Haveri,4111,Rimini FC,416,Torino FC,PERMANENT_OR_OTHER_EXPLICIT,€300k,0,IN
TM-2023-01128,2023/24,716668,Kevin Haveri,416,Torino FC,1627,Catania FC,LOAN,Loan fee: €20k,0,OUT
TM-2023-01129,2023/24,716668,Kevin Haveri,416,Torino FC,408,Ascoli Calcio,LOAN,loan transfer,0,OUT
TM-2023-01130,2023/24,724106,Luca Lipani,252,Genoa CFC,6574,US Sassuolo,PERMANENT_OR_OTHER_EXPLICIT,€4.55m,1,IN+OUT
TM-2023-01131,2023/24,724418,Eljon Toci,26883,USD Sestri Levante 1919,430,ACF Fiorentina,LOAN_RETURN_OR_END_OF_LOAN,End of loan 11/01/2024,0,IN
TM-2023-01132,2023/24,724418,Eljon Toci,430,ACF Fiorentina,2254,Pro Sesto 1913,LOAN,loan transfer,0,OUT
TM-2023-01133,2023/24,724437,Kaleb Jiménez,2655,LR Vicenza,380,US Salernitana 1919,LOAN_RETURN_OR_END_OF_LOAN,End of loan 31/01/2024,0,IN
TM-2023-01134,2023/24,724437,Kaleb Jiménez,380,US Salernitana 1919,41110,Atalanta U23,LOAN,loan transfer,0,OUT
TM-2023-01135,2023/24,725242,Luca D'Andrea,6574,US Sassuolo,4097,US Catanzaro,LOAN,loan transfer,0,OUT
TM-2023-01136,2023/24,726526,Stefan Mitrović,159,Red Star Belgrade,276,Hellas Verona,PERMANENT_OR_OTHER_EXPLICIT,€1.30m,0,IN
TM-2023-01137,2023/24,728516,Lovro Stubljar,749,FC Empoli,6248,NK Domzale,LOAN,loan transfer,0,OUT
TM-2023-01138,2023/24,731491,Franco Carboni,46,Inter Milan,1103,Ternana Calcio,LOAN,loan transfer,0,OUT
TM-2023-01139,2023/24,731525,Rareș Burnete,5618,Lecce Primavera,1005,US Lecce,PERMANENT_OR_OTHER_EXPLICIT,-,0,IN
TM-2023-01140,2023/24,732507,Agustín Martegani,1775,CA San Lorenzo de Almagro,380,US Salernitana 1919,LOAN,Loan fee: €400k,0,IN
TM-2023-01141,2023/24,734898,Kevin Miranda,19114,Sassuolo Primavera,6574,US Sassuolo,PERMANENT_OR_OTHER_EXPLICIT,-,0,IN
TM-2023-01142,2023/24,734898,Kevin Miranda,6574,US Sassuolo,4097,US Catanzaro,LOAN,loan transfer,0,OUT
TM-2023-01143,2023/24,735568,Natan,8793,Red Bull Bragantino,6195,SSC Napoli,PERMANENT_OR_OTHER_EXPLICIT,€9.50m,0,IN
TM-2023-01144,2023/24,736034,Isaías Delpupo,1390,Cagliari Calcio,14888,US Città di Pontedera,LOAN,loan transfer,0,OUT
TM-2023-01145,2023/24,73794,Duván Zapata,800,Atalanta BC,416,Torino FC,LOAN,loan transfer,1,IN+OUT
TM-2023-01146,2023/24,73926,Davide Faraoni,276,Hellas Verona,430,ACF Fiorentina,LOAN,loan transfer,1,IN+OUT
TM-2023-01147,2023/24,73943,Alessandro Tuia,1005,US Lecce,515,Without Club,FREE_AGENT_OR_END_OF_CONTRACT,-,0,OUT
TM-2023-01148,2023/24,740517,Eldin Lolic,1390,Cagliari Calcio,43532,FK Tuzla City,FREE_TRANSFER,free transfer,0,OUT
TM-2023-01149,2023/24,743091,Emirhan İlkhan,1038,UC Sampdoria,416,Torino FC,LOAN_RETURN_OR_END_OF_LOAN,End of loan 30/06/2023,0,IN
TM-2023-01150,2023/24,743091,Emirhan İlkhan,416,Torino FC,6890,Basaksehir FK,LOAN,loan transfer,0,OUT
TM-2023-01151,2023/24,744728,Arijon Ibrahimovic,27,Bayern Munich,8970,Frosinone Calcio,LOAN,loan transfer,0,IN
TM-2023-01152,2023/24,745427,Gabriele Guarino,749,FC Empoli,1385,Modena FC,LOAN,loan transfer,0,OUT
TM-2023-01153,2023/24,745444,Valerio Crespi,12816,Lazio U19,398,SS Lazio,PERMANENT_OR_OTHER_EXPLICIT,-,0,IN
TM-2023-01154,2023/24,745444,Valerio Crespi,398,SS Lazio,4031,Cosenza Calcio,LOAN,loan transfer,0,OUT
TM-2023-01155,2023/24,746712,Pietro Comuzzo,8505,Fiorentina Primavera,430,ACF Fiorentina,PERMANENT_OR_OTHER_EXPLICIT,-,0,IN
TM-2023-01156,2023/24,74683,Nemanja Matić,12,AS Roma,273,Stade Rennais FC,PERMANENT_OR_OTHER_EXPLICIT,€2.50m,0,OUT
TM-2023-01157,2023/24,746891,Cristian Volpato,12,AS Roma,6574,US Sassuolo,PERMANENT_OR_OTHER_EXPLICIT,€7.50m,1,IN+OUT
TM-2023-01158,2023/24,748316,Juan Manuel Cruz,830,CA Banfield,276,Hellas Verona,FREE_TRANSFER,free transfer,0,IN
TM-2023-01159,2023/24,748319,Carlos Alcaraz,180,Southampton FC,506,Juventus FC,LOAN,Loan fee: €3.90m,0,IN
TM-2023-01160,2023/24,76274,Christian Gytkjaer,2919,AC Monza,607,Venezia FC,FREE_TRANSFER,free transfer,0,OUT
TM-2023-01161,2023/24,769063,Luka Romero,398,SS Lazio,5,AC Milan,FREE_TRANSFER,free transfer,1,IN+OUT
TM-2023-01162,2023/24,769063,Luka Romero,5,AC Milan,3302,UD Almería,LOAN,loan transfer,0,OUT
TM-2023-01163,2023/24,776303,Marco Pellegrino,5,AC Milan,380,US Salernitana 1919,LOAN,loan transfer,1,IN+OUT
TM-2023-01164,2023/24,776303,Marco Pellegrino,928,Club Atlético Platense,5,AC Milan,PERMANENT_OR_OTHER_EXPLICIT,€3.88m,0,IN
TM-2023-01165,2023/24,776737,Joselito,16996,Hellas Verona Primavera,276,Hellas Verona,PERMANENT_OR_OTHER_EXPLICIT,-,0,IN
TM-2023-01166,2023/24,77825,Etrit Berisha,416,Torino FC,749,FC Empoli,FREE_TRANSFER,free transfer,1,IN+OUT
TM-2023-01167,2023/24,787618,Valentín Carboni,46,Inter Milan,2919,AC Monza,LOAN,loan transfer,1,IN+OUT
TM-2023-01168,2023/24,787907,Benjamin Tahirović,12,AS Roma,610,Ajax Amsterdam,PERMANENT_OR_OTHER_EXPLICIT,€7.50m,0,OUT
TM-2023-01169,2023/24,797791,Antonio Tikvic,28,FC Bayern Munich II,410,Udinese Calcio,PERMANENT_OR_OTHER_EXPLICIT,€650k,0,IN
TM-2023-01170,2023/24,804799,Ange N'Guessan,12130,Torino Primavera,416,Torino FC,PERMANENT_OR_OTHER_EXPLICIT,-,0,IN
TM-2023-01171,2023/24,804799,Ange N'Guessan,416,Torino FC,1103,Ternana Calcio,LOAN,loan transfer,0,OUT
TM-2023-01172,2023/24,805696,Mats Lemmens,1005,US Lecce,5514,Calcio Lecco 1912,LOAN,loan transfer,0,OUT
TM-2023-01173,2023/24,812625,Agustín Álvarez,6574,US Sassuolo,1038,UC Sampdoria,LOAN,loan transfer,0,OUT
TM-2023-01174,2023/24,814439,Duccio Lazzeri,749,FC Empoli,80892,Polisportiva Firenze Ovest,FREE_TRANSFER,free transfer,0,OUT
TM-2023-01175,2023/24,814439,Duccio Lazzeri,80892,Polisportiva Firenze Ovest,749,FC Empoli,LOAN_RETURN_OR_END_OF_LOAN,End of loan 30/06/2023,0,IN
TM-2023-01176,2023/24,81512,Christian Kabasele,1010,Watford FC,410,Udinese Calcio,PERMANENT_OR_OTHER_EXPLICIT,€6.50m,0,IN
TM-2023-01177,2023/24,815563,Lapo Nava,10958,Milan Primavera,5,AC Milan,PERMANENT_OR_OTHER_EXPLICIT,-,0,IN
TM-2023-01178,2023/24,816930,Andrei Motoc,1387,Siena FC,380,US Salernitana 1919,LOAN_RETURN_OR_END_OF_LOAN,End of loan 30/06/2023,0,IN
TM-2023-01179,2023/24,816930,Andrei Motoc,380,US Salernitana 1919,30066,FC Legnago Salus,LOAN,loan transfer,0,OUT
TM-2023-01180,2023/24,818448,Alessandro Marcandalli,14888,US Città di Pontedera,252,Genoa CFC,LOAN_RETURN_OR_END_OF_LOAN,End of loan 30/06/2023,0,IN
TM-2023-01181,2023/24,818448,Alessandro Marcandalli,252,Genoa CFC,5621,AC Reggiana 1919,LOAN,loan transfer,0,OUT
TM-2023-01182,2023/24,818878,Wisdom Amey,1025,Bologna FC 1909,14848,Bologna Primavera,PERMANENT_OR_OTHER_EXPLICIT,-,0,OUT
TM-2023-01183,2023/24,818880,Tommaso Corazza,14848,Bologna Primavera,1025,Bologna FC 1909,PERMANENT_OR_OTHER_EXPLICIT,-,0,IN
TM-2023-01184,2023/24,818888,Antonio Raimondo,1025,Bologna FC 1909,1103,Ternana Calcio,LOAN,loan transfer,0,OUT
TM-2023-01185,2023/24,818929,Simone Calvani,8517,Genoa U19,252,Genoa CFC,PERMANENT_OR_OTHER_EXPLICIT,-,0,IN
TM-2023-01186,2023/24,82048,Nicola Sansone,1025,Bologna FC 1909,515,Without Club,FREE_AGENT_OR_END_OF_CONTRACT,-,0,OUT
TM-2023-01187,2023/24,82048,Nicola Sansone,515,Without Club,1005,US Lecce,FREE_AGENT_OR_END_OF_CONTRACT,-,0,IN
TM-2023-01188,2023/24,820633,Coli Saco,26789,FC Pro Vercelli 1892,6195,SSC Napoli,LOAN_RETURN_OR_END_OF_LOAN,End of loan 30/06/2023,0,IN
TM-2023-01189,2023/24,820633,Coli Saco,6195,SSC Napoli,1388,Ancona Calcio,LOAN,loan transfer,0,OUT
TM-2023-01190,2023/24,820635,Costantino Favasuli,430,ACF Fiorentina,1103,Ternana Calcio,LOAN,loan transfer,0,OUT
TM-2023-01191,2023/24,820635,Costantino Favasuli,8505,Fiorentina Primavera,430,ACF Fiorentina,PERMANENT_OR_OTHER_EXPLICIT,-,0,IN
TM-2023-01192,2023/24,823486,Michael Kayode,8505,Fiorentina Primavera,430,ACF Fiorentina,PERMANENT_OR_OTHER_EXPLICIT,-,0,IN
TM-2023-01193,2023/24,825199,Facundo González,506,Juventus FC,1038,UC Sampdoria,LOAN,loan transfer,0,OUT
TM-2023-01194,2023/24,825199,Facundo González,6182,Valencia Mestalla,506,Juventus FC,PERMANENT_OR_OTHER_EXPLICIT,€1.75m,0,IN
TM-2023-01195,2023/24,831162,Gino Infantino,1418,CA Rosario Central,430,ACF Fiorentina,PERMANENT_OR_OTHER_EXPLICIT,€3.00m,0,IN
TM-2023-01196,2023/24,845566,Mihajlo Ilić,669,FK Partizan Belgrade,1025,Bologna FC 1909,PERMANENT_OR_OTHER_EXPLICIT,€4.80m,0,IN
TM-2023-01197,2023/24,845654,Kenan Yıldız,41101,Juventus Next Gen,506,Juventus FC,PERMANENT_OR_OTHER_EXPLICIT,-,0,IN
TM-2023-01198,2023/24,84765,Francesco Caputo,1038,UC Sampdoria,749,FC Empoli,PERMANENT_OR_OTHER_EXPLICIT,€1.50m,0,IN
TM-2023-01199,2023/24,84765,Francesco Caputo,749,FC Empoli,1038,UC Sampdoria,LOAN_RETURN_OR_END_OF_LOAN,End of loan 30/06/2023,0,OUT
TM-2023-01200,2023/24,848509,Jackson Tchatchoua,172,Royal Charleroi SC,276,Hellas Verona,LOAN,loan transfer,0,IN
TM-2023-01201,2023/24,849520,Santiago Castro,1029,CA Vélez Sarsfield,1025,Bologna FC 1909,PERMANENT_OR_OTHER_EXPLICIT,€13.20m,0,IN
TM-2023-01202,2023/24,85240,Eugenio Lamanna,2919,AC Monza,5514,Calcio Lecco 1912,FREE_TRANSFER,free transfer,0,OUT
TM-2023-01203,2023/24,854325,Étienne Camara,1110,Huddersfield Town,410,Udinese Calcio,PERMANENT_OR_OTHER_EXPLICIT,€2.00m,0,IN
TM-2023-01204,2023/24,854325,Étienne Camara,410,Udinese Calcio,172,Royal Charleroi SC,PERMANENT_OR_OTHER_EXPLICIT,?,0,OUT
TM-2023-01205,2023/24,860708,Simone Stampete,27624,US Recanatese,8970,Frosinone Calcio,LOAN_RETURN_OR_END_OF_LOAN,End of loan 30/06/2023,0,IN
TM-2023-01206,2023/24,860708,Simone Stampete,8970,Frosinone Calcio,515,Without Club,FREE_AGENT_OR_END_OF_CONTRACT,-,0,OUT
TM-2023-01207,2023/24,861221,Ebenezer Annan,1025,Bologna FC 1909,4633,FK Novi Pazar,LOAN,loan transfer,0,OUT
TM-2023-01208,2023/24,861221,Ebenezer Annan,4324,Imolese Calcio 1919,1025,Bologna FC 1909,LOAN_RETURN_OR_END_OF_LOAN,End of loan 30/06/2023,0,IN
TM-2023-01209,2023/24,873981,Diego González,33203,Celaya FC,398,SS Lazio,PERMANENT_OR_OTHER_EXPLICIT,€1.28m,0,IN
TM-2023-01210,2023/24,876298,Matteo Prati,2722,SPAL,1390,Cagliari Calcio,PERMANENT_OR_OTHER_EXPLICIT,€5.90m,0,IN
TM-2023-01211,2023/24,876400,Simone Pafundi,410,Udinese Calcio,527,FC Lausanne-Sport,LOAN,loan transfer,0,OUT
TM-2023-01212,2023/24,880054,Trivante Stewart,380,US Salernitana 1919,8819,FK Javor-Matis Ivanjica,LOAN,loan transfer,0,OUT
TM-2023-01213,2023/24,880054,Trivante Stewart,68653,Mount Pleasant FA,380,US Salernitana 1919,PERMANENT_OR_OTHER_EXPLICIT,€100k,0,IN
TM-2023-01214,2023/24,881610,David Ankeye,2481,FC Sheriff Tiraspol,252,Genoa CFC,PERMANENT_OR_OTHER_EXPLICIT,€2.50m,0,IN
TM-2023-01215,2023/24,88684,Giulio Donati,2919,AC Monza,515,Without Club,FREE_AGENT_OR_END_OF_CONTRACT,-,0,OUT
TM-2023-01216,2023/24,88684,Giulio Donati,515,Without Club,2919,AC Monza,FREE_AGENT_OR_END_OF_CONTRACT,-,0,IN
TM-2023-01217,2023/24,88706,Simone Romagnoli,1005,US Lecce,8970,Frosinone Calcio,PERMANENT_OR_OTHER_EXPLICIT,€100k,1,IN+OUT
TM-2023-01218,2023/24,888738,Farès Ghedjemis,1564,FC Rouen 1899,8970,Frosinone Calcio,PERMANENT_OR_OTHER_EXPLICIT,€300k,0,IN
TM-2023-01219,2023/24,88909,Riccardo Saponara,276,Hellas Verona,868,MKE Ankaragücü,FREE_TRANSFER,free transfer,0,OUT
TM-2023-01220,2023/24,88909,Riccardo Saponara,430,ACF Fiorentina,276,Hellas Verona,FREE_TRANSFER,free transfer,1,IN+OUT
TM-2023-01221,2023/24,890290,Dean Huijsen,41101,Juventus Next Gen,506,Juventus FC,PERMANENT_OR_OTHER_EXPLICIT,-,0,IN
TM-2023-01222,2023/24,890290,Dean Huijsen,506,Juventus FC,12,AS Roma,LOAN,Loan fee: €650k,1,IN+OUT
TM-2023-01223,2023/24,89086,Aleksandr Kokorin,10586,Aris Limassol,430,ACF Fiorentina,LOAN_RETURN_OR_END_OF_LOAN,End of loan 30/06/2023,0,IN
TM-2023-01224,2023/24,89086,Aleksandr Kokorin,430,ACF Fiorentina,10586,Aris Limassol,LOAN,loan transfer,0,OUT
TM-2023-01225,2023/24,901980,Pasquale Allocca,14968,Salernitana Primavera,380,US Salernitana 1919,PERMANENT_OR_OTHER_EXPLICIT,-,0,IN
TM-2023-01226,2023/24,906160,Saba Goglichidze,253,Torpedo Kutaisi,749,FC Empoli,PERMANENT_OR_OTHER_EXPLICIT,€450k,0,IN
TM-2023-01227,2023/24,908787,Lorenzo Tropea,1104,ACR Messina,749,FC Empoli,LOAN_RETURN_OR_END_OF_LOAN,End of loan 31/01/2024,0,IN
TM-2023-01228,2023/24,908787,Lorenzo Tropea,749,FC Empoli,6266,Cavese 1919,PERMANENT_OR_OTHER_EXPLICIT,?,0,OUT
TM-2023-01229,2023/24,911328,Mohamed Kaba,1423,Valenciennes FC,1005,US Lecce,PERMANENT_OR_OTHER_EXPLICIT,€3.00m,0,IN
TM-2023-01230,2023/24,91970,Juan Cuadrado,506,Juventus FC,46,Inter Milan,FREE_TRANSFER,free transfer,1,IN+OUT
TM-2023-01231,2023/24,925584,Axel Guessand,410,Udinese Calcio,724,FC Volendam,LOAN,loan transfer,0,OUT
TM-2023-01232,2023/24,926952,Patrick Dorgu,14355,FC Nordsjaelland U19,1005,US Lecce,PERMANENT_OR_OTHER_EXPLICIT,€220k,0,IN
TM-2023-01233,2023/24,92899,Marvin Zeegelaar,410,Udinese Calcio,,Retired,RETIREMENT,-,0,OUT
TM-2023-01234,2023/24,929494,Chukwubuikem Ikwuemesi,710,NK Celje,380,US Salernitana 1919,PERMANENT_OR_OTHER_EXPLICIT,€1.80m,0,IN
TM-2023-01235,2023/24,930781,Pio Esposito,46,Inter Milan,3522,Spezia Calcio,LOAN,loan transfer,0,OUT
TM-2023-01236,2023/24,930781,Pio Esposito,5380,Inter Milan Primavera,46,Inter Milan,PERMANENT_OR_OTHER_EXPLICIT,-,0,IN
TM-2023-01237,2023/24,931567,Stiven Shpendi,1429,Cesena FC,749,FC Empoli,LOAN,loan transfer,0,IN
TM-2023-01238,2023/24,934159,Tommaso Martinelli,8505,Fiorentina Primavera,430,ACF Fiorentina,PERMANENT_OR_OTHER_EXPLICIT,-,0,IN
TM-2023-01239,2023/24,94005,Sead Kolasinac,244,Olympique Marseille,800,Atalanta BC,FREE_TRANSFER,free transfer,0,IN
TM-2023-01240,2023/24,958649,Zinedin Smajlović,1005,US Lecce,5514,Calcio Lecco 1912,LOAN,loan transfer,0,OUT
TM-2023-01241,2023/24,958649,Zinedin Smajlović,46434,Täby FK,1005,US Lecce,PERMANENT_OR_OTHER_EXPLICIT,€100k,0,IN
TM-2023-01242,2023/24,96341,Romelu Lukaku,46,Inter Milan,631,Chelsea FC,LOAN_RETURN_OR_END_OF_LOAN,End of loan 30/06/2023,0,OUT
TM-2023-01243,2023/24,96341,Romelu Lukaku,631,Chelsea FC,12,AS Roma,LOAN,Loan fee: €5.80m,0,IN
TM-2023-01244,2023/24,96630,Ante Coric,12,AS Roma,515,Without Club,FREE_AGENT_OR_END_OF_CONTRACT,-,0,OUT
TM-2023-01245,2023/24,982267,Ibrahim Sulemana,276,Hellas Verona,1390,Cagliari Calcio,PERMANENT_OR_OTHER_EXPLICIT,€4.00m,1,IN+OUT
TM-2023-01246,2023/24,982855,Reda Belahyane,417,OGC Nice,276,Hellas Verona,PERMANENT_OR_OTHER_EXPLICIT,€500k,0,IN
TM-2023-01247,2023/24,988862,Moustapha Cissé,4554,FC Südtirol,800,Atalanta BC,LOAN_RETURN_OR_END_OF_LOAN,End of loan 30/06/2023,0,IN
TM-2023-01248,2023/24,988862,Moustapha Cissé,800,Atalanta BC,41110,Atalanta U23,PERMANENT_OR_OTHER_EXPLICIT,-,0,OUT
TM-2023-01249,2023/24,989621,İsak Vural,1059,Hammarby IF,8970,Frosinone Calcio,PERMANENT_OR_OTHER_EXPLICIT,€1.33m,0,IN
TM-2023-01250,2023/24,99232,Marco D'Alessandro,2919,AC Monza,4172,Pisa Sporting Club,LOAN,loan transfer,0,OUT
TM-2023-01251,2023/24,99254,Luigi Sepe,380,US Salernitana 1919,398,SS Lazio,LOAN,loan transfer,1,IN+OUT
