season,season_start,movement,player_id,player_name,current_club_id,current_club,from_club_id,from_club,to_club_id,to_club,semantic_type,fee_text,source
2023/24,2023,IN,513245,Jesper Lindstrøm,6195,SSC Napoli,24,Eintracht Frankfurt,6195,SSC Napoli,PERMANENT_OR_OTHER_EXPLICIT,€30.00m,TRANSFERMARKT_EXPANDED
2023/24,2023,IN,405885,Giacomo Raspadori,6195,SSC Napoli,6574,US Sassuolo,6195,SSC Napoli,PERMANENT_OR_OTHER_EXPLICIT,€28.00m,TRANSFERMARKT_EXPANDED
2023/24,2023,IN,358032,Cyril Ngonge,6195,SSC Napoli,276,Hellas Verona,6195,SSC Napoli,PERMANENT_OR_OTHER_EXPLICIT,€20.00m,TRANSFERMARKT_EXPANDED
2023/24,2023,IN,282388,Giovanni Simeone,6195,SSC Napoli,276,Hellas Verona,6195,SSC Napoli,PERMANENT_OR_OTHER_EXPLICIT,€12.00m,TRANSFERMARKT_EXPANDED
2023/24,2023,IN,468066,Jens Cajuste,6195,SSC Napoli,1421,Stade Reims,6195,SSC Napoli,PERMANENT_OR_OTHER_EXPLICIT,€11.50m,TRANSFERMARKT_EXPANDED
2023/24,2023,IN,735568,Natan,6195,SSC Napoli,8793,Red Bull Bragantino,6195,SSC Napoli,PERMANENT_OR_OTHER_EXPLICIT,€9.50m,TRANSFERMARKT_EXPANDED
2023/24,2023,IN,521407,Walid Cheddira,6195,SSC Napoli,332,SSC Bari,6195,SSC Napoli,PERMANENT_OR_OTHER_EXPLICIT,€3.00m,TRANSFERMARKT_EXPANDED
2023/24,2023,IN,250153,Pasquale Mazzocchi,6195,SSC Napoli,380,US Salernitana 1919,6195,SSC Napoli,PERMANENT_OR_OTHER_EXPLICIT,€3.00m,TRANSFERMARKT_EXPANDED
2023/24,2023,IN,421873,Elia Caprile,6195,SSC Napoli,332,SSC Bari,6195,SSC Napoli,PERMANENT_OR_OTHER_EXPLICIT,€2.20m,TRANSFERMARKT_EXPANDED
2023/24,2023,IN,168157,Leander Dendoncker,6195,SSC Napoli,405,Aston Villa,6195,SSC Napoli,LOAN,Loan fee: €608k,TRANSFERMARKT_EXPANDED
2023/24,2023,IN,391065,Hamed Traoré,6195,SSC Napoli,989,AFC Bournemouth,6195,SSC Napoli,LOAN,loan transfer,TRANSFERMARKT_EXPANDED
2023/24,2023,IN,704456,Nosa Edward Obaretin,6195,SSC Napoli,12819,Napoli Primavera,6195,SSC Napoli,PERMANENT_OR_OTHER_EXPLICIT,-,TRANSFERMARKT_EXPANDED
2023/24,2023,IN,342341,Leonardo Candellone,6195,SSC Napoli,21331,Pordenone Calcio,6195,SSC Napoli,LOAN_RETURN_OR_END_OF_LOAN,End of loan 30/06/2023,TRANSFERMARKT_EXPANDED
2023/24,2023,IN,250683,Nikita Contini,6195,SSC Napoli,1386,LFA Reggio Calabria,6195,SSC Napoli,LOAN_RETURN_OR_END_OF_LOAN,End of loan 30/06/2023,TRANSFERMARKT_EXPANDED
2023/24,2023,IN,421781,Valerio Labriola,6195,SSC Napoli,4093,Taranto SS,6195,SSC Napoli,LOAN_RETURN_OR_END_OF_LOAN,End of loan 30/06/2023,TRANSFERMARKT_EXPANDED
2023/24,2023,IN,566936,Antonio Cioffi,6195,SSC Napoli,14888,US Città di Pontedera,6195,SSC Napoli,LOAN_RETURN_OR_END_OF_LOAN,End of loan 30/06/2023,TRANSFERMARKT_EXPANDED
2023/24,2023,IN,395190,Francesco Mezzoni,6195,SSC Napoli,1388,Ancona Calcio,6195,SSC Napoli,LOAN_RETURN_OR_END_OF_LOAN,End of loan 30/06/2023,TRANSFERMARKT_EXPANDED
2023/24,2023,IN,662562,Giuseppe D'Agostino,6195,SSC Napoli,5587,SS Juve Stabia,6195,SSC Napoli,LOAN_RETURN_OR_END_OF_LOAN,End of loan 30/06/2023,TRANSFERMARKT_EXPANDED
2023/24,2023,IN,703245,Antonio Vergara,6195,SSC Napoli,26789,FC Pro Vercelli 1892,6195,SSC Napoli,LOAN_RETURN_OR_END_OF_LOAN,End of loan 30/06/2023,TRANSFERMARKT_EXPANDED
2023/24,2023,IN,820633,Coli Saco,6195,SSC Napoli,26789,FC Pro Vercelli 1892,6195,SSC Napoli,LOAN_RETURN_OR_END_OF_LOAN,End of loan 30/06/2023,TRANSFERMARKT_EXPANDED
2023/24,2023,IN,278531,Sebastiano Luperto,6195,SSC Napoli,749,FC Empoli,6195,SSC Napoli,LOAN_RETURN_OR_END_OF_LOAN,End of loan 30/06/2023,TRANSFERMARKT_EXPANDED
2023/24,2023,IN,377042,Michael Folorunsho,6195,SSC Napoli,332,SSC Bari,6195,SSC Napoli,LOAN_RETURN_OR_END_OF_LOAN,End of loan 30/06/2023,TRANSFERMARKT_EXPANDED
2023/24,2023,IN,199258,Andrea Petagna,6195,SSC Napoli,2919,AC Monza,6195,SSC Napoli,LOAN_RETURN_OR_END_OF_LOAN,End of loan 30/06/2023,TRANSFERMARKT_EXPANDED
2023/24,2023,IN,662562,Giuseppe D'Agostino,6195,SSC Napoli,33734,SS Monopoli 1966,6195,SSC Napoli,LOAN_RETURN_OR_END_OF_LOAN,End of loan 28/01/2024,TRANSFERMARKT_EXPANDED
2023/24,2023,IN,197743,Filippo Costa,6195,SSC Napoli,704,Calcio Foggia 1920,6195,SSC Napoli,LOAN_RETURN_OR_END_OF_LOAN,End of loan 30/06/2023,TRANSFERMARKT_EXPANDED
2023/24,2023,IN,397225,Alessandro Zanoli,6195,SSC Napoli,1038,UC Sampdoria,6195,SSC Napoli,LOAN_RETURN_OR_END_OF_LOAN,End of loan 30/06/2023,TRANSFERMARKT_EXPANDED
2023/24,2023,IN,535797,Lorenzo Sgarbi,6195,SSC Napoli,2254,Pro Sesto 1913,6195,SSC Napoli,LOAN_RETURN_OR_END_OF_LOAN,End of loan 30/06/2023,TRANSFERMARKT_EXPANDED
2023/24,2023,IN,707295,Giuseppe Ambrosino,6195,SSC Napoli,4084,AS Cittadella,6195,SSC Napoli,LOAN_RETURN_OR_END_OF_LOAN,End of loan 30/06/2023,TRANSFERMARKT_EXPANDED
2023/24,2023,IN,618505,Davide Costanzo,6195,SSC Napoli,26789,FC Pro Vercelli 1892,6195,SSC Napoli,LOAN_RETURN_OR_END_OF_LOAN,End of loan 30/06/2023,TRANSFERMARKT_EXPANDED
2023/24,2023,OUT,503482,Min-jae Kim,6195,SSC Napoli,6195,SSC Napoli,27,Bayern Munich,PERMANENT_OR_OTHER_EXPLICIT,€50.00m,TRANSFERMARKT_EXPANDED
2023/24,2023,OUT,400489,Eljif Elmas,6195,SSC Napoli,6195,SSC Napoli,23826,RB Leipzig,PERMANENT_OR_OTHER_EXPLICIT,€24.00m,TRANSFERMARKT_EXPANDED
2023/24,2023,OUT,316889,Hirving Lozano,6195,SSC Napoli,6195,SSC Napoli,383,PSV Eindhoven,PERMANENT_OR_OTHER_EXPLICIT,€15.00m,TRANSFERMARKT_EXPANDED
2023/24,2023,OUT,199258,Andrea Petagna,6195,SSC Napoli,6195,SSC Napoli,2919,AC Monza,PERMANENT_OR_OTHER_EXPLICIT,€9.70m,TRANSFERMARKT_EXPANDED
2023/24,2023,OUT,278531,Sebastiano Luperto,6195,SSC Napoli,6195,SSC Napoli,749,FC Empoli,PERMANENT_OR_OTHER_EXPLICIT,€2.50m,TRANSFERMARKT_EXPANDED
2023/24,2023,OUT,421873,Elia Caprile,6195,SSC Napoli,6195,SSC Napoli,749,FC Empoli,LOAN,Loan fee: €500k,TRANSFERMARKT_EXPANDED
2023/24,2023,OUT,521407,Walid Cheddira,6195,SSC Napoli,6195,SSC Napoli,8970,Frosinone Calcio,LOAN,Loan fee: €500k,TRANSFERMARKT_EXPANDED
2023/24,2023,OUT,377042,Michael Folorunsho,6195,SSC Napoli,6195,SSC Napoli,276,Hellas Verona,LOAN,Loan fee: €200k,TRANSFERMARKT_EXPANDED
2023/24,2023,OUT,397225,Alessandro Zanoli,6195,SSC Napoli,6195,SSC Napoli,380,US Salernitana 1919,LOAN,Loan fee: €100k,TRANSFERMARKT_EXPANDED
2023/24,2023,OUT,612065,Karim Zedadka,6195,SSC Napoli,6195,SSC Napoli,9284,Swift Hesperange,PERMANENT_OR_OTHER_EXPLICIT,€60k,TRANSFERMARKT_EXPANDED
2023/24,2023,OUT,197743,Filippo Costa,6195,SSC Napoli,6195,SSC Napoli,2655,LR Vicenza,PERMANENT_OR_OTHER_EXPLICIT,€1k,TRANSFERMARKT_EXPANDED
2023/24,2023,OUT,342341,Leonardo Candellone,6195,SSC Napoli,6195,SSC Napoli,5587,SS Juve Stabia,PERMANENT_OR_OTHER_EXPLICIT,€1k,TRANSFERMARKT_EXPANDED
2023/24,2023,OUT,417414,Davide Marfella,6195,SSC Napoli,6195,SSC Napoli,4106,Casertana FC,FREE_TRANSFER,free transfer,TRANSFERMARKT_EXPANDED
2023/24,2023,OUT,618505,Davide Costanzo,6195,SSC Napoli,6195,SSC Napoli,47180,Portici 1906,FREE_TRANSFER,free transfer,TRANSFERMARKT_EXPANDED
2023/24,2023,OUT,421781,Valerio Labriola,6195,SSC Napoli,6195,SSC Napoli,9818,Giugliano Calcio 1928,FREE_TRANSFER,free transfer,TRANSFERMARKT_EXPANDED
2023/24,2023,OUT,820633,Coli Saco,6195,SSC Napoli,6195,SSC Napoli,1388,Ancona Calcio,LOAN,loan transfer,TRANSFERMARKT_EXPANDED
2023/24,2023,OUT,566936,Antonio Cioffi,6195,SSC Napoli,6195,SSC Napoli,1388,Ancona Calcio,LOAN,loan transfer,TRANSFERMARKT_EXPANDED
2023/24,2023,OUT,395190,Francesco Mezzoni,6195,SSC Napoli,6195,SSC Napoli,839,AC Perugia Calcio,LOAN,loan transfer,TRANSFERMARKT_EXPANDED
2023/24,2023,OUT,662562,Giuseppe D'Agostino,6195,SSC Napoli,6195,SSC Napoli,49430,AZ Picerno,LOAN,loan transfer,TRANSFERMARKT_EXPANDED
2023/24,2023,OUT,358008,Gianluca Gaetano,6195,SSC Napoli,6195,SSC Napoli,1390,Cagliari Calcio,LOAN,loan transfer,TRANSFERMARKT_EXPANDED
2023/24,2023,OUT,707295,Giuseppe Ambrosino,6195,SSC Napoli,6195,SSC Napoli,4097,US Catanzaro,LOAN,loan transfer,TRANSFERMARKT_EXPANDED
2023/24,2023,OUT,704456,Nosa Edward Obaretin,6195,SSC Napoli,6195,SSC Napoli,4095,AC Trento,LOAN,loan transfer,TRANSFERMARKT_EXPANDED
2023/24,2023,OUT,662562,Giuseppe D'Agostino,6195,SSC Napoli,6195,SSC Napoli,33734,SS Monopoli 1966,LOAN,loan transfer,TRANSFERMARKT_EXPANDED
2023/24,2023,OUT,433584,Alessio Zerbin,6195,SSC Napoli,6195,SSC Napoli,2919,AC Monza,LOAN,loan transfer,TRANSFERMARKT_EXPANDED
2023/24,2023,OUT,703245,Antonio Vergara,6195,SSC Napoli,6195,SSC Napoli,5621,AC Reggiana 1919,LOAN,loan transfer,TRANSFERMARKT_EXPANDED
2023/24,2023,OUT,535797,Lorenzo Sgarbi,6195,SSC Napoli,6195,SSC Napoli,2331,US Avellino 1912,LOAN,loan transfer,TRANSFERMARKT_EXPANDED
2023/24,2023,OUT,282388,Giovanni Simeone,6195,SSC Napoli,6195,SSC Napoli,276,Hellas Verona,LOAN_RETURN_OR_END_OF_LOAN,End of loan 30/06/2023,TRANSFERMARKT_EXPANDED
2023/24,2023,OUT,450936,Tanguy Ndombélé,6195,SSC Napoli,6195,SSC Napoli,148,Tottenham Hotspur,LOAN_RETURN_OR_END_OF_LOAN,End of loan 30/06/2023,TRANSFERMARKT_EXPANDED
2023/24,2023,OUT,405885,Giacomo Raspadori,6195,SSC Napoli,6195,SSC Napoli,6574,US Sassuolo,LOAN_RETURN_OR_END_OF_LOAN,End of loan 30/06/2023,TRANSFERMARKT_EXPANDED
2023/24,2023,OUT,144143,Bartosz Bereszyński,6195,SSC Napoli,6195,SSC Napoli,1038,UC Sampdoria,LOAN_RETURN_OR_END_OF_LOAN,End of loan 30/06/2023,TRANSFERMARKT_EXPANDED
2023/24,2023,IN,522784,Taty Castellanos,398,SS Lazio,40058,New York City FC,398,SS Lazio,PERMANENT_OR_OTHER_EXPLICIT,€18.60m,TRANSFERMARKT_EXPANDED
2023/24,2023,IN,462823,Gustav Isaksen,398,SS Lazio,865,FC Midtjylland,398,SS Lazio,PERMANENT_OR_OTHER_EXPLICIT,€14.40m,TRANSFERMARKT_EXPANDED
2023/24,2023,IN,550106,Matteo Cancellieri,398,SS Lazio,276,Hellas Verona,398,SS Lazio,PERMANENT_OR_OTHER_EXPLICIT,€8.50m,TRANSFERMARKT_EXPANDED
2023/24,2023,IN,481675,Christos Mandas,398,SS Lazio,653,OFI Crete,398,SS Lazio,PERMANENT_OR_OTHER_EXPLICIT,€1.30m,TRANSFERMARKT_EXPANDED
2023/24,2023,IN,873981,Diego González,398,SS Lazio,33203,Celaya FC,398,SS Lazio,PERMANENT_OR_OTHER_EXPLICIT,€1.28m,TRANSFERMARKT_EXPANDED
2023/24,2023,IN,465830,Mattéo Guendouzi,398,SS Lazio,244,Olympique Marseille,398,SS Lazio,LOAN,Loan fee: €1.00m,TRANSFERMARKT_EXPANDED
2023/24,2023,IN,356141,Daichi Kamada,398,SS Lazio,24,Eintracht Frankfurt,398,SS Lazio,FREE_TRANSFER,free transfer,TRANSFERMARKT_EXPANDED
2023/24,2023,IN,525704,Nicolò Rovella,398,SS Lazio,506,Juventus FC,398,SS Lazio,LOAN,loan transfer,TRANSFERMARKT_EXPANDED
2023/24,2023,IN,346567,Luca Pellegrini,398,SS Lazio,506,Juventus FC,398,SS Lazio,LOAN,loan transfer,TRANSFERMARKT_EXPANDED
2023/24,2023,IN,99254,Luigi Sepe,398,SS Lazio,380,US Salernitana 1919,398,SS Lazio,LOAN,loan transfer,TRANSFERMARKT_EXPANDED
2023/24,2023,IN,1026255,Saná Fernandes,398,SS Lazio,12816,Lazio U19,398,SS Lazio,PERMANENT_OR_OTHER_EXPLICIT,-,TRANSFERMARKT_EXPANDED
2023/24,2023,IN,745444,Valerio Crespi,398,SS Lazio,12816,Lazio U19,398,SS Lazio,PERMANENT_OR_OTHER_EXPLICIT,-,TRANSFERMARKT_EXPANDED
2023/24,2023,IN,708086,Romano Floriani Mussolini,398,SS Lazio,12816,Lazio U19,398,SS Lazio,PERMANENT_OR_OTHER_EXPLICIT,-,TRANSFERMARKT_EXPANDED
2023/24,2023,IN,601577,André Anderson,398,SS Lazio,585,São Paulo Futebol Clube,398,SS Lazio,LOAN_RETURN_OR_END_OF_LOAN,End of loan 30/06/2023,TRANSFERMARKT_EXPANDED
2023/24,2023,IN,421775,Nicolò Armini,398,SS Lazio,7197,Potenza Calcio,398,SS Lazio,LOAN_RETURN_OR_END_OF_LOAN,End of loan 30/06/2023,TRANSFERMARKT_EXPANDED
2023/24,2023,IN,228761,Jony,398,SS Lazio,2448,Sporting Gijón,398,SS Lazio,LOAN_RETURN_OR_END_OF_LOAN,End of loan 30/06/2023,TRANSFERMARKT_EXPANDED
2023/24,2023,IN,240349,Cristiano Lombardi,398,SS Lazio,4271,US Triestina,398,SS Lazio,LOAN_RETURN_OR_END_OF_LOAN,End of loan 30/06/2023,TRANSFERMARKT_EXPANDED
2023/24,2023,IN,538079,Alessio Furlanetto,398,SS Lazio,24898,AC Renate,398,SS Lazio,LOAN_RETURN_OR_END_OF_LOAN,End of loan 30/06/2023,TRANSFERMARKT_EXPANDED
2023/24,2023,IN,339782,Alessandro Rossi,398,SS Lazio,45894,Monterosi Tuscia FC,398,SS Lazio,LOAN_RETURN_OR_END_OF_LOAN,End of loan 30/06/2023,TRANSFERMARKT_EXPANDED
2023/24,2023,IN,170481,Jean-Daniel Akpa Akpro,398,SS Lazio,749,FC Empoli,398,SS Lazio,LOAN_RETURN_OR_END_OF_LOAN,End of loan 30/06/2023,TRANSFERMARKT_EXPANDED
2023/24,2023,IN,131075,Francesco Acerbi,398,SS Lazio,46,Inter Milan,398,SS Lazio,LOAN_RETURN_OR_END_OF_LOAN,End of loan 30/06/2023,TRANSFERMARKT_EXPANDED
2023/24,2023,IN,465565,Dimitrije Kamenovic,398,SS Lazio,197,AC Sparta Prague,398,SS Lazio,LOAN_RETURN_OR_END_OF_LOAN,End of loan 30/06/2023,TRANSFERMARKT_EXPANDED
2023/24,2023,IN,534121,Andrea Marino,398,SS Lazio,4085,Fidelis Andria 2018,398,SS Lazio,LOAN_RETURN_OR_END_OF_LOAN,End of loan 30/06/2023,TRANSFERMARKT_EXPANDED
2023/24,2023,IN,265320,Emanuele Cicerelli,398,SS Lazio,1386,LFA Reggio Calabria,398,SS Lazio,LOAN_RETURN_OR_END_OF_LOAN,End of loan 31/08/2023,TRANSFERMARKT_EXPANDED
2023/24,2023,IN,266795,Gonzalo Escalante,398,SS Lazio,2687,Cádiz CF,398,SS Lazio,LOAN_RETURN_OR_END_OF_LOAN,End of loan 30/06/2023,TRANSFERMARKT_EXPANDED
2023/24,2023,IN,624942,Raúl Moro,398,SS Lazio,2497,Real Oviedo,398,SS Lazio,LOAN_RETURN_OR_END_OF_LOAN,End of loan 30/06/2023,TRANSFERMARKT_EXPANDED
2023/24,2023,IN,135208,Riza Durmisi,398,SS Lazio,648,CD Tenerife,398,SS Lazio,LOAN_RETURN_OR_END_OF_LOAN,End of loan 30/06/2023,TRANSFERMARKT_EXPANDED
2023/24,2023,OUT,266302,Sergej Milinković-Savić,398,SS Lazio,398,SS Lazio,1114,Al-Hilal SFC,PERMANENT_OR_OTHER_EXPLICIT,€40.00m,TRANSFERMARKT_EXPANDED
2023/24,2023,OUT,131075,Francesco Acerbi,398,SS Lazio,398,SS Lazio,46,Inter Milan,PERMANENT_OR_OTHER_EXPLICIT,€4.00m,TRANSFERMARKT_EXPANDED
2023/24,2023,OUT,266795,Gonzalo Escalante,398,SS Lazio,398,SS Lazio,2687,Cádiz CF,PERMANENT_OR_OTHER_EXPLICIT,€2.50m,TRANSFERMARKT_EXPANDED
2023/24,2023,OUT,550106,Matteo Cancellieri,398,SS Lazio,398,SS Lazio,749,FC Empoli,LOAN,Loan fee: €1.00m,TRANSFERMARKT_EXPANDED
2023/24,2023,OUT,367464,Luís Maximiano,398,SS Lazio,398,SS Lazio,3302,UD Almería,LOAN,Loan fee: €500k,TRANSFERMARKT_EXPANDED
2023/24,2023,OUT,170481,Jean-Daniel Akpa Akpro,398,SS Lazio,398,SS Lazio,2919,AC Monza,LOAN,Loan fee: €500k,TRANSFERMARKT_EXPANDED
2023/24,2023,OUT,468301,Marcos Antônio,398,SS Lazio,398,SS Lazio,1091,PAOK Thessaloniki,LOAN,Loan fee: €300k,TRANSFERMARKT_EXPANDED
2023/24,2023,OUT,228761,Jony,398,SS Lazio,398,SS Lazio,7077,FC Cartagena,FREE_TRANSFER,free transfer,TRANSFERMARKT_EXPANDED
2023/24,2023,OUT,769063,Luka Romero,398,SS Lazio,398,SS Lazio,5,AC Milan,FREE_TRANSFER,free transfer,TRANSFERMARKT_EXPANDED
2023/24,2023,OUT,265320,Emanuele Cicerelli,398,SS Lazio,398,SS Lazio,1627,Catania FC,FREE_TRANSFER,free transfer,TRANSFERMARKT_EXPANDED
2023/24,2023,OUT,421775,Nicolò Armini,398,SS Lazio,398,SS Lazio,7197,Potenza Calcio,FREE_TRANSFER,free transfer,TRANSFERMARKT_EXPANDED
2023/24,2023,OUT,708086,Romano Floriani Mussolini,398,SS Lazio,398,SS Lazio,2921,Delfino Pescara 1936,LOAN,loan transfer,TRANSFERMARKT_EXPANDED
2023/24,2023,OUT,538079,Alessio Furlanetto,398,SS Lazio,398,SS Lazio,4033,Fermana FC,LOAN,loan transfer,TRANSFERMARKT_EXPANDED
2023/24,2023,OUT,287700,Mohamed Fares,398,SS Lazio,398,SS Lazio,19,Brescia Calcio (- 2025),LOAN,loan transfer,TRANSFERMARKT_EXPANDED
2023/24,2023,OUT,624942,Raúl Moro,398,SS Lazio,398,SS Lazio,366,Real Valladolid CF,LOAN,loan transfer,TRANSFERMARKT_EXPANDED
2023/24,2023,OUT,534121,Andrea Marino,398,SS Lazio,398,SS Lazio,704,Calcio Foggia 1920,LOAN,loan transfer,TRANSFERMARKT_EXPANDED
2023/24,2023,OUT,334835,Toma Bašić,398,SS Lazio,398,SS Lazio,380,US Salernitana 1919,LOAN,loan transfer,TRANSFERMARKT_EXPANDED
2023/24,2023,OUT,745444,Valerio Crespi,398,SS Lazio,398,SS Lazio,4031,Cosenza Calcio,LOAN,loan transfer,TRANSFERMARKT_EXPANDED
2023/24,2023,OUT,465565,Dimitrije Kamenovic,398,SS Lazio,398,SS Lazio,322,Yverdon Sport FC,LOAN,loan transfer,TRANSFERMARKT_EXPANDED
2023/24,2023,OUT,339782,Alessandro Rossi,398,SS Lazio,398,SS Lazio,515,Without Club,FREE_AGENT_OR_END_OF_CONTRACT,-,TRANSFERMARKT_EXPANDED
2023/24,2023,OUT,44420,Ștefan Radu,398,SS Lazio,398,SS Lazio,,Retired,RETIREMENT,-,TRANSFERMARKT_EXPANDED
2023/24,2023,OUT,135208,Riza Durmisi,398,SS Lazio,398,SS Lazio,515,Without Club,FREE_AGENT_OR_END_OF_CONTRACT,-,TRANSFERMARKT_EXPANDED
2023/24,2023,OUT,613539,Marco Bertini,398,SS Lazio,398,SS Lazio,2722,SPAL,LOAN,loan transfer,TRANSFERMARKT_EXPANDED
2023/24,2023,OUT,300137,Marius Adamonis,398,SS Lazio,398,SS Lazio,839,AC Perugia Calcio,LOAN,loan transfer,TRANSFERMARKT_EXPANDED
2023/24,2023,OUT,550106,Matteo Cancellieri,398,SS Lazio,398,SS Lazio,276,Hellas Verona,LOAN_RETURN_OR_END_OF_LOAN,End of loan 30/06/2023,TRANSFERMARKT_EXPANDED
2023/24,2023,OUT,346567,Luca Pellegrini,398,SS Lazio,398,SS Lazio,506,Juventus FC,LOAN_RETURN_OR_END_OF_LOAN,End of loan 30/06/2023,TRANSFERMARKT_EXPANDED
2023/24,2023,IN,353366,Benjamin Pavard,46,Inter Milan,27,Bayern Munich,46,Inter Milan,PERMANENT_OR_OTHER_EXPLICIT,€32.40m,TRANSFERMARKT_EXPANDED
2023/24,2023,IN,543771,Kristjan Asllani,46,Inter Milan,749,FC Empoli,46,Inter Milan,PERMANENT_OR_OTHER_EXPLICIT,€15.70m,TRANSFERMARKT_EXPANDED
2023/24,2023,IN,638793,Tajon Buchanan,46,Inter Milan,2282,Club Brugge KV,46,Inter Milan,PERMANENT_OR_OTHER_EXPLICIT,€7.30m,TRANSFERMARKT_EXPANDED
2023/24,2023,IN,441986,Yann Bisseck,46,Inter Milan,678,Aarhus GF,46,Inter Milan,PERMANENT_OR_OTHER_EXPLICIT,€7.20m,TRANSFERMARKT_EXPANDED
2023/24,2023,IN,42205,Yann Sommer,46,Inter Milan,27,Bayern Munich,46,Inter Milan,PERMANENT_OR_OTHER_EXPLICIT,€6.90m,TRANSFERMARKT_EXPANDED
2023/24,2023,IN,394300,Davide Frattesi,46,Inter Milan,6574,US Sassuolo,46,Inter Milan,LOAN,Loan fee: €5.00m,TRANSFERMARKT_EXPANDED
2023/24,2023,IN,131075,Francesco Acerbi,46,Inter Milan,398,SS Lazio,46,Inter Milan,PERMANENT_OR_OTHER_EXPLICIT,€4.00m,TRANSFERMARKT_EXPANDED
2023/24,2023,IN,457422,Samuele Mulattieri,46,Inter Milan,8970,Frosinone Calcio,46,Inter Milan,LOAN_RETURN_OR_END_OF_LOAN,End of loan 30/06/2023 €1.00m,TRANSFERMARKT_EXPANDED
2023/24,2023,IN,91970,Juan Cuadrado,46,Inter Milan,506,Juventus FC,46,Inter Milan,FREE_TRANSFER,free transfer,TRANSFERMARKT_EXPANDED
2023/24,2023,IN,318528,Marcus Thuram,46,Inter Milan,18,Borussia Mönchengladbach,46,Inter Milan,FREE_TRANSFER,free transfer,TRANSFERMARKT_EXPANDED
2023/24,2023,IN,70580,Raffaele Di Gennaro,46,Inter Milan,4326,AS Gubbio 1910,46,Inter Milan,FREE_TRANSFER,free transfer,TRANSFERMARKT_EXPANDED
2023/24,2023,IN,40433,Alexis Sánchez,46,Inter Milan,244,Olympique Marseille,46,Inter Milan,FREE_TRANSFER,free transfer,TRANSFERMARKT_EXPANDED
2023/24,2023,IN,182932,Davy Klaassen,46,Inter Milan,610,Ajax Amsterdam,46,Inter Milan,FREE_TRANSFER,free transfer,TRANSFERMARKT_EXPANDED
2023/24,2023,IN,256339,Emil Audero,46,Inter Milan,1038,UC Sampdoria,46,Inter Milan,LOAN,loan transfer,TRANSFERMARKT_EXPANDED
2023/24,2023,IN,585982,Carlos Augusto,46,Inter Milan,2919,AC Monza,46,Inter Milan,LOAN,loan transfer,TRANSFERMARKT_EXPANDED
2023/24,2023,IN,41384,Marko Arnautovic,46,Inter Milan,1025,Bologna FC 1909,46,Inter Milan,LOAN,loan transfer,TRANSFERMARKT_EXPANDED
2023/24,2023,IN,539631,Andrea Moretti,46,Inter Milan,2254,Pro Sesto 1913,46,Inter Milan,LOAN_RETURN_OR_END_OF_LOAN,End of loan 30/06/2023,TRANSFERMARKT_EXPANDED
2023/24,2023,IN,930781,Pio Esposito,46,Inter Milan,5380,Inter Milan Primavera,46,Inter Milan,PERMANENT_OR_OTHER_EXPLICIT,-,TRANSFERMARKT_EXPANDED
2023/24,2023,IN,507479,Darian Males,46,Inter Milan,26,FC Basel 1893,46,Inter Milan,LOAN_RETURN_OR_END_OF_LOAN,End of loan 30/06/2023,TRANSFERMARKT_EXPANDED
2023/24,2023,IN,564532,Franco Vezzoni,46,Inter Milan,4146,Aurora Pro Patria,46,Inter Milan,LOAN_RETURN_OR_END_OF_LOAN,End of loan 30/06/2023,TRANSFERMARKT_EXPANDED
2023/24,2023,IN,552223,Filip Stanković,46,Inter Milan,724,FC Volendam,46,Inter Milan,LOAN_RETURN_OR_END_OF_LOAN,End of loan 30/06/2023,TRANSFERMARKT_EXPANDED
2023/24,2023,IN,613393,Gaetano Oristanio,46,Inter Milan,724,FC Volendam,46,Inter Milan,LOAN_RETURN_OR_END_OF_LOAN,End of loan 30/06/2023,TRANSFERMARKT_EXPANDED
2023/24,2023,IN,491705,Facundo Colidio,46,Inter Milan,11831,Club Atlético Tigre,46,Inter Milan,LOAN_RETURN_OR_END_OF_LOAN,End of loan 30/06/2023,TRANSFERMARKT_EXPANDED
2023/24,2023,IN,216179,Stefano Sensi,46,Inter Milan,2919,AC Monza,46,Inter Milan,LOAN_RETURN_OR_END_OF_LOAN,End of loan 30/06/2023,TRANSFERMARKT_EXPANDED
2023/24,2023,IN,640109,Martín Satriano,46,Inter Milan,749,FC Empoli,46,Inter Milan,LOAN_RETURN_OR_END_OF_LOAN,End of loan 30/06/2023,TRANSFERMARKT_EXPANDED
2023/24,2023,IN,459991,Marco Pompetti,46,Inter Milan,4554,FC Südtirol,46,Inter Milan,LOAN_RETURN_OR_END_OF_LOAN,End of loan 30/06/2023,TRANSFERMARKT_EXPANDED
2023/24,2023,IN,704337,William Rovida,46,Inter Milan,4159,Carrarese Calcio 1908,46,Inter Milan,LOAN_RETURN_OR_END_OF_LOAN,End of loan 30/06/2023,TRANSFERMARKT_EXPANDED
2023/24,2023,IN,656095,Andi Hoti,46,Inter Milan,245,SC Freiburg II,46,Inter Milan,LOAN_RETURN_OR_END_OF_LOAN,End of loan 30/06/2023,TRANSFERMARKT_EXPANDED
2023/24,2023,IN,487838,Niccolò Squizzato,46,Inter Milan,24898,AC Renate,46,Inter Milan,LOAN_RETURN_OR_END_OF_LOAN,End of loan 30/06/2023,TRANSFERMARKT_EXPANDED
2023/24,2023,IN,641556,Francesco Nunziatini,46,Inter Milan,39818,San Donato Tavarnelle,46,Inter Milan,LOAN_RETURN_OR_END_OF_LOAN,End of loan 30/06/2023,TRANSFERMARKT_EXPANDED
2023/24,2023,IN,486347,Tibo Persyn,46,Inter Milan,3892,FC Eindhoven,46,Inter Milan,LOAN_RETURN_OR_END_OF_LOAN,End of loan 30/06/2023,TRANSFERMARKT_EXPANDED
2023/24,2023,IN,416371,Davide Zugaro,46,Inter Milan,74951,Sangiuliano City,46,Inter Milan,LOAN_RETURN_OR_END_OF_LOAN,End of loan 30/06/2023,TRANSFERMARKT_EXPANDED
2023/24,2023,IN,338672,Zinho Vanheusden,46,Inter Milan,1090,AZ Alkmaar,46,Inter Milan,LOAN_RETURN_OR_END_OF_LOAN,End of loan 30/06/2023,TRANSFERMARKT_EXPANDED
2023/24,2023,IN,633668,Giovanni Fabbian,46,Inter Milan,1386,LFA Reggio Calabria,46,Inter Milan,LOAN_RETURN_OR_END_OF_LOAN,End of loan 30/06/2023,TRANSFERMARKT_EXPANDED
2023/24,2023,IN,487834,Lorenzo Pirola,46,Inter Milan,380,US Salernitana 1919,46,Inter Milan,LOAN_RETURN_OR_END_OF_LOAN,End of loan 30/06/2023,TRANSFERMARKT_EXPANDED
2023/24,2023,IN,186368,Valentino Lazaro,46,Inter Milan,416,Torino FC,46,Inter Milan,LOAN_RETURN_OR_END_OF_LOAN,End of loan 30/06/2023,TRANSFERMARKT_EXPANDED
2023/24,2023,IN,569384,Lucien Agoumé,46,Inter Milan,1095,ESTAC Troyes,46,Inter Milan,LOAN_RETURN_OR_END_OF_LOAN,End of loan 30/06/2023,TRANSFERMARKT_EXPANDED
2023/24,2023,IN,692351,Alessandro Silvestro,46,Inter Milan,4339,Aquila Montevarchi 1902,46,Inter Milan,LOAN_RETURN_OR_END_OF_LOAN,End of loan 30/06/2023,TRANSFERMARKT_EXPANDED
2023/24,2023,IN,537548,Fabrizio Bagheria,46,Inter Milan,1210,US Livorno 1915,46,Inter Milan,LOAN_RETURN_OR_END_OF_LOAN,End of loan 30/06/2023,TRANSFERMARKT_EXPANDED
2023/24,2023,IN,303657,Ionuț Radu,46,Inter Milan,290,AJ Auxerre,46,Inter Milan,LOAN_RETURN_OR_END_OF_LOAN,End of loan 30/06/2023,TRANSFERMARKT_EXPANDED
2023/24,2023,IN,538918,Sebastiano Esposito,46,Inter Milan,332,SSC Bari,46,Inter Milan,LOAN_RETURN_OR_END_OF_LOAN,End of loan 30/06/2023,TRANSFERMARKT_EXPANDED
2023/24,2023,IN,459661,Eddie Salcedo,46,Inter Milan,252,Genoa CFC,46,Inter Milan,LOAN_RETURN_OR_END_OF_LOAN,End of loan 30/06/2023,TRANSFERMARKT_EXPANDED
2023/24,2023,IN,627624,Lorenzo Peschetola,46,Inter Milan,22045,Latina Calcio 1932,46,Inter Milan,LOAN_RETURN_OR_END_OF_LOAN,End of loan 30/06/2023,TRANSFERMARKT_EXPANDED
2023/24,2023,IN,579299,Edoardo Sottini,46,Inter Milan,2331,US Avellino 1912,46,Inter Milan,LOAN_RETURN_OR_END_OF_LOAN,End of loan 30/06/2023,TRANSFERMARKT_EXPANDED
2023/24,2023,IN,315865,Andrea Pinamonti,46,Inter Milan,6574,US Sassuolo,46,Inter Milan,LOAN_RETURN_OR_END_OF_LOAN,End of loan 30/06/2023,TRANSFERMARKT_EXPANDED
2023/24,2023,IN,692351,Alessandro Silvestro,46,Inter Milan,4163,US Fiorenzuola 1922,46,Inter Milan,LOAN_RETURN_OR_END_OF_LOAN,End of loan 31/01/2024,TRANSFERMARKT_EXPANDED
2023/24,2023,IN,371247,Gabriel Brazão,46,Inter Milan,1103,Ternana Calcio,46,Inter Milan,LOAN_RETURN_OR_END_OF_LOAN,End of loan 31/01/2024,TRANSFERMARKT_EXPANDED
2023/24,2023,IN,459661,Eddie Salcedo,46,Inter Milan,12567,CD Eldense,46,Inter Milan,LOAN_RETURN_OR_END_OF_LOAN,End of loan 09/01/2024,TRANSFERMARKT_EXPANDED
2023/24,2023,OUT,234509,André Onana,46,Inter Milan,46,Inter Milan,985,Manchester United,PERMANENT_OR_OTHER_EXPLICIT,€50.20m,TRANSFERMARKT_EXPANDED
2023/24,2023,OUT,315865,Andrea Pinamonti,46,Inter Milan,46,Inter Milan,6574,US Sassuolo,PERMANENT_OR_OTHER_EXPLICIT,€20.00m,TRANSFERMARKT_EXPANDED
2023/24,2023,OUT,156617,Marcelo Brozović,46,Inter Milan,46,Inter Milan,18544,Al-Nassr FC,PERMANENT_OR_OTHER_EXPLICIT,€15.70m,TRANSFERMARKT_EXPANDED
2023/24,2023,OUT,273132,Robin Gosens,46,Inter Milan,46,Inter Milan,89,1.FC Union Berlin,PERMANENT_OR_OTHER_EXPLICIT,€13.00m,TRANSFERMARKT_EXPANDED
2023/24,2023,OUT,633668,Giovanni Fabbian,46,Inter Milan,46,Inter Milan,1025,Bologna FC 1909,PERMANENT_OR_OTHER_EXPLICIT,€5.37m,TRANSFERMARKT_EXPANDED
2023/24,2023,OUT,457422,Samuele Mulattieri,46,Inter Milan,46,Inter Milan,6574,US Sassuolo,PERMANENT_OR_OTHER_EXPLICIT,€5.30m,TRANSFERMARKT_EXPANDED
2023/24,2023,OUT,487834,Lorenzo Pirola,46,Inter Milan,46,Inter Milan,380,US Salernitana 1919,PERMANENT_OR_OTHER_EXPLICIT,€5.00m,TRANSFERMARKT_EXPANDED
2023/24,2023,OUT,491705,Facundo Colidio,46,Inter Milan,46,Inter Milan,209,CA River Plate,PERMANENT_OR_OTHER_EXPLICIT,€4.40m,TRANSFERMARKT_EXPANDED
2023/24,2023,OUT,186368,Valentino Lazaro,46,Inter Milan,46,Inter Milan,416,Torino FC,PERMANENT_OR_OTHER_EXPLICIT,€3.40m,TRANSFERMARKT_EXPANDED
2023/24,2023,OUT,227081,Joaquín Correa,46,Inter Milan,46,Inter Milan,244,Olympique Marseille,LOAN,Loan fee: €2.00m,TRANSFERMARKT_EXPANDED
2023/24,2023,OUT,507479,Darian Males,46,Inter Milan,46,Inter Milan,452,BSC Young Boys,PERMANENT_OR_OTHER_EXPLICIT,€1.90m,TRANSFERMARKT_EXPANDED
2023/24,2023,OUT,459991,Marco Pompetti,46,Inter Milan,46,Inter Milan,4097,US Catanzaro,PERMANENT_OR_OTHER_EXPLICIT,€500k,TRANSFERMARKT_EXPANDED
2023/24,2023,OUT,656095,Andi Hoti,46,Inter Milan,46,Inter Milan,187,1.FC Magdeburg,PERMANENT_OR_OTHER_EXPLICIT,€220k,TRANSFERMARKT_EXPANDED
2023/24,2023,OUT,487838,Niccolò Squizzato,46,Inter Milan,46,Inter Milan,2921,Delfino Pescara 1936,PERMANENT_OR_OTHER_EXPLICIT,€50k,TRANSFERMARKT_EXPANDED
2023/24,2023,OUT,486347,Tibo Persyn,46,Inter Milan,46,Inter Milan,3892,FC Eindhoven,PERMANENT_OR_OTHER_EXPLICIT,€40k,TRANSFERMARKT_EXPANDED
2023/24,2023,OUT,312862,Dalbert,46,Inter Milan,46,Inter Milan,6600,Sport Club Internacional,FREE_TRANSFER,free transfer,TRANSFERMARKT_EXPANDED
2023/24,2023,OUT,28396,Edin Dzeko,46,Inter Milan,46,Inter Milan,36,Fenerbahce,FREE_TRANSFER,free transfer,TRANSFERMARKT_EXPANDED
2023/24,2023,OUT,579299,Edoardo Sottini,46,Inter Milan,46,Inter Milan,4084,AS Cittadella,FREE_TRANSFER,free transfer,TRANSFERMARKT_EXPANDED
2023/24,2023,OUT,204069,Milan Škriniar,46,Inter Milan,46,Inter Milan,583,Paris Saint-Germain,FREE_TRANSFER,free transfer,TRANSFERMARKT_EXPANDED
2023/24,2023,OUT,197471,Roberto Gagliardini,46,Inter Milan,46,Inter Milan,2919,AC Monza,FREE_TRANSFER,free transfer,TRANSFERMARKT_EXPANDED
2023/24,2023,OUT,627624,Lorenzo Peschetola,46,Inter Milan,46,Inter Milan,33734,SS Monopoli 1966,FREE_TRANSFER,free transfer,TRANSFERMARKT_EXPANDED
2023/24,2023,OUT,55769,Danilo D'Ambrosio,46,Inter Milan,46,Inter Milan,2919,AC Monza,FREE_TRANSFER,free transfer,TRANSFERMARKT_EXPANDED
2023/24,2023,OUT,564532,Franco Vezzoni,46,Inter Milan,46,Inter Milan,704,Calcio Foggia 1920,FREE_TRANSFER,free transfer,TRANSFERMARKT_EXPANDED
2023/24,2023,OUT,371247,Gabriel Brazão,46,Inter Milan,46,Inter Milan,221,Santos FC,FREE_TRANSFER,free transfer,TRANSFERMARKT_EXPANDED
2023/24,2023,OUT,692351,Alessandro Silvestro,46,Inter Milan,46,Inter Milan,4163,US Fiorenzuola 1922,LOAN,loan transfer,TRANSFERMARKT_EXPANDED
2023/24,2023,OUT,641556,Francesco Nunziatini,46,Inter Milan,46,Inter Milan,2253,SEF Torres 1903,LOAN,loan transfer,TRANSFERMARKT_EXPANDED
2023/24,2023,OUT,535793,Jacopo Gianelli,46,Inter Milan,46,Inter Milan,4033,Fermana FC,LOAN,loan transfer,TRANSFERMARKT_EXPANDED
2023/24,2023,OUT,616162,Alessandro Fontanarosa,46,Inter Milan,46,Inter Milan,4031,Cosenza Calcio,LOAN,loan transfer,TRANSFERMARKT_EXPANDED
2023/24,2023,OUT,582353,Mattia Zanotti,46,Inter Milan,46,Inter Milan,257,FC St. Gallen 1879,LOAN,loan transfer,TRANSFERMARKT_EXPANDED
2023/24,2023,OUT,338672,Zinho Vanheusden,46,Inter Milan,46,Inter Milan,3057,Standard Liège,LOAN,loan transfer,TRANSFERMARKT_EXPANDED
2023/24,2023,OUT,640109,Martín Satriano,46,Inter Milan,46,Inter Milan,3911,Stade Brestois 29,LOAN,loan transfer,TRANSFERMARKT_EXPANDED
2023/24,2023,OUT,787618,Valentín Carboni,46,Inter Milan,46,Inter Milan,2919,AC Monza,LOAN,loan transfer,TRANSFERMARKT_EXPANDED
2023/24,2023,OUT,539631,Andrea Moretti,46,Inter Milan,46,Inter Milan,4146,Aurora Pro Patria,LOAN,loan transfer,TRANSFERMARKT_EXPANDED
2023/24,2023,OUT,613393,Gaetano Oristanio,46,Inter Milan,46,Inter Milan,1390,Cagliari Calcio,LOAN,loan transfer,TRANSFERMARKT_EXPANDED
2023/24,2023,OUT,704337,William Rovida,46,Inter Milan,46,Inter Milan,4146,Aurora Pro Patria,LOAN,loan transfer,TRANSFERMARKT_EXPANDED
2023/24,2023,OUT,303657,Ionuț Radu,46,Inter Milan,46,Inter Milan,989,AFC Bournemouth,LOAN,loan transfer,TRANSFERMARKT_EXPANDED
2023/24,2023,OUT,930781,Pio Esposito,46,Inter Milan,46,Inter Milan,3522,Spezia Calcio,LOAN,loan transfer,TRANSFERMARKT_EXPANDED
2023/24,2023,OUT,552223,Filip Stanković,46,Inter Milan,46,Inter Milan,1038,UC Sampdoria,LOAN,loan transfer,TRANSFERMARKT_EXPANDED
2023/24,2023,OUT,538918,Sebastiano Esposito,46,Inter Milan,46,Inter Milan,1038,UC Sampdoria,LOAN,loan transfer,TRANSFERMARKT_EXPANDED
2023/24,2023,OUT,459661,Eddie Salcedo,46,Inter Milan,46,Inter Milan,12567,CD Eldense,LOAN,loan transfer,TRANSFERMARKT_EXPANDED
2023/24,2023,OUT,731491,Franco Carboni,46,Inter Milan,46,Inter Milan,1103,Ternana Calcio,LOAN,loan transfer,TRANSFERMARKT_EXPANDED
2023/24,2023,OUT,569384,Lucien Agoumé,46,Inter Milan,46,Inter Milan,368,Sevilla FC,LOAN,loan transfer,TRANSFERMARKT_EXPANDED
2023/24,2023,OUT,459661,Eddie Salcedo,46,Inter Milan,46,Inter Milan,5514,Calcio Lecco 1912,LOAN,loan transfer,TRANSFERMARKT_EXPANDED
2023/24,2023,OUT,692351,Alessandro Silvestro,46,Inter Milan,46,Inter Milan,704,Calcio Foggia 1920,LOAN,loan transfer,TRANSFERMARKT_EXPANDED
2023/24,2023,OUT,371247,Gabriel Brazão,46,Inter Milan,46,Inter Milan,1103,Ternana Calcio,LOAN,loan transfer,TRANSFERMARKT_EXPANDED
2023/24,2023,OUT,28021,Samir Handanovič,46,Inter Milan,46,Inter Milan,,Retired,RETIREMENT,-,TRANSFERMARKT_EXPANDED
2023/24,2023,OUT,16633,Alex Cordaz,46,Inter Milan,46,Inter Milan,515,Without Club,FREE_AGENT_OR_END_OF_CONTRACT,-,TRANSFERMARKT_EXPANDED
2023/24,2023,OUT,537548,Fabrizio Bagheria,46,Inter Milan,46,Inter Milan,515,Without Club,FREE_AGENT_OR_END_OF_CONTRACT,-,TRANSFERMARKT_EXPANDED
2023/24,2023,OUT,416371,Davide Zugaro,46,Inter Milan,46,Inter Milan,515,Without Club,FREE_AGENT_OR_END_OF_CONTRACT,-,TRANSFERMARKT_EXPANDED
2023/24,2023,OUT,96341,Romelu Lukaku,46,Inter Milan,46,Inter Milan,631,Chelsea FC,LOAN_RETURN_OR_END_OF_LOAN,End of loan 30/06/2023,TRANSFERMARKT_EXPANDED
2023/24,2023,OUT,543771,Kristjan Asllani,46,Inter Milan,46,Inter Milan,749,FC Empoli,LOAN_RETURN_OR_END_OF_LOAN,End of loan 30/06/2023,TRANSFERMARKT_EXPANDED
2023/24,2023,OUT,357992,Raoul Bellanova,46,Inter Milan,46,Inter Milan,1390,Cagliari Calcio,LOAN_RETURN_OR_END_OF_LOAN,End of loan 30/06/2023,TRANSFERMARKT_EXPANDED
2023/24,2023,OUT,131075,Francesco Acerbi,46,Inter Milan,46,Inter Milan,398,SS Lazio,LOAN_RETURN_OR_END_OF_LOAN,End of loan 30/06/2023,TRANSFERMARKT_EXPANDED
2023/24,2023,IN,460939,Tijjani Reijnders,5,AC Milan,1090,AZ Alkmaar,5,AC Milan,PERMANENT_OR_OTHER_EXPLICIT,€24.80m,TRANSFERMARKT_EXPANDED
2023/24,2023,IN,503991,Yunus Musah,5,AC Milan,1049,Valencia CF,5,AC Milan,PERMANENT_OR_OTHER_EXPLICIT,€21.20m,TRANSFERMARKT_EXPANDED
2023/24,2023,IN,401922,Samuel Chukwueze,5,AC Milan,1050,Villarreal CF,5,AC Milan,PERMANENT_OR_OTHER_EXPLICIT,€21.10m,TRANSFERMARKT_EXPANDED
2023/24,2023,IN,315779,Christian Pulisic,5,AC Milan,631,Chelsea FC,5,AC Milan,PERMANENT_OR_OTHER_EXPLICIT,€20.80m,TRANSFERMARKT_EXPANDED
2023/24,2023,IN,202886,Ruben Loftus-Cheek,5,AC Milan,631,Chelsea FC,5,AC Milan,PERMANENT_OR_OTHER_EXPLICIT,€18.90m,TRANSFERMARKT_EXPANDED
2023/24,2023,IN,346890,Noah Okafor,5,AC Milan,409,Red Bull Salzburg,5,AC Milan,PERMANENT_OR_OTHER_EXPLICIT,€15.50m,TRANSFERMARKT_EXPANDED
2023/24,2023,IN,631007,Filippo Terracciano,5,AC Milan,276,Hellas Verona,5,AC Milan,PERMANENT_OR_OTHER_EXPLICIT,€4.50m,TRANSFERMARKT_EXPANDED
2023/24,2023,IN,776303,Marco Pellegrino,5,AC Milan,928,Club Atlético Platense,5,AC Milan,PERMANENT_OR_OTHER_EXPLICIT,€3.88m,TRANSFERMARKT_EXPANDED
2023/24,2023,IN,487843,Lorenzo Colombo,5,AC Milan,1005,US Lecce,5,AC Milan,LOAN_RETURN_OR_END_OF_LOAN,End of loan 30/06/2023 €1.50m,TRANSFERMARKT_EXPANDED
2023/24,2023,IN,257462,Luka Jović,5,AC Milan,430,ACF Fiorentina,5,AC Milan,PERMANENT_OR_OTHER_EXPLICIT,€500k,TRANSFERMARKT_EXPANDED
2023/24,2023,IN,769063,Luka Romero,5,AC Milan,398,SS Lazio,5,AC Milan,FREE_TRANSFER,free transfer,TRANSFERMARKT_EXPANDED
2023/24,2023,IN,199976,Marco Sportiello,5,AC Milan,800,Atalanta BC,5,AC Milan,FREE_TRANSFER,free transfer,TRANSFERMARKT_EXPANDED
2023/24,2023,IN,700998,Chaka Traorè,5,AC Milan,10958,Milan Primavera,5,AC Milan,PERMANENT_OR_OTHER_EXPLICIT,-,TRANSFERMARKT_EXPANDED
2023/24,2023,IN,815563,Lapo Nava,5,AC Milan,10958,Milan Primavera,5,AC Milan,PERMANENT_OR_OTHER_EXPLICIT,-,TRANSFERMARKT_EXPANDED
2023/24,2023,IN,323167,Matteo Gabbia,5,AC Milan,1050,Villarreal CF,5,AC Milan,LOAN_RETURN_OR_END_OF_LOAN,End of loan 03/01/2024,TRANSFERMARKT_EXPANDED
2023/24,2023,IN,629016,Marco Nasti,5,AC Milan,4031,Cosenza Calcio,5,AC Milan,LOAN_RETURN_OR_END_OF_LOAN,End of loan 30/06/2023,TRANSFERMARKT_EXPANDED
2023/24,2023,IN,406912,Gabriele Bellodi,5,AC Milan,9826,Olbia Calcio 1905,5,AC Milan,LOAN_RETURN_OR_END_OF_LOAN,End of loan 30/06/2023,TRANSFERMARKT_EXPANDED
2023/24,2023,IN,197470,Mattia Caldara,5,AC Milan,3522,Spezia Calcio,5,AC Milan,LOAN_RETURN_OR_END_OF_LOAN,End of loan 30/06/2023,TRANSFERMARKT_EXPANDED
2023/24,2023,IN,539134,Daniel Maldini,5,AC Milan,3522,Spezia Calcio,5,AC Milan,LOAN_RETURN_OR_END_OF_LOAN,End of loan 30/06/2023,TRANSFERMARKT_EXPANDED
2023/24,2023,IN,459128,Marco Brescianini,5,AC Milan,4031,Cosenza Calcio,5,AC Milan,LOAN_RETURN_OR_END_OF_LOAN,End of loan 30/06/2023,TRANSFERMARKT_EXPANDED
2023/24,2023,IN,562259,Antonio Mionic,5,AC Milan,2721,US Alessandria Calcio 1912,5,AC Milan,LOAN_RETURN_OR_END_OF_LOAN,End of loan 30/06/2023,TRANSFERMARKT_EXPANDED
2023/24,2023,IN,592924,Andreas Jungdal,5,AC Milan,3551,SCR Altach,5,AC Milan,LOAN_RETURN_OR_END_OF_LOAN,End of loan 30/06/2023,TRANSFERMARKT_EXPANDED
2023/24,2023,IN,698548,Marko Lazetić,5,AC Milan,3551,SCR Altach,5,AC Milan,LOAN_RETURN_OR_END_OF_LOAN,End of loan 30/06/2023,TRANSFERMARKT_EXPANDED
2023/24,2023,IN,673495,Emil Roback,5,AC Milan,2844,IFK Norrköping,5,AC Milan,LOAN_RETURN_OR_END_OF_LOAN,End of loan 31/12/2023,TRANSFERMARKT_EXPANDED
2023/24,2023,IN,539134,Daniel Maldini,5,AC Milan,749,FC Empoli,5,AC Milan,LOAN_RETURN_OR_END_OF_LOAN,End of loan 09/01/2024,TRANSFERMARKT_EXPANDED
2023/24,2023,IN,449151,Junior Messias,5,AC Milan,252,Genoa CFC,5,AC Milan,LOAN_RETURN_OR_END_OF_LOAN,End of loan 12/01/2024,TRANSFERMARKT_EXPANDED
2023/24,2023,IN,495722,Devis Vásquez,5,AC Milan,1035,Sheffield Wednesday,5,AC Milan,LOAN_RETURN_OR_END_OF_LOAN,End of loan 18/01/2024,TRANSFERMARKT_EXPANDED
2023/24,2023,OUT,397033,Sandro Tonali,5,AC Milan,5,AC Milan,762,Newcastle United,PERMANENT_OR_OTHER_EXPLICIT,€67.10m,TRANSFERMARKT_EXPANDED
2023/24,2023,OUT,459128,Marco Brescianini,5,AC Milan,5,AC Milan,8970,Frosinone Calcio,PERMANENT_OR_OTHER_EXPLICIT,€6.20m,TRANSFERMARKT_EXPANDED
2023/24,2023,OUT,435772,Charles De Ketelaere,5,AC Milan,5,AC Milan,800,Atalanta BC,LOAN,Loan fee: €3.00m,TRANSFERMARKT_EXPANDED
2023/24,2023,OUT,449151,Junior Messias,5,AC Milan,5,AC Milan,252,Genoa CFC,PERMANENT_OR_OTHER_EXPLICIT,€1.50m,TRANSFERMARKT_EXPANDED
2023/24,2023,OUT,449151,Junior Messias,5,AC Milan,5,AC Milan,252,Genoa CFC,LOAN,Loan fee: €1.50m,TRANSFERMARKT_EXPANDED
2023/24,2023,OUT,381950,Alexis Saelemaekers,5,AC Milan,5,AC Milan,1025,Bologna FC 1909,LOAN,Loan fee: €500k,TRANSFERMARKT_EXPANDED
2023/24,2023,OUT,259953,Rade Krunic,5,AC Milan,5,AC Milan,36,Fenerbahce,LOAN,Loan fee: €475k,TRANSFERMARKT_EXPANDED
2023/24,2023,OUT,495722,Devis Vásquez,5,AC Milan,5,AC Milan,1035,Sheffield Wednesday,LOAN,Loan fee: €190k,TRANSFERMARKT_EXPANDED
2023/24,2023,OUT,592924,Andreas Jungdal,5,AC Milan,5,AC Milan,2239,US Cremonese,PERMANENT_OR_OTHER_EXPLICIT,€150k,TRANSFERMARKT_EXPANDED
2023/24,2023,OUT,406912,Gabriele Bellodi,5,AC Milan,5,AC Milan,9826,Olbia Calcio 1905,FREE_TRANSFER,free transfer,TRANSFERMARKT_EXPANDED
2023/24,2023,OUT,55282,Ciprian Tătărușanu,5,AC Milan,5,AC Milan,40039,Abha Club,FREE_TRANSFER,free transfer,TRANSFERMARKT_EXPANDED
2023/24,2023,OUT,187587,Ante Rebić,5,AC Milan,5,AC Milan,114,Besiktas JK,FREE_TRANSFER,free transfer,TRANSFERMARKT_EXPANDED
2023/24,2023,OUT,562259,Antonio Mionic,5,AC Milan,5,AC Milan,24325,SK Lisen,FREE_TRANSFER,free transfer,TRANSFERMARKT_EXPANDED
2023/24,2023,OUT,776303,Marco Pellegrino,5,AC Milan,5,AC Milan,380,US Salernitana 1919,LOAN,loan transfer,TRANSFERMARKT_EXPANDED
2023/24,2023,OUT,700998,Chaka Traorè,5,AC Milan,5,AC Milan,458,Palermo FC,LOAN,loan transfer,TRANSFERMARKT_EXPANDED
2023/24,2023,OUT,698548,Marko Lazetić,5,AC Milan,5,AC Milan,385,Fortuna Sittard,LOAN,loan transfer,TRANSFERMARKT_EXPANDED
2023/24,2023,OUT,487843,Lorenzo Colombo,5,AC Milan,5,AC Milan,2919,AC Monza,LOAN,loan transfer,TRANSFERMARKT_EXPANDED
2023/24,2023,OUT,148368,Divock Origi,5,AC Milan,5,AC Milan,703,Nottingham Forest,LOAN,loan transfer,TRANSFERMARKT_EXPANDED
2023/24,2023,OUT,296422,Fodé Ballo-Touré,5,AC Milan,5,AC Milan,931,Fulham FC,LOAN,loan transfer,TRANSFERMARKT_EXPANDED
2023/24,2023,OUT,539134,Daniel Maldini,5,AC Milan,5,AC Milan,2919,AC Monza,LOAN,loan transfer,TRANSFERMARKT_EXPANDED
2023/24,2023,OUT,769063,Luka Romero,5,AC Milan,5,AC Milan,3302,UD Almería,LOAN,loan transfer,TRANSFERMARKT_EXPANDED
2023/24,2023,OUT,323167,Matteo Gabbia,5,AC Milan,5,AC Milan,1050,Villarreal CF,LOAN,loan transfer,TRANSFERMARKT_EXPANDED
2023/24,2023,OUT,629016,Marco Nasti,5,AC Milan,5,AC Milan,332,SSC Bari,LOAN,loan transfer,TRANSFERMARKT_EXPANDED
2023/24,2023,OUT,539134,Daniel Maldini,5,AC Milan,5,AC Milan,749,FC Empoli,LOAN,loan transfer,TRANSFERMARKT_EXPANDED
2023/24,2023,OUT,3455,Zlatan Ibrahimović,5,AC Milan,5,AC Milan,,Retired,RETIREMENT,-,TRANSFERMARKT_EXPANDED
2023/24,2023,OUT,495722,Devis Vásquez,5,AC Milan,5,AC Milan,408,Ascoli Calcio,LOAN,loan transfer,TRANSFERMARKT_EXPANDED
2023/24,2023,OUT,314678,Brahim Díaz,5,AC Milan,5,AC Milan,418,Real Madrid,LOAN_RETURN_OR_END_OF_LOAN,End of loan 30/06/2023,TRANSFERMARKT_EXPANDED
2023/24,2023,OUT,182618,Tiemoué Bakayoko,5,AC Milan,5,AC Milan,631,Chelsea FC,LOAN_RETURN_OR_END_OF_LOAN,End of loan 30/06/2023,TRANSFERMARKT_EXPANDED
2023/24,2023,OUT,503881,Aster Vranckx,5,AC Milan,5,AC Milan,82,VfL Wolfsburg,LOAN_RETURN_OR_END_OF_LOAN,End of loan 30/06/2023,TRANSFERMARKT_EXPANDED
2023/24,2023,OUT,361104,Sergiño Dest,5,AC Milan,5,AC Milan,131,FC Barcelona,LOAN_RETURN_OR_END_OF_LOAN,End of loan 30/06/2023,TRANSFERMARKT_EXPANDED
2023/24,2023,IN,649016,El Bilal Touré,800,Atalanta BC,3302,UD Almería,800,Atalanta BC,PERMANENT_OR_OTHER_EXPLICIT,€30.20m,TRANSFERMARKT_EXPANDED
2023/24,2023,IN,315867,Gianluca Scamacca,800,Atalanta BC,379,West Ham United,800,Atalanta BC,PERMANENT_OR_OTHER_EXPLICIT,€28.00m,TRANSFERMARKT_EXPANDED
2023/24,2023,IN,503075,Isak Hien,800,Atalanta BC,276,Hellas Verona,800,Atalanta BC,PERMANENT_OR_OTHER_EXPLICIT,€8.86m,TRANSFERMARKT_EXPANDED
2023/24,2023,IN,361065,Mitchel Bakker,800,Atalanta BC,15,Bayer 04 Leverkusen,800,Atalanta BC,PERMANENT_OR_OTHER_EXPLICIT,€8.80m,TRANSFERMARKT_EXPANDED
2023/24,2023,IN,435772,Charles De Ketelaere,800,Atalanta BC,5,AC Milan,800,Atalanta BC,LOAN,Loan fee: €3.00m,TRANSFERMARKT_EXPANDED
2023/24,2023,IN,496745,Emil Holm,800,Atalanta BC,3522,Spezia Calcio,800,Atalanta BC,LOAN,Loan fee: €2.50m,TRANSFERMARKT_EXPANDED
2023/24,2023,IN,564305,Michel Adopo,800,Atalanta BC,416,Torino FC,800,Atalanta BC,FREE_TRANSFER,free transfer,TRANSFERMARKT_EXPANDED
2023/24,2023,IN,94005,Sead Kolasinac,800,Atalanta BC,244,Olympique Marseille,800,Atalanta BC,FREE_TRANSFER,free transfer,TRANSFERMARKT_EXPANDED
2023/24,2023,IN,337809,Simone Mazzocchi,800,Atalanta BC,4554,FC Südtirol,800,Atalanta BC,LOAN_RETURN_OR_END_OF_LOAN,End of loan 30/06/2023,TRANSFERMARKT_EXPANDED
2023/24,2023,IN,432089,Emmanuel Gyabuaa,800,Atalanta BC,2921,Delfino Pescara 1936,800,Atalanta BC,LOAN_RETURN_OR_END_OF_LOAN,End of loan 30/06/2023,TRANSFERMARKT_EXPANDED
2023/24,2023,IN,473887,David Heidenreich,800,Atalanta BC,1322,FK Jablonec,800,Atalanta BC,LOAN_RETURN_OR_END_OF_LOAN,End of loan 30/06/2023,TRANSFERMARKT_EXPANDED
2023/24,2023,IN,650254,Jonathan Italeng,800,Atalanta BC,4339,Aquila Montevarchi 1902,800,Atalanta BC,LOAN_RETURN_OR_END_OF_LOAN,End of loan 30/06/2023,TRANSFERMARKT_EXPANDED
2023/24,2023,IN,663900,Giovanni Bonfanti,800,Atalanta BC,14888,US Città di Pontedera,800,Atalanta BC,LOAN_RETURN_OR_END_OF_LOAN,End of loan 30/06/2023,TRANSFERMARKT_EXPANDED
2023/24,2023,IN,567472,Federico Zuccon,800,Atalanta BC,5514,Calcio Lecco 1912,800,Atalanta BC,LOAN_RETURN_OR_END_OF_LOAN,End of loan 30/06/2023,TRANSFERMARKT_EXPANDED
2023/24,2023,IN,421766,Ludovico Gelmi,800,Atalanta BC,9826,Olbia Calcio 1905,800,Atalanta BC,LOAN_RETURN_OR_END_OF_LOAN,End of loan 30/06/2023,TRANSFERMARKT_EXPANDED
2023/24,2023,IN,421769,Davide Ghislandi,800,Atalanta BC,4271,US Triestina,800,Atalanta BC,LOAN_RETURN_OR_END_OF_LOAN,End of loan 30/06/2023,TRANSFERMARKT_EXPANDED
2023/24,2023,IN,465667,Giorgio Brogni,800,Atalanta BC,1388,Ancona Calcio,800,Atalanta BC,LOAN_RETURN_OR_END_OF_LOAN,End of loan 30/06/2023,TRANSFERMARKT_EXPANDED
2023/24,2023,IN,421768,Alessandro Cortinovis,800,Atalanta BC,276,Hellas Verona,800,Atalanta BC,LOAN_RETURN_OR_END_OF_LOAN,End of loan 30/06/2023,TRANSFERMARKT_EXPANDED
2023/24,2023,IN,616628,Giorgio Cittadini,800,Atalanta BC,1385,Modena FC,800,Atalanta BC,LOAN_RETURN_OR_END_OF_LOAN,End of loan 30/06/2023,TRANSFERMARKT_EXPANDED
2023/24,2023,IN,332179,Matteo Pessina,800,Atalanta BC,2919,AC Monza,800,Atalanta BC,LOAN_RETURN_OR_END_OF_LOAN,End of loan 30/06/2023,TRANSFERMARKT_EXPANDED
2023/24,2023,IN,487836,Simone Panada,800,Atalanta BC,1385,Modena FC,800,Atalanta BC,LOAN_RETURN_OR_END_OF_LOAN,End of loan 30/06/2023,TRANSFERMARKT_EXPANDED
2023/24,2023,IN,536814,Daniele Solcia,800,Atalanta BC,49939,Virtus Francavilla Calcio,800,Atalanta BC,LOAN_RETURN_OR_END_OF_LOAN,End of loan 30/06/2023,TRANSFERMARKT_EXPANDED
2023/24,2023,IN,362981,Marco Varnier,800,Atalanta BC,2722,SPAL,800,Atalanta BC,LOAN_RETURN_OR_END_OF_LOAN,End of loan 30/06/2023,TRANSFERMARKT_EXPANDED
2023/24,2023,IN,546880,Brandon Soppy,800,Atalanta BC,416,Torino FC,800,Atalanta BC,LOAN_RETURN_OR_END_OF_LOAN,End of loan 31/01/2024,TRANSFERMARKT_EXPANDED
2023/24,2023,IN,392964,Emmanuel Latte Lath,800,Atalanta BC,257,FC St. Gallen 1879,800,Atalanta BC,LOAN_RETURN_OR_END_OF_LOAN,End of loan 30/06/2023,TRANSFERMARKT_EXPANDED
2023/24,2023,IN,346560,Alessandro Mallamo,800,Atalanta BC,332,SSC Bari,800,Atalanta BC,LOAN_RETURN_OR_END_OF_LOAN,End of loan 30/06/2023,TRANSFERMARKT_EXPANDED
2023/24,2023,IN,301239,Christian Mora,800,Atalanta BC,1387,Siena FC,800,Atalanta BC,LOAN_RETURN_OR_END_OF_LOAN,End of loan 30/06/2023,TRANSFERMARKT_EXPANDED
2023/24,2023,IN,264514,Luca Vido,800,Atalanta BC,458,Palermo FC,800,Atalanta BC,LOAN_RETURN_OR_END_OF_LOAN,End of loan 30/06/2023,TRANSFERMARKT_EXPANDED
2023/24,2023,IN,487846,Guillaume Renault,800,Atalanta BC,2721,US Alessandria Calcio 1912,800,Atalanta BC,LOAN_RETURN_OR_END_OF_LOAN,End of loan 30/06/2023,TRANSFERMARKT_EXPANDED
2023/24,2023,IN,459149,Lorenzo Peli,800,Atalanta BC,14888,US Città di Pontedera,800,Atalanta BC,LOAN_RETURN_OR_END_OF_LOAN,End of loan 30/06/2023,TRANSFERMARKT_EXPANDED
2023/24,2023,IN,616638,Alassane Sidibe,800,Atalanta BC,408,Ascoli Calcio,800,Atalanta BC,LOAN_RETURN_OR_END_OF_LOAN,End of loan 30/06/2023,TRANSFERMARKT_EXPANDED
2023/24,2023,IN,392966,Nadir Zortea,800,Atalanta BC,6574,US Sassuolo,800,Atalanta BC,LOAN_RETURN_OR_END_OF_LOAN,End of loan 30/06/2023,TRANSFERMARKT_EXPANDED
2023/24,2023,IN,988862,Moustapha Cissé,800,Atalanta BC,4554,FC Südtirol,800,Atalanta BC,LOAN_RETURN_OR_END_OF_LOAN,End of loan 30/06/2023,TRANSFERMARKT_EXPANDED
2023/24,2023,IN,207877,Ruslan Malinovskyi,800,Atalanta BC,244,Olympique Marseille,800,Atalanta BC,LOAN_RETURN_OR_END_OF_LOAN,End of loan 30/06/2023,TRANSFERMARKT_EXPANDED
2023/24,2023,IN,315856,Christian Capone,800,Atalanta BC,5621,AC Reggiana 1919,800,Atalanta BC,LOAN_RETURN_OR_END_OF_LOAN,End of loan 30/06/2023,TRANSFERMARKT_EXPANDED
2023/24,2023,IN,459149,Lorenzo Peli,800,Atalanta BC,1388,Ancona Calcio,800,Atalanta BC,LOAN_RETURN_OR_END_OF_LOAN,End of loan 24/01/2024,TRANSFERMARKT_EXPANDED
2023/24,2023,IN,297630,Marco Carraro,800,Atalanta BC,4083,FC Crotone,800,Atalanta BC,LOAN_RETURN_OR_END_OF_LOAN,End of loan 30/06/2023,TRANSFERMARKT_EXPANDED
2023/24,2023,IN,346528,Stefano Mazzini,800,Atalanta BC,4339,Aquila Montevarchi 1902,800,Atalanta BC,LOAN_RETURN_OR_END_OF_LOAN,End of loan 30/06/2023,TRANSFERMARKT_EXPANDED
2023/24,2023,IN,459763,Marco Carnesecchi,800,Atalanta BC,2239,US Cremonese,800,Atalanta BC,LOAN_RETURN_OR_END_OF_LOAN,End of loan 30/06/2023,TRANSFERMARKT_EXPANDED
2023/24,2023,IN,567217,Ebrima Colley,800,Atalanta BC,6646,Fatih Karagümrük,800,Atalanta BC,LOAN_RETURN_OR_END_OF_LOAN,End of loan 30/06/2023,TRANSFERMARKT_EXPANDED
2023/24,2023,IN,663939,Andrea Oliveri,800,Atalanta BC,8970,Frosinone Calcio,800,Atalanta BC,LOAN_RETURN_OR_END_OF_LOAN,End of loan 30/06/2023,TRANSFERMARKT_EXPANDED
2023/24,2023,IN,432092,Roberto Piccoli,800,Atalanta BC,749,FC Empoli,800,Atalanta BC,LOAN_RETURN_OR_END_OF_LOAN,End of loan 31/08/2023,TRANSFERMARKT_EXPANDED
2023/24,2023,IN,255450,Aleksey Miranchuk,800,Atalanta BC,416,Torino FC,800,Atalanta BC,LOAN_RETURN_OR_END_OF_LOAN,End of loan 30/06/2023,TRANSFERMARKT_EXPANDED
2023/24,2023,IN,386914,Sam Lammers,800,Atalanta BC,749,FC Empoli,800,Atalanta BC,LOAN_RETURN_OR_END_OF_LOAN,End of loan 30/06/2023,TRANSFERMARKT_EXPANDED
2023/24,2023,IN,203842,Viktor Kovalenko,800,Atalanta BC,3522,Spezia Calcio,800,Atalanta BC,LOAN_RETURN_OR_END_OF_LOAN,End of loan 30/06/2023,TRANSFERMARKT_EXPANDED
2023/24,2023,IN,392963,Salvatore Elia,800,Atalanta BC,458,Palermo FC,800,Atalanta BC,LOAN_RETURN_OR_END_OF_LOAN,End of loan 30/06/2023,TRANSFERMARKT_EXPANDED
2023/24,2023,OUT,610442,Rasmus Højlund,800,Atalanta BC,800,Atalanta BC,985,Manchester United,PERMANENT_OR_OTHER_EXPLICIT,€79.80m,TRANSFERMARKT_EXPANDED
2023/24,2023,OUT,216569,Jérémie Boga,800,Atalanta BC,800,Atalanta BC,417,OGC Nice,PERMANENT_OR_OTHER_EXPLICIT,€17.50m,TRANSFERMARKT_EXPANDED
2023/24,2023,OUT,340879,Merih Demiral,800,Atalanta BC,800,Atalanta BC,18487,Al-Ahli SFC,PERMANENT_OR_OTHER_EXPLICIT,€17.00m,TRANSFERMARKT_EXPANDED
2023/24,2023,OUT,369674,Joakim Maehle,800,Atalanta BC,800,Atalanta BC,82,VfL Wolfsburg,PERMANENT_OR_OTHER_EXPLICIT,€12.50m,TRANSFERMARKT_EXPANDED
2023/24,2023,OUT,332179,Matteo Pessina,800,Atalanta BC,800,Atalanta BC,2919,AC Monza,PERMANENT_OR_OTHER_EXPLICIT,€12.00m,TRANSFERMARKT_EXPANDED
2023/24,2023,OUT,207877,Ruslan Malinovskyi,800,Atalanta BC,800,Atalanta BC,244,Olympique Marseille,PERMANENT_OR_OTHER_EXPLICIT,€10.00m,TRANSFERMARKT_EXPANDED
2023/24,2023,OUT,392964,Emmanuel Latte Lath,800,Atalanta BC,800,Atalanta BC,641,Middlesbrough FC,PERMANENT_OR_OTHER_EXPLICIT,€7.10m,TRANSFERMARKT_EXPANDED
2023/24,2023,OUT,386914,Sam Lammers,800,Atalanta BC,800,Atalanta BC,124,Rangers FC,PERMANENT_OR_OTHER_EXPLICIT,€4.10m,TRANSFERMARKT_EXPANDED
2023/24,2023,OUT,119228,Luis Muriel,800,Atalanta BC,800,Atalanta BC,45604,Orlando City SC,PERMANENT_OR_OTHER_EXPLICIT,€2.10m,TRANSFERMARKT_EXPANDED
2023/24,2023,OUT,392963,Salvatore Elia,800,Atalanta BC,800,Atalanta BC,3522,Spezia Calcio,PERMANENT_OR_OTHER_EXPLICIT,€1.85m,TRANSFERMARKT_EXPANDED
2023/24,2023,OUT,567217,Ebrima Colley,800,Atalanta BC,800,Atalanta BC,452,BSC Young Boys,LOAN,Loan fee: €250k,TRANSFERMARKT_EXPANDED
2023/24,2023,OUT,461833,Caleb Okoli,800,Atalanta BC,800,Atalanta BC,8970,Frosinone Calcio,LOAN,Loan fee: €100k,TRANSFERMARKT_EXPANDED
2023/24,2023,OUT,473887,David Heidenreich,800,Atalanta BC,800,Atalanta BC,1897,FC Hradec Kralove,PERMANENT_OR_OTHER_EXPLICIT,€68k,TRANSFERMARKT_EXPANDED
2023/24,2023,OUT,199976,Marco Sportiello,800,Atalanta BC,800,Atalanta BC,5,AC Milan,FREE_TRANSFER,free transfer,TRANSFERMARKT_EXPANDED
2023/24,2023,OUT,297630,Marco Carraro,800,Atalanta BC,800,Atalanta BC,2722,SPAL,FREE_TRANSFER,free transfer,TRANSFERMARKT_EXPANDED
2023/24,2023,OUT,346528,Stefano Mazzini,800,Atalanta BC,800,Atalanta BC,4159,Carrarese Calcio 1908,FREE_TRANSFER,free transfer,TRANSFERMARKT_EXPANDED
2023/24,2023,OUT,465667,Giorgio Brogni,800,Atalanta BC,800,Atalanta BC,4326,AS Gubbio 1910,LOAN,loan transfer,TRANSFERMARKT_EXPANDED
2023/24,2023,OUT,459149,Lorenzo Peli,800,Atalanta BC,800,Atalanta BC,14888,US Città di Pontedera,LOAN,loan transfer,TRANSFERMARKT_EXPANDED
2023/24,2023,OUT,459149,Lorenzo Peli,800,Atalanta BC,800,Atalanta BC,1388,Ancona Calcio,LOAN,loan transfer,TRANSFERMARKT_EXPANDED
2023/24,2023,OUT,487846,Guillaume Renault,800,Atalanta BC,800,Atalanta BC,4146,Aurora Pro Patria,LOAN,loan transfer,TRANSFERMARKT_EXPANDED
2023/24,2023,OUT,264514,Luca Vido,800,Atalanta BC,800,Atalanta BC,5621,AC Reggiana 1919,PERMANENT_OR_OTHER_EXPLICIT,?,TRANSFERMARKT_EXPANDED
2023/24,2023,OUT,546880,Brandon Soppy,800,Atalanta BC,800,Atalanta BC,33,FC Schalke 04,LOAN,loan transfer,TRANSFERMARKT_EXPANDED
2023/24,2023,OUT,487836,Simone Panada,800,Atalanta BC,800,Atalanta BC,1038,UC Sampdoria,LOAN,loan transfer,TRANSFERMARKT_EXPANDED
2023/24,2023,OUT,432092,Roberto Piccoli,800,Atalanta BC,800,Atalanta BC,1005,US Lecce,LOAN,loan transfer,TRANSFERMARKT_EXPANDED
2023/24,2023,OUT,546880,Brandon Soppy,800,Atalanta BC,800,Atalanta BC,416,Torino FC,LOAN,loan transfer,TRANSFERMARKT_EXPANDED
2023/24,2023,OUT,616628,Giorgio Cittadini,800,Atalanta BC,800,Atalanta BC,2919,AC Monza,LOAN,loan transfer,TRANSFERMARKT_EXPANDED
2023/24,2023,OUT,73794,Duván Zapata,800,Atalanta BC,800,Atalanta BC,416,Torino FC,LOAN,loan transfer,TRANSFERMARKT_EXPANDED
2023/24,2023,OUT,392966,Nadir Zortea,800,Atalanta BC,800,Atalanta BC,8970,Frosinone Calcio,LOAN,loan transfer,TRANSFERMARKT_EXPANDED
2023/24,2023,OUT,650254,Jonathan Italeng,800,Atalanta BC,800,Atalanta BC,41110,Atalanta U23,PERMANENT_OR_OTHER_EXPLICIT,-,TRANSFERMARKT_EXPANDED
2023/24,2023,OUT,297648,Simone Muratore,800,Atalanta BC,800,Atalanta BC,,Retired,RETIREMENT,-,TRANSFERMARKT_EXPANDED
2023/24,2023,OUT,421766,Ludovico Gelmi,800,Atalanta BC,800,Atalanta BC,41110,Atalanta U23,PERMANENT_OR_OTHER_EXPLICIT,-,TRANSFERMARKT_EXPANDED
2023/24,2023,OUT,362981,Marco Varnier,800,Atalanta BC,800,Atalanta BC,41110,Atalanta U23,PERMANENT_OR_OTHER_EXPLICIT,-,TRANSFERMARKT_EXPANDED
2023/24,2023,OUT,536814,Daniele Solcia,800,Atalanta BC,800,Atalanta BC,41110,Atalanta U23,PERMANENT_OR_OTHER_EXPLICIT,-,TRANSFERMARKT_EXPANDED
2023/24,2023,OUT,552059,Lukas Vorlicky,800,Atalanta BC,800,Atalanta BC,41110,Atalanta U23,PERMANENT_OR_OTHER_EXPLICIT,-,TRANSFERMARKT_EXPANDED
2023/24,2023,OUT,432089,Emmanuel Gyabuaa,800,Atalanta BC,800,Atalanta BC,41110,Atalanta U23,PERMANENT_OR_OTHER_EXPLICIT,-,TRANSFERMARKT_EXPANDED
2023/24,2023,OUT,616638,Alassane Sidibe,800,Atalanta BC,800,Atalanta BC,41110,Atalanta U23,PERMANENT_OR_OTHER_EXPLICIT,-,TRANSFERMARKT_EXPANDED
2023/24,2023,OUT,301239,Christian Mora,800,Atalanta BC,800,Atalanta BC,41110,Atalanta U23,PERMANENT_OR_OTHER_EXPLICIT,-,TRANSFERMARKT_EXPANDED
2023/24,2023,OUT,421768,Alessandro Cortinovis,800,Atalanta BC,800,Atalanta BC,41110,Atalanta U23,PERMANENT_OR_OTHER_EXPLICIT,-,TRANSFERMARKT_EXPANDED
2023/24,2023,OUT,315856,Christian Capone,800,Atalanta BC,800,Atalanta BC,41110,Atalanta U23,PERMANENT_OR_OTHER_EXPLICIT,-,TRANSFERMARKT_EXPANDED
2023/24,2023,OUT,346560,Alessandro Mallamo,800,Atalanta BC,800,Atalanta BC,41110,Atalanta U23,PERMANENT_OR_OTHER_EXPLICIT,-,TRANSFERMARKT_EXPANDED
2023/24,2023,OUT,421769,Davide Ghislandi,800,Atalanta BC,800,Atalanta BC,41110,Atalanta U23,PERMANENT_OR_OTHER_EXPLICIT,-,TRANSFERMARKT_EXPANDED
2023/24,2023,OUT,988862,Moustapha Cissé,800,Atalanta BC,800,Atalanta BC,41110,Atalanta U23,PERMANENT_OR_OTHER_EXPLICIT,-,TRANSFERMARKT_EXPANDED
2023/24,2023,OUT,623851,Khadim Ndiaye,800,Atalanta BC,800,Atalanta BC,515,Without Club,FREE_AGENT_OR_END_OF_CONTRACT,-,TRANSFERMARKT_EXPANDED
2023/24,2023,OUT,203842,Viktor Kovalenko,800,Atalanta BC,800,Atalanta BC,749,FC Empoli,LOAN,loan transfer,TRANSFERMARKT_EXPANDED
2023/24,2023,IN,641537,Tommaso Baldanzi,12,AS Roma,749,FC Empoli,12,AS Roma,PERMANENT_OR_OTHER_EXPLICIT,€11.50m,TRANSFERMARKT_EXPANDED
2023/24,2023,IN,96341,Romelu Lukaku,12,AS Roma,631,Chelsea FC,12,AS Roma,LOAN,Loan fee: €5.80m,TRANSFERMARKT_EXPANDED
2023/24,2023,IN,166237,Leandro Paredes,12,AS Roma,583,Paris Saint-Germain,12,AS Roma,PERMANENT_OR_OTHER_EXPLICIT,€5.65m,TRANSFERMARKT_EXPANDED
2023/24,2023,IN,258027,Renato Sanches,12,AS Roma,583,Paris Saint-Germain,12,AS Roma,LOAN,Loan fee: €1.00m,TRANSFERMARKT_EXPANDED
2023/24,2023,IN,890290,Dean Huijsen,12,AS Roma,506,Juventus FC,12,AS Roma,LOAN,Loan fee: €650k,TRANSFERMARKT_EXPANDED
2023/24,2023,IN,371149,Evan Ndicka,12,AS Roma,24,Eintracht Frankfurt,12,AS Roma,FREE_TRANSFER,free transfer,TRANSFERMARKT_EXPANDED
2023/24,2023,IN,395693,Houssem Aouar,12,AS Roma,1041,Olympique Lyon,12,AS Roma,FREE_TRANSFER,free transfer,TRANSFERMARKT_EXPANDED
2023/24,2023,IN,180337,Sardar Azmoun,12,AS Roma,15,Bayer 04 Leverkusen,12,AS Roma,LOAN,loan transfer,TRANSFERMARKT_EXPANDED
2023/24,2023,IN,277179,Angeliño,12,AS Roma,23826,RB Leipzig,12,AS Roma,LOAN,loan transfer,TRANSFERMARKT_EXPANDED
2023/24,2023,IN,369684,Rasmus Nissen Kristensen,12,AS Roma,399,Leeds United,12,AS Roma,LOAN,loan transfer,TRANSFERMARKT_EXPANDED
2023/24,2023,IN,431811,Ola Solbakken,12,AS Roma,683,Olympiacos Piraeus,12,AS Roma,LOAN_RETURN_OR_END_OF_LOAN,End of loan 11/01/2024,TRANSFERMARKT_EXPANDED
2023/24,2023,IN,703227,Davide Mastrantonio,12,AS Roma,45894,Monterosi Tuscia FC,12,AS Roma,LOAN_RETURN_OR_END_OF_LOAN,End of loan 25/01/2024,TRANSFERMARKT_EXPANDED
2023/24,2023,IN,439072,Matías Viña,12,AS Roma,6574,US Sassuolo,12,AS Roma,LOAN_RETURN_OR_END_OF_LOAN,End of loan 24/01/2024,TRANSFERMARKT_EXPANDED
2023/24,2023,IN,475208,Bryan Reynolds,12,AS Roma,968,KVC Westerlo,12,AS Roma,LOAN_RETURN_OR_END_OF_LOAN,End of loan 30/06/2023,TRANSFERMARKT_EXPANDED
2023/24,2023,IN,647484,Ebrima Darboe,12,AS Roma,413,LASK,12,AS Roma,LOAN_RETURN_OR_END_OF_LOAN,End of loan 31/01/2024,TRANSFERMARKT_EXPANDED
2023/24,2023,IN,439072,Matías Viña,12,AS Roma,989,AFC Bournemouth,12,AS Roma,LOAN_RETURN_OR_END_OF_LOAN,End of loan 30/06/2023,TRANSFERMARKT_EXPANDED
2023/24,2023,IN,358166,Eldor Shomurodov,12,AS Roma,3522,Spezia Calcio,12,AS Roma,LOAN_RETURN_OR_END_OF_LOAN,End of loan 30/06/2023,TRANSFERMARKT_EXPANDED
2023/24,2023,IN,398163,Gonzalo Villar,12,AS Roma,3709,Getafe CF,12,AS Roma,LOAN_RETURN_OR_END_OF_LOAN,End of loan 30/06/2023,TRANSFERMARKT_EXPANDED
2023/24,2023,IN,330659,Justin Kluivert,12,AS Roma,1049,Valencia CF,12,AS Roma,LOAN_RETURN_OR_END_OF_LOAN,End of loan 30/06/2023,TRANSFERMARKT_EXPANDED
2023/24,2023,IN,536520,Ruben Providence,12,AS Roma,4467,TSV Hartberg,12,AS Roma,LOAN_RETURN_OR_END_OF_LOAN,End of loan 30/06/2023,TRANSFERMARKT_EXPANDED
2023/24,2023,IN,282810,Carles Pérez,12,AS Roma,940,Celta de Vigo,12,AS Roma,LOAN_RETURN_OR_END_OF_LOAN,End of loan 30/06/2023,TRANSFERMARKT_EXPANDED
2023/24,2023,OUT,524481,Roger Ibañez,12,AS Roma,12,AS Roma,18487,Al-Ahli SFC,PERMANENT_OR_OTHER_EXPLICIT,€28.50m,TRANSFERMARKT_EXPANDED
2023/24,2023,OUT,330659,Justin Kluivert,12,AS Roma,12,AS Roma,989,AFC Bournemouth,PERMANENT_OR_OTHER_EXPLICIT,€10.80m,TRANSFERMARKT_EXPANDED
2023/24,2023,OUT,439072,Matías Viña,12,AS Roma,12,AS Roma,614,CR Flamengo,PERMANENT_OR_OTHER_EXPLICIT,€8.10m,TRANSFERMARKT_EXPANDED
2023/24,2023,OUT,746891,Cristian Volpato,12,AS Roma,12,AS Roma,6574,US Sassuolo,PERMANENT_OR_OTHER_EXPLICIT,€7.50m,TRANSFERMARKT_EXPANDED
2023/24,2023,OUT,787907,Benjamin Tahirović,12,AS Roma,12,AS Roma,610,Ajax Amsterdam,PERMANENT_OR_OTHER_EXPLICIT,€7.50m,TRANSFERMARKT_EXPANDED
2023/24,2023,OUT,282810,Carles Pérez,12,AS Roma,12,AS Roma,940,Celta de Vigo,PERMANENT_OR_OTHER_EXPLICIT,€5.20m,TRANSFERMARKT_EXPANDED
2023/24,2023,OUT,475208,Bryan Reynolds,12,AS Roma,12,AS Roma,968,KVC Westerlo,PERMANENT_OR_OTHER_EXPLICIT,€3.33m,TRANSFERMARKT_EXPANDED
2023/24,2023,OUT,650993,Filippo Missori,12,AS Roma,12,AS Roma,6574,US Sassuolo,PERMANENT_OR_OTHER_EXPLICIT,€2.50m,TRANSFERMARKT_EXPANDED
2023/24,2023,OUT,74683,Nemanja Matić,12,AS Roma,12,AS Roma,273,Stade Rennais FC,PERMANENT_OR_OTHER_EXPLICIT,€2.50m,TRANSFERMARKT_EXPANDED
2023/24,2023,OUT,398163,Gonzalo Villar,12,AS Roma,12,AS Roma,16795,Granada CF,PERMANENT_OR_OTHER_EXPLICIT,€1.80m,TRANSFERMARKT_EXPANDED
2023/24,2023,OUT,431811,Ola Solbakken,12,AS Roma,12,AS Roma,683,Olympiacos Piraeus,LOAN,Loan fee: €1.50m,TRANSFERMARKT_EXPANDED
2023/24,2023,OUT,358166,Eldor Shomurodov,12,AS Roma,12,AS Roma,1390,Cagliari Calcio,LOAN,Loan fee: €1.00m,TRANSFERMARKT_EXPANDED
2023/24,2023,OUT,167727,Andrea Belotti,12,AS Roma,12,AS Roma,430,ACF Fiorentina,LOAN,Loan fee: €750k,TRANSFERMARKT_EXPANDED
2023/24,2023,OUT,536520,Ruben Providence,12,AS Roma,12,AS Roma,4467,TSV Hartberg,PERMANENT_OR_OTHER_EXPLICIT,€500k,TRANSFERMARKT_EXPANDED
2023/24,2023,OUT,703227,Davide Mastrantonio,12,AS Roma,12,AS Roma,45894,Monterosi Tuscia FC,LOAN,loan transfer,TRANSFERMARKT_EXPANDED
2023/24,2023,OUT,647484,Ebrima Darboe,12,AS Roma,12,AS Roma,1038,UC Sampdoria,LOAN,loan transfer,TRANSFERMARKT_EXPANDED
2023/24,2023,OUT,371371,Marash Kumbulla,12,AS Roma,12,AS Roma,6574,US Sassuolo,LOAN,loan transfer,TRANSFERMARKT_EXPANDED
2023/24,2023,OUT,439072,Matías Viña,12,AS Roma,12,AS Roma,6574,US Sassuolo,LOAN,loan transfer,TRANSFERMARKT_EXPANDED
2023/24,2023,OUT,703227,Davide Mastrantonio,12,AS Roma,12,AS Roma,26789,FC Pro Vercelli 1892,LOAN,loan transfer,TRANSFERMARKT_EXPANDED
2023/24,2023,OUT,647484,Ebrima Darboe,12,AS Roma,12,AS Roma,413,LASK,LOAN,loan transfer,TRANSFERMARKT_EXPANDED
2023/24,2023,OUT,431811,Ola Solbakken,12,AS Roma,12,AS Roma,828,Urawa Red Diamonds,LOAN,loan transfer,TRANSFERMARKT_EXPANDED
2023/24,2023,OUT,427197,William Bianda,12,AS Roma,12,AS Roma,515,Without Club,FREE_AGENT_OR_END_OF_CONTRACT,-,TRANSFERMARKT_EXPANDED
2023/24,2023,OUT,96630,Ante Coric,12,AS Roma,12,AS Roma,515,Without Club,FREE_AGENT_OR_END_OF_CONTRACT,-,TRANSFERMARKT_EXPANDED
2023/24,2023,OUT,481173,Mady Camara,12,AS Roma,12,AS Roma,683,Olympiacos Piraeus,LOAN_RETURN_OR_END_OF_LOAN,End of loan 30/06/2023,TRANSFERMARKT_EXPANDED
2023/24,2023,OUT,49499,Georginio Wijnaldum,12,AS Roma,12,AS Roma,583,Paris Saint-Germain,LOAN_RETURN_OR_END_OF_LOAN,End of loan 30/06/2023,TRANSFERMARKT_EXPANDED
2023/24,2023,IN,265088,Manuel Locatelli,506,Juventus FC,6574,US Sassuolo,506,Juventus FC,PERMANENT_OR_OTHER_EXPLICIT,€36.40m,TRANSFERMARKT_EXPANDED
2023/24,2023,IN,364135,Moise Kean,506,Juventus FC,29,Everton FC,506,Juventus FC,PERMANENT_OR_OTHER_EXPLICIT,€30.00m,TRANSFERMARKT_EXPANDED
2023/24,2023,IN,370846,Timothy Weah,506,Juventus FC,1082,LOSC Lille,506,Juventus FC,PERMANENT_OR_OTHER_EXPLICIT,€12.50m,TRANSFERMARKT_EXPANDED
2023/24,2023,IN,191891,Arkadiusz Milik,506,Juventus FC,244,Olympique Marseille,506,Juventus FC,PERMANENT_OR_OTHER_EXPLICIT,€7.30m,TRANSFERMARKT_EXPANDED
2023/24,2023,IN,420465,Tiago Djaló,506,Juventus FC,1082,LOSC Lille,506,Juventus FC,PERMANENT_OR_OTHER_EXPLICIT,€5.10m,TRANSFERMARKT_EXPANDED
2023/24,2023,IN,748319,Carlos Alcaraz,506,Juventus FC,180,Southampton FC,506,Juventus FC,LOAN,Loan fee: €3.90m,TRANSFERMARKT_EXPANDED
2023/24,2023,IN,825199,Facundo González,506,Juventus FC,6182,Valencia Mestalla,506,Juventus FC,PERMANENT_OR_OTHER_EXPLICIT,€1.75m,TRANSFERMARKT_EXPANDED
2023/24,2023,IN,890290,Dean Huijsen,506,Juventus FC,41101,Juventus Next Gen,506,Juventus FC,PERMANENT_OR_OTHER_EXPLICIT,-,TRANSFERMARKT_EXPANDED
2023/24,2023,IN,845654,Kenan Yıldız,506,Juventus FC,41101,Juventus Next Gen,506,Juventus FC,PERMANENT_OR_OTHER_EXPLICIT,-,TRANSFERMARKT_EXPANDED
2023/24,2023,IN,430280,Hans Nicolussi Caviglia,506,Juventus FC,41101,Juventus Next Gen,506,Juventus FC,PERMANENT_OR_OTHER_EXPLICIT,-,TRANSFERMARKT_EXPANDED
2023/24,2023,IN,386755,Gianluca Frabotta,506,Juventus FC,332,SSC Bari,506,Juventus FC,LOAN_RETURN_OR_END_OF_LOAN,End of loan 10/01/2024,TRANSFERMARKT_EXPANDED
2023/24,2023,IN,489611,Filippo Ranocchia,506,Juventus FC,749,FC Empoli,506,Juventus FC,LOAN_RETURN_OR_END_OF_LOAN,End of loan 17/01/2024,TRANSFERMARKT_EXPANDED
2023/24,2023,IN,525704,Nicolò Rovella,506,Juventus FC,2919,AC Monza,506,Juventus FC,LOAN_RETURN_OR_END_OF_LOAN,End of loan 30/06/2023,TRANSFERMARKT_EXPANDED
2023/24,2023,IN,431755,Dejan Kulusevski,506,Juventus FC,148,Tottenham Hotspur,506,Juventus FC,LOAN_RETURN_OR_END_OF_LOAN,End of loan 30/06/2023,TRANSFERMARKT_EXPANDED
2023/24,2023,IN,386755,Gianluca Frabotta,506,Juventus FC,1005,US Lecce,506,Juventus FC,LOAN_RETURN_OR_END_OF_LOAN,End of loan 30/06/2023,TRANSFERMARKT_EXPANDED
2023/24,2023,IN,490384,Koni De Winter,506,Juventus FC,749,FC Empoli,506,Juventus FC,LOAN_RETURN_OR_END_OF_LOAN,End of loan 30/06/2023,TRANSFERMARKT_EXPANDED
2023/24,2023,IN,244491,Stefano Gori,506,Juventus FC,839,AC Perugia Calcio,506,Juventus FC,LOAN_RETURN_OR_END_OF_LOAN,End of loan 30/06/2023,TRANSFERMARKT_EXPANDED
2023/24,2023,IN,568559,Radu Drăgușin,506,Juventus FC,252,Genoa CFC,506,Juventus FC,LOAN_RETURN_OR_END_OF_LOAN,End of loan 30/06/2023,TRANSFERMARKT_EXPANDED
2023/24,2023,IN,459658,Andrea Cambiaso,506,Juventus FC,1025,Bologna FC 1909,506,Juventus FC,LOAN_RETURN_OR_END_OF_LOAN,End of loan 30/06/2023,TRANSFERMARKT_EXPANDED
2023/24,2023,IN,489611,Filippo Ranocchia,506,Juventus FC,2919,AC Monza,506,Juventus FC,LOAN_RETURN_OR_END_OF_LOAN,End of loan 30/06/2023,TRANSFERMARKT_EXPANDED
2023/24,2023,IN,682032,Marley Aké,506,Juventus FC,410,Udinese Calcio,506,Juventus FC,LOAN_RETURN_OR_END_OF_LOAN,End of loan 17/01/2024,TRANSFERMARKT_EXPANDED
2023/24,2023,IN,205940,Marko Pjaca,506,Juventus FC,749,FC Empoli,506,Juventus FC,LOAN_RETURN_OR_END_OF_LOAN,End of loan 30/06/2023,TRANSFERMARKT_EXPANDED
2023/24,2023,IN,362842,Arthur Melo,506,Juventus FC,31,Liverpool FC,506,Juventus FC,LOAN_RETURN_OR_END_OF_LOAN,End of loan 30/06/2023,TRANSFERMARKT_EXPANDED
2023/24,2023,IN,334526,Denis Zakaria,506,Juventus FC,631,Chelsea FC,506,Juventus FC,LOAN_RETURN_OR_END_OF_LOAN,End of loan 30/06/2023,TRANSFERMARKT_EXPANDED
2023/24,2023,IN,332697,Weston McKennie,506,Juventus FC,399,Leeds United,506,Juventus FC,LOAN_RETURN_OR_END_OF_LOAN,End of loan 30/06/2023,TRANSFERMARKT_EXPANDED
2023/24,2023,IN,346567,Luca Pellegrini,506,Juventus FC,398,SS Lazio,506,Juventus FC,LOAN_RETURN_OR_END_OF_LOAN,End of loan 30/06/2023,TRANSFERMARKT_EXPANDED
2023/24,2023,IN,682032,Marley Aké,506,Juventus FC,2969,Dijon FCO,506,Juventus FC,LOAN_RETURN_OR_END_OF_LOAN,End of loan 30/06/2023,TRANSFERMARKT_EXPANDED
2023/24,2023,OUT,431755,Dejan Kulusevski,506,Juventus FC,506,Juventus FC,148,Tottenham Hotspur,PERMANENT_OR_OTHER_EXPLICIT,€30.00m,TRANSFERMARKT_EXPANDED
2023/24,2023,OUT,334526,Denis Zakaria,506,Juventus FC,506,Juventus FC,162,AS Monaco,PERMANENT_OR_OTHER_EXPLICIT,€20.00m,TRANSFERMARKT_EXPANDED
2023/24,2023,OUT,568559,Radu Drăgușin,506,Juventus FC,506,Juventus FC,252,Genoa CFC,PERMANENT_OR_OTHER_EXPLICIT,€9.70m,TRANSFERMARKT_EXPANDED
2023/24,2023,OUT,489611,Filippo Ranocchia,506,Juventus FC,506,Juventus FC,458,Palermo FC,PERMANENT_OR_OTHER_EXPLICIT,€3.88m,TRANSFERMARKT_EXPANDED
2023/24,2023,OUT,362842,Arthur Melo,506,Juventus FC,506,Juventus FC,430,ACF Fiorentina,LOAN,Loan fee: €2.00m,TRANSFERMARKT_EXPANDED
2023/24,2023,OUT,890290,Dean Huijsen,506,Juventus FC,506,Juventus FC,12,AS Roma,LOAN,Loan fee: €650k,TRANSFERMARKT_EXPANDED
2023/24,2023,OUT,489611,Filippo Ranocchia,506,Juventus FC,506,Juventus FC,749,FC Empoli,LOAN,Loan fee: €500k,TRANSFERMARKT_EXPANDED
2023/24,2023,OUT,205940,Marko Pjaca,506,Juventus FC,506,Juventus FC,144,HNK Rijeka,FREE_TRANSFER,free transfer,TRANSFERMARKT_EXPANDED
2023/24,2023,OUT,503638,Mohamed Ihattaren,506,Juventus FC,506,Juventus FC,152,Samsunspor,FREE_TRANSFER,free transfer,TRANSFERMARKT_EXPANDED
2023/24,2023,OUT,45320,Ángel Di María,506,Juventus FC,506,Juventus FC,294,SL Benfica,FREE_TRANSFER,free transfer,TRANSFERMARKT_EXPANDED
2023/24,2023,OUT,91970,Juan Cuadrado,506,Juventus FC,506,Juventus FC,46,Inter Milan,FREE_TRANSFER,free transfer,TRANSFERMARKT_EXPANDED
2023/24,2023,OUT,39983,Leonardo Bonucci,506,Juventus FC,506,Juventus FC,89,1.FC Union Berlin,FREE_TRANSFER,free transfer,TRANSFERMARKT_EXPANDED
2023/24,2023,OUT,346567,Luca Pellegrini,506,Juventus FC,506,Juventus FC,398,SS Lazio,LOAN,loan transfer,TRANSFERMARKT_EXPANDED
2023/24,2023,OUT,490384,Koni De Winter,506,Juventus FC,506,Juventus FC,252,Genoa CFC,LOAN,loan transfer,TRANSFERMARKT_EXPANDED
2023/24,2023,OUT,525704,Nicolò Rovella,506,Juventus FC,506,Juventus FC,398,SS Lazio,LOAN,loan transfer,TRANSFERMARKT_EXPANDED
2023/24,2023,OUT,682032,Marley Aké,506,Juventus FC,506,Juventus FC,322,Yverdon Sport FC,LOAN,loan transfer,TRANSFERMARKT_EXPANDED
2023/24,2023,OUT,668951,Matías Soulé,506,Juventus FC,506,Juventus FC,8970,Frosinone Calcio,LOAN,loan transfer,TRANSFERMARKT_EXPANDED
2023/24,2023,OUT,386755,Gianluca Frabotta,506,Juventus FC,506,Juventus FC,4031,Cosenza Calcio,LOAN,loan transfer,TRANSFERMARKT_EXPANDED
2023/24,2023,OUT,620477,Kaio Jorge,506,Juventus FC,506,Juventus FC,8970,Frosinone Calcio,LOAN,loan transfer,TRANSFERMARKT_EXPANDED
2023/24,2023,OUT,386755,Gianluca Frabotta,506,Juventus FC,506,Juventus FC,332,SSC Bari,LOAN,loan transfer,TRANSFERMARKT_EXPANDED
2023/24,2023,OUT,244491,Stefano Gori,506,Juventus FC,506,Juventus FC,2919,AC Monza,LOAN,loan transfer,TRANSFERMARKT_EXPANDED
2023/24,2023,OUT,682032,Marley Aké,506,Juventus FC,506,Juventus FC,410,Udinese Calcio,LOAN,loan transfer,TRANSFERMARKT_EXPANDED
2023/24,2023,OUT,671915,Enzo Barrenechea,506,Juventus FC,506,Juventus FC,8970,Frosinone Calcio,LOAN,loan transfer,TRANSFERMARKT_EXPANDED
2023/24,2023,OUT,825199,Facundo González,506,Juventus FC,506,Juventus FC,1038,UC Sampdoria,LOAN,loan transfer,TRANSFERMARKT_EXPANDED
2023/24,2023,OUT,364135,Moise Kean,506,Juventus FC,506,Juventus FC,29,Everton FC,LOAN_RETURN_OR_END_OF_LOAN,End of loan 30/06/2023,TRANSFERMARKT_EXPANDED
2023/24,2023,OUT,191891,Arkadiusz Milik,506,Juventus FC,506,Juventus FC,244,Olympique Marseille,LOAN_RETURN_OR_END_OF_LOAN,End of loan 30/06/2023,TRANSFERMARKT_EXPANDED
2023/24,2023,OUT,166237,Leandro Paredes,506,Juventus FC,506,Juventus FC,583,Paris Saint-Germain,LOAN_RETURN_OR_END_OF_LOAN,End of loan 30/06/2023,TRANSFERMARKT_EXPANDED
2023/24,2023,OUT,265088,Manuel Locatelli,506,Juventus FC,506,Juventus FC,6574,US Sassuolo,LOAN_RETURN_OR_END_OF_LOAN,End of loan 30/06/2023,TRANSFERMARKT_EXPANDED
2023/24,2023,IN,628366,Lucas Beltrán,430,ACF Fiorentina,209,CA River Plate,430,ACF Fiorentina,PERMANENT_OR_OTHER_EXPLICIT,€19.70m,TRANSFERMARKT_EXPANDED
2023/24,2023,IN,354814,M'Bala Nzola,430,ACF Fiorentina,3522,Spezia Calcio,430,ACF Fiorentina,PERMANENT_OR_OTHER_EXPLICIT,€12.60m,TRANSFERMARKT_EXPANDED
2023/24,2023,IN,547985,Fabiano Parisi,430,ACF Fiorentina,749,FC Empoli,430,ACF Fiorentina,PERMANENT_OR_OTHER_EXPLICIT,€10.00m,TRANSFERMARKT_EXPANDED
2023/24,2023,IN,471936,Oliver Christensen,430,ACF Fiorentina,44,Hertha BSC,430,ACF Fiorentina,PERMANENT_OR_OTHER_EXPLICIT,€3.80m,TRANSFERMARKT_EXPANDED
2023/24,2023,IN,831162,Gino Infantino,430,ACF Fiorentina,1418,CA Rosario Central,430,ACF Fiorentina,PERMANENT_OR_OTHER_EXPLICIT,€3.00m,TRANSFERMARKT_EXPANDED
2023/24,2023,IN,362842,Arthur Melo,430,ACF Fiorentina,506,Juventus FC,430,ACF Fiorentina,LOAN,Loan fee: €2.00m,TRANSFERMARKT_EXPANDED
2023/24,2023,IN,290862,Maxime Lopez,430,ACF Fiorentina,6574,US Sassuolo,430,ACF Fiorentina,LOAN,Loan fee: €1.00m,TRANSFERMARKT_EXPANDED
2023/24,2023,IN,167727,Andrea Belotti,430,ACF Fiorentina,12,AS Roma,430,ACF Fiorentina,LOAN,Loan fee: €750k,TRANSFERMARKT_EXPANDED
2023/24,2023,IN,289446,Yerry Mina,430,ACF Fiorentina,29,Everton FC,430,ACF Fiorentina,FREE_TRANSFER,free transfer,TRANSFERMARKT_EXPANDED
2023/24,2023,IN,73926,Davide Faraoni,430,ACF Fiorentina,276,Hellas Verona,430,ACF Fiorentina,LOAN,loan transfer,TRANSFERMARKT_EXPANDED
2023/24,2023,IN,934159,Tommaso Martinelli,430,ACF Fiorentina,8505,Fiorentina Primavera,430,ACF Fiorentina,PERMANENT_OR_OTHER_EXPLICIT,-,TRANSFERMARKT_EXPANDED
2023/24,2023,IN,669915,Filippo Distefano,430,ACF Fiorentina,8505,Fiorentina Primavera,430,ACF Fiorentina,PERMANENT_OR_OTHER_EXPLICIT,-,TRANSFERMARKT_EXPANDED
2023/24,2023,IN,746712,Pietro Comuzzo,430,ACF Fiorentina,8505,Fiorentina Primavera,430,ACF Fiorentina,PERMANENT_OR_OTHER_EXPLICIT,-,TRANSFERMARKT_EXPANDED
2023/24,2023,IN,820635,Costantino Favasuli,430,ACF Fiorentina,8505,Fiorentina Primavera,430,ACF Fiorentina,PERMANENT_OR_OTHER_EXPLICIT,-,TRANSFERMARKT_EXPANDED
2023/24,2023,IN,658612,Dimo Krastev,430,ACF Fiorentina,8505,Fiorentina Primavera,430,ACF Fiorentina,PERMANENT_OR_OTHER_EXPLICIT,-,TRANSFERMARKT_EXPANDED
2023/24,2023,IN,567454,Lorenzo Lucchesi,430,ACF Fiorentina,8505,Fiorentina Primavera,430,ACF Fiorentina,PERMANENT_OR_OTHER_EXPLICIT,-,TRANSFERMARKT_EXPANDED
2023/24,2023,IN,707450,Lorenzo Amatucci,430,ACF Fiorentina,8505,Fiorentina Primavera,430,ACF Fiorentina,PERMANENT_OR_OTHER_EXPLICIT,-,TRANSFERMARKT_EXPANDED
2023/24,2023,IN,823486,Michael Kayode,430,ACF Fiorentina,8505,Fiorentina Primavera,430,ACF Fiorentina,PERMANENT_OR_OTHER_EXPLICIT,-,TRANSFERMARKT_EXPANDED
2023/24,2023,IN,499830,Samuele Spalluto,430,ACF Fiorentina,6692,Novara FC,430,ACF Fiorentina,LOAN_RETURN_OR_END_OF_LOAN,End of loan 30/06/2023,TRANSFERMARKT_EXPANDED
2023/24,2023,IN,432758,Toni Fruk,430,ACF Fiorentina,24575,HNK Gorica,430,ACF Fiorentina,LOAN_RETURN_OR_END_OF_LOAN,End of loan 30/06/2023,TRANSFERMARKT_EXPANDED
2023/24,2023,IN,324377,Youssef Maleh,430,ACF Fiorentina,1005,US Lecce,430,ACF Fiorentina,LOAN_RETURN_OR_END_OF_LOAN,End of loan 30/06/2023,TRANSFERMARKT_EXPANDED
2023/24,2023,IN,392033,Gabriele Ferrarini,430,ACF Fiorentina,2919,AC Monza,430,ACF Fiorentina,LOAN_RETURN_OR_END_OF_LOAN,End of loan 30/06/2023,TRANSFERMARKT_EXPANDED
2023/24,2023,IN,89086,Aleksandr Kokorin,430,ACF Fiorentina,10586,Aris Limassol,430,ACF Fiorentina,LOAN_RETURN_OR_END_OF_LOAN,End of loan 30/06/2023,TRANSFERMARKT_EXPANDED
2023/24,2023,IN,315859,Gabriele Gori,430,ACF Fiorentina,1386,LFA Reggio Calabria,430,ACF Fiorentina,LOAN_RETURN_OR_END_OF_LOAN,End of loan 30/06/2023,TRANSFERMARKT_EXPANDED
2023/24,2023,IN,283233,Jacob Rasmussen,430,ACF Fiorentina,234,Feyenoord Rotterdam,430,ACF Fiorentina,LOAN_RETURN_OR_END_OF_LOAN,End of loan 30/06/2023,TRANSFERMARKT_EXPANDED
2023/24,2023,IN,534084,Niccolò Pierozzi,430,ACF Fiorentina,1386,LFA Reggio Calabria,430,ACF Fiorentina,LOAN_RETURN_OR_END_OF_LOAN,End of loan 30/06/2023,TRANSFERMARKT_EXPANDED
2023/24,2023,IN,566927,Giovanni Corradini,430,ACF Fiorentina,26789,FC Pro Vercelli 1892,430,ACF Fiorentina,LOAN_RETURN_OR_END_OF_LOAN,End of loan 30/06/2023,TRANSFERMARKT_EXPANDED
2023/24,2023,IN,610383,Filippo Frison,430,ACF Fiorentina,4163,US Fiorenzuola 1922,430,ACF Fiorentina,LOAN_RETURN_OR_END_OF_LOAN,End of loan 30/06/2023,TRANSFERMARKT_EXPANDED
2023/24,2023,IN,487829,Christian Dalle Mura,430,ACF Fiorentina,2722,SPAL,430,ACF Fiorentina,LOAN_RETURN_OR_END_OF_LOAN,End of loan 30/06/2023,TRANSFERMARKT_EXPANDED
2023/24,2023,IN,459704,Mattia Fiorini,430,ACF Fiorentina,4163,US Fiorenzuola 1922,430,ACF Fiorentina,LOAN_RETURN_OR_END_OF_LOAN,End of loan 30/06/2023,TRANSFERMARKT_EXPANDED
2023/24,2023,IN,459704,Mattia Fiorini,430,ACF Fiorentina,704,Calcio Foggia 1920,430,ACF Fiorentina,LOAN_RETURN_OR_END_OF_LOAN,End of loan 31/01/2024,TRANSFERMARKT_EXPANDED
2023/24,2023,IN,387234,Szymon Żurkowski,430,ACF Fiorentina,3522,Spezia Calcio,430,ACF Fiorentina,LOAN_RETURN_OR_END_OF_LOAN,End of loan 30/06/2023,TRANSFERMARKT_EXPANDED
2023/24,2023,IN,534083,Edoardo Pierozzi,430,ACF Fiorentina,1047,Como 1907,430,ACF Fiorentina,LOAN_RETURN_OR_END_OF_LOAN,End of loan 30/06/2023,TRANSFERMARKT_EXPANDED
2023/24,2023,IN,704176,Destiny Egharevba,430,ACF Fiorentina,4163,US Fiorenzuola 1922,430,ACF Fiorentina,LOAN_RETURN_OR_END_OF_LOAN,End of loan 30/06/2023,TRANSFERMARKT_EXPANDED
2023/24,2023,IN,201040,Marco Benassi,430,ACF Fiorentina,2239,US Cremonese,430,ACF Fiorentina,LOAN_RETURN_OR_END_OF_LOAN,End of loan 30/06/2023,TRANSFERMARKT_EXPANDED
2023/24,2023,IN,561150,Vittorio Agostinelli,430,ACF Fiorentina,4031,Cosenza Calcio,430,ACF Fiorentina,LOAN_RETURN_OR_END_OF_LOAN,End of loan 30/06/2023,TRANSFERMARKT_EXPANDED
2023/24,2023,IN,340394,Abdelhamid Sabiri,430,ACF Fiorentina,1038,UC Sampdoria,430,ACF Fiorentina,LOAN_RETURN_OR_END_OF_LOAN,End of loan 30/06/2023,TRANSFERMARKT_EXPANDED
2023/24,2023,IN,658612,Dimo Krastev,430,ACF Fiorentina,4097,US Catanzaro,430,ACF Fiorentina,LOAN_RETURN_OR_END_OF_LOAN,End of loan 23/01/2024,TRANSFERMARKT_EXPANDED
2023/24,2023,IN,561150,Vittorio Agostinelli,430,ACF Fiorentina,5514,Calcio Lecco 1912,430,ACF Fiorentina,LOAN_RETURN_OR_END_OF_LOAN,End of loan 23/01/2024,TRANSFERMARKT_EXPANDED
2023/24,2023,IN,459707,Eduard Duțu,430,ACF Fiorentina,4326,AS Gubbio 1910,430,ACF Fiorentina,LOAN_RETURN_OR_END_OF_LOAN,End of loan 30/06/2023,TRANSFERMARKT_EXPANDED
2023/24,2023,IN,650996,Bruno Prati,430,ACF Fiorentina,22249,Audace Cerignola,430,ACF Fiorentina,LOAN_RETURN_OR_END_OF_LOAN,End of loan 01/01/2024,TRANSFERMARKT_EXPANDED
2023/24,2023,IN,459707,Eduard Duțu,430,ACF Fiorentina,1388,Ancona Calcio,430,ACF Fiorentina,LOAN_RETURN_OR_END_OF_LOAN,End of loan 03/01/2024,TRANSFERMARKT_EXPANDED
2023/24,2023,IN,724418,Eljon Toci,430,ACF Fiorentina,26883,USD Sestri Levante 1919,430,ACF Fiorentina,LOAN_RETURN_OR_END_OF_LOAN,End of loan 11/01/2024,TRANSFERMARKT_EXPANDED
2023/24,2023,OUT,390638,Arthur Cabral,430,ACF Fiorentina,430,ACF Fiorentina,294,SL Benfica,PERMANENT_OR_OTHER_EXPLICIT,€21.00m,TRANSFERMARKT_EXPANDED
2023/24,2023,OUT,380350,Igor Julio,430,ACF Fiorentina,430,ACF Fiorentina,1237,Brighton & Hove Albion,PERMANENT_OR_OTHER_EXPLICIT,€16.50m,TRANSFERMARKT_EXPANDED
2023/24,2023,OUT,287579,Sofyan Amrabat,430,ACF Fiorentina,430,ACF Fiorentina,985,Manchester United,LOAN,Loan fee: €10.00m,TRANSFERMARKT_EXPANDED
2023/24,2023,OUT,404260,Aleksa Terzić,430,ACF Fiorentina,430,ACF Fiorentina,409,Red Bull Salzburg,PERMANENT_OR_OTHER_EXPLICIT,€5.65m,TRANSFERMARKT_EXPANDED
2023/24,2023,OUT,324377,Youssef Maleh,430,ACF Fiorentina,430,ACF Fiorentina,1005,US Lecce,PERMANENT_OR_OTHER_EXPLICIT,€5.00m,TRANSFERMARKT_EXPANDED
2023/24,2023,OUT,432758,Toni Fruk,430,ACF Fiorentina,430,ACF Fiorentina,144,HNK Rijeka,PERMANENT_OR_OTHER_EXPLICIT,€4.00m,TRANSFERMARKT_EXPANDED
2023/24,2023,OUT,387234,Szymon Żurkowski,430,ACF Fiorentina,430,ACF Fiorentina,3522,Spezia Calcio,PERMANENT_OR_OTHER_EXPLICIT,€3.38m,TRANSFERMARKT_EXPANDED
2023/24,2023,OUT,283233,Jacob Rasmussen,430,ACF Fiorentina,430,ACF Fiorentina,206,Bröndby IF,PERMANENT_OR_OTHER_EXPLICIT,€1.30m,TRANSFERMARKT_EXPANDED
2023/24,2023,OUT,257462,Luka Jović,430,ACF Fiorentina,430,ACF Fiorentina,5,AC Milan,PERMANENT_OR_OTHER_EXPLICIT,€500k,TRANSFERMARKT_EXPANDED
2023/24,2023,OUT,289446,Yerry Mina,430,ACF Fiorentina,430,ACF Fiorentina,1390,Cagliari Calcio,PERMANENT_OR_OTHER_EXPLICIT,€500k,TRANSFERMARKT_EXPANDED
2023/24,2023,OUT,499830,Samuele Spalluto,430,ACF Fiorentina,430,ACF Fiorentina,33734,SS Monopoli 1966,PERMANENT_OR_OTHER_EXPLICIT,€250k,TRANSFERMARKT_EXPANDED
2023/24,2023,OUT,293169,Josip Brekalo,430,ACF Fiorentina,430,ACF Fiorentina,447,HNK Hajduk Split,LOAN,Loan fee: €100k,TRANSFERMARKT_EXPANDED
2023/24,2023,OUT,340394,Abdelhamid Sabiri,430,ACF Fiorentina,430,ACF Fiorentina,50531,Al-Fayha FC,LOAN,Loan fee: €100k,TRANSFERMARKT_EXPANDED
2023/24,2023,OUT,370701,Michele Cerofolini,430,ACF Fiorentina,430,ACF Fiorentina,8970,Frosinone Calcio,FREE_TRANSFER,free transfer,TRANSFERMARKT_EXPANDED
2023/24,2023,OUT,88909,Riccardo Saponara,430,ACF Fiorentina,430,ACF Fiorentina,276,Hellas Verona,FREE_TRANSFER,free transfer,TRANSFERMARKT_EXPANDED
2023/24,2023,OUT,315859,Gabriele Gori,430,ACF Fiorentina,430,ACF Fiorentina,2331,US Avellino 1912,FREE_TRANSFER,free transfer,TRANSFERMARKT_EXPANDED
2023/24,2023,OUT,566927,Giovanni Corradini,430,ACF Fiorentina,430,ACF Fiorentina,3522,Spezia Calcio,FREE_TRANSFER,free transfer,TRANSFERMARKT_EXPANDED
2023/24,2023,OUT,240219,Lorenzo Venuti,430,ACF Fiorentina,430,ACF Fiorentina,1005,US Lecce,FREE_TRANSFER,free transfer,TRANSFERMARKT_EXPANDED
2023/24,2023,OUT,602124,Alessandro Bianco,430,ACF Fiorentina,430,ACF Fiorentina,5621,AC Reggiana 1919,LOAN,loan transfer,TRANSFERMARKT_EXPANDED
2023/24,2023,OUT,459704,Mattia Fiorini,430,ACF Fiorentina,430,ACF Fiorentina,27624,US Recanatese,LOAN,loan transfer,TRANSFERMARKT_EXPANDED
2023/24,2023,OUT,561150,Vittorio Agostinelli,430,ACF Fiorentina,430,ACF Fiorentina,49939,Virtus Francavilla Calcio,LOAN,loan transfer,TRANSFERMARKT_EXPANDED
2023/24,2023,OUT,669915,Filippo Distefano,430,ACF Fiorentina,430,ACF Fiorentina,1103,Ternana Calcio,LOAN,loan transfer,TRANSFERMARKT_EXPANDED
2023/24,2023,OUT,820635,Costantino Favasuli,430,ACF Fiorentina,430,ACF Fiorentina,1103,Ternana Calcio,LOAN,loan transfer,TRANSFERMARKT_EXPANDED
2023/24,2023,OUT,89086,Aleksandr Kokorin,430,ACF Fiorentina,430,ACF Fiorentina,10586,Aris Limassol,LOAN,loan transfer,TRANSFERMARKT_EXPANDED
2023/24,2023,OUT,534083,Edoardo Pierozzi,430,ACF Fiorentina,430,ACF Fiorentina,1429,Cesena FC,LOAN,loan transfer,TRANSFERMARKT_EXPANDED
2023/24,2023,OUT,392033,Gabriele Ferrarini,430,ACF Fiorentina,430,ACF Fiorentina,9439,Feralpisalò,LOAN,loan transfer,TRANSFERMARKT_EXPANDED
2023/24,2023,OUT,561150,Vittorio Agostinelli,430,ACF Fiorentina,430,ACF Fiorentina,5514,Calcio Lecco 1912,LOAN,loan transfer,TRANSFERMARKT_EXPANDED
2023/24,2023,OUT,459707,Eduard Duțu,430,ACF Fiorentina,430,ACF Fiorentina,1388,Ancona Calcio,LOAN,loan transfer,TRANSFERMARKT_EXPANDED
2023/24,2023,OUT,707450,Lorenzo Amatucci,430,ACF Fiorentina,430,ACF Fiorentina,1103,Ternana Calcio,LOAN,loan transfer,TRANSFERMARKT_EXPANDED
2023/24,2023,OUT,487829,Christian Dalle Mura,430,ACF Fiorentina,430,ACF Fiorentina,1103,Ternana Calcio,LOAN,loan transfer,TRANSFERMARKT_EXPANDED
2023/24,2023,OUT,658612,Dimo Krastev,430,ACF Fiorentina,430,ACF Fiorentina,4097,US Catanzaro,LOAN,loan transfer,TRANSFERMARKT_EXPANDED
2023/24,2023,OUT,567454,Lorenzo Lucchesi,430,ACF Fiorentina,430,ACF Fiorentina,1103,Ternana Calcio,LOAN,loan transfer,TRANSFERMARKT_EXPANDED
2023/24,2023,OUT,658612,Dimo Krastev,430,ACF Fiorentina,430,ACF Fiorentina,9439,Feralpisalò,LOAN,loan transfer,TRANSFERMARKT_EXPANDED
2023/24,2023,OUT,650996,Bruno Prati,430,ACF Fiorentina,430,ACF Fiorentina,4333,US Grosseto 1912,LOAN,loan transfer,TRANSFERMARKT_EXPANDED
2023/24,2023,OUT,459707,Eduard Duțu,430,ACF Fiorentina,430,ACF Fiorentina,49939,Virtus Francavilla Calcio,LOAN,loan transfer,TRANSFERMARKT_EXPANDED
2023/24,2023,OUT,534084,Niccolò Pierozzi,430,ACF Fiorentina,430,ACF Fiorentina,380,US Salernitana 1919,LOAN,loan transfer,TRANSFERMARKT_EXPANDED
2023/24,2023,OUT,724418,Eljon Toci,430,ACF Fiorentina,430,ACF Fiorentina,2254,Pro Sesto 1913,LOAN,loan transfer,TRANSFERMARKT_EXPANDED
2023/24,2023,OUT,201040,Marco Benassi,430,ACF Fiorentina,430,ACF Fiorentina,,Retired,RETIREMENT,-,TRANSFERMARKT_EXPANDED
2023/24,2023,OUT,610383,Filippo Frison,430,ACF Fiorentina,430,ACF Fiorentina,515,Without Club,FREE_AGENT_OR_END_OF_CONTRACT,-,TRANSFERMARKT_EXPANDED
2023/24,2023,OUT,25508,Salvatore Sirigu,430,ACF Fiorentina,430,ACF Fiorentina,515,Without Club,FREE_AGENT_OR_END_OF_CONTRACT,-,TRANSFERMARKT_EXPANDED
2023/24,2023,OUT,459704,Mattia Fiorini,430,ACF Fiorentina,430,ACF Fiorentina,704,Calcio Foggia 1920,LOAN,loan transfer,TRANSFERMARKT_EXPANDED
2023/24,2023,OUT,704176,Destiny Egharevba,430,ACF Fiorentina,430,ACF Fiorentina,27624,US Recanatese,LOAN,loan transfer,TRANSFERMARKT_EXPANDED
2023/24,2023,IN,502821,Riccardo Calafiori,1025,Bologna FC 1909,26,FC Basel 1893,1025,Bologna FC 1909,PERMANENT_OR_OTHER_EXPLICIT,€23.85m,TRANSFERMARKT_EXPANDED
2023/24,2023,IN,365108,Dan Ndoye,1025,Bologna FC 1909,26,FC Basel 1893,1025,Bologna FC 1909,PERMANENT_OR_OTHER_EXPLICIT,€16.45m,TRANSFERMARKT_EXPANDED
2023/24,2023,IN,849520,Santiago Castro,1025,Bologna FC 1909,1029,CA Vélez Sarsfield,1025,Bologna FC 1909,PERMANENT_OR_OTHER_EXPLICIT,€13.20m,TRANSFERMARKT_EXPANDED
2023/24,2023,IN,367992,Jesper Karlsson,1025,Bologna FC 1909,1090,AZ Alkmaar,1025,Bologna FC 1909,PERMANENT_OR_OTHER_EXPLICIT,€11.15m,TRANSFERMARKT_EXPANDED
2023/24,2023,IN,433984,Sam Beukema,1025,Bologna FC 1909,1090,AZ Alkmaar,1025,Bologna FC 1909,PERMANENT_OR_OTHER_EXPLICIT,€10.88m,TRANSFERMARKT_EXPANDED
2023/24,2023,IN,633668,Giovanni Fabbian,1025,Bologna FC 1909,46,Inter Milan,1025,Bologna FC 1909,PERMANENT_OR_OTHER_EXPLICIT,€5.37m,TRANSFERMARKT_EXPANDED
2023/24,2023,IN,223974,Stefan Posch,1025,Bologna FC 1909,533,TSG 1899 Hoffenheim,1025,Bologna FC 1909,PERMANENT_OR_OTHER_EXPLICIT,€5.00m,TRANSFERMARKT_EXPANDED
2023/24,2023,IN,845566,Mihajlo Ilić,1025,Bologna FC 1909,669,FK Partizan Belgrade,1025,Bologna FC 1909,PERMANENT_OR_OTHER_EXPLICIT,€4.80m,TRANSFERMARKT_EXPANDED
2023/24,2023,IN,316934,Nikola Moro,1025,Bologna FC 1909,121,Dynamo Moscow,1025,Bologna FC 1909,PERMANENT_OR_OTHER_EXPLICIT,€2.50m,TRANSFERMARKT_EXPANDED
2023/24,2023,IN,531065,Oussama El Azzouzi,1025,Bologna FC 1909,3948,Union Saint-Gilloise,1025,Bologna FC 1909,PERMANENT_OR_OTHER_EXPLICIT,€2.29m,TRANSFERMARKT_EXPANDED
2023/24,2023,IN,564529,Victor Kristiansen,1025,Bologna FC 1909,1003,Leicester City,1025,Bologna FC 1909,LOAN,Loan fee: €1.00m,TRANSFERMARKT_EXPANDED
2023/24,2023,IN,381950,Alexis Saelemaekers,1025,Bologna FC 1909,5,AC Milan,1025,Bologna FC 1909,LOAN,Loan fee: €500k,TRANSFERMARKT_EXPANDED
2023/24,2023,IN,345590,Jens Odgaard,1025,Bologna FC 1909,1090,AZ Alkmaar,1025,Bologna FC 1909,LOAN,Loan fee: €225k,TRANSFERMARKT_EXPANDED
2023/24,2023,IN,148252,Remo Freuler,1025,Bologna FC 1909,703,Nottingham Forest,1025,Bologna FC 1909,LOAN,loan transfer,TRANSFERMARKT_EXPANDED
2023/24,2023,IN,818880,Tommaso Corazza,1025,Bologna FC 1909,14848,Bologna Primavera,1025,Bologna FC 1909,PERMANENT_OR_OTHER_EXPLICIT,-,TRANSFERMARKT_EXPANDED
2023/24,2023,IN,464446,Andri Fannar Baldursson,1025,Bologna FC 1909,467,NEC Nijmegen,1025,Bologna FC 1909,LOAN_RETURN_OR_END_OF_LOAN,End of loan 30/06/2023,TRANSFERMARKT_EXPANDED
2023/24,2023,IN,439292,Sydney van Hooijdonk,1025,Bologna FC 1909,306,SC Heerenveen,1025,Bologna FC 1909,LOAN_RETURN_OR_END_OF_LOAN,End of loan 30/06/2023,TRANSFERMARKT_EXPANDED
2023/24,2023,IN,471004,Luis Binks,1025,Bologna FC 1909,1047,Como 1907,1025,Bologna FC 1909,LOAN_RETURN_OR_END_OF_LOAN,End of loan 30/06/2023,TRANSFERMARKT_EXPANDED
2023/24,2023,IN,861221,Ebenezer Annan,1025,Bologna FC 1909,4324,Imolese Calcio 1919,1025,Bologna FC 1909,LOAN_RETURN_OR_END_OF_LOAN,End of loan 30/06/2023,TRANSFERMARKT_EXPANDED
2023/24,2023,IN,574164,Marco Molla,1025,Bologna FC 1909,4324,Imolese Calcio 1919,1025,Bologna FC 1909,LOAN_RETURN_OR_END_OF_LOAN,End of loan 30/06/2023,TRANSFERMARKT_EXPANDED
2023/24,2023,IN,621122,Matteo Angeli,1025,Bologna FC 1909,24898,AC Renate,1025,Bologna FC 1909,LOAN_RETURN_OR_END_OF_LOAN,End of loan 30/06/2023,TRANSFERMARKT_EXPANDED
2023/24,2023,IN,537490,Matias Rocchi,1025,Bologna FC 1909,4324,Imolese Calcio 1919,1025,Bologna FC 1909,LOAN_RETURN_OR_END_OF_LOAN,End of loan 30/06/2023,TRANSFERMARKT_EXPANDED
2023/24,2023,IN,657742,Joaquín Sosa,1025,Bologna FC 1909,419,GNK Dinamo Zagreb,1025,Bologna FC 1909,LOAN_RETURN_OR_END_OF_LOAN,End of loan 10/01/2024,TRANSFERMARKT_EXPANDED
2023/24,2023,IN,496270,Gianmarco Cangiano,1025,Bologna FC 1909,385,Fortuna Sittard,1025,Bologna FC 1909,LOAN_RETURN_OR_END_OF_LOAN,End of loan 30/06/2023,TRANSFERMARKT_EXPANDED
2023/24,2023,IN,562030,Musa Juwara,1025,Bologna FC 1909,173,Odense Boldklub,1025,Bologna FC 1909,LOAN_RETURN_OR_END_OF_LOAN,End of loan 30/06/2023,TRANSFERMARKT_EXPANDED
2023/24,2023,IN,577394,Denso Kasius,1025,Bologna FC 1909,170,Rapid Vienna,1025,Bologna FC 1909,LOAN_RETURN_OR_END_OF_LOAN,End of loan 30/06/2023,TRANSFERMARKT_EXPANDED
2023/24,2023,IN,459842,Sébastian Breza,1025,Bologna FC 1909,4159,Carrarese Calcio 1908,1025,Bologna FC 1909,LOAN_RETURN_OR_END_OF_LOAN,End of loan 30/06/2023,TRANSFERMARKT_EXPANDED
2023/24,2023,IN,537488,Dion Ruffo Luci,1025,Bologna FC 1909,4096,FC Turris 1944,1025,Bologna FC 1909,LOAN_RETURN_OR_END_OF_LOAN,End of loan 30/06/2023,TRANSFERMARKT_EXPANDED
2023/24,2023,IN,394346,Emanuel Vignato,1025,Bologna FC 1909,749,FC Empoli,1025,Bologna FC 1909,LOAN_RETURN_OR_END_OF_LOAN,End of loan 30/06/2023,TRANSFERMARKT_EXPANDED
2023/24,2023,IN,616667,Mattia Pagliuca,1025,Bologna FC 1909,2721,US Alessandria Calcio 1912,1025,Bologna FC 1909,LOAN_RETURN_OR_END_OF_LOAN,End of loan 31/01/2024,TRANSFERMARKT_EXPANDED
2023/24,2023,IN,459842,Sébastian Breza,1025,Bologna FC 1909,322,Yverdon Sport FC,1025,Bologna FC 1909,LOAN_RETURN_OR_END_OF_LOAN,End of loan 14/01/2024,TRANSFERMARKT_EXPANDED
2023/24,2023,OUT,347900,Jerdy Schouten,1025,Bologna FC 1909,1025,Bologna FC 1909,383,PSV Eindhoven,PERMANENT_OR_OTHER_EXPLICIT,€12.35m,TRANSFERMARKT_EXPANDED
2023/24,2023,OUT,497291,Nicolás Domínguez,1025,Bologna FC 1909,1025,Bologna FC 1909,703,Nottingham Forest,PERMANENT_OR_OTHER_EXPLICIT,€6.65m,TRANSFERMARKT_EXPANDED
2023/24,2023,OUT,486624,Musa Barrow,1025,Bologna FC 1909,1025,Bologna FC 1909,28844,Al-Taawoun FC,PERMANENT_OR_OTHER_EXPLICIT,€6.00m,TRANSFERMARKT_EXPANDED
2023/24,2023,OUT,394346,Emanuel Vignato,1025,Bologna FC 1909,1025,Bologna FC 1909,4172,Pisa Sporting Club,PERMANENT_OR_OTHER_EXPLICIT,€400k,TRANSFERMARKT_EXPANDED
2023/24,2023,OUT,464446,Andri Fannar Baldursson,1025,Bologna FC 1909,1025,Bologna FC 1909,1101,IF Elfsborg,LOAN,Loan fee: €86k,TRANSFERMARKT_EXPANDED
2023/24,2023,OUT,401935,Orji Okwonkwo,1025,Bologna FC 1909,1025,Bologna FC 1909,5621,AC Reggiana 1919,LOAN,Loan fee: €450,TRANSFERMARKT_EXPANDED
2023/24,2023,OUT,110925,Francesco Bardi,1025,Bologna FC 1909,1025,Bologna FC 1909,5621,AC Reggiana 1919,FREE_TRANSFER,free transfer,TRANSFERMARKT_EXPANDED
2023/24,2023,OUT,621122,Matteo Angeli,1025,Bologna FC 1909,1025,Bologna FC 1909,4084,AS Cittadella,FREE_TRANSFER,free transfer,TRANSFERMARKT_EXPANDED
2023/24,2023,OUT,60889,Gary Medel,1025,Bologna FC 1909,1025,Bologna FC 1909,978,Clube de Regatas Vasco da Gama,FREE_TRANSFER,free transfer,TRANSFERMARKT_EXPANDED
2023/24,2023,OUT,537488,Dion Ruffo Luci,1025,Bologna FC 1909,1025,Bologna FC 1909,4111,Rimini FC,FREE_TRANSFER,free transfer,TRANSFERMARKT_EXPANDED
2023/24,2023,OUT,537490,Matias Rocchi,1025,Bologna FC 1909,1025,Bologna FC 1909,56642,US Corticella,FREE_TRANSFER,free transfer,TRANSFERMARKT_EXPANDED
2023/24,2023,OUT,577394,Denso Kasius,1025,Bologna FC 1909,1025,Bologna FC 1909,1090,AZ Alkmaar,FREE_TRANSFER,free transfer,TRANSFERMARKT_EXPANDED
2023/24,2023,OUT,562030,Musa Juwara,1025,Bologna FC 1909,1025,Bologna FC 1909,443,Vejle Boldklub,FREE_TRANSFER,free transfer,TRANSFERMARKT_EXPANDED
2023/24,2023,OUT,401920,Kingsley Michael,1025,Bologna FC 1909,1025,Bologna FC 1909,307,DSV Leoben,FREE_TRANSFER,free transfer,TRANSFERMARKT_EXPANDED
2023/24,2023,OUT,459842,Sébastian Breza,1025,Bologna FC 1909,1025,Bologna FC 1909,4078,CF Montréal,FREE_TRANSFER,free transfer,TRANSFERMARKT_EXPANDED
2023/24,2023,OUT,861221,Ebenezer Annan,1025,Bologna FC 1909,1025,Bologna FC 1909,4633,FK Novi Pazar,LOAN,loan transfer,TRANSFERMARKT_EXPANDED
2023/24,2023,OUT,496270,Gianmarco Cangiano,1025,Bologna FC 1909,1025,Bologna FC 1909,2921,Delfino Pescara 1936,LOAN,loan transfer,TRANSFERMARKT_EXPANDED
2023/24,2023,OUT,616667,Mattia Pagliuca,1025,Bologna FC 1909,1025,Bologna FC 1909,5163,Brindisi FC,LOAN,loan transfer,TRANSFERMARKT_EXPANDED
2023/24,2023,OUT,439292,Sydney van Hooijdonk,1025,Bologna FC 1909,1025,Bologna FC 1909,1123,Norwich City,LOAN,loan transfer,TRANSFERMARKT_EXPANDED
2023/24,2023,OUT,616667,Mattia Pagliuca,1025,Bologna FC 1909,1025,Bologna FC 1909,2721,US Alessandria Calcio 1912,LOAN,loan transfer,TRANSFERMARKT_EXPANDED
2023/24,2023,OUT,679754,Niklas Pyyhtiä,1025,Bologna FC 1909,1025,Bologna FC 1909,1103,Ternana Calcio,LOAN,loan transfer,TRANSFERMARKT_EXPANDED
2023/24,2023,OUT,657742,Joaquín Sosa,1025,Bologna FC 1909,1025,Bologna FC 1909,419,GNK Dinamo Zagreb,LOAN,loan transfer,TRANSFERMARKT_EXPANDED
2023/24,2023,OUT,247377,Kevin Bonifazi,1025,Bologna FC 1909,1025,Bologna FC 1909,8970,Frosinone Calcio,LOAN,loan transfer,TRANSFERMARKT_EXPANDED
2023/24,2023,OUT,41384,Marko Arnautovic,1025,Bologna FC 1909,1025,Bologna FC 1909,46,Inter Milan,LOAN,loan transfer,TRANSFERMARKT_EXPANDED
2023/24,2023,OUT,657742,Joaquín Sosa,1025,Bologna FC 1909,1025,Bologna FC 1909,4078,CF Montréal,LOAN,loan transfer,TRANSFERMARKT_EXPANDED
2023/24,2023,OUT,471004,Luis Binks,1025,Bologna FC 1909,1025,Bologna FC 1909,990,Coventry City,LOAN,loan transfer,TRANSFERMARKT_EXPANDED
2023/24,2023,OUT,818888,Antonio Raimondo,1025,Bologna FC 1909,1025,Bologna FC 1909,1103,Ternana Calcio,LOAN,loan transfer,TRANSFERMARKT_EXPANDED
2023/24,2023,OUT,459842,Sébastian Breza,1025,Bologna FC 1909,1025,Bologna FC 1909,322,Yverdon Sport FC,LOAN,loan transfer,TRANSFERMARKT_EXPANDED
2023/24,2023,OUT,82048,Nicola Sansone,1025,Bologna FC 1909,1025,Bologna FC 1909,515,Without Club,FREE_AGENT_OR_END_OF_CONTRACT,-,TRANSFERMARKT_EXPANDED
2023/24,2023,OUT,63186,Roberto Soriano,1025,Bologna FC 1909,1025,Bologna FC 1909,515,Without Club,FREE_AGENT_OR_END_OF_CONTRACT,-,TRANSFERMARKT_EXPANDED
2023/24,2023,OUT,818878,Wisdom Amey,1025,Bologna FC 1909,1025,Bologna FC 1909,14848,Bologna Primavera,PERMANENT_OR_OTHER_EXPLICIT,-,TRANSFERMARKT_EXPANDED
2023/24,2023,OUT,459658,Andrea Cambiaso,1025,Bologna FC 1909,1025,Bologna FC 1909,506,Juventus FC,LOAN_RETURN_OR_END_OF_LOAN,End of loan 30/06/2023,TRANSFERMARKT_EXPANDED
2023/24,2023,OUT,316934,Nikola Moro,1025,Bologna FC 1909,1025,Bologna FC 1909,121,Dynamo Moscow,LOAN_RETURN_OR_END_OF_LOAN,End of loan 30/06/2023,TRANSFERMARKT_EXPANDED
2023/24,2023,OUT,223974,Stefan Posch,1025,Bologna FC 1909,1025,Bologna FC 1909,533,TSG 1899 Hoffenheim,LOAN_RETURN_OR_END_OF_LOAN,End of loan 30/06/2023,TRANSFERMARKT_EXPANDED
2023/24,2023,OUT,311178,Georgios Kyriakopoulos,1025,Bologna FC 1909,1025,Bologna FC 1909,6574,US Sassuolo,LOAN_RETURN_OR_END_OF_LOAN,End of loan 30/06/2023,TRANSFERMARKT_EXPANDED
2023/24,2023,IN,470794,Ivan Ilić,416,Torino FC,276,Hellas Verona,416,Torino FC,PERMANENT_OR_OTHER_EXPLICIT,€16.50m,TRANSFERMARKT_EXPANDED
2023/24,2023,IN,293200,Nikola Vlašić,416,Torino FC,379,West Ham United,416,Torino FC,PERMANENT_OR_OTHER_EXPLICIT,€10.60m,TRANSFERMARKT_EXPANDED
2023/24,2023,IN,357992,Raoul Bellanova,416,Torino FC,1390,Cagliari Calcio,416,Torino FC,PERMANENT_OR_OTHER_EXPLICIT,€7.00m,TRANSFERMARKT_EXPANDED
2023/24,2023,IN,186368,Valentino Lazaro,416,Torino FC,46,Inter Milan,416,Torino FC,PERMANENT_OR_OTHER_EXPLICIT,€3.40m,TRANSFERMARKT_EXPANDED
2023/24,2023,IN,157507,Adrien Tamèze,416,Torino FC,276,Hellas Verona,416,Torino FC,PERMANENT_OR_OTHER_EXPLICIT,€2.80m,TRANSFERMARKT_EXPANDED
2023/24,2023,IN,655456,Saba Sazonov,416,Torino FC,121,Dynamo Moscow,416,Torino FC,PERMANENT_OR_OTHER_EXPLICIT,€2.75m,TRANSFERMARKT_EXPANDED
2023/24,2023,IN,245078,Nemanja Radonjic,416,Torino FC,244,Olympique Marseille,416,Torino FC,PERMANENT_OR_OTHER_EXPLICIT,€1.70m,TRANSFERMARKT_EXPANDED
2023/24,2023,IN,459655,Matteo Lovato,416,Torino FC,380,US Salernitana 1919,416,Torino FC,LOAN,Loan fee: €350k,TRANSFERMARKT_EXPANDED
2023/24,2023,IN,716668,Kevin Haveri,416,Torino FC,4111,Rimini FC,416,Torino FC,PERMANENT_OR_OTHER_EXPLICIT,€300k,TRANSFERMARKT_EXPANDED
2023/24,2023,IN,623412,Mihai Popa,416,Torino FC,40843,FC Voluntari,416,Torino FC,FREE_TRANSFER,free transfer,TRANSFERMARKT_EXPANDED
2023/24,2023,IN,710968,Uros Kabic,416,Torino FC,159,Red Star Belgrade,416,Torino FC,LOAN,loan transfer,TRANSFERMARKT_EXPANDED
2023/24,2023,IN,413605,David Okereke,416,Torino FC,2239,US Cremonese,416,Torino FC,LOAN,loan transfer,TRANSFERMARKT_EXPANDED
2023/24,2023,IN,286949,Adam Masina,416,Torino FC,410,Udinese Calcio,416,Torino FC,LOAN,loan transfer,TRANSFERMARKT_EXPANDED
2023/24,2023,IN,73794,Duván Zapata,416,Torino FC,800,Atalanta BC,416,Torino FC,LOAN,loan transfer,TRANSFERMARKT_EXPANDED
2023/24,2023,IN,546880,Brandon Soppy,416,Torino FC,800,Atalanta BC,416,Torino FC,LOAN,loan transfer,TRANSFERMARKT_EXPANDED
2023/24,2023,IN,804799,Ange N'Guessan,416,Torino FC,12130,Torino Primavera,416,Torino FC,PERMANENT_OR_OTHER_EXPLICIT,-,TRANSFERMARKT_EXPANDED
2023/24,2023,IN,1004344,Ali Dembélé,416,Torino FC,12130,Torino Primavera,416,Torino FC,PERMANENT_OR_OTHER_EXPLICIT,-,TRANSFERMARKT_EXPANDED
2023/24,2023,IN,617164,Pietro Passador,416,Torino FC,4111,Rimini FC,416,Torino FC,LOAN_RETURN_OR_END_OF_LOAN,End of loan 05/01/2024,TRANSFERMARKT_EXPANDED
2023/24,2023,IN,32113,Armando Izzo,416,Torino FC,2919,AC Monza,416,Torino FC,LOAN_RETURN_OR_END_OF_LOAN,End of loan 30/06/2023,TRANSFERMARKT_EXPANDED
2023/24,2023,IN,417896,Nicola Rauti,416,Torino FC,2722,SPAL,416,Torino FC,LOAN_RETURN_OR_END_OF_LOAN,End of loan 30/06/2023,TRANSFERMARKT_EXPANDED
2023/24,2023,IN,704742,Giorgio Savini,416,Torino FC,30326,Gelbison,416,Torino FC,LOAN_RETURN_OR_END_OF_LOAN,End of loan 30/06/2023,TRANSFERMARKT_EXPANDED
2023/24,2023,IN,522681,Ben Lhassine Kone,416,Torino FC,8970,Frosinone Calcio,416,Torino FC,LOAN_RETURN_OR_END_OF_LOAN,End of loan 30/06/2023,TRANSFERMARKT_EXPANDED
2023/24,2023,IN,534174,Samuele Vianni,416,Torino FC,1408,Piacenza Calcio 1919,416,Torino FC,LOAN_RETURN_OR_END_OF_LOAN,End of loan 30/06/2023,TRANSFERMARKT_EXPANDED
2023/24,2023,IN,130360,Simone Verdi,416,Torino FC,276,Hellas Verona,416,Torino FC,LOAN_RETURN_OR_END_OF_LOAN,End of loan 30/06/2023,TRANSFERMARKT_EXPANDED
2023/24,2023,IN,482107,Magnus Warming,416,Torino FC,105,SV Darmstadt 98,416,Torino FC,LOAN_RETURN_OR_END_OF_LOAN,End of loan 30/06/2023,TRANSFERMARKT_EXPANDED
2023/24,2023,IN,543736,Krisztofer Horváth,416,Torino FC,12423,Kecskeméti TE,416,Torino FC,LOAN_RETURN_OR_END_OF_LOAN,End of loan 30/06/2023,TRANSFERMARKT_EXPANDED
2023/24,2023,IN,562287,Christian Celesia,416,Torino FC,1104,ACR Messina,416,Torino FC,LOAN_RETURN_OR_END_OF_LOAN,End of loan 30/06/2023,TRANSFERMARKT_EXPANDED
2023/24,2023,IN,617019,Matthew Garbett,416,Torino FC,132,NAC Breda,416,Torino FC,LOAN_RETURN_OR_END_OF_LOAN,End of loan 30/06/2023,TRANSFERMARKT_EXPANDED
2023/24,2023,IN,743091,Emirhan İlkhan,416,Torino FC,1038,UC Sampdoria,416,Torino FC,LOAN_RETURN_OR_END_OF_LOAN,End of loan 30/06/2023,TRANSFERMARKT_EXPANDED
2023/24,2023,IN,716668,Kevin Haveri,416,Torino FC,408,Ascoli Calcio,416,Torino FC,LOAN_RETURN_OR_END_OF_LOAN,End of loan 26/01/2024,TRANSFERMARKT_EXPANDED
2023/24,2023,OUT,648779,Wilfried Singo,416,Torino FC,416,Torino FC,162,AS Monaco,PERMANENT_OR_OTHER_EXPLICIT,€9.10m,TRANSFERMARKT_EXPANDED
2023/24,2023,OUT,544149,David Zima,416,Torino FC,416,Torino FC,62,SK Slavia Prague,PERMANENT_OR_OTHER_EXPLICIT,€4.00m,TRANSFERMARKT_EXPANDED
2023/24,2023,OUT,32113,Armando Izzo,416,Torino FC,416,Torino FC,2919,AC Monza,PERMANENT_OR_OTHER_EXPLICIT,€3.00m,TRANSFERMARKT_EXPANDED
2023/24,2023,OUT,130360,Simone Verdi,416,Torino FC,416,Torino FC,1047,Como 1907,PERMANENT_OR_OTHER_EXPLICIT,€1.80m,TRANSFERMARKT_EXPANDED
2023/24,2023,OUT,482107,Magnus Warming,416,Torino FC,416,Torino FC,1100,SK Brann,PERMANENT_OR_OTHER_EXPLICIT,€650k,TRANSFERMARKT_EXPANDED
2023/24,2023,OUT,716668,Kevin Haveri,416,Torino FC,416,Torino FC,1627,Catania FC,LOAN,Loan fee: €20k,TRANSFERMARKT_EXPANDED
2023/24,2023,OUT,236490,Ola Aina,416,Torino FC,416,Torino FC,703,Nottingham Forest,FREE_TRANSFER,free transfer,TRANSFERMARKT_EXPANDED
2023/24,2023,OUT,77825,Etrit Berisha,416,Torino FC,416,Torino FC,749,FC Empoli,FREE_TRANSFER,free transfer,TRANSFERMARKT_EXPANDED
2023/24,2023,OUT,562287,Christian Celesia,416,Torino FC,416,Torino FC,2581,Mantova 1911,FREE_TRANSFER,free transfer,TRANSFERMARKT_EXPANDED
2023/24,2023,OUT,564305,Michel Adopo,416,Torino FC,416,Torino FC,800,Atalanta BC,FREE_TRANSFER,free transfer,TRANSFERMARKT_EXPANDED
2023/24,2023,OUT,534174,Samuele Vianni,416,Torino FC,416,Torino FC,61604,Nuova Florida Calcio,FREE_TRANSFER,free transfer,TRANSFERMARKT_EXPANDED
2023/24,2023,OUT,543736,Krisztofer Horváth,416,Torino FC,416,Torino FC,12423,Kecskeméti TE,LOAN,loan transfer,TRANSFERMARKT_EXPANDED
2023/24,2023,OUT,716668,Kevin Haveri,416,Torino FC,416,Torino FC,408,Ascoli Calcio,LOAN,loan transfer,TRANSFERMARKT_EXPANDED
2023/24,2023,OUT,617019,Matthew Garbett,416,Torino FC,416,Torino FC,132,NAC Breda,PERMANENT_OR_OTHER_EXPLICIT,?,TRANSFERMARKT_EXPANDED
2023/24,2023,OUT,804799,Ange N'Guessan,416,Torino FC,416,Torino FC,1103,Ternana Calcio,LOAN,loan transfer,TRANSFERMARKT_EXPANDED
2023/24,2023,OUT,324804,Yann Karamoh,416,Torino FC,416,Torino FC,969,Montpellier HSC,LOAN,loan transfer,TRANSFERMARKT_EXPANDED
2023/24,2023,OUT,522681,Ben Lhassine Kone,416,Torino FC,416,Torino FC,1047,Como 1907,LOAN,loan transfer,TRANSFERMARKT_EXPANDED
2023/24,2023,OUT,245078,Nemanja Radonjic,416,Torino FC,416,Torino FC,237,RCD Mallorca,LOAN,loan transfer,TRANSFERMARKT_EXPANDED
2023/24,2023,OUT,551752,Demba Seck,416,Torino FC,416,Torino FC,8970,Frosinone Calcio,LOAN,loan transfer,TRANSFERMARKT_EXPANDED
2023/24,2023,OUT,704742,Giorgio Savini,416,Torino FC,416,Torino FC,6692,Novara FC,LOAN,loan transfer,TRANSFERMARKT_EXPANDED
2023/24,2023,OUT,743091,Emirhan İlkhan,416,Torino FC,416,Torino FC,6890,Basaksehir FK,LOAN,loan transfer,TRANSFERMARKT_EXPANDED
2023/24,2023,OUT,1004344,Ali Dembélé,416,Torino FC,416,Torino FC,607,Venezia FC,LOAN,loan transfer,TRANSFERMARKT_EXPANDED
2023/24,2023,OUT,417896,Nicola Rauti,416,Torino FC,416,Torino FC,4554,FC Südtirol,LOAN,loan transfer,TRANSFERMARKT_EXPANDED
2023/24,2023,OUT,715470,Brian Bayeye,416,Torino FC,416,Torino FC,408,Ascoli Calcio,LOAN,loan transfer,TRANSFERMARKT_EXPANDED
2023/24,2023,OUT,658586,Matteo Fiorenza,416,Torino FC,416,Torino FC,515,Without Club,FREE_AGENT_OR_END_OF_CONTRACT,-,TRANSFERMARKT_EXPANDED
2023/24,2023,OUT,546880,Brandon Soppy,416,Torino FC,416,Torino FC,800,Atalanta BC,LOAN_RETURN_OR_END_OF_LOAN,End of loan 31/01/2024,TRANSFERMARKT_EXPANDED
2023/24,2023,OUT,245078,Nemanja Radonjic,416,Torino FC,416,Torino FC,244,Olympique Marseille,LOAN_RETURN_OR_END_OF_LOAN,End of loan 30/06/2023,TRANSFERMARKT_EXPANDED
2023/24,2023,OUT,186368,Valentino Lazaro,416,Torino FC,416,Torino FC,46,Inter Milan,LOAN_RETURN_OR_END_OF_LOAN,End of loan 30/06/2023,TRANSFERMARKT_EXPANDED
2023/24,2023,OUT,255450,Aleksey Miranchuk,416,Torino FC,416,Torino FC,800,Atalanta BC,LOAN_RETURN_OR_END_OF_LOAN,End of loan 30/06/2023,TRANSFERMARKT_EXPANDED
2023/24,2023,OUT,293200,Nikola Vlašić,416,Torino FC,416,Torino FC,379,West Ham United,LOAN_RETURN_OR_END_OF_LOAN,End of loan 30/06/2023,TRANSFERMARKT_EXPANDED
2023/24,2023,OUT,470794,Ivan Ilić,416,Torino FC,416,Torino FC,276,Hellas Verona,LOAN_RETURN_OR_END_OF_LOAN,End of loan 30/06/2023,TRANSFERMARKT_EXPANDED
2023/24,2023,OUT,395083,Andreaw Gravillon,416,Torino FC,416,Torino FC,1421,Stade Reims,LOAN_RETURN_OR_END_OF_LOAN,End of loan 30/06/2023,TRANSFERMARKT_EXPANDED
2023/24,2023,OUT,434676,Ronaldo Vieira,416,Torino FC,416,Torino FC,1038,UC Sampdoria,LOAN_RETURN_OR_END_OF_LOAN,End of loan 30/06/2023,TRANSFERMARKT_EXPANDED
2023/24,2023,IN,332179,Matteo Pessina,2919,AC Monza,800,Atalanta BC,2919,AC Monza,PERMANENT_OR_OTHER_EXPLICIT,€12.00m,TRANSFERMARKT_EXPANDED
2023/24,2023,IN,199258,Andrea Petagna,2919,AC Monza,6195,SSC Napoli,2919,AC Monza,PERMANENT_OR_OTHER_EXPLICIT,€9.70m,TRANSFERMARKT_EXPANDED
2023/24,2023,IN,146752,Gianluca Caprari,2919,AC Monza,276,Hellas Verona,2919,AC Monza,PERMANENT_OR_OTHER_EXPLICIT,€8.00m,TRANSFERMARKT_EXPANDED
2023/24,2023,IN,210178,Pablo Marí,2919,AC Monza,11,Arsenal FC,2919,AC Monza,PERMANENT_OR_OTHER_EXPLICIT,€6.20m,TRANSFERMARKT_EXPANDED
2023/24,2023,IN,12907,Alessio Cragno,2919,AC Monza,1390,Cagliari Calcio,2919,AC Monza,PERMANENT_OR_OTHER_EXPLICIT,€3.60m,TRANSFERMARKT_EXPANDED
2023/24,2023,IN,32113,Armando Izzo,2919,AC Monza,416,Torino FC,2919,AC Monza,PERMANENT_OR_OTHER_EXPLICIT,€3.00m,TRANSFERMARKT_EXPANDED
2023/24,2023,IN,67556,Milan Djuric,2919,AC Monza,276,Hellas Verona,2919,AC Monza,PERMANENT_OR_OTHER_EXPLICIT,€2.30m,TRANSFERMARKT_EXPANDED
2023/24,2023,IN,170481,Jean-Daniel Akpa Akpro,2919,AC Monza,398,SS Lazio,2919,AC Monza,LOAN,Loan fee: €500k,TRANSFERMARKT_EXPANDED
2023/24,2023,IN,197471,Roberto Gagliardini,2919,AC Monza,46,Inter Milan,2919,AC Monza,FREE_TRANSFER,free transfer,TRANSFERMARKT_EXPANDED
2023/24,2023,IN,55769,Danilo D'Ambrosio,2919,AC Monza,46,Inter Milan,2919,AC Monza,FREE_TRANSFER,free transfer,TRANSFERMARKT_EXPANDED
2023/24,2023,IN,311178,Georgios Kyriakopoulos,2919,AC Monza,6574,US Sassuolo,2919,AC Monza,LOAN,loan transfer,TRANSFERMARKT_EXPANDED
2023/24,2023,IN,1012421,Matija Popović,2919,AC Monza,12819,Napoli Primavera,2919,AC Monza,LOAN,loan transfer,TRANSFERMARKT_EXPANDED
2023/24,2023,IN,787618,Valentín Carboni,2919,AC Monza,46,Inter Milan,2919,AC Monza,LOAN,loan transfer,TRANSFERMARKT_EXPANDED
2023/24,2023,IN,433584,Alessio Zerbin,2919,AC Monza,6195,SSC Napoli,2919,AC Monza,LOAN,loan transfer,TRANSFERMARKT_EXPANDED
2023/24,2023,IN,539134,Daniel Maldini,2919,AC Monza,5,AC Milan,2919,AC Monza,LOAN,loan transfer,TRANSFERMARKT_EXPANDED
2023/24,2023,IN,487843,Lorenzo Colombo,2919,AC Monza,5,AC Milan,2919,AC Monza,LOAN,loan transfer,TRANSFERMARKT_EXPANDED
2023/24,2023,IN,244491,Stefano Gori,2919,AC Monza,506,Juventus FC,2919,AC Monza,LOAN,loan transfer,TRANSFERMARKT_EXPANDED
2023/24,2023,IN,616628,Giorgio Cittadini,2919,AC Monza,800,Atalanta BC,2919,AC Monza,LOAN,loan transfer,TRANSFERMARKT_EXPANDED
2023/24,2023,IN,20005,Papu Gómez,2919,AC Monza,515,Without Club,2919,AC Monza,FREE_AGENT_OR_END_OF_CONTRACT,-,TRANSFERMARKT_EXPANDED
2023/24,2023,IN,88684,Giulio Donati,2919,AC Monza,515,Without Club,2919,AC Monza,FREE_AGENT_OR_END_OF_CONTRACT,-,TRANSFERMARKT_EXPANDED
2023/24,2023,IN,134383,Tommaso Morosini,2919,AC Monza,74951,Sangiuliano City,2919,AC Monza,LOAN_RETURN_OR_END_OF_LOAN,End of loan 30/06/2023,TRANSFERMARKT_EXPANDED
2023/24,2023,IN,404995,Davide Diaw,2919,AC Monza,1385,Modena FC,2919,AC Monza,LOAN_RETURN_OR_END_OF_LOAN,End of loan 30/06/2023,TRANSFERMARKT_EXPANDED
2023/24,2023,IN,160344,Leonardo Mancuso,2919,AC Monza,1047,Como 1907,2919,AC Monza,LOAN_RETURN_OR_END_OF_LOAN,End of loan 30/06/2023,TRANSFERMARKT_EXPANDED
2023/24,2023,IN,630812,Stefano Rubbi,2919,AC Monza,4553,US Pergolettese 1932,2919,AC Monza,LOAN_RETURN_OR_END_OF_LOAN,End of loan 30/06/2023,TRANSFERMARKT_EXPANDED
2023/24,2023,IN,392033,Gabriele Ferrarini,2919,AC Monza,1385,Modena FC,2919,AC Monza,LOAN_RETURN_OR_END_OF_LOAN,End of loan 29/06/2023,TRANSFERMARKT_EXPANDED
2023/24,2023,IN,314965,Pedro Pereira,2919,AC Monza,11282,Alanyaspor,2919,AC Monza,LOAN_RETURN_OR_END_OF_LOAN,End of loan 30/06/2023,TRANSFERMARKT_EXPANDED
2023/24,2023,IN,357995,Davide Bettella,2919,AC Monza,458,Palermo FC,2919,AC Monza,LOAN_RETURN_OR_END_OF_LOAN,End of loan 30/06/2023,TRANSFERMARKT_EXPANDED
2023/24,2023,IN,226025,Luca Mazzitelli,2919,AC Monza,8970,Frosinone Calcio,2919,AC Monza,LOAN_RETURN_OR_END_OF_LOAN,End of loan 30/06/2023,TRANSFERMARKT_EXPANDED
2023/24,2023,IN,160357,Mario Sampirisi,2919,AC Monza,8970,Frosinone Calcio,2919,AC Monza,LOAN_RETURN_OR_END_OF_LOAN,End of loan 30/06/2023,TRANSFERMARKT_EXPANDED
2023/24,2023,IN,286275,Armando Anastasio,2919,AC Monza,26789,FC Pro Vercelli 1892,2919,AC Monza,LOAN_RETURN_OR_END_OF_LOAN,End of loan 30/06/2023,TRANSFERMARKT_EXPANDED
2023/24,2023,IN,659516,Warren Bondo,2919,AC Monza,1386,LFA Reggio Calabria,2919,AC Monza,LOAN_RETURN_OR_END_OF_LOAN,End of loan 30/06/2023,TRANSFERMARKT_EXPANDED
2023/24,2023,IN,481834,Andrea Carboni,2919,AC Monza,607,Venezia FC,2919,AC Monza,LOAN_RETURN_OR_END_OF_LOAN,End of loan 30/06/2023,TRANSFERMARKT_EXPANDED
2023/24,2023,OUT,227347,Valentin Antov,2919,AC Monza,2919,AC Monza,2239,US Cremonese,LOAN,Loan fee: €350k,TRANSFERMARKT_EXPANDED
2023/24,2023,OUT,85240,Eugenio Lamanna,2919,AC Monza,2919,AC Monza,5514,Calcio Lecco 1912,FREE_TRANSFER,free transfer,TRANSFERMARKT_EXPANDED
2023/24,2023,OUT,76274,Christian Gytkjaer,2919,AC Monza,2919,AC Monza,607,Venezia FC,FREE_TRANSFER,free transfer,TRANSFERMARKT_EXPANDED
2023/24,2023,OUT,134383,Tommaso Morosini,2919,AC Monza,2919,AC Monza,60004,USD Cisanese,FREE_TRANSFER,free transfer,TRANSFERMARKT_EXPANDED
2023/24,2023,OUT,146680,Andrea Barberis,2919,AC Monza,2919,AC Monza,4172,Pisa Sporting Club,FREE_TRANSFER,free transfer,TRANSFERMARKT_EXPANDED
2023/24,2023,OUT,124769,Luca Marrone,2919,AC Monza,2919,AC Monza,5514,Calcio Lecco 1912,FREE_TRANSFER,free transfer,TRANSFERMARKT_EXPANDED
2023/24,2023,OUT,286275,Armando Anastasio,2919,AC Monza,2919,AC Monza,4106,Casertana FC,LOAN,loan transfer,TRANSFERMARKT_EXPANDED
2023/24,2023,OUT,160357,Mario Sampirisi,2919,AC Monza,2919,AC Monza,5621,AC Reggiana 1919,PERMANENT_OR_OTHER_EXPLICIT,?,TRANSFERMARKT_EXPANDED
2023/24,2023,OUT,226025,Luca Mazzitelli,2919,AC Monza,2919,AC Monza,8970,Frosinone Calcio,PERMANENT_OR_OTHER_EXPLICIT,?,TRANSFERMARKT_EXPANDED
2023/24,2023,OUT,167741,Mattia Valoti,2919,AC Monza,2919,AC Monza,4172,Pisa Sporting Club,LOAN,loan transfer,TRANSFERMARKT_EXPANDED
2023/24,2023,OUT,215649,Mirko Marić,2919,AC Monza,2919,AC Monza,144,HNK Rijeka,LOAN,loan transfer,TRANSFERMARKT_EXPANDED
2023/24,2023,OUT,12907,Alessio Cragno,2919,AC Monza,2919,AC Monza,6574,US Sassuolo,LOAN,loan transfer,TRANSFERMARKT_EXPANDED
2023/24,2023,OUT,616628,Giorgio Cittadini,2919,AC Monza,2919,AC Monza,252,Genoa CFC,LOAN,loan transfer,TRANSFERMARKT_EXPANDED
2023/24,2023,OUT,199258,Andrea Petagna,2919,AC Monza,2919,AC Monza,1390,Cagliari Calcio,LOAN,loan transfer,TRANSFERMARKT_EXPANDED
2023/24,2023,OUT,99232,Marco D'Alessandro,2919,AC Monza,2919,AC Monza,4172,Pisa Sporting Club,LOAN,loan transfer,TRANSFERMARKT_EXPANDED
2023/24,2023,OUT,404995,Davide Diaw,2919,AC Monza,2919,AC Monza,332,SSC Bari,LOAN,loan transfer,TRANSFERMARKT_EXPANDED
2023/24,2023,OUT,585982,Carlos Augusto,2919,AC Monza,2919,AC Monza,46,Inter Milan,LOAN,loan transfer,TRANSFERMARKT_EXPANDED
2023/24,2023,OUT,160344,Leonardo Mancuso,2919,AC Monza,2919,AC Monza,458,Palermo FC,LOAN,loan transfer,TRANSFERMARKT_EXPANDED
2023/24,2023,OUT,12907,Alessio Cragno,2919,AC Monza,2919,AC Monza,1390,Cagliari Calcio,LOAN_RETURN_OR_END_OF_LOAN,End of loan 30/06/2023,TRANSFERMARKT_EXPANDED
2023/24,2023,OUT,88684,Giulio Donati,2919,AC Monza,2919,AC Monza,515,Without Club,FREE_AGENT_OR_END_OF_CONTRACT,-,TRANSFERMARKT_EXPANDED
2023/24,2023,OUT,630812,Stefano Rubbi,2919,AC Monza,2919,AC Monza,515,Without Club,FREE_AGENT_OR_END_OF_CONTRACT,-,TRANSFERMARKT_EXPANDED
2023/24,2023,OUT,273236,Marlon,2919,AC Monza,2919,AC Monza,660,Shakhtar Donetsk,LOAN_RETURN_OR_END_OF_LOAN,End of loan 30/06/2023,TRANSFERMARKT_EXPANDED
2023/24,2023,OUT,216179,Stefano Sensi,2919,AC Monza,2919,AC Monza,46,Inter Milan,LOAN_RETURN_OR_END_OF_LOAN,End of loan 30/06/2023,TRANSFERMARKT_EXPANDED
2023/24,2023,OUT,332179,Matteo Pessina,2919,AC Monza,2919,AC Monza,800,Atalanta BC,LOAN_RETURN_OR_END_OF_LOAN,End of loan 30/06/2023,TRANSFERMARKT_EXPANDED
2023/24,2023,OUT,146752,Gianluca Caprari,2919,AC Monza,2919,AC Monza,276,Hellas Verona,LOAN_RETURN_OR_END_OF_LOAN,End of loan 30/06/2023,TRANSFERMARKT_EXPANDED
2023/24,2023,OUT,489611,Filippo Ranocchia,2919,AC Monza,2919,AC Monza,506,Juventus FC,LOAN_RETURN_OR_END_OF_LOAN,End of loan 30/06/2023,TRANSFERMARKT_EXPANDED
2023/24,2023,OUT,210178,Pablo Marí,2919,AC Monza,2919,AC Monza,11,Arsenal FC,LOAN_RETURN_OR_END_OF_LOAN,End of loan 30/06/2023,TRANSFERMARKT_EXPANDED
2023/24,2023,OUT,199258,Andrea Petagna,2919,AC Monza,2919,AC Monza,6195,SSC Napoli,LOAN_RETURN_OR_END_OF_LOAN,End of loan 30/06/2023,TRANSFERMARKT_EXPANDED
2023/24,2023,OUT,525704,Nicolò Rovella,2919,AC Monza,2919,AC Monza,506,Juventus FC,LOAN_RETURN_OR_END_OF_LOAN,End of loan 30/06/2023,TRANSFERMARKT_EXPANDED
2023/24,2023,OUT,392033,Gabriele Ferrarini,2919,AC Monza,2919,AC Monza,430,ACF Fiorentina,LOAN_RETURN_OR_END_OF_LOAN,End of loan 30/06/2023,TRANSFERMARKT_EXPANDED
2023/24,2023,OUT,32113,Armando Izzo,2919,AC Monza,2919,AC Monza,416,Torino FC,LOAN_RETURN_OR_END_OF_LOAN,End of loan 30/06/2023,TRANSFERMARKT_EXPANDED
2023/24,2023,IN,412366,Brenner,410,Udinese Calcio,51772,FC Cincinnati,410,Udinese Calcio,PERMANENT_OR_OTHER_EXPLICIT,€10.00m,TRANSFERMARKT_EXPANDED
2023/24,2023,IN,81512,Christian Kabasele,410,Udinese Calcio,1010,Watford FC,410,Udinese Calcio,PERMANENT_OR_OTHER_EXPLICIT,€6.50m,TRANSFERMARKT_EXPANDED
2023/24,2023,IN,340353,Maduka Okoye,410,Udinese Calcio,1010,Watford FC,410,Udinese Calcio,PERMANENT_OR_OTHER_EXPLICIT,€6.00m,TRANSFERMARKT_EXPANDED
2023/24,2023,IN,698259,Thomas Kristensen,410,Udinese Calcio,678,Aarhus GF,410,Udinese Calcio,PERMANENT_OR_OTHER_EXPLICIT,€5.00m,TRANSFERMARKT_EXPANDED
2023/24,2023,IN,555820,Martín Payero,410,Udinese Calcio,641,Middlesbrough FC,410,Udinese Calcio,PERMANENT_OR_OTHER_EXPLICIT,€3.00m,TRANSFERMARKT_EXPANDED
2023/24,2023,IN,412660,Keinan Davis,410,Udinese Calcio,405,Aston Villa,410,Udinese Calcio,PERMANENT_OR_OTHER_EXPLICIT,€2.30m,TRANSFERMARKT_EXPANDED
2023/24,2023,IN,854325,Étienne Camara,410,Udinese Calcio,1110,Huddersfield Town,410,Udinese Calcio,PERMANENT_OR_OTHER_EXPLICIT,€2.00m,TRANSFERMARKT_EXPANDED
2023/24,2023,IN,572265,Lorenzo Lucca,410,Udinese Calcio,4172,Pisa Sporting Club,410,Udinese Calcio,LOAN,Loan fee: €800k,TRANSFERMARKT_EXPANDED
2023/24,2023,IN,797791,Antonio Tikvic,410,Udinese Calcio,28,FC Bayern Munich II,410,Udinese Calcio,PERMANENT_OR_OTHER_EXPLICIT,€650k,TRANSFERMARKT_EXPANDED
2023/24,2023,IN,225963,Lautaro Giannetti,410,Udinese Calcio,1029,CA Vélez Sarsfield,410,Udinese Calcio,FREE_TRANSFER,free transfer,TRANSFERMARKT_EXPANDED
2023/24,2023,IN,524010,Oier Zarraga,410,Udinese Calcio,621,Athletic Bilbao,410,Udinese Calcio,FREE_TRANSFER,free transfer,TRANSFERMARKT_EXPANDED
2023/24,2023,IN,633530,Jordan Zemura,410,Udinese Calcio,989,AFC Bournemouth,410,Udinese Calcio,FREE_TRANSFER,free transfer,TRANSFERMARKT_EXPANDED
2023/24,2023,IN,391719,Domingos Quina,410,Udinese Calcio,1010,Watford FC,410,Udinese Calcio,PERMANENT_OR_OTHER_EXPLICIT,?,TRANSFERMARKT_EXPANDED
2023/24,2023,IN,682032,Marley Aké,410,Udinese Calcio,506,Juventus FC,410,Udinese Calcio,LOAN,loan transfer,TRANSFERMARKT_EXPANDED
2023/24,2023,IN,481623,João Ferreira,410,Udinese Calcio,1010,Watford FC,410,Udinese Calcio,LOAN,loan transfer,TRANSFERMARKT_EXPANDED
2023/24,2023,IN,654949,Sekou Diawara,410,Udinese Calcio,10959,Udinese Primavera,410,Udinese Calcio,PERMANENT_OR_OTHER_EXPLICIT,-,TRANSFERMARKT_EXPANDED
2023/24,2023,IN,112302,Roberto Pereyra,410,Udinese Calcio,515,Without Club,410,Udinese Calcio,FREE_AGENT_OR_END_OF_CONTRACT,-,TRANSFERMARKT_EXPANDED
2023/24,2023,IN,1009633,David Pejičić,410,Udinese Calcio,10959,Udinese Primavera,410,Udinese Calcio,PERMANENT_OR_OTHER_EXPLICIT,-,TRANSFERMARKT_EXPANDED
2023/24,2023,IN,612059,Edoardo Piana,410,Udinese Calcio,2721,US Alessandria Calcio 1912,410,Udinese Calcio,LOAN_RETURN_OR_END_OF_LOAN,End of loan 10/01/2024,TRANSFERMARKT_EXPANDED
2023/24,2023,IN,704709,Mattia Damiani,410,Udinese Calcio,4255,SS Arezzo,410,Udinese Calcio,LOAN_RETURN_OR_END_OF_LOAN,End of loan 30/06/2023,TRANSFERMARKT_EXPANDED
2023/24,2023,IN,574889,Simone Ianesi,410,Udinese Calcio,14888,US Città di Pontedera,410,Udinese Calcio,LOAN_RETURN_OR_END_OF_LOAN,End of loan 30/06/2023,TRANSFERMARKT_EXPANDED
2023/24,2023,IN,293168,Filip Benkovic,410,Udinese Calcio,23,Eintracht Braunschweig,410,Udinese Calcio,LOAN_RETURN_OR_END_OF_LOAN,End of loan 30/06/2023,TRANSFERMARKT_EXPANDED
2023/24,2023,IN,617170,Martin Palumbo,410,Udinese Calcio,41101,Juventus Next Gen,410,Udinese Calcio,LOAN_RETURN_OR_END_OF_LOAN,End of loan 30/06/2023,TRANSFERMARKT_EXPANDED
2023/24,2023,IN,290017,Hassane Kamara,410,Udinese Calcio,1010,Watford FC,410,Udinese Calcio,LOAN_RETURN_OR_END_OF_LOAN,End of loan 30/06/2023,TRANSFERMARKT_EXPANDED
2023/24,2023,IN,648032,James Abankwah,410,Udinese Calcio,358,Charlton Athletic,410,Udinese Calcio,LOAN_RETURN_OR_END_OF_LOAN,End of loan 29/01/2024,TRANSFERMARKT_EXPANDED
2023/24,2023,IN,339707,Cristo,410,Udinese Calcio,2448,Sporting Gijón,410,Udinese Calcio,LOAN_RETURN_OR_END_OF_LOAN,End of loan 30/06/2023,TRANSFERMARKT_EXPANDED
2023/24,2023,IN,465279,Marco Ballarini,410,Udinese Calcio,4095,AC Trento,410,Udinese Calcio,LOAN_RETURN_OR_END_OF_LOAN,End of loan 30/06/2023,TRANSFERMARKT_EXPANDED
2023/24,2023,OUT,595809,Beto,410,Udinese Calcio,410,Udinese Calcio,29,Everton FC,PERMANENT_OR_OTHER_EXPLICIT,€25.00m,TRANSFERMARKT_EXPANDED
2023/24,2023,OUT,410158,Rodrigo Becão,410,Udinese Calcio,410,Udinese Calcio,36,Fenerbahce,PERMANENT_OR_OTHER_EXPLICIT,€8.31m,TRANSFERMARKT_EXPANDED
2023/24,2023,OUT,617170,Martin Palumbo,410,Udinese Calcio,410,Udinese Calcio,41101,Juventus Next Gen,PERMANENT_OR_OTHER_EXPLICIT,€785k,TRANSFERMARKT_EXPANDED
2023/24,2023,OUT,293168,Filip Benkovic,410,Udinese Calcio,410,Udinese Calcio,449,Trabzonspor,LOAN,Loan fee: €500k,TRANSFERMARKT_EXPANDED
2023/24,2023,OUT,54581,Ilija Nestorovski,410,Udinese Calcio,410,Udinese Calcio,408,Ascoli Calcio,FREE_TRANSFER,free transfer,TRANSFERMARKT_EXPANDED
2023/24,2023,OUT,704709,Mattia Damiani,410,Udinese Calcio,410,Udinese Calcio,4255,SS Arezzo,FREE_TRANSFER,free transfer,TRANSFERMARKT_EXPANDED
2023/24,2023,OUT,339707,Cristo,410,Udinese Calcio,410,Udinese Calcio,8024,FC Arouca,FREE_TRANSFER,free transfer,TRANSFERMARKT_EXPANDED
2023/24,2023,OUT,53536,Tolgay Arslan,410,Udinese Calcio,410,Udinese Calcio,25580,Melbourne City FC,FREE_TRANSFER,free transfer,TRANSFERMARKT_EXPANDED
2023/24,2023,OUT,465279,Marco Ballarini,410,Udinese Calcio,410,Udinese Calcio,4271,US Triestina,LOAN,loan transfer,TRANSFERMARKT_EXPANDED
2023/24,2023,OUT,925584,Axel Guessand,410,Udinese Calcio,410,Udinese Calcio,724,FC Volendam,LOAN,loan transfer,TRANSFERMARKT_EXPANDED
2023/24,2023,OUT,854325,Étienne Camara,410,Udinese Calcio,410,Udinese Calcio,172,Royal Charleroi SC,PERMANENT_OR_OTHER_EXPLICIT,?,TRANSFERMARKT_EXPANDED
2023/24,2023,OUT,612059,Edoardo Piana,410,Udinese Calcio,410,Udinese Calcio,2721,US Alessandria Calcio 1912,LOAN,loan transfer,TRANSFERMARKT_EXPANDED
2023/24,2023,OUT,1014243,Vivaldo Semedo,410,Udinese Calcio,410,Udinese Calcio,724,FC Volendam,LOAN,loan transfer,TRANSFERMARKT_EXPANDED
2023/24,2023,OUT,648032,James Abankwah,410,Udinese Calcio,410,Udinese Calcio,358,Charlton Athletic,LOAN,loan transfer,TRANSFERMARKT_EXPANDED
2023/24,2023,OUT,876400,Simone Pafundi,410,Udinese Calcio,410,Udinese Calcio,527,FC Lausanne-Sport,LOAN,loan transfer,TRANSFERMARKT_EXPANDED
2023/24,2023,OUT,654949,Sekou Diawara,410,Udinese Calcio,410,Udinese Calcio,41274,Beerschot VA,LOAN,loan transfer,TRANSFERMARKT_EXPANDED
2023/24,2023,OUT,391719,Domingos Quina,410,Udinese Calcio,410,Udinese Calcio,6912,FC Vizela,LOAN,loan transfer,TRANSFERMARKT_EXPANDED
2023/24,2023,OUT,286949,Adam Masina,410,Udinese Calcio,410,Udinese Calcio,416,Torino FC,LOAN,loan transfer,TRANSFERMARKT_EXPANDED
2023/24,2023,OUT,612059,Edoardo Piana,410,Udinese Calcio,410,Udinese Calcio,1104,ACR Messina,LOAN,loan transfer,TRANSFERMARKT_EXPANDED
2023/24,2023,OUT,112302,Roberto Pereyra,410,Udinese Calcio,410,Udinese Calcio,515,Without Club,FREE_AGENT_OR_END_OF_CONTRACT,-,TRANSFERMARKT_EXPANDED
2023/24,2023,OUT,92899,Marvin Zeegelaar,410,Udinese Calcio,410,Udinese Calcio,,Retired,RETIREMENT,-,TRANSFERMARKT_EXPANDED
2023/24,2023,OUT,574889,Simone Ianesi,410,Udinese Calcio,410,Udinese Calcio,14888,US Città di Pontedera,PERMANENT_OR_OTHER_EXPLICIT,-,TRANSFERMARKT_EXPANDED
2023/24,2023,OUT,653415,Leonardo Buta,410,Udinese Calcio,410,Udinese Calcio,2424,Gil Vicente FC,LOAN,loan transfer,TRANSFERMARKT_EXPANDED
2023/24,2023,OUT,682032,Marley Aké,410,Udinese Calcio,410,Udinese Calcio,506,Juventus FC,LOAN_RETURN_OR_END_OF_LOAN,End of loan 17/01/2024,TRANSFERMARKT_EXPANDED
2023/24,2023,OUT,556385,Destiny Udogie,410,Udinese Calcio,410,Udinese Calcio,148,Tottenham Hotspur,LOAN_RETURN_OR_END_OF_LOAN,End of loan 30/06/2023,TRANSFERMARKT_EXPANDED
2023/24,2023,IN,315865,Andrea Pinamonti,6574,US Sassuolo,46,Inter Milan,6574,US Sassuolo,PERMANENT_OR_OTHER_EXPLICIT,€20.00m,TRANSFERMARKT_EXPANDED
2023/24,2023,IN,746891,Cristian Volpato,6574,US Sassuolo,12,AS Roma,6574,US Sassuolo,PERMANENT_OR_OTHER_EXPLICIT,€7.50m,TRANSFERMARKT_EXPANDED
2023/24,2023,IN,567129,Josh Doig,6574,US Sassuolo,276,Hellas Verona,6574,US Sassuolo,PERMANENT_OR_OTHER_EXPLICIT,€6.75m,TRANSFERMARKT_EXPANDED
2023/24,2023,IN,441515,Daniel Boloca,6574,US Sassuolo,8970,Frosinone Calcio,6574,US Sassuolo,PERMANENT_OR_OTHER_EXPLICIT,€6.50m,TRANSFERMARKT_EXPANDED
2023/24,2023,IN,390177,Nedim Bajrami,6574,US Sassuolo,749,FC Empoli,6574,US Sassuolo,PERMANENT_OR_OTHER_EXPLICIT,€6.00m,TRANSFERMARKT_EXPANDED
2023/24,2023,IN,457422,Samuele Mulattieri,6574,US Sassuolo,46,Inter Milan,6574,US Sassuolo,PERMANENT_OR_OTHER_EXPLICIT,€5.30m,TRANSFERMARKT_EXPANDED
2023/24,2023,IN,724106,Luca Lipani,6574,US Sassuolo,252,Genoa CFC,6574,US Sassuolo,PERMANENT_OR_OTHER_EXPLICIT,€4.55m,TRANSFERMARKT_EXPANDED
2023/24,2023,IN,650993,Filippo Missori,6574,US Sassuolo,12,AS Roma,6574,US Sassuolo,PERMANENT_OR_OTHER_EXPLICIT,€2.50m,TRANSFERMARKT_EXPANDED
2023/24,2023,IN,417575,Uros Racic,6574,US Sassuolo,1049,Valencia CF,6574,US Sassuolo,PERMANENT_OR_OTHER_EXPLICIT,€2.50m,TRANSFERMARKT_EXPANDED
2023/24,2023,IN,583404,Marcus Pedersen,6574,US Sassuolo,234,Feyenoord Rotterdam,6574,US Sassuolo,LOAN,Loan fee: €1.00m,TRANSFERMARKT_EXPANDED
2023/24,2023,IN,493702,Mattia Viti,6574,US Sassuolo,417,OGC Nice,6574,US Sassuolo,LOAN,Loan fee: €510k,TRANSFERMARKT_EXPANDED
2023/24,2023,IN,195171,Samu Castillejo,6574,US Sassuolo,1049,Valencia CF,6574,US Sassuolo,LOAN,loan transfer,TRANSFERMARKT_EXPANDED
2023/24,2023,IN,12907,Alessio Cragno,6574,US Sassuolo,2919,AC Monza,6574,US Sassuolo,LOAN,loan transfer,TRANSFERMARKT_EXPANDED
2023/24,2023,IN,439072,Matías Viña,6574,US Sassuolo,12,AS Roma,6574,US Sassuolo,LOAN,loan transfer,TRANSFERMARKT_EXPANDED
2023/24,2023,IN,371371,Marash Kumbulla,6574,US Sassuolo,12,AS Roma,6574,US Sassuolo,LOAN,loan transfer,TRANSFERMARKT_EXPANDED
2023/24,2023,IN,691825,Edoardo Pieragnolo,6574,US Sassuolo,19114,Sassuolo Primavera,6574,US Sassuolo,PERMANENT_OR_OTHER_EXPLICIT,-,TRANSFERMARKT_EXPANDED
2023/24,2023,IN,659648,Gioele Zacchi,6574,US Sassuolo,19114,Sassuolo Primavera,6574,US Sassuolo,PERMANENT_OR_OTHER_EXPLICIT,-,TRANSFERMARKT_EXPANDED
2023/24,2023,IN,734898,Kevin Miranda,6574,US Sassuolo,19114,Sassuolo Primavera,6574,US Sassuolo,PERMANENT_OR_OTHER_EXPLICIT,-,TRANSFERMARKT_EXPANDED
2023/24,2023,IN,650988,Bryan Bonucci,6574,US Sassuolo,27561,US Adriese 1906,6574,US Sassuolo,LOAN_RETURN_OR_END_OF_LOAN,End of loan 30/06/2023,TRANSFERMARKT_EXPANDED
2023/24,2023,IN,467354,Matteo Campani,6574,US Sassuolo,7030,Vis Pesaro 1898,6574,US Sassuolo,LOAN_RETURN_OR_END_OF_LOAN,End of loan 30/06/2023,TRANSFERMARKT_EXPANDED
2023/24,2023,IN,666005,Michele Forchignone,6574,US Sassuolo,1627,Catania FC,6574,US Sassuolo,LOAN_RETURN_OR_END_OF_LOAN,End of loan 30/06/2023,TRANSFERMARKT_EXPANDED
2023/24,2023,IN,547827,Andrei Mărginean,6574,US Sassuolo,6692,Novara FC,6574,US Sassuolo,LOAN_RETURN_OR_END_OF_LOAN,End of loan 30/06/2023,TRANSFERMARKT_EXPANDED
2023/24,2023,IN,323255,Giacomo Satalino,6574,US Sassuolo,4159,Carrarese Calcio 1908,6574,US Sassuolo,LOAN_RETURN_OR_END_OF_LOAN,End of loan 30/06/2023,TRANSFERMARKT_EXPANDED
2023/24,2023,IN,604579,Alessandro Mercati,6574,US Sassuolo,4159,Carrarese Calcio 1908,6574,US Sassuolo,LOAN_RETURN_OR_END_OF_LOAN,End of loan 30/06/2023,TRANSFERMARKT_EXPANDED
2023/24,2023,IN,502475,Samuele Vitale,6574,US Sassuolo,30326,Gelbison,6574,US Sassuolo,LOAN_RETURN_OR_END_OF_LOAN,End of loan 30/06/2023,TRANSFERMARKT_EXPANDED
2023/24,2023,IN,655525,Yeferson Paz,6574,US Sassuolo,839,AC Perugia Calcio,6574,US Sassuolo,LOAN_RETURN_OR_END_OF_LOAN,End of loan 30/06/2023,TRANSFERMARKT_EXPANDED
2023/24,2023,IN,392570,Marco Sala,6574,US Sassuolo,458,Palermo FC,6574,US Sassuolo,LOAN_RETURN_OR_END_OF_LOAN,End of loan 30/06/2023,TRANSFERMARKT_EXPANDED
2023/24,2023,IN,613129,Christian Aucelli,6574,US Sassuolo,7030,Vis Pesaro 1898,6574,US Sassuolo,LOAN_RETURN_OR_END_OF_LOAN,End of loan 30/06/2023,TRANSFERMARKT_EXPANDED
2023/24,2023,IN,586429,Ryan Flamingo,6574,US Sassuolo,499,Vitesse Arnhem,6574,US Sassuolo,LOAN_RETURN_OR_END_OF_LOAN,End of loan 30/06/2023,TRANSFERMARKT_EXPANDED
2023/24,2023,IN,546627,Jacopo Pellegrini,6574,US Sassuolo,5621,AC Reggiana 1919,6574,US Sassuolo,LOAN_RETURN_OR_END_OF_LOAN,End of loan 30/06/2023,TRANSFERMARKT_EXPANDED
2023/24,2023,IN,543666,Stefano Turati,6574,US Sassuolo,8970,Frosinone Calcio,6574,US Sassuolo,LOAN_RETURN_OR_END_OF_LOAN,End of loan 30/06/2023,TRANSFERMARKT_EXPANDED
2023/24,2023,IN,600936,Luca Moro,6574,US Sassuolo,8970,Frosinone Calcio,6574,US Sassuolo,LOAN_RETURN_OR_END_OF_LOAN,End of loan 30/06/2023,TRANSFERMARKT_EXPANDED
2023/24,2023,IN,459953,Giacomo Manzari,6574,US Sassuolo,8970,Frosinone Calcio,6574,US Sassuolo,LOAN_RETURN_OR_END_OF_LOAN,End of loan 30/06/2023,TRANSFERMARKT_EXPANDED
2023/24,2023,IN,265088,Manuel Locatelli,6574,US Sassuolo,506,Juventus FC,6574,US Sassuolo,LOAN_RETURN_OR_END_OF_LOAN,End of loan 30/06/2023,TRANSFERMARKT_EXPANDED
2023/24,2023,IN,459953,Giacomo Manzari,6574,US Sassuolo,408,Ascoli Calcio,6574,US Sassuolo,LOAN_RETURN_OR_END_OF_LOAN,End of loan 29/01/2024,TRANSFERMARKT_EXPANDED
2023/24,2023,IN,476066,Matteo Pinelli,6574,US Sassuolo,4085,Fidelis Andria 2018,6574,US Sassuolo,LOAN_RETURN_OR_END_OF_LOAN,End of loan 30/06/2023,TRANSFERMARKT_EXPANDED
2023/24,2023,IN,405885,Giacomo Raspadori,6574,US Sassuolo,6195,SSC Napoli,6574,US Sassuolo,LOAN_RETURN_OR_END_OF_LOAN,End of loan 30/06/2023,TRANSFERMARKT_EXPANDED
2023/24,2023,IN,567469,Alessandro Barbetta,6574,US Sassuolo,34499,US Pianese,6574,US Sassuolo,LOAN_RETURN_OR_END_OF_LOAN,End of loan 30/06/2023,TRANSFERMARKT_EXPANDED
2023/24,2023,IN,658244,Luigi Samele,6574,US Sassuolo,22249,Audace Cerignola,6574,US Sassuolo,LOAN_RETURN_OR_END_OF_LOAN,End of loan 30/06/2023,TRANSFERMARKT_EXPANDED
2023/24,2023,IN,628558,Riccardo Ciervo,6574,US Sassuolo,607,Venezia FC,6574,US Sassuolo,LOAN_RETURN_OR_END_OF_LOAN,End of loan 30/06/2023,TRANSFERMARKT_EXPANDED
2023/24,2023,IN,538974,Janis Antiste,6574,US Sassuolo,1416,Amiens SC,6574,US Sassuolo,LOAN_RETURN_OR_END_OF_LOAN,End of loan 30/06/2023,TRANSFERMARKT_EXPANDED
2023/24,2023,IN,119031,Kaan Ayhan,6574,US Sassuolo,141,Galatasaray,6574,US Sassuolo,LOAN_RETURN_OR_END_OF_LOAN,End of loan 30/06/2023,TRANSFERMARKT_EXPANDED
2023/24,2023,IN,311178,Georgios Kyriakopoulos,6574,US Sassuolo,1025,Bologna FC 1909,6574,US Sassuolo,LOAN_RETURN_OR_END_OF_LOAN,End of loan 30/06/2023,TRANSFERMARKT_EXPANDED
2023/24,2023,IN,391065,Hamed Traoré,6574,US Sassuolo,989,AFC Bournemouth,6574,US Sassuolo,LOAN_RETURN_OR_END_OF_LOAN,End of loan 30/06/2023,TRANSFERMARKT_EXPANDED
2023/24,2023,IN,557132,Matteo Saccani,6574,US Sassuolo,4553,US Pergolettese 1932,6574,US Sassuolo,LOAN_RETURN_OR_END_OF_LOAN,End of loan 30/06/2023,TRANSFERMARKT_EXPANDED
2023/24,2023,IN,546176,Brian Oddei,6574,US Sassuolo,11083,NK Rudes,6574,US Sassuolo,LOAN_RETURN_OR_END_OF_LOAN,End of loan 30/06/2023,TRANSFERMARKT_EXPANDED
2023/24,2023,IN,658244,Luigi Samele,6574,US Sassuolo,4093,Taranto SS,6574,US Sassuolo,LOAN_RETURN_OR_END_OF_LOAN,End of loan 31/01/2024,TRANSFERMARKT_EXPANDED
2023/24,2023,OUT,265088,Manuel Locatelli,6574,US Sassuolo,6574,US Sassuolo,506,Juventus FC,PERMANENT_OR_OTHER_EXPLICIT,€36.40m,TRANSFERMARKT_EXPANDED
2023/24,2023,OUT,405885,Giacomo Raspadori,6574,US Sassuolo,6574,US Sassuolo,6195,SSC Napoli,PERMANENT_OR_OTHER_EXPLICIT,€28.00m,TRANSFERMARKT_EXPANDED
2023/24,2023,OUT,391065,Hamed Traoré,6574,US Sassuolo,6574,US Sassuolo,989,AFC Bournemouth,PERMANENT_OR_OTHER_EXPLICIT,€25.62m,TRANSFERMARKT_EXPANDED
2023/24,2023,OUT,401527,Rogério,6574,US Sassuolo,6574,US Sassuolo,82,VfL Wolfsburg,PERMANENT_OR_OTHER_EXPLICIT,€5.50m,TRANSFERMARKT_EXPANDED
2023/24,2023,OUT,394300,Davide Frattesi,6574,US Sassuolo,6574,US Sassuolo,46,Inter Milan,LOAN,Loan fee: €5.00m,TRANSFERMARKT_EXPANDED
2023/24,2023,OUT,353922,Mert Müldür,6574,US Sassuolo,6574,US Sassuolo,36,Fenerbahce,PERMANENT_OR_OTHER_EXPLICIT,€3.00m,TRANSFERMARKT_EXPANDED
2023/24,2023,OUT,119031,Kaan Ayhan,6574,US Sassuolo,6574,US Sassuolo,141,Galatasaray,PERMANENT_OR_OTHER_EXPLICIT,€2.80m,TRANSFERMARKT_EXPANDED
2023/24,2023,OUT,297645,Riccardo Marchizza,6574,US Sassuolo,6574,US Sassuolo,8970,Frosinone Calcio,PERMANENT_OR_OTHER_EXPLICIT,€1.30m,TRANSFERMARKT_EXPANDED
2023/24,2023,OUT,290862,Maxime Lopez,6574,US Sassuolo,6574,US Sassuolo,430,ACF Fiorentina,LOAN,Loan fee: €1.00m,TRANSFERMARKT_EXPANDED
2023/24,2023,OUT,416386,Abdou Harroui,6574,US Sassuolo,6574,US Sassuolo,8970,Frosinone Calcio,PERMANENT_OR_OTHER_EXPLICIT,€700k,TRANSFERMARKT_EXPANDED
2023/24,2023,OUT,691825,Edoardo Pieragnolo,6574,US Sassuolo,6574,US Sassuolo,5621,AC Reggiana 1919,LOAN,Loan fee: €18k,TRANSFERMARKT_EXPANDED
2023/24,2023,OUT,546176,Brian Oddei,6574,US Sassuolo,6574,US Sassuolo,11083,NK Rudes,PERMANENT_OR_OTHER_EXPLICIT,€1k,TRANSFERMARKT_EXPANDED
2023/24,2023,OUT,567469,Alessandro Barbetta,6574,US Sassuolo,6574,US Sassuolo,27609,Calcio Budoni,FREE_TRANSFER,free transfer,TRANSFERMARKT_EXPANDED
2023/24,2023,OUT,467354,Matteo Campani,6574,US Sassuolo,6574,US Sassuolo,4172,Pisa Sporting Club,FREE_TRANSFER,free transfer,TRANSFERMARKT_EXPANDED
2023/24,2023,OUT,502475,Samuele Vitale,6574,US Sassuolo,6574,US Sassuolo,33734,SS Monopoli 1966,FREE_TRANSFER,free transfer,TRANSFERMARKT_EXPANDED
2023/24,2023,OUT,392570,Marco Sala,6574,US Sassuolo,6574,US Sassuolo,1047,Como 1907,FREE_TRANSFER,free transfer,TRANSFERMARKT_EXPANDED
2023/24,2023,OUT,666005,Michele Forchignone,6574,US Sassuolo,6574,US Sassuolo,8373,Siracusa Calcio,FREE_TRANSFER,free transfer,TRANSFERMARKT_EXPANDED
2023/24,2023,OUT,655525,Yeferson Paz,6574,US Sassuolo,6574,US Sassuolo,839,AC Perugia Calcio,LOAN,loan transfer,TRANSFERMARKT_EXPANDED
2023/24,2023,OUT,812625,Agustín Álvarez,6574,US Sassuolo,6574,US Sassuolo,1038,UC Sampdoria,LOAN,loan transfer,TRANSFERMARKT_EXPANDED
2023/24,2023,OUT,543666,Stefano Turati,6574,US Sassuolo,6574,US Sassuolo,8970,Frosinone Calcio,LOAN,loan transfer,TRANSFERMARKT_EXPANDED
2023/24,2023,OUT,557132,Matteo Saccani,6574,US Sassuolo,6574,US Sassuolo,4096,FC Turris 1944,LOAN,loan transfer,TRANSFERMARKT_EXPANDED
2023/24,2023,OUT,311178,Georgios Kyriakopoulos,6574,US Sassuolo,6574,US Sassuolo,2919,AC Monza,LOAN,loan transfer,TRANSFERMARKT_EXPANDED
2023/24,2023,OUT,604579,Alessandro Mercati,6574,US Sassuolo,6574,US Sassuolo,4326,AS Gubbio 1910,LOAN,loan transfer,TRANSFERMARKT_EXPANDED
2023/24,2023,OUT,546627,Jacopo Pellegrini,6574,US Sassuolo,6574,US Sassuolo,2655,LR Vicenza,LOAN,loan transfer,TRANSFERMARKT_EXPANDED
2023/24,2023,OUT,628558,Riccardo Ciervo,6574,US Sassuolo,6574,US Sassuolo,4554,FC Südtirol,LOAN,loan transfer,TRANSFERMARKT_EXPANDED
2023/24,2023,OUT,481344,Alessandro Russo,6574,US Sassuolo,6574,US Sassuolo,4095,AC Trento,LOAN,loan transfer,TRANSFERMARKT_EXPANDED
2023/24,2023,OUT,600936,Luca Moro,6574,US Sassuolo,6574,US Sassuolo,3522,Spezia Calcio,LOAN,loan transfer,TRANSFERMARKT_EXPANDED
2023/24,2023,OUT,659648,Gioele Zacchi,6574,US Sassuolo,6574,US Sassuolo,44223,AS Giana Erminio,LOAN,loan transfer,TRANSFERMARKT_EXPANDED
2023/24,2023,OUT,658244,Luigi Samele,6574,US Sassuolo,6574,US Sassuolo,4093,Taranto SS,LOAN,loan transfer,TRANSFERMARKT_EXPANDED
2023/24,2023,OUT,459953,Giacomo Manzari,6574,US Sassuolo,6574,US Sassuolo,408,Ascoli Calcio,LOAN,loan transfer,TRANSFERMARKT_EXPANDED
2023/24,2023,OUT,256678,Filippo Romagna,6574,US Sassuolo,6574,US Sassuolo,5621,AC Reggiana 1919,LOAN,loan transfer,TRANSFERMARKT_EXPANDED
2023/24,2023,OUT,323255,Giacomo Satalino,6574,US Sassuolo,6574,US Sassuolo,5621,AC Reggiana 1919,LOAN,loan transfer,TRANSFERMARKT_EXPANDED
2023/24,2023,OUT,725242,Luca D'Andrea,6574,US Sassuolo,6574,US Sassuolo,4097,US Catanzaro,LOAN,loan transfer,TRANSFERMARKT_EXPANDED
2023/24,2023,OUT,547827,Andrei Mărginean,6574,US Sassuolo,6574,US Sassuolo,1103,Ternana Calcio,LOAN,loan transfer,TRANSFERMARKT_EXPANDED
2023/24,2023,OUT,586429,Ryan Flamingo,6574,US Sassuolo,6574,US Sassuolo,200,FC Utrecht,LOAN,loan transfer,TRANSFERMARKT_EXPANDED
2023/24,2023,OUT,613129,Christian Aucelli,6574,US Sassuolo,6574,US Sassuolo,4553,US Pergolettese 1932,LOAN,loan transfer,TRANSFERMARKT_EXPANDED
2023/24,2023,OUT,650988,Bryan Bonucci,6574,US Sassuolo,6574,US Sassuolo,46664,Cjarlins Muzane,LOAN,loan transfer,TRANSFERMARKT_EXPANDED
2023/24,2023,OUT,734898,Kevin Miranda,6574,US Sassuolo,6574,US Sassuolo,4097,US Catanzaro,LOAN,loan transfer,TRANSFERMARKT_EXPANDED
2023/24,2023,OUT,538974,Janis Antiste,6574,US Sassuolo,6574,US Sassuolo,5621,AC Reggiana 1919,LOAN,loan transfer,TRANSFERMARKT_EXPANDED
2023/24,2023,OUT,459953,Giacomo Manzari,6574,US Sassuolo,6574,US Sassuolo,9439,Feralpisalò,LOAN,loan transfer,TRANSFERMARKT_EXPANDED
2023/24,2023,OUT,658244,Luigi Samele,6574,US Sassuolo,6574,US Sassuolo,2721,US Alessandria Calcio 1912,LOAN,loan transfer,TRANSFERMARKT_EXPANDED
2023/24,2023,OUT,476066,Matteo Pinelli,6574,US Sassuolo,6574,US Sassuolo,515,Without Club,FREE_AGENT_OR_END_OF_CONTRACT,-,TRANSFERMARKT_EXPANDED
2023/24,2023,OUT,392966,Nadir Zortea,6574,US Sassuolo,6574,US Sassuolo,800,Atalanta BC,LOAN_RETURN_OR_END_OF_LOAN,End of loan 30/06/2023,TRANSFERMARKT_EXPANDED
2023/24,2023,OUT,390177,Nedim Bajrami,6574,US Sassuolo,6574,US Sassuolo,749,FC Empoli,LOAN_RETURN_OR_END_OF_LOAN,End of loan 30/06/2023,TRANSFERMARKT_EXPANDED
2023/24,2023,OUT,439072,Matías Viña,6574,US Sassuolo,6574,US Sassuolo,12,AS Roma,LOAN_RETURN_OR_END_OF_LOAN,End of loan 24/01/2024,TRANSFERMARKT_EXPANDED
2023/24,2023,OUT,315865,Andrea Pinamonti,6574,US Sassuolo,6574,US Sassuolo,46,Inter Milan,LOAN_RETURN_OR_END_OF_LOAN,End of loan 30/06/2023,TRANSFERMARKT_EXPANDED
2023/24,2023,IN,345458,Sebastian Walukiewicz,749,FC Empoli,1390,Cagliari Calcio,749,FC Empoli,PERMANENT_OR_OTHER_EXPLICIT,€4.50m,TRANSFERMARKT_EXPANDED
2023/24,2023,IN,278531,Sebastiano Luperto,749,FC Empoli,6195,SSC Napoli,749,FC Empoli,PERMANENT_OR_OTHER_EXPLICIT,€2.50m,TRANSFERMARKT_EXPANDED
2023/24,2023,IN,241076,Emmanuel Gyasi,749,FC Empoli,3522,Spezia Calcio,749,FC Empoli,PERMANENT_OR_OTHER_EXPLICIT,€2.00m,TRANSFERMARKT_EXPANDED
2023/24,2023,IN,84765,Francesco Caputo,749,FC Empoli,1038,UC Sampdoria,749,FC Empoli,PERMANENT_OR_OTHER_EXPLICIT,€1.50m,TRANSFERMARKT_EXPANDED
2023/24,2023,IN,550106,Matteo Cancellieri,749,FC Empoli,398,SS Lazio,749,FC Empoli,LOAN,Loan fee: €1.00m,TRANSFERMARKT_EXPANDED
2023/24,2023,IN,421873,Elia Caprile,749,FC Empoli,6195,SSC Napoli,749,FC Empoli,LOAN,Loan fee: €500k,TRANSFERMARKT_EXPANDED
2023/24,2023,IN,489611,Filippo Ranocchia,749,FC Empoli,506,Juventus FC,749,FC Empoli,LOAN,Loan fee: €500k,TRANSFERMARKT_EXPANDED
2023/24,2023,IN,906160,Saba Goglichidze,749,FC Empoli,253,Torpedo Kutaisi,749,FC Empoli,PERMANENT_OR_OTHER_EXPLICIT,€450k,TRANSFERMARKT_EXPANDED
2023/24,2023,IN,157501,M'Baye Niang,749,FC Empoli,3840,Adana Demirspor,749,FC Empoli,PERMANENT_OR_OTHER_EXPLICIT,€250k,TRANSFERMARKT_EXPANDED
2023/24,2023,IN,705063,Samuele Angori,749,FC Empoli,839,AC Perugia Calcio,749,FC Empoli,PERMANENT_OR_OTHER_EXPLICIT,€200k,TRANSFERMARKT_EXPANDED
2023/24,2023,IN,197473,Alberto Grassi,749,FC Empoli,130,Parma Calcio 1913,749,FC Empoli,FREE_TRANSFER,free transfer,TRANSFERMARKT_EXPANDED
2023/24,2023,IN,77825,Etrit Berisha,749,FC Empoli,416,Torino FC,749,FC Empoli,FREE_TRANSFER,free transfer,TRANSFERMARKT_EXPANDED
2023/24,2023,IN,336960,Giuseppe Pezzella,749,FC Empoli,130,Parma Calcio 1913,749,FC Empoli,FREE_TRANSFER,free transfer,TRANSFERMARKT_EXPANDED
2023/24,2023,IN,144143,Bartosz Bereszyński,749,FC Empoli,1038,UC Sampdoria,749,FC Empoli,LOAN,loan transfer,TRANSFERMARKT_EXPANDED
2023/24,2023,IN,324377,Youssef Maleh,749,FC Empoli,1005,US Lecce,749,FC Empoli,LOAN,loan transfer,TRANSFERMARKT_EXPANDED
2023/24,2023,IN,257751,Simone Bastoni,749,FC Empoli,3522,Spezia Calcio,749,FC Empoli,LOAN,loan transfer,TRANSFERMARKT_EXPANDED
2023/24,2023,IN,387234,Szymon Żurkowski,749,FC Empoli,3522,Spezia Calcio,749,FC Empoli,LOAN,loan transfer,TRANSFERMARKT_EXPANDED
2023/24,2023,IN,539134,Daniel Maldini,749,FC Empoli,5,AC Milan,749,FC Empoli,LOAN,loan transfer,TRANSFERMARKT_EXPANDED
2023/24,2023,IN,197751,Alberto Cerri,749,FC Empoli,1047,Como 1907,749,FC Empoli,LOAN,loan transfer,TRANSFERMARKT_EXPANDED
2023/24,2023,IN,931567,Stiven Shpendi,749,FC Empoli,1429,Cesena FC,749,FC Empoli,LOAN,loan transfer,TRANSFERMARKT_EXPANDED
2023/24,2023,IN,203842,Viktor Kovalenko,749,FC Empoli,800,Atalanta BC,749,FC Empoli,LOAN,loan transfer,TRANSFERMARKT_EXPANDED
2023/24,2023,IN,543771,Kristjan Asllani,749,FC Empoli,46,Inter Milan,749,FC Empoli,LOAN_RETURN_OR_END_OF_LOAN,End of loan 30/06/2023,TRANSFERMARKT_EXPANDED
2023/24,2023,IN,691476,Alessio Rossi,749,FC Empoli,39818,San Donato Tavarnelle,749,FC Empoli,LOAN_RETURN_OR_END_OF_LOAN,End of loan 30/06/2023,TRANSFERMARKT_EXPANDED
2023/24,2023,IN,467994,Luca Belardinelli,749,FC Empoli,4554,FC Südtirol,749,FC Empoli,LOAN_RETURN_OR_END_OF_LOAN,End of loan 30/06/2023,TRANSFERMARKT_EXPANDED
2023/24,2023,IN,641553,Alessio Rizza,749,FC Empoli,1408,Piacenza Calcio 1919,749,FC Empoli,LOAN_RETURN_OR_END_OF_LOAN,End of loan 30/06/2023,TRANSFERMARKT_EXPANDED
2023/24,2023,IN,672836,Nicolò Evangelisti,749,FC Empoli,4093,Taranto SS,749,FC Empoli,LOAN_RETURN_OR_END_OF_LOAN,End of loan 30/06/2023,TRANSFERMARKT_EXPANDED
2023/24,2023,IN,291522,Tommaso Fantacci,749,FC Empoli,46619,Arzignano Valchiampo,749,FC Empoli,LOAN_RETURN_OR_END_OF_LOAN,End of loan 30/06/2023,TRANSFERMARKT_EXPANDED
2023/24,2023,IN,525660,Francesco Donati,749,FC Empoli,408,Ascoli Calcio,749,FC Empoli,LOAN_RETURN_OR_END_OF_LOAN,End of loan 30/06/2023,TRANSFERMARKT_EXPANDED
2023/24,2023,IN,390177,Nedim Bajrami,749,FC Empoli,6574,US Sassuolo,749,FC Empoli,LOAN_RETURN_OR_END_OF_LOAN,End of loan 30/06/2023,TRANSFERMARKT_EXPANDED
2023/24,2023,IN,603891,Emmanuel Ekong,749,FC Empoli,839,AC Perugia Calcio,749,FC Empoli,LOAN_RETURN_OR_END_OF_LOAN,End of loan 30/06/2023,TRANSFERMARKT_EXPANDED
2023/24,2023,IN,391049,Gabriel Meli,749,FC Empoli,27624,US Recanatese,749,FC Empoli,LOAN_RETURN_OR_END_OF_LOAN,End of loan 24/05/2023,TRANSFERMARKT_EXPANDED
2023/24,2023,IN,603676,Leonardo Pezzola,749,FC Empoli,39818,San Donato Tavarnelle,749,FC Empoli,LOAN_RETURN_OR_END_OF_LOAN,End of loan 30/06/2023,TRANSFERMARKT_EXPANDED
2023/24,2023,IN,291400,Giovanni Crociata,749,FC Empoli,4084,AS Cittadella,749,FC Empoli,LOAN_RETURN_OR_END_OF_LOAN,End of loan 30/06/2023,TRANSFERMARKT_EXPANDED
2023/24,2023,IN,814439,Duccio Lazzeri,749,FC Empoli,80892,Polisportiva Firenze Ovest,749,FC Empoli,LOAN_RETURN_OR_END_OF_LOAN,End of loan 30/06/2023,TRANSFERMARKT_EXPANDED
2023/24,2023,IN,386914,Sam Lammers,749,FC Empoli,1038,UC Sampdoria,749,FC Empoli,LOAN_RETURN_OR_END_OF_LOAN,End of loan 29/06/2023,TRANSFERMARKT_EXPANDED
2023/24,2023,IN,134983,Andrea La Mantia,749,FC Empoli,2722,SPAL,749,FC Empoli,LOAN_RETURN_OR_END_OF_LOAN,End of loan 30/06/2023,TRANSFERMARKT_EXPANDED
2023/24,2023,IN,171159,Leo Stulac,749,FC Empoli,458,Palermo FC,749,FC Empoli,LOAN_RETURN_OR_END_OF_LOAN,End of loan 30/06/2023,TRANSFERMARKT_EXPANDED
2023/24,2023,IN,908787,Lorenzo Tropea,749,FC Empoli,1104,ACR Messina,749,FC Empoli,LOAN_RETURN_OR_END_OF_LOAN,End of loan 31/01/2024,TRANSFERMARKT_EXPANDED
2023/24,2023,IN,432088,Giacomo Siniega,749,FC Empoli,39818,San Donato Tavarnelle,749,FC Empoli,LOAN_RETURN_OR_END_OF_LOAN,End of loan 30/06/2023,TRANSFERMARKT_EXPANDED
2023/24,2023,IN,459697,Niccolò Chiorra,749,FC Empoli,2581,Mantova 1911,749,FC Empoli,LOAN_RETURN_OR_END_OF_LOAN,End of loan 30/06/2023,TRANSFERMARKT_EXPANDED
2023/24,2023,IN,525660,Francesco Donati,749,FC Empoli,5514,Calcio Lecco 1912,749,FC Empoli,LOAN_RETURN_OR_END_OF_LOAN,End of loan 12/01/2024,TRANSFERMARKT_EXPANDED
2023/24,2023,IN,707475,Giuseppe Filì,749,FC Empoli,1104,ACR Messina,749,FC Empoli,LOAN_RETURN_OR_END_OF_LOAN,End of loan 30/06/2023,TRANSFERMARKT_EXPANDED
2023/24,2023,OUT,286047,Guglielmo Vicario,749,FC Empoli,749,FC Empoli,148,Tottenham Hotspur,PERMANENT_OR_OTHER_EXPLICIT,€18.50m,TRANSFERMARKT_EXPANDED
2023/24,2023,OUT,543771,Kristjan Asllani,749,FC Empoli,749,FC Empoli,46,Inter Milan,PERMANENT_OR_OTHER_EXPLICIT,€15.70m,TRANSFERMARKT_EXPANDED
2023/24,2023,OUT,641537,Tommaso Baldanzi,749,FC Empoli,749,FC Empoli,12,AS Roma,PERMANENT_OR_OTHER_EXPLICIT,€11.50m,TRANSFERMARKT_EXPANDED
2023/24,2023,OUT,547985,Fabiano Parisi,749,FC Empoli,749,FC Empoli,430,ACF Fiorentina,PERMANENT_OR_OTHER_EXPLICIT,€10.00m,TRANSFERMARKT_EXPANDED
2023/24,2023,OUT,390177,Nedim Bajrami,749,FC Empoli,749,FC Empoli,6574,US Sassuolo,PERMANENT_OR_OTHER_EXPLICIT,€6.00m,TRANSFERMARKT_EXPANDED
2023/24,2023,OUT,240934,Filippo Bandinelli,749,FC Empoli,749,FC Empoli,3522,Spezia Calcio,PERMANENT_OR_OTHER_EXPLICIT,€2.50m,TRANSFERMARKT_EXPANDED
2023/24,2023,OUT,171159,Leo Stulac,749,FC Empoli,749,FC Empoli,458,Palermo FC,PERMANENT_OR_OTHER_EXPLICIT,€1.00m,TRANSFERMARKT_EXPANDED
2023/24,2023,OUT,134983,Andrea La Mantia,749,FC Empoli,749,FC Empoli,2722,SPAL,PERMANENT_OR_OTHER_EXPLICIT,€1.00m,TRANSFERMARKT_EXPANDED
2023/24,2023,OUT,391049,Gabriel Meli,749,FC Empoli,749,FC Empoli,27624,US Recanatese,FREE_TRANSFER,free transfer,TRANSFERMARKT_EXPANDED
2023/24,2023,OUT,707475,Giuseppe Filì,749,FC Empoli,749,FC Empoli,56697,United Riccione,FREE_TRANSFER,free transfer,TRANSFERMARKT_EXPANDED
2023/24,2023,OUT,814439,Duccio Lazzeri,749,FC Empoli,749,FC Empoli,80892,Polisportiva Firenze Ovest,FREE_TRANSFER,free transfer,TRANSFERMARKT_EXPANDED
2023/24,2023,OUT,291522,Tommaso Fantacci,749,FC Empoli,749,FC Empoli,45894,Monterosi Tuscia FC,FREE_TRANSFER,free transfer,TRANSFERMARKT_EXPANDED
2023/24,2023,OUT,603676,Leonardo Pezzola,749,FC Empoli,749,FC Empoli,4330,US Sambenedettese,FREE_TRANSFER,free transfer,TRANSFERMARKT_EXPANDED
2023/24,2023,OUT,672836,Nicolò Evangelisti,749,FC Empoli,749,FC Empoli,46337,Pineto Calcio,LOAN,loan transfer,TRANSFERMARKT_EXPANDED
2023/24,2023,OUT,432088,Giacomo Siniega,749,FC Empoli,749,FC Empoli,2253,SEF Torres 1903,LOAN,loan transfer,TRANSFERMARKT_EXPANDED
2023/24,2023,OUT,459697,Niccolò Chiorra,749,FC Empoli,749,FC Empoli,1253,Lucchese Calcio,LOAN,loan transfer,TRANSFERMARKT_EXPANDED
2023/24,2023,OUT,525660,Francesco Donati,749,FC Empoli,749,FC Empoli,5514,Calcio Lecco 1912,LOAN,loan transfer,TRANSFERMARKT_EXPANDED
2023/24,2023,OUT,525660,Francesco Donati,749,FC Empoli,749,FC Empoli,4255,SS Arezzo,LOAN,loan transfer,TRANSFERMARKT_EXPANDED
2023/24,2023,OUT,691476,Alessio Rossi,749,FC Empoli,749,FC Empoli,704,Calcio Foggia 1920,LOAN,loan transfer,TRANSFERMARKT_EXPANDED
2023/24,2023,OUT,908787,Lorenzo Tropea,749,FC Empoli,749,FC Empoli,6266,Cavese 1919,PERMANENT_OR_OTHER_EXPLICIT,?,TRANSFERMARKT_EXPANDED
2023/24,2023,OUT,641553,Alessio Rizza,749,FC Empoli,749,FC Empoli,4084,AS Cittadella,PERMANENT_OR_OTHER_EXPLICIT,?,TRANSFERMARKT_EXPANDED
2023/24,2023,OUT,291400,Giovanni Crociata,749,FC Empoli,749,FC Empoli,5514,Calcio Lecco 1912,PERMANENT_OR_OTHER_EXPLICIT,?,TRANSFERMARKT_EXPANDED
2023/24,2023,OUT,603891,Emmanuel Ekong,749,FC Empoli,749,FC Empoli,999,NK Istra 1961,LOAN,loan transfer,TRANSFERMARKT_EXPANDED
2023/24,2023,OUT,183841,Petar Stojanović,749,FC Empoli,749,FC Empoli,1038,UC Sampdoria,LOAN,loan transfer,TRANSFERMARKT_EXPANDED
2023/24,2023,OUT,705063,Samuele Angori,749,FC Empoli,749,FC Empoli,14888,US Città di Pontedera,LOAN,loan transfer,TRANSFERMARKT_EXPANDED
2023/24,2023,OUT,616169,Duccio Degli Innocenti,749,FC Empoli,749,FC Empoli,5514,Calcio Lecco 1912,LOAN,loan transfer,TRANSFERMARKT_EXPANDED
2023/24,2023,OUT,193867,Liam Henderson,749,FC Empoli,749,FC Empoli,458,Palermo FC,LOAN,loan transfer,TRANSFERMARKT_EXPANDED
2023/24,2023,OUT,192638,Nicolas Haas,749,FC Empoli,749,FC Empoli,434,FC Luzern,LOAN,loan transfer,TRANSFERMARKT_EXPANDED
2023/24,2023,OUT,728516,Lovro Stubljar,749,FC Empoli,749,FC Empoli,6248,NK Domzale,LOAN,loan transfer,TRANSFERMARKT_EXPANDED
2023/24,2023,OUT,745427,Gabriele Guarino,749,FC Empoli,749,FC Empoli,1385,Modena FC,LOAN,loan transfer,TRANSFERMARKT_EXPANDED
2023/24,2023,OUT,42744,Samir Ujkani,749,FC Empoli,749,FC Empoli,,Retired,RETIREMENT,-,TRANSFERMARKT_EXPANDED
2023/24,2023,OUT,490384,Koni De Winter,749,FC Empoli,749,FC Empoli,506,Juventus FC,LOAN_RETURN_OR_END_OF_LOAN,End of loan 30/06/2023,TRANSFERMARKT_EXPANDED
2023/24,2023,OUT,432092,Roberto Piccoli,749,FC Empoli,749,FC Empoli,800,Atalanta BC,LOAN_RETURN_OR_END_OF_LOAN,End of loan 31/08/2023,TRANSFERMARKT_EXPANDED
2023/24,2023,OUT,278531,Sebastiano Luperto,749,FC Empoli,749,FC Empoli,6195,SSC Napoli,LOAN_RETURN_OR_END_OF_LOAN,End of loan 30/06/2023,TRANSFERMARKT_EXPANDED
2023/24,2023,OUT,640109,Martín Satriano,749,FC Empoli,749,FC Empoli,46,Inter Milan,LOAN_RETURN_OR_END_OF_LOAN,End of loan 30/06/2023,TRANSFERMARKT_EXPANDED
2023/24,2023,OUT,170481,Jean-Daniel Akpa Akpro,749,FC Empoli,749,FC Empoli,398,SS Lazio,LOAN_RETURN_OR_END_OF_LOAN,End of loan 30/06/2023,TRANSFERMARKT_EXPANDED
2023/24,2023,OUT,394346,Emanuel Vignato,749,FC Empoli,749,FC Empoli,1025,Bologna FC 1909,LOAN_RETURN_OR_END_OF_LOAN,End of loan 30/06/2023,TRANSFERMARKT_EXPANDED
2023/24,2023,OUT,539134,Daniel Maldini,749,FC Empoli,749,FC Empoli,5,AC Milan,LOAN_RETURN_OR_END_OF_LOAN,End of loan 09/01/2024,TRANSFERMARKT_EXPANDED
2023/24,2023,OUT,489611,Filippo Ranocchia,749,FC Empoli,749,FC Empoli,506,Juventus FC,LOAN_RETURN_OR_END_OF_LOAN,End of loan 17/01/2024,TRANSFERMARKT_EXPANDED
2023/24,2023,OUT,84765,Francesco Caputo,749,FC Empoli,749,FC Empoli,1038,UC Sampdoria,LOAN_RETURN_OR_END_OF_LOAN,End of loan 30/06/2023,TRANSFERMARKT_EXPANDED
2023/24,2023,OUT,345458,Sebastian Walukiewicz,749,FC Empoli,749,FC Empoli,1390,Cagliari Calcio,LOAN_RETURN_OR_END_OF_LOAN,End of loan 30/06/2023,TRANSFERMARKT_EXPANDED
2023/24,2023,OUT,205940,Marko Pjaca,749,FC Empoli,749,FC Empoli,506,Juventus FC,LOAN_RETURN_OR_END_OF_LOAN,End of loan 30/06/2023,TRANSFERMARKT_EXPANDED
2023/24,2023,OUT,197473,Alberto Grassi,749,FC Empoli,749,FC Empoli,130,Parma Calcio 1913,LOAN_RETURN_OR_END_OF_LOAN,End of loan 30/06/2023,TRANSFERMARKT_EXPANDED
2023/24,2023,OUT,386914,Sam Lammers,749,FC Empoli,749,FC Empoli,800,Atalanta BC,LOAN_RETURN_OR_END_OF_LOAN,End of loan 30/06/2023,TRANSFERMARKT_EXPANDED
2023/24,2023,IN,626913,Boulaye Dia,380,US Salernitana 1919,1050,Villarreal CF,380,US Salernitana 1919,PERMANENT_OR_OTHER_EXPLICIT,€14.40m,TRANSFERMARKT_EXPANDED
2023/24,2023,IN,487834,Lorenzo Pirola,380,US Salernitana 1919,46,Inter Milan,380,US Salernitana 1919,PERMANENT_OR_OTHER_EXPLICIT,€5.00m,TRANSFERMARKT_EXPANDED
2023/24,2023,IN,607226,Loum Tchaouna,380,US Salernitana 1919,273,Stade Rennais FC,380,US Salernitana 1919,PERMANENT_OR_OTHER_EXPLICIT,€3.00m,TRANSFERMARKT_EXPANDED
2023/24,2023,IN,570466,Mateusz Łęgowski,380,US Salernitana 1919,324,Pogon Szczecin,380,US Salernitana 1919,PERMANENT_OR_OTHER_EXPLICIT,€3.00m,TRANSFERMARKT_EXPANDED
2023/24,2023,IN,929494,Chukwubuikem Ikwuemesi,380,US Salernitana 1919,710,NK Celje,380,US Salernitana 1919,PERMANENT_OR_OTHER_EXPLICIT,€1.80m,TRANSFERMARKT_EXPANDED
2023/24,2023,IN,25488,Antonio Candreva,380,US Salernitana 1919,1038,UC Sampdoria,380,US Salernitana 1919,PERMANENT_OR_OTHER_EXPLICIT,€500k,TRANSFERMARKT_EXPANDED
2023/24,2023,IN,732507,Agustín Martegani,380,US Salernitana 1919,1775,CA San Lorenzo de Almagro,380,US Salernitana 1919,LOAN,Loan fee: €400k,TRANSFERMARKT_EXPANDED
2023/24,2023,IN,470422,Triantafyllos Pasalidis,380,US Salernitana 1919,653,OFI Crete,380,US Salernitana 1919,PERMANENT_OR_OTHER_EXPLICIT,€250k,TRANSFERMARKT_EXPANDED
2023/24,2023,IN,880054,Trivante Stewart,380,US Salernitana 1919,68653,Mount Pleasant FA,380,US Salernitana 1919,PERMANENT_OR_OTHER_EXPLICIT,€100k,TRANSFERMARKT_EXPANDED
2023/24,2023,IN,397225,Alessandro Zanoli,380,US Salernitana 1919,6195,SSC Napoli,380,US Salernitana 1919,LOAN,Loan fee: €100k,TRANSFERMARKT_EXPANDED
2023/24,2023,IN,22628,Benoît Costil,380,US Salernitana 1919,1082,LOSC Lille,380,US Salernitana 1919,FREE_TRANSFER,free transfer,TRANSFERMARKT_EXPANDED
2023/24,2023,IN,448466,Jovane Cabral,380,US Salernitana 1919,336,Sporting CP,380,US Salernitana 1919,LOAN,loan transfer,TRANSFERMARKT_EXPANDED
2023/24,2023,IN,776303,Marco Pellegrino,380,US Salernitana 1919,5,AC Milan,380,US Salernitana 1919,LOAN,loan transfer,TRANSFERMARKT_EXPANDED
2023/24,2023,IN,534084,Niccolò Pierozzi,380,US Salernitana 1919,430,ACF Fiorentina,380,US Salernitana 1919,LOAN,loan transfer,TRANSFERMARKT_EXPANDED
2023/24,2023,IN,334835,Toma Bašić,380,US Salernitana 1919,398,SS Lazio,380,US Salernitana 1919,LOAN,loan transfer,TRANSFERMARKT_EXPANDED
2023/24,2023,IN,394346,Emanuel Vignato,380,US Salernitana 1919,4172,Pisa Sporting Club,380,US Salernitana 1919,LOAN,loan transfer,TRANSFERMARKT_EXPANDED
2023/24,2023,IN,693352,Iron Gomis,380,US Salernitana 1919,10484,Kasimpasa,380,US Salernitana 1919,LOAN,loan transfer,TRANSFERMARKT_EXPANDED
2023/24,2023,IN,247652,Shon Weissman,380,US Salernitana 1919,16795,Granada CF,380,US Salernitana 1919,LOAN,loan transfer,TRANSFERMARKT_EXPANDED
2023/24,2023,IN,104752,Konstantinos Manolas,380,US Salernitana 1919,515,Without Club,380,US Salernitana 1919,FREE_AGENT_OR_END_OF_CONTRACT,-,TRANSFERMARKT_EXPANDED
2023/24,2023,IN,26485,Jérôme Boateng,380,US Salernitana 1919,515,Without Club,380,US Salernitana 1919,FREE_AGENT_OR_END_OF_CONTRACT,-,TRANSFERMARKT_EXPANDED
2023/24,2023,IN,901980,Pasquale Allocca,380,US Salernitana 1919,14968,Salernitana Primavera,380,US Salernitana 1919,PERMANENT_OR_OTHER_EXPLICIT,-,TRANSFERMARKT_EXPANDED
2023/24,2023,IN,324378,Valerio Mantovani,380,US Salernitana 1919,1103,Ternana Calcio,380,US Salernitana 1919,LOAN_RETURN_OR_END_OF_LOAN,End of loan 30/06/2023,TRANSFERMARKT_EXPANDED
2023/24,2023,IN,226058,Luka Bogdan,380,US Salernitana 1919,1103,Ternana Calcio,380,US Salernitana 1919,LOAN_RETURN_OR_END_OF_LOAN,End of loan 30/06/2023,TRANSFERMARKT_EXPANDED
2023/24,2023,IN,724437,Kaleb Jiménez,380,US Salernitana 1919,2655,LR Vicenza,380,US Salernitana 1919,LOAN_RETURN_OR_END_OF_LOAN,End of loan 31/01/2024,TRANSFERMARKT_EXPANDED
2023/24,2023,IN,472161,Mamadou Coulibaly,380,US Salernitana 1919,1103,Ternana Calcio,380,US Salernitana 1919,LOAN_RETURN_OR_END_OF_LOAN,End of loan 30/06/2023,TRANSFERMARKT_EXPANDED
2023/24,2023,IN,360516,Reda Boultam,380,US Salernitana 1919,999,NK Istra 1961,380,US Salernitana 1919,LOAN_RETURN_OR_END_OF_LOAN,End of loan 30/06/2023,TRANSFERMARKT_EXPANDED
2023/24,2023,IN,287600,Paweł Jaroszyński,380,US Salernitana 1919,5689,Cracovia,380,US Salernitana 1919,LOAN_RETURN_OR_END_OF_LOAN,End of loan 30/06/2023,TRANSFERMARKT_EXPANDED
2023/24,2023,IN,194549,Simy,380,US Salernitana 1919,4171,Benevento Calcio,380,US Salernitana 1919,LOAN_RETURN_OR_END_OF_LOAN,End of loan 30/06/2023,TRANSFERMARKT_EXPANDED
2023/24,2023,IN,816930,Andrei Motoc,380,US Salernitana 1919,1387,Siena FC,380,US Salernitana 1919,LOAN_RETURN_OR_END_OF_LOAN,End of loan 30/06/2023,TRANSFERMARKT_EXPANDED
2023/24,2023,IN,334341,Francesco Orlando,380,US Salernitana 1919,1387,Siena FC,380,US Salernitana 1919,LOAN_RETURN_OR_END_OF_LOAN,End of loan 30/06/2023,TRANSFERMARKT_EXPANDED
2023/24,2023,IN,267614,Julian Kristoffersen,380,US Salernitana 1919,29251,Virtusvecomp Verona,380,US Salernitana 1919,LOAN_RETURN_OR_END_OF_LOAN,End of loan 30/06/2023,TRANSFERMARKT_EXPANDED
2023/24,2023,IN,606614,Jacopo De Matteis,380,US Salernitana 1919,4033,Fermana FC,380,US Salernitana 1919,LOAN_RETURN_OR_END_OF_LOAN,End of loan 30/06/2023,TRANSFERMARKT_EXPANDED
2023/24,2023,IN,642689,Mikael,380,US Salernitana 1919,2863,América Futebol Clube (MG),380,US Salernitana 1919,LOAN_RETURN_OR_END_OF_LOAN,End of loan 31/12/2023,TRANSFERMARKT_EXPANDED
2023/24,2023,OUT,250153,Pasquale Mazzocchi,380,US Salernitana 1919,380,US Salernitana 1919,6195,SSC Napoli,PERMANENT_OR_OTHER_EXPLICIT,€3.00m,TRANSFERMARKT_EXPANDED
2023/24,2023,OUT,226058,Luka Bogdan,380,US Salernitana 1919,380,US Salernitana 1919,1103,Ternana Calcio,PERMANENT_OR_OTHER_EXPLICIT,€600k,TRANSFERMARKT_EXPANDED
2023/24,2023,OUT,287600,Paweł Jaroszyński,380,US Salernitana 1919,380,US Salernitana 1919,5689,Cracovia,PERMANENT_OR_OTHER_EXPLICIT,€450k,TRANSFERMARKT_EXPANDED
2023/24,2023,OUT,459655,Matteo Lovato,380,US Salernitana 1919,380,US Salernitana 1919,416,Torino FC,LOAN,Loan fee: €350k,TRANSFERMARKT_EXPANDED
2023/24,2023,OUT,322655,Flavius Daniliuc,380,US Salernitana 1919,380,US Salernitana 1919,409,Red Bull Salzburg,LOAN,Loan fee: €300k,TRANSFERMARKT_EXPANDED
2023/24,2023,OUT,324378,Valerio Mantovani,380,US Salernitana 1919,380,US Salernitana 1919,1103,Ternana Calcio,PERMANENT_OR_OTHER_EXPLICIT,€200k,TRANSFERMARKT_EXPANDED
2023/24,2023,OUT,267614,Julian Kristoffersen,380,US Salernitana 1919,380,US Salernitana 1919,1388,Ancona Calcio,PERMANENT_OR_OTHER_EXPLICIT,€60k,TRANSFERMARKT_EXPANDED
2023/24,2023,OUT,418559,Erik Botheim,380,US Salernitana 1919,380,US Salernitana 1919,496,Malmö FF,FREE_TRANSFER,free transfer,TRANSFERMARKT_EXPANDED
2023/24,2023,OUT,397721,Gioacchino Galeotafiore,380,US Salernitana 1919,380,US Salernitana 1919,19164,Paganese Calcio 1926,FREE_TRANSFER,free transfer,TRANSFERMARKT_EXPANDED
2023/24,2023,OUT,880054,Trivante Stewart,380,US Salernitana 1919,380,US Salernitana 1919,8819,FK Javor-Matis Ivanjica,LOAN,loan transfer,TRANSFERMARKT_EXPANDED
2023/24,2023,OUT,704347,Antonio Pio Iervolino,380,US Salernitana 1919,380,US Salernitana 1919,7030,Vis Pesaro 1898,LOAN,loan transfer,TRANSFERMARKT_EXPANDED
2023/24,2023,OUT,816930,Andrei Motoc,380,US Salernitana 1919,380,US Salernitana 1919,30066,FC Legnago Salus,LOAN,loan transfer,TRANSFERMARKT_EXPANDED
2023/24,2023,OUT,472161,Mamadou Coulibaly,380,US Salernitana 1919,380,US Salernitana 1919,458,Palermo FC,LOAN,loan transfer,TRANSFERMARKT_EXPANDED
2023/24,2023,OUT,606614,Jacopo De Matteis,380,US Salernitana 1919,380,US Salernitana 1919,1104,ACR Messina,PERMANENT_OR_OTHER_EXPLICIT,?,TRANSFERMARKT_EXPANDED
2023/24,2023,OUT,334341,Francesco Orlando,380,US Salernitana 1919,380,US Salernitana 1919,4093,Taranto SS,PERMANENT_OR_OTHER_EXPLICIT,?,TRANSFERMARKT_EXPANDED
2023/24,2023,OUT,360516,Reda Boultam,380,US Salernitana 1919,380,US Salernitana 1919,4772,NK Olimpija Ljubljana,PERMANENT_OR_OTHER_EXPLICIT,?,TRANSFERMARKT_EXPANDED
2023/24,2023,OUT,491648,Diego Valencia,380,US Salernitana 1919,380,US Salernitana 1919,3060,Atromitos Athens,LOAN,loan transfer,TRANSFERMARKT_EXPANDED
2023/24,2023,OUT,406806,Emil Bohinen,380,US Salernitana 1919,380,US Salernitana 1919,252,Genoa CFC,LOAN,loan transfer,TRANSFERMARKT_EXPANDED
2023/24,2023,OUT,724437,Kaleb Jiménez,380,US Salernitana 1919,380,US Salernitana 1919,41110,Atalanta U23,LOAN,loan transfer,TRANSFERMARKT_EXPANDED
2023/24,2023,OUT,450417,Dylan Bronn,380,US Salernitana 1919,380,US Salernitana 1919,61,Servette FC,LOAN,loan transfer,TRANSFERMARKT_EXPANDED
2023/24,2023,OUT,241527,Federico Bonazzoli,380,US Salernitana 1919,380,US Salernitana 1919,276,Hellas Verona,LOAN,loan transfer,TRANSFERMARKT_EXPANDED
2023/24,2023,OUT,99254,Luigi Sepe,380,US Salernitana 1919,380,US Salernitana 1919,398,SS Lazio,LOAN,loan transfer,TRANSFERMARKT_EXPANDED
2023/24,2023,OUT,487834,Lorenzo Pirola,380,US Salernitana 1919,380,US Salernitana 1919,46,Inter Milan,LOAN_RETURN_OR_END_OF_LOAN,End of loan 30/06/2023,TRANSFERMARKT_EXPANDED
2023/24,2023,OUT,182581,Tonny Vilhena,380,US Salernitana 1919,380,US Salernitana 1919,714,RCD Espanyol Barcelona,LOAN_RETURN_OR_END_OF_LOAN,End of loan 30/06/2023,TRANSFERMARKT_EXPANDED
2023/24,2023,OUT,25488,Antonio Candreva,380,US Salernitana 1919,380,US Salernitana 1919,1038,UC Sampdoria,LOAN_RETURN_OR_END_OF_LOAN,End of loan 30/06/2023,TRANSFERMARKT_EXPANDED
2023/24,2023,OUT,626913,Boulaye Dia,380,US Salernitana 1919,380,US Salernitana 1919,1050,Villarreal CF,LOAN_RETURN_OR_END_OF_LOAN,End of loan 30/06/2023,TRANSFERMARKT_EXPANDED
2023/24,2023,OUT,327757,Krzysztof Piatek,380,US Salernitana 1919,380,US Salernitana 1919,44,Hertha BSC,LOAN_RETURN_OR_END_OF_LOAN,End of loan 30/06/2023,TRANSFERMARKT_EXPANDED
2023/24,2023,OUT,430280,Hans Nicolussi Caviglia,380,US Salernitana 1919,380,US Salernitana 1919,41101,Juventus Next Gen,LOAN_RETURN_OR_END_OF_LOAN,End of loan 30/06/2023,TRANSFERMARKT_EXPANDED
2023/24,2023,OUT,192875,William Troost-Ekong,380,US Salernitana 1919,380,US Salernitana 1919,1010,Watford FC,LOAN_RETURN_OR_END_OF_LOAN,End of loan 30/06/2023,TRANSFERMARKT_EXPANDED
2023/24,2023,OUT,216599,Domen Crnigoj,380,US Salernitana 1919,380,US Salernitana 1919,607,Venezia FC,LOAN_RETURN_OR_END_OF_LOAN,End of loan 30/06/2023,TRANSFERMARKT_EXPANDED
2023/24,2023,OUT,448466,Jovane Cabral,380,US Salernitana 1919,380,US Salernitana 1919,336,Sporting CP,LOAN_RETURN_OR_END_OF_LOAN,End of loan 30/01/2024,TRANSFERMARKT_EXPANDED
2023/24,2023,IN,434433,Nikola Krstović,1005,US Lecce,4529,DAC Dunajska Streda,1005,US Lecce,PERMANENT_OR_OTHER_EXPLICIT,€8.15m,TRANSFERMARKT_EXPANDED
2023/24,2023,IN,324377,Youssef Maleh,1005,US Lecce,430,ACF Fiorentina,1005,US Lecce,PERMANENT_OR_OTHER_EXPLICIT,€5.00m,TRANSFERMARKT_EXPANDED
2023/24,2023,IN,238537,Wladimiro Falcone,1005,US Lecce,1038,UC Sampdoria,1005,US Lecce,PERMANENT_OR_OTHER_EXPLICIT,€4.00m,TRANSFERMARKT_EXPANDED
2023/24,2023,IN,911328,Mohamed Kaba,1005,US Lecce,1423,Valenciennes FC,1005,US Lecce,PERMANENT_OR_OTHER_EXPLICIT,€3.00m,TRANSFERMARKT_EXPANDED
2023/24,2023,IN,282144,Marin Pongracic,1005,US Lecce,82,VfL Wolfsburg,1005,US Lecce,PERMANENT_OR_OTHER_EXPLICIT,€1.60m,TRANSFERMARKT_EXPANDED
2023/24,2023,IN,651002,Giacomo Faticanti,1005,US Lecce,11997,Roma U19,1005,US Lecce,PERMANENT_OR_OTHER_EXPLICIT,€1.35m,TRANSFERMARKT_EXPANDED
2023/24,2023,IN,442703,Ylber Ramadani,1005,US Lecce,370,Aberdeen FC,1005,US Lecce,PERMANENT_OR_OTHER_EXPLICIT,€1.30m,TRANSFERMARKT_EXPANDED
2023/24,2023,IN,674806,Santiago Pierotti,1005,US Lecce,1070,CA Colón,1005,US Lecce,PERMANENT_OR_OTHER_EXPLICIT,€1.20m,TRANSFERMARKT_EXPANDED
2023/24,2023,IN,399543,Rémi Oudin,1005,US Lecce,40,FC Girondins Bordeaux,1005,US Lecce,PERMANENT_OR_OTHER_EXPLICIT,€1.00m,TRANSFERMARKT_EXPANDED
2023/24,2023,IN,418571,Hamza Rafia,1005,US Lecce,2921,Delfino Pescara 1936,1005,US Lecce,PERMANENT_OR_OTHER_EXPLICIT,€800k,TRANSFERMARKT_EXPANDED
2023/24,2023,IN,926952,Patrick Dorgu,1005,US Lecce,14355,FC Nordsjaelland U19,1005,US Lecce,PERMANENT_OR_OTHER_EXPLICIT,€220k,TRANSFERMARKT_EXPANDED
2023/24,2023,IN,958649,Zinedin Smajlović,1005,US Lecce,46434,Täby FK,1005,US Lecce,PERMANENT_OR_OTHER_EXPLICIT,€100k,TRANSFERMARKT_EXPANDED
2023/24,2023,IN,240219,Lorenzo Venuti,1005,US Lecce,430,ACF Fiorentina,1005,US Lecce,FREE_TRANSFER,free transfer,TRANSFERMARKT_EXPANDED
2023/24,2023,IN,325924,Ahmed Touba,1005,US Lecce,6890,Basaksehir FK,1005,US Lecce,LOAN,loan transfer,TRANSFERMARKT_EXPANDED
2023/24,2023,IN,432092,Roberto Piccoli,1005,US Lecce,800,Atalanta BC,1005,US Lecce,LOAN,loan transfer,TRANSFERMARKT_EXPANDED
2023/24,2023,IN,731525,Rareș Burnete,1005,US Lecce,5618,Lecce Primavera,1005,US Lecce,PERMANENT_OR_OTHER_EXPLICIT,-,TRANSFERMARKT_EXPANDED
2023/24,2023,IN,709985,Jeppe Corfitzen,1005,US Lecce,5618,Lecce Primavera,1005,US Lecce,PERMANENT_OR_OTHER_EXPLICIT,-,TRANSFERMARKT_EXPANDED
2023/24,2023,IN,82048,Nicola Sansone,1005,US Lecce,515,Without Club,1005,US Lecce,FREE_AGENT_OR_END_OF_CONTRACT,-,TRANSFERMARKT_EXPANDED
2023/24,2023,IN,300532,Pontus Almqvist,1005,US Lecce,1083,FC Rostov,1005,US Lecce,LOAN,loan transfer,TRANSFERMARKT_EXPANDED
2023/24,2023,IN,160561,Fabio Lucioni,1005,US Lecce,8970,Frosinone Calcio,1005,US Lecce,LOAN_RETURN_OR_END_OF_LOAN,End of loan 30/06/2023,TRANSFERMARKT_EXPANDED
2023/24,2023,IN,550116,Ilario Monterisi,1005,US Lecce,8970,Frosinone Calcio,1005,US Lecce,LOAN_RETURN_OR_END_OF_LOAN,End of loan 30/06/2023,TRANSFERMARKT_EXPANDED
2023/24,2023,IN,542570,Roberto Pierno,1005,US Lecce,49939,Virtus Francavilla Calcio,1005,US Lecce,LOAN_RETURN_OR_END_OF_LOAN,End of loan 30/06/2023,TRANSFERMARKT_EXPANDED
2023/24,2023,IN,673148,Alessio Piazza,1005,US Lecce,1104,ACR Messina,1005,US Lecce,LOAN_RETURN_OR_END_OF_LOAN,End of loan 30/06/2023,TRANSFERMARKT_EXPANDED
2023/24,2023,IN,386755,Gianluca Frabotta,1005,US Lecce,8970,Frosinone Calcio,1005,US Lecce,LOAN_RETURN_OR_END_OF_LOAN,End of loan 29/06/2023,TRANSFERMARKT_EXPANDED
2023/24,2023,IN,413942,John Björkengren,1005,US Lecce,19,Brescia Calcio (- 2025),1005,US Lecce,LOAN_RETURN_OR_END_OF_LOAN,End of loan 30/06/2023,TRANSFERMARKT_EXPANDED
2023/24,2023,IN,537765,Pablo Rodríguez,1005,US Lecce,19,Brescia Calcio (- 2025),1005,US Lecce,LOAN_RETURN_OR_END_OF_LOAN,End of loan 30/06/2023,TRANSFERMARKT_EXPANDED
2023/24,2023,IN,291276,Marcin Listkowski,1005,US Lecce,19,Brescia Calcio (- 2025),1005,US Lecce,LOAN_RETURN_OR_END_OF_LOAN,End of loan 30/06/2023,TRANSFERMARKT_EXPANDED
2023/24,2023,IN,712030,Cristian Macrì,1005,US Lecce,22344,AC Nardò,1005,US Lecce,LOAN_RETURN_OR_END_OF_LOAN,End of loan 30/06/2023,TRANSFERMARKT_EXPANDED
2023/24,2023,IN,592879,Eetu Mömmö,1005,US Lecce,1185,FH Hafnarfjördur,1005,US Lecce,LOAN_RETURN_OR_END_OF_LOAN,End of loan 31/12/2023,TRANSFERMARKT_EXPANDED
2023/24,2023,OUT,461496,Morten Hjulmand,1005,US Lecce,1005,US Lecce,336,Sporting CP,PERMANENT_OR_OTHER_EXPLICIT,€19.50m,TRANSFERMARKT_EXPANDED
2023/24,2023,OUT,388382,Assan Ceesay,1005,US Lecce,1005,US Lecce,50532,Damac FC,PERMANENT_OR_OTHER_EXPLICIT,€2.50m,TRANSFERMARKT_EXPANDED
2023/24,2023,OUT,487843,Lorenzo Colombo,1005,US Lecce,1005,US Lecce,5,AC Milan,LOAN_RETURN_OR_END_OF_LOAN,End of loan 30/06/2023 €1.50m,TRANSFERMARKT_EXPANDED
2023/24,2023,OUT,38607,Federico Di Francesco,1005,US Lecce,1005,US Lecce,458,Palermo FC,PERMANENT_OR_OTHER_EXPLICIT,€1.30m,TRANSFERMARKT_EXPANDED
2023/24,2023,OUT,238537,Wladimiro Falcone,1005,US Lecce,1005,US Lecce,1038,UC Sampdoria,LOAN_RETURN_OR_END_OF_LOAN,End of loan 30/06/2023 €1.25m,TRANSFERMARKT_EXPANDED
2023/24,2023,OUT,550116,Ilario Monterisi,1005,US Lecce,1005,US Lecce,8970,Frosinone Calcio,PERMANENT_OR_OTHER_EXPLICIT,€500k,TRANSFERMARKT_EXPANDED
2023/24,2023,OUT,412649,Tommaso Cassandro,1005,US Lecce,1005,US Lecce,1047,Como 1907,PERMANENT_OR_OTHER_EXPLICIT,€350k,TRANSFERMARKT_EXPANDED
2023/24,2023,OUT,413942,John Björkengren,1005,US Lecce,1005,US Lecce,5724,Randers FC,PERMANENT_OR_OTHER_EXPLICIT,€300k,TRANSFERMARKT_EXPANDED
2023/24,2023,OUT,88706,Simone Romagnoli,1005,US Lecce,1005,US Lecce,8970,Frosinone Calcio,PERMANENT_OR_OTHER_EXPLICIT,€100k,TRANSFERMARKT_EXPANDED
2023/24,2023,OUT,712030,Cristian Macrì,1005,US Lecce,1005,US Lecce,27657,FC Francavilla 1931,FREE_TRANSFER,free transfer,TRANSFERMARKT_EXPANDED
2023/24,2023,OUT,542570,Roberto Pierno,1005,US Lecce,1005,US Lecce,2921,Delfino Pescara 1936,FREE_TRANSFER,free transfer,TRANSFERMARKT_EXPANDED
2023/24,2023,OUT,160561,Fabio Lucioni,1005,US Lecce,1005,US Lecce,458,Palermo FC,FREE_TRANSFER,free transfer,TRANSFERMARKT_EXPANDED
2023/24,2023,OUT,673148,Alessio Piazza,1005,US Lecce,1005,US Lecce,37653,Santa Lucia FC,FREE_TRANSFER,free transfer,TRANSFERMARKT_EXPANDED
2023/24,2023,OUT,651002,Giacomo Faticanti,1005,US Lecce,1005,US Lecce,1103,Ternana Calcio,LOAN,loan transfer,TRANSFERMARKT_EXPANDED
2023/24,2023,OUT,215167,Marco Bleve,1005,US Lecce,1005,US Lecce,4159,Carrarese Calcio 1908,LOAN,loan transfer,TRANSFERMARKT_EXPANDED
2023/24,2023,OUT,291276,Marcin Listkowski,1005,US Lecce,1005,US Lecce,5514,Calcio Lecco 1912,LOAN,loan transfer,TRANSFERMARKT_EXPANDED
2023/24,2023,OUT,592879,Eetu Mömmö,1005,US Lecce,1005,US Lecce,23777,SJK Seinäjoki,LOAN,loan transfer,TRANSFERMARKT_EXPANDED
2023/24,2023,OUT,805696,Mats Lemmens,1005,US Lecce,1005,US Lecce,5514,Calcio Lecco 1912,LOAN,loan transfer,TRANSFERMARKT_EXPANDED
2023/24,2023,OUT,647534,Joel Voelkerling Persson,1005,US Lecce,1005,US Lecce,499,Vitesse Arnhem,LOAN,loan transfer,TRANSFERMARKT_EXPANDED
2023/24,2023,OUT,324377,Youssef Maleh,1005,US Lecce,1005,US Lecce,749,FC Empoli,LOAN,loan transfer,TRANSFERMARKT_EXPANDED
2023/24,2023,OUT,958649,Zinedin Smajlović,1005,US Lecce,1005,US Lecce,5514,Calcio Lecco 1912,LOAN,loan transfer,TRANSFERMARKT_EXPANDED
2023/24,2023,OUT,488996,Thórir Jóhann Helgason,1005,US Lecce,1005,US Lecce,23,Eintracht Braunschweig,LOAN,loan transfer,TRANSFERMARKT_EXPANDED
2023/24,2023,OUT,457673,Gabriel Strefezza,1005,US Lecce,1005,US Lecce,1047,Como 1907,LOAN,loan transfer,TRANSFERMARKT_EXPANDED
2023/24,2023,OUT,537765,Pablo Rodríguez,1005,US Lecce,1005,US Lecce,408,Ascoli Calcio,LOAN,loan transfer,TRANSFERMARKT_EXPANDED
2023/24,2023,OUT,73943,Alessandro Tuia,1005,US Lecce,1005,US Lecce,515,Without Club,FREE_AGENT_OR_END_OF_CONTRACT,-,TRANSFERMARKT_EXPANDED
2023/24,2023,OUT,386755,Gianluca Frabotta,1005,US Lecce,1005,US Lecce,506,Juventus FC,LOAN_RETURN_OR_END_OF_LOAN,End of loan 30/06/2023,TRANSFERMARKT_EXPANDED
2023/24,2023,OUT,574495,Kristoffer Askildsen,1005,US Lecce,1005,US Lecce,1038,UC Sampdoria,LOAN_RETURN_OR_END_OF_LOAN,End of loan 30/06/2023,TRANSFERMARKT_EXPANDED
2023/24,2023,OUT,282144,Marin Pongracic,1005,US Lecce,1005,US Lecce,82,VfL Wolfsburg,LOAN_RETURN_OR_END_OF_LOAN,End of loan 30/06/2023,TRANSFERMARKT_EXPANDED
2023/24,2023,OUT,126540,Samuel Umtiti,1005,US Lecce,1005,US Lecce,131,FC Barcelona,LOAN_RETURN_OR_END_OF_LOAN,End of loan 30/06/2023,TRANSFERMARKT_EXPANDED
2023/24,2023,OUT,336960,Giuseppe Pezzella,1005,US Lecce,1005,US Lecce,130,Parma Calcio 1913,LOAN_RETURN_OR_END_OF_LOAN,End of loan 30/06/2023,TRANSFERMARKT_EXPANDED
2023/24,2023,OUT,399543,Rémi Oudin,1005,US Lecce,1005,US Lecce,40,FC Girondins Bordeaux,LOAN_RETURN_OR_END_OF_LOAN,End of loan 30/06/2023,TRANSFERMARKT_EXPANDED
2023/24,2023,OUT,324377,Youssef Maleh,1005,US Lecce,1005,US Lecce,430,ACF Fiorentina,LOAN_RETURN_OR_END_OF_LOAN,End of loan 30/06/2023,TRANSFERMARKT_EXPANDED
2023/24,2023,OUT,239099,Pietro Ceccaroni,1005,US Lecce,1005,US Lecce,607,Venezia FC,LOAN_RETURN_OR_END_OF_LOAN,End of loan 30/06/2023,TRANSFERMARKT_EXPANDED
2023/24,2023,IN,232418,Ondrej Duda,276,Hellas Verona,3,1.FC Köln,276,Hellas Verona,PERMANENT_OR_OTHER_EXPLICIT,€3.10m,TRANSFERMARKT_EXPANDED
2023/24,2023,IN,457736,Tijjani Noslin,276,Hellas Verona,385,Fortuna Sittard,276,Hellas Verona,PERMANENT_OR_OTHER_EXPLICIT,€3.00m,TRANSFERMARKT_EXPANDED
2023/24,2023,IN,623040,Yayah Kallon,276,Hellas Verona,252,Genoa CFC,276,Hellas Verona,PERMANENT_OR_OTHER_EXPLICIT,€1.80m,TRANSFERMARKT_EXPANDED
2023/24,2023,IN,372445,Dani Silva,276,Hellas Verona,2420,Vitória Guimarães SC,276,Hellas Verona,PERMANENT_OR_OTHER_EXPLICIT,€1.70m,TRANSFERMARKT_EXPANDED
2023/24,2023,IN,726526,Stefan Mitrović,276,Hellas Verona,159,Red Star Belgrade,276,Hellas Verona,PERMANENT_OR_OTHER_EXPLICIT,€1.30m,TRANSFERMARKT_EXPANDED
2023/24,2023,IN,470391,Jayden Braaf,276,Hellas Verona,17,Borussia Dortmund II,276,Hellas Verona,PERMANENT_OR_OTHER_EXPLICIT,€1.00m,TRANSFERMARKT_EXPANDED
2023/24,2023,IN,540333,Tomas Suslov,276,Hellas Verona,202,FC Groningen,276,Hellas Verona,PERMANENT_OR_OTHER_EXPLICIT,€1.00m,TRANSFERMARKT_EXPANDED
2023/24,2023,IN,462086,Elayis Tavsan,276,Hellas Verona,467,NEC Nijmegen,276,Hellas Verona,PERMANENT_OR_OTHER_EXPLICIT,€500k,TRANSFERMARKT_EXPANDED
2023/24,2023,IN,982855,Reda Belahyane,276,Hellas Verona,417,OGC Nice,276,Hellas Verona,PERMANENT_OR_OTHER_EXPLICIT,€500k,TRANSFERMARKT_EXPANDED
2023/24,2023,IN,377042,Michael Folorunsho,276,Hellas Verona,6195,SSC Napoli,276,Hellas Verona,LOAN,Loan fee: €200k,TRANSFERMARKT_EXPANDED
2023/24,2023,IN,748316,Juan Manuel Cruz,276,Hellas Verona,830,CA Banfield,276,Hellas Verona,FREE_TRANSFER,free transfer,TRANSFERMARKT_EXPANDED
2023/24,2023,IN,331498,Jordi Mboula,276,Hellas Verona,237,RCD Mallorca,276,Hellas Verona,FREE_TRANSFER,free transfer,TRANSFERMARKT_EXPANDED
2023/24,2023,IN,88909,Riccardo Saponara,276,Hellas Verona,430,ACF Fiorentina,276,Hellas Verona,FREE_TRANSFER,free transfer,TRANSFERMARKT_EXPANDED
2023/24,2023,IN,357158,Rúben Vinagre,276,Hellas Verona,336,Sporting CP,276,Hellas Verona,LOAN,loan transfer,TRANSFERMARKT_EXPANDED
2023/24,2023,IN,540333,Tomas Suslov,276,Hellas Verona,202,FC Groningen,276,Hellas Verona,LOAN,loan transfer,TRANSFERMARKT_EXPANDED
2023/24,2023,IN,1082519,Charlys,276,Hellas Verona,15555,EC Vitória U20,276,Hellas Verona,LOAN,loan transfer,TRANSFERMARKT_EXPANDED
2023/24,2023,IN,848509,Jackson Tchatchoua,276,Hellas Verona,172,Royal Charleroi SC,276,Hellas Verona,LOAN,loan transfer,TRANSFERMARKT_EXPANDED
2023/24,2023,IN,261905,Suat Serdar,276,Hellas Verona,44,Hertha BSC,276,Hellas Verona,LOAN,loan transfer,TRANSFERMARKT_EXPANDED
2023/24,2023,IN,241527,Federico Bonazzoli,276,Hellas Verona,380,US Salernitana 1919,276,Hellas Verona,LOAN,loan transfer,TRANSFERMARKT_EXPANDED
2023/24,2023,IN,384859,Fabien Centonze,276,Hellas Verona,995,FC Nantes,276,Hellas Verona,LOAN,loan transfer,TRANSFERMARKT_EXPANDED
2023/24,2023,IN,330126,Karol Świderski,276,Hellas Verona,78435,Charlotte FC,276,Hellas Verona,LOAN,loan transfer,TRANSFERMARKT_EXPANDED
2023/24,2023,IN,776737,Joselito,276,Hellas Verona,16996,Hellas Verona Primavera,276,Hellas Verona,PERMANENT_OR_OTHER_EXPLICIT,-,TRANSFERMARKT_EXPANDED
2023/24,2023,IN,550106,Matteo Cancellieri,276,Hellas Verona,398,SS Lazio,276,Hellas Verona,LOAN_RETURN_OR_END_OF_LOAN,End of loan 30/06/2023,TRANSFERMARKT_EXPANDED
2023/24,2023,IN,265625,Ajdin Hrustic,276,Hellas Verona,1304,Heracles Almelo,276,Hellas Verona,LOAN_RETURN_OR_END_OF_LOAN,End of loan 30/06/2024,TRANSFERMARKT_EXPANDED
2023/24,2023,IN,644676,Bruno Amione,276,Hellas Verona,1038,UC Sampdoria,276,Hellas Verona,LOAN_RETURN_OR_END_OF_LOAN,End of loan 30/06/2023,TRANSFERMARKT_EXPANDED
2023/24,2023,IN,371013,Ivor Pandur,276,Hellas Verona,385,Fortuna Sittard,276,Hellas Verona,LOAN_RETURN_OR_END_OF_LOAN,End of loan 30/06/2023,TRANSFERMARKT_EXPANDED
2023/24,2023,IN,546527,Philip Yeboah,276,Hellas Verona,2581,Mantova 1911,276,Hellas Verona,LOAN_RETURN_OR_END_OF_LOAN,End of loan 30/06/2023,TRANSFERMARKT_EXPANDED
2023/24,2023,IN,554433,Christian Pierobon,276,Hellas Verona,2581,Mantova 1911,276,Hellas Verona,LOAN_RETURN_OR_END_OF_LOAN,End of loan 30/06/2023,TRANSFERMARKT_EXPANDED
2023/24,2023,IN,701819,Daniele Ghilardi,276,Hellas Verona,2581,Mantova 1911,276,Hellas Verona,LOAN_RETURN_OR_END_OF_LOAN,End of loan 30/06/2023,TRANSFERMARKT_EXPANDED
2023/24,2023,IN,290032,Kevin Rüegg,276,Hellas Verona,452,BSC Young Boys,276,Hellas Verona,LOAN_RETURN_OR_END_OF_LOAN,End of loan 30/06/2023,TRANSFERMARKT_EXPANDED
2023/24,2023,IN,572443,Bruno Conti,276,Hellas Verona,2581,Mantova 1911,276,Hellas Verona,LOAN_RETURN_OR_END_OF_LOAN,End of loan 30/06/2023,TRANSFERMARKT_EXPANDED
2023/24,2023,IN,146752,Gianluca Caprari,276,Hellas Verona,2919,AC Monza,276,Hellas Verona,LOAN_RETURN_OR_END_OF_LOAN,End of loan 30/06/2023,TRANSFERMARKT_EXPANDED
2023/24,2023,IN,282388,Giovanni Simeone,276,Hellas Verona,6195,SSC Napoli,276,Hellas Verona,LOAN_RETURN_OR_END_OF_LOAN,End of loan 30/06/2023,TRANSFERMARKT_EXPANDED
2023/24,2023,IN,506941,David Flakus Bosilj,276,Hellas Verona,26985,NK Bravo,276,Hellas Verona,LOAN_RETURN_OR_END_OF_LOAN,End of loan 30/06/2023,TRANSFERMARKT_EXPANDED
2023/24,2023,IN,324351,Panagiotis Retsos,276,Hellas Verona,683,Olympiacos Piraeus,276,Hellas Verona,LOAN_RETURN_OR_END_OF_LOAN,End of loan 30/06/2023,TRANSFERMARKT_EXPANDED
2023/24,2023,IN,459644,Adama Sane,276,Hellas Verona,30326,Gelbison,276,Hellas Verona,LOAN_RETURN_OR_END_OF_LOAN,End of loan 30/06/2023,TRANSFERMARKT_EXPANDED
2023/24,2023,IN,421768,Alessandro Cortinovis,276,Hellas Verona,4031,Cosenza Calcio,276,Hellas Verona,LOAN_RETURN_OR_END_OF_LOAN,End of loan 29/06/2023,TRANSFERMARKT_EXPANDED
2023/24,2023,IN,391498,Mert Çetin,276,Hellas Verona,3840,Adana Demirspor,276,Hellas Verona,LOAN_RETURN_OR_END_OF_LOAN,End of loan 30/06/2023,TRANSFERMARKT_EXPANDED
2023/24,2023,IN,470794,Ivan Ilić,276,Hellas Verona,416,Torino FC,276,Hellas Verona,LOAN_RETURN_OR_END_OF_LOAN,End of loan 30/06/2023,TRANSFERMARKT_EXPANDED
2023/24,2023,IN,535881,Mattia Chiesa,276,Hellas Verona,2581,Mantova 1911,276,Hellas Verona,LOAN_RETURN_OR_END_OF_LOAN,End of loan 30/06/2023,TRANSFERMARKT_EXPANDED
2023/24,2023,IN,115763,Koray Günter,276,Hellas Verona,1038,UC Sampdoria,276,Hellas Verona,LOAN_RETURN_OR_END_OF_LOAN,End of loan 30/06/2023,TRANSFERMARKT_EXPANDED
2023/24,2023,IN,398808,Martin Hongla,276,Hellas Verona,366,Real Valladolid CF,276,Hellas Verona,LOAN_RETURN_OR_END_OF_LOAN,End of loan 30/06/2023,TRANSFERMARKT_EXPANDED
2023/24,2023,IN,704234,Diego Fornari,276,Hellas Verona,9816,Forlì FC,276,Hellas Verona,LOAN_RETURN_OR_END_OF_LOAN,End of loan 30/06/2023,TRANSFERMARKT_EXPANDED
2023/24,2023,IN,554433,Christian Pierobon,276,Hellas Verona,4271,US Triestina,276,Hellas Verona,LOAN_RETURN_OR_END_OF_LOAN,End of loan 30/01/2024,TRANSFERMARKT_EXPANDED
2023/24,2023,OUT,358032,Cyril Ngonge,276,Hellas Verona,276,Hellas Verona,6195,SSC Napoli,PERMANENT_OR_OTHER_EXPLICIT,€20.00m,TRANSFERMARKT_EXPANDED
2023/24,2023,OUT,470794,Ivan Ilić,276,Hellas Verona,276,Hellas Verona,416,Torino FC,PERMANENT_OR_OTHER_EXPLICIT,€16.50m,TRANSFERMARKT_EXPANDED
2023/24,2023,OUT,282388,Giovanni Simeone,276,Hellas Verona,276,Hellas Verona,6195,SSC Napoli,PERMANENT_OR_OTHER_EXPLICIT,€12.00m,TRANSFERMARKT_EXPANDED
2023/24,2023,OUT,503075,Isak Hien,276,Hellas Verona,276,Hellas Verona,800,Atalanta BC,PERMANENT_OR_OTHER_EXPLICIT,€8.86m,TRANSFERMARKT_EXPANDED
2023/24,2023,OUT,550106,Matteo Cancellieri,276,Hellas Verona,276,Hellas Verona,398,SS Lazio,PERMANENT_OR_OTHER_EXPLICIT,€8.50m,TRANSFERMARKT_EXPANDED
2023/24,2023,OUT,146752,Gianluca Caprari,276,Hellas Verona,276,Hellas Verona,2919,AC Monza,PERMANENT_OR_OTHER_EXPLICIT,€8.00m,TRANSFERMARKT_EXPANDED
2023/24,2023,OUT,567129,Josh Doig,276,Hellas Verona,276,Hellas Verona,6574,US Sassuolo,PERMANENT_OR_OTHER_EXPLICIT,€6.75m,TRANSFERMARKT_EXPANDED
2023/24,2023,OUT,631007,Filippo Terracciano,276,Hellas Verona,276,Hellas Verona,5,AC Milan,PERMANENT_OR_OTHER_EXPLICIT,€4.50m,TRANSFERMARKT_EXPANDED
2023/24,2023,OUT,982267,Ibrahim Sulemana,276,Hellas Verona,276,Hellas Verona,1390,Cagliari Calcio,PERMANENT_OR_OTHER_EXPLICIT,€4.00m,TRANSFERMARKT_EXPANDED
2023/24,2023,OUT,644676,Bruno Amione,276,Hellas Verona,276,Hellas Verona,1403,Santos Laguna,PERMANENT_OR_OTHER_EXPLICIT,€3.00m,TRANSFERMARKT_EXPANDED
2023/24,2023,OUT,157507,Adrien Tamèze,276,Hellas Verona,276,Hellas Verona,416,Torino FC,PERMANENT_OR_OTHER_EXPLICIT,€2.80m,TRANSFERMARKT_EXPANDED
2023/24,2023,OUT,398808,Martin Hongla,276,Hellas Verona,276,Hellas Verona,16795,Granada CF,PERMANENT_OR_OTHER_EXPLICIT,€2.75m,TRANSFERMARKT_EXPANDED
2023/24,2023,OUT,67556,Milan Djuric,276,Hellas Verona,276,Hellas Verona,2919,AC Monza,PERMANENT_OR_OTHER_EXPLICIT,€2.30m,TRANSFERMARKT_EXPANDED
2023/24,2023,OUT,371013,Ivor Pandur,276,Hellas Verona,276,Hellas Verona,385,Fortuna Sittard,PERMANENT_OR_OTHER_EXPLICIT,€1.40m,TRANSFERMARKT_EXPANDED
2023/24,2023,OUT,470391,Jayden Braaf,276,Hellas Verona,276,Hellas Verona,385,Fortuna Sittard,LOAN,Loan fee: €200k,TRANSFERMARKT_EXPANDED
2023/24,2023,OUT,324351,Panagiotis Retsos,276,Hellas Verona,276,Hellas Verona,683,Olympiacos Piraeus,FREE_TRANSFER,free transfer,TRANSFERMARKT_EXPANDED
2023/24,2023,OUT,43848,Miguel Veloso,276,Hellas Verona,276,Hellas Verona,4172,Pisa Sporting Club,FREE_TRANSFER,free transfer,TRANSFERMARKT_EXPANDED
2023/24,2023,OUT,459644,Adama Sane,276,Hellas Verona,276,Hellas Verona,32768,Gzira United FC,FREE_TRANSFER,free transfer,TRANSFERMARKT_EXPANDED
2023/24,2023,OUT,88909,Riccardo Saponara,276,Hellas Verona,276,Hellas Verona,868,MKE Ankaragücü,FREE_TRANSFER,free transfer,TRANSFERMARKT_EXPANDED
2023/24,2023,OUT,331498,Jordi Mboula,276,Hellas Verona,276,Hellas Verona,630,Racing Santander,FREE_TRANSFER,free transfer,TRANSFERMARKT_EXPANDED
2023/24,2023,OUT,546527,Philip Yeboah,276,Hellas Verona,276,Hellas Verona,1253,Lucchese Calcio,LOAN,loan transfer,TRANSFERMARKT_EXPANDED
2023/24,2023,OUT,73926,Davide Faraoni,276,Hellas Verona,276,Hellas Verona,430,ACF Fiorentina,LOAN,loan transfer,TRANSFERMARKT_EXPANDED
2023/24,2023,OUT,572443,Bruno Conti,276,Hellas Verona,276,Hellas Verona,45894,Monterosi Tuscia FC,LOAN,loan transfer,TRANSFERMARKT_EXPANDED
2023/24,2023,OUT,163639,Federico Ceccherini,276,Hellas Verona,276,Hellas Verona,6646,Fatih Karagümrük,LOAN,loan transfer,TRANSFERMARKT_EXPANDED
2023/24,2023,OUT,131951,Kevin Lasagna,276,Hellas Verona,276,Hellas Verona,6646,Fatih Karagümrük,LOAN,loan transfer,TRANSFERMARKT_EXPANDED
2023/24,2023,OUT,701819,Daniele Ghilardi,276,Hellas Verona,276,Hellas Verona,1038,UC Sampdoria,LOAN,loan transfer,TRANSFERMARKT_EXPANDED
2023/24,2023,OUT,506941,David Flakus Bosilj,276,Hellas Verona,276,Hellas Verona,642,De Graafschap Doetinchem,LOAN,loan transfer,TRANSFERMARKT_EXPANDED
2023/24,2023,OUT,290032,Kevin Rüegg,276,Hellas Verona,276,Hellas Verona,26,FC Basel 1893,LOAN,loan transfer,TRANSFERMARKT_EXPANDED
2023/24,2023,OUT,554433,Christian Pierobon,276,Hellas Verona,276,Hellas Verona,4271,US Triestina,LOAN,loan transfer,TRANSFERMARKT_EXPANDED
2023/24,2023,OUT,265625,Ajdin Hrustic,276,Hellas Verona,276,Hellas Verona,1304,Heracles Almelo,LOAN,loan transfer,TRANSFERMARKT_EXPANDED
2023/24,2023,OUT,391498,Mert Çetin,276,Hellas Verona,276,Hellas Verona,868,MKE Ankaragücü,LOAN,loan transfer,TRANSFERMARKT_EXPANDED
2023/24,2023,OUT,554433,Christian Pierobon,276,Hellas Verona,276,Hellas Verona,5587,SS Juve Stabia,LOAN,loan transfer,TRANSFERMARKT_EXPANDED
2023/24,2023,OUT,115763,Koray Günter,276,Hellas Verona,276,Hellas Verona,6646,Fatih Karagümrük,LOAN,loan transfer,TRANSFERMARKT_EXPANDED
2023/24,2023,OUT,704234,Diego Fornari,276,Hellas Verona,276,Hellas Verona,22556,Prodeco Calcio Montebelluna,LOAN,loan transfer,TRANSFERMARKT_EXPANDED
2023/24,2023,OUT,623040,Yayah Kallon,276,Hellas Verona,276,Hellas Verona,332,SSC Bari,LOAN,loan transfer,TRANSFERMARKT_EXPANDED
2023/24,2023,OUT,470391,Jayden Braaf,276,Hellas Verona,276,Hellas Verona,17,Borussia Dortmund II,LOAN_RETURN_OR_END_OF_LOAN,End of loan 30/06/2023,TRANSFERMARKT_EXPANDED
2023/24,2023,OUT,421768,Alessandro Cortinovis,276,Hellas Verona,276,Hellas Verona,800,Atalanta BC,LOAN_RETURN_OR_END_OF_LOAN,End of loan 30/06/2023,TRANSFERMARKT_EXPANDED
2023/24,2023,OUT,623040,Yayah Kallon,276,Hellas Verona,276,Hellas Verona,252,Genoa CFC,LOAN_RETURN_OR_END_OF_LOAN,End of loan 30/06/2023,TRANSFERMARKT_EXPANDED
2023/24,2023,OUT,130360,Simone Verdi,276,Hellas Verona,276,Hellas Verona,416,Torino FC,LOAN_RETURN_OR_END_OF_LOAN,End of loan 30/06/2023,TRANSFERMARKT_EXPANDED
2023/24,2023,OUT,324282,Fabio Depaoli,276,Hellas Verona,276,Hellas Verona,1038,UC Sampdoria,LOAN_RETURN_OR_END_OF_LOAN,End of loan 30/06/2023,TRANSFERMARKT_EXPANDED
2023/24,2023,OUT,540333,Tomas Suslov,276,Hellas Verona,276,Hellas Verona,202,FC Groningen,LOAN_RETURN_OR_END_OF_LOAN,End of loan 30/01/2024,TRANSFERMARKT_EXPANDED
2023/24,2023,OUT,338032,Deyovaisio Zeefuik,276,Hellas Verona,276,Hellas Verona,44,Hertha BSC,LOAN_RETURN_OR_END_OF_LOAN,End of loan 30/06/2023,TRANSFERMARKT_EXPANDED
2023/24,2023,OUT,232418,Ondrej Duda,276,Hellas Verona,276,Hellas Verona,3,1.FC Köln,LOAN_RETURN_OR_END_OF_LOAN,End of loan 30/06/2023,TRANSFERMARKT_EXPANDED
2023/24,2023,OUT,608469,Adolfo Gaich,276,Hellas Verona,276,Hellas Verona,2410,CSKA Moscow,LOAN_RETURN_OR_END_OF_LOAN,End of loan 30/06/2023,TRANSFERMARKT_EXPANDED
2023/24,2023,OUT,325993,Oliver Abildgaard,276,Hellas Verona,276,Hellas Verona,2698,Rubin Kazan,LOAN_RETURN_OR_END_OF_LOAN,End of loan 30/06/2023,TRANSFERMARKT_EXPANDED
2023/24,2023,IN,459128,Marco Brescianini,8970,Frosinone Calcio,5,AC Milan,8970,Frosinone Calcio,PERMANENT_OR_OTHER_EXPLICIT,€6.20m,TRANSFERMARKT_EXPANDED
2023/24,2023,IN,989621,İsak Vural,8970,Frosinone Calcio,1059,Hammarby IF,8970,Frosinone Calcio,PERMANENT_OR_OTHER_EXPLICIT,€1.33m,TRANSFERMARKT_EXPANDED
2023/24,2023,IN,297645,Riccardo Marchizza,8970,Frosinone Calcio,6574,US Sassuolo,8970,Frosinone Calcio,PERMANENT_OR_OTHER_EXPLICIT,€1.30m,TRANSFERMARKT_EXPANDED
2023/24,2023,IN,453864,Marvin Cuni,8970,Frosinone Calcio,28,FC Bayern Munich II,8970,Frosinone Calcio,PERMANENT_OR_OTHER_EXPLICIT,€1.00m,TRANSFERMARKT_EXPANDED
2023/24,2023,IN,416386,Abdou Harroui,8970,Frosinone Calcio,6574,US Sassuolo,8970,Frosinone Calcio,PERMANENT_OR_OTHER_EXPLICIT,€700k,TRANSFERMARKT_EXPANDED
2023/24,2023,IN,550116,Ilario Monterisi,8970,Frosinone Calcio,1005,US Lecce,8970,Frosinone Calcio,PERMANENT_OR_OTHER_EXPLICIT,€500k,TRANSFERMARKT_EXPANDED
2023/24,2023,IN,521407,Walid Cheddira,8970,Frosinone Calcio,6195,SSC Napoli,8970,Frosinone Calcio,LOAN,Loan fee: €500k,TRANSFERMARKT_EXPANDED
2023/24,2023,IN,459988,Gennaro Borrelli,8970,Frosinone Calcio,2921,Delfino Pescara 1936,8970,Frosinone Calcio,PERMANENT_OR_OTHER_EXPLICIT,€330k,TRANSFERMARKT_EXPANDED
2023/24,2023,IN,1159022,Mateus Lusuardi,8970,Frosinone Calcio,21828,Criciúma EC U20,8970,Frosinone Calcio,PERMANENT_OR_OTHER_EXPLICIT,€300k,TRANSFERMARKT_EXPANDED
2023/24,2023,IN,888738,Farès Ghedjemis,8970,Frosinone Calcio,1564,FC Rouen 1899,8970,Frosinone Calcio,PERMANENT_OR_OTHER_EXPLICIT,€300k,TRANSFERMARKT_EXPANDED
2023/24,2023,IN,88706,Simone Romagnoli,8970,Frosinone Calcio,1005,US Lecce,8970,Frosinone Calcio,PERMANENT_OR_OTHER_EXPLICIT,€100k,TRANSFERMARKT_EXPANDED
2023/24,2023,IN,461833,Caleb Okoli,8970,Frosinone Calcio,800,Atalanta BC,8970,Frosinone Calcio,LOAN,Loan fee: €100k,TRANSFERMARKT_EXPANDED
2023/24,2023,IN,131731,Mehdi Bourabia,8970,Frosinone Calcio,3522,Spezia Calcio,8970,Frosinone Calcio,FREE_TRANSFER,free transfer,TRANSFERMARKT_EXPANDED
2023/24,2023,IN,445126,Emanuele Valeri,8970,Frosinone Calcio,2239,US Cremonese,8970,Frosinone Calcio,FREE_TRANSFER,free transfer,TRANSFERMARKT_EXPANDED
2023/24,2023,IN,370701,Michele Cerofolini,8970,Frosinone Calcio,430,ACF Fiorentina,8970,Frosinone Calcio,FREE_TRANSFER,free transfer,TRANSFERMARKT_EXPANDED
2023/24,2023,IN,543666,Stefano Turati,8970,Frosinone Calcio,6574,US Sassuolo,8970,Frosinone Calcio,LOAN,loan transfer,TRANSFERMARKT_EXPANDED
2023/24,2023,IN,226025,Luca Mazzitelli,8970,Frosinone Calcio,2919,AC Monza,8970,Frosinone Calcio,PERMANENT_OR_OTHER_EXPLICIT,?,TRANSFERMARKT_EXPANDED
2023/24,2023,IN,43217,Pierluigi Frattali,8970,Frosinone Calcio,332,SSC Bari,8970,Frosinone Calcio,PERMANENT_OR_OTHER_EXPLICIT,?,TRANSFERMARKT_EXPANDED
2023/24,2023,IN,671915,Enzo Barrenechea,8970,Frosinone Calcio,506,Juventus FC,8970,Frosinone Calcio,LOAN,loan transfer,TRANSFERMARKT_EXPANDED
2023/24,2023,IN,620477,Kaio Jorge,8970,Frosinone Calcio,506,Juventus FC,8970,Frosinone Calcio,LOAN,loan transfer,TRANSFERMARKT_EXPANDED
2023/24,2023,IN,412758,Giorgi Kvernadze,8970,Frosinone Calcio,28971,FC Kolkheti-1913 Poti,8970,Frosinone Calcio,LOAN,loan transfer,TRANSFERMARKT_EXPANDED
2023/24,2023,IN,298975,Pol Lirola,8970,Frosinone Calcio,244,Olympique Marseille,8970,Frosinone Calcio,LOAN,loan transfer,TRANSFERMARKT_EXPANDED
2023/24,2023,IN,668951,Matías Soulé,8970,Frosinone Calcio,506,Juventus FC,8970,Frosinone Calcio,LOAN,loan transfer,TRANSFERMARKT_EXPANDED
2023/24,2023,IN,627226,Reinier,8970,Frosinone Calcio,418,Real Madrid,8970,Frosinone Calcio,LOAN,loan transfer,TRANSFERMARKT_EXPANDED
2023/24,2023,IN,744728,Arijon Ibrahimovic,8970,Frosinone Calcio,27,Bayern Munich,8970,Frosinone Calcio,LOAN,loan transfer,TRANSFERMARKT_EXPANDED
2023/24,2023,IN,247377,Kevin Bonifazi,8970,Frosinone Calcio,1025,Bologna FC 1909,8970,Frosinone Calcio,LOAN,loan transfer,TRANSFERMARKT_EXPANDED
2023/24,2023,IN,392966,Nadir Zortea,8970,Frosinone Calcio,800,Atalanta BC,8970,Frosinone Calcio,LOAN,loan transfer,TRANSFERMARKT_EXPANDED
2023/24,2023,IN,551752,Demba Seck,8970,Frosinone Calcio,416,Torino FC,8970,Frosinone Calcio,LOAN,loan transfer,TRANSFERMARKT_EXPANDED
2023/24,2023,IN,705355,Lorenzo Palmisani,8970,Frosinone Calcio,17664,Frosinone Primavera,8970,Frosinone Calcio,PERMANENT_OR_OTHER_EXPLICIT,-,TRANSFERMARKT_EXPANDED
2023/24,2023,IN,457859,Michele Avella,8970,Frosinone Calcio,515,Without Club,8970,Frosinone Calcio,FREE_AGENT_OR_END_OF_CONTRACT,-,TRANSFERMARKT_EXPANDED
2023/24,2023,IN,571600,Gabriele Bracaglia,8970,Frosinone Calcio,17664,Frosinone Primavera,8970,Frosinone Calcio,PERMANENT_OR_OTHER_EXPLICIT,-,TRANSFERMARKT_EXPANDED
2023/24,2023,IN,672869,Pierluca Luciani,8970,Frosinone Calcio,1387,Siena FC,8970,Frosinone Calcio,LOAN_RETURN_OR_END_OF_LOAN,End of loan 30/06/2023,TRANSFERMARKT_EXPANDED
2023/24,2023,IN,188436,Luigi Canotto,8970,Frosinone Calcio,1386,LFA Reggio Calabria,8970,Frosinone Calcio,LOAN_RETURN_OR_END_OF_LOAN,End of loan 30/06/2023,TRANSFERMARKT_EXPANDED
2023/24,2023,IN,459102,Thomas Vettorel,8970,Frosinone Calcio,33734,SS Monopoli 1966,8970,Frosinone Calcio,LOAN_RETURN_OR_END_OF_LOAN,End of loan 30/06/2023,TRANSFERMARKT_EXPANDED
2023/24,2023,IN,539212,Federico Bevilacqua,8970,Frosinone Calcio,4553,US Pergolettese 1932,8970,Frosinone Calcio,LOAN_RETURN_OR_END_OF_LOAN,End of loan 30/06/2023,TRANSFERMARKT_EXPANDED
2023/24,2023,IN,198087,Matteo Ricci,8970,Frosinone Calcio,6646,Fatih Karagümrük,8970,Frosinone Calcio,LOAN_RETURN_OR_END_OF_LOAN,End of loan 30/06/2023,TRANSFERMARKT_EXPANDED
2023/24,2023,IN,490842,Lukas Klitten,8970,Frosinone Calcio,1177,Silkeborg IF,8970,Frosinone Calcio,LOAN_RETURN_OR_END_OF_LOAN,End of loan 30/06/2023,TRANSFERMARKT_EXPANDED
2023/24,2023,IN,307427,Marko Bozic,8970,Frosinone Calcio,790,NK Maribor,8970,Frosinone Calcio,LOAN_RETURN_OR_END_OF_LOAN,End of loan 30/06/2023,TRANSFERMARKT_EXPANDED
2023/24,2023,IN,459953,Giacomo Manzari,8970,Frosinone Calcio,33734,SS Monopoli 1966,8970,Frosinone Calcio,LOAN_RETURN_OR_END_OF_LOAN,End of loan 29/06/2023,TRANSFERMARKT_EXPANDED
2023/24,2023,IN,572658,Hamza Haoudi,8970,Frosinone Calcio,4096,FC Turris 1944,8970,Frosinone Calcio,LOAN_RETURN_OR_END_OF_LOAN,End of loan 30/06/2023,TRANSFERMARKT_EXPANDED
2023/24,2023,IN,491026,Alexander Satariano,8970,Frosinone Calcio,32129,Balzan FC,8970,Frosinone Calcio,LOAN_RETURN_OR_END_OF_LOAN,End of loan 30/06/2023,TRANSFERMARKT_EXPANDED
2023/24,2023,IN,860708,Simone Stampete,8970,Frosinone Calcio,27624,US Recanatese,8970,Frosinone Calcio,LOAN_RETURN_OR_END_OF_LOAN,End of loan 30/06/2023,TRANSFERMARKT_EXPANDED
2023/24,2023,IN,705355,Lorenzo Palmisani,8970,Frosinone Calcio,9826,Olbia Calcio 1905,8970,Frosinone Calcio,LOAN_RETURN_OR_END_OF_LOAN,End of loan 03/01/2024,TRANSFERMARKT_EXPANDED
2023/24,2023,IN,340657,Michele Volpe,8970,Frosinone Calcio,5587,SS Juve Stabia,8970,Frosinone Calcio,LOAN_RETURN_OR_END_OF_LOAN,End of loan 30/06/2023,TRANSFERMARKT_EXPANDED
2023/24,2023,IN,531188,Milan Kremenovic,8970,Frosinone Calcio,21414,NK Dekani,8970,Frosinone Calcio,LOAN_RETURN_OR_END_OF_LOAN,End of loan 30/06/2023,TRANSFERMARKT_EXPANDED
2023/24,2023,OUT,441515,Daniel Boloca,8970,Frosinone Calcio,8970,Frosinone Calcio,6574,US Sassuolo,PERMANENT_OR_OTHER_EXPLICIT,€6.50m,TRANSFERMARKT_EXPANDED
2023/24,2023,OUT,198087,Matteo Ricci,8970,Frosinone Calcio,8970,Frosinone Calcio,1038,UC Sampdoria,PERMANENT_OR_OTHER_EXPLICIT,€1.25m,TRANSFERMARKT_EXPANDED
2023/24,2023,OUT,200174,Roberto Insigne,8970,Frosinone Calcio,8970,Frosinone Calcio,458,Palermo FC,PERMANENT_OR_OTHER_EXPLICIT,€1.00m,TRANSFERMARKT_EXPANDED
2023/24,2023,OUT,457422,Samuele Mulattieri,8970,Frosinone Calcio,8970,Frosinone Calcio,46,Inter Milan,LOAN_RETURN_OR_END_OF_LOAN,End of loan 30/06/2023 €1.00m,TRANSFERMARKT_EXPANDED
2023/24,2023,OUT,539212,Federico Bevilacqua,8970,Frosinone Calcio,8970,Frosinone Calcio,91510,Dolomiti Bellunesi,FREE_TRANSFER,free transfer,TRANSFERMARKT_EXPANDED
2023/24,2023,OUT,459102,Thomas Vettorel,8970,Frosinone Calcio,8970,Frosinone Calcio,4326,AS Gubbio 1910,FREE_TRANSFER,free transfer,TRANSFERMARKT_EXPANDED
2023/24,2023,OUT,490842,Lukas Klitten,8970,Frosinone Calcio,8970,Frosinone Calcio,5818,Hobro IK,FREE_TRANSFER,free transfer,TRANSFERMARKT_EXPANDED
2023/24,2023,OUT,205809,Marcus Rohdén,8970,Frosinone Calcio,8970,Frosinone Calcio,6646,Fatih Karagümrük,FREE_TRANSFER,free transfer,TRANSFERMARKT_EXPANDED
2023/24,2023,OUT,340657,Michele Volpe,8970,Frosinone Calcio,8970,Frosinone Calcio,2721,US Alessandria Calcio 1912,FREE_TRANSFER,free transfer,TRANSFERMARKT_EXPANDED
2023/24,2023,OUT,382567,Matteo Cotali,8970,Frosinone Calcio,8970,Frosinone Calcio,1385,Modena FC,FREE_TRANSFER,free transfer,TRANSFERMARKT_EXPANDED
2023/24,2023,OUT,491026,Alexander Satariano,8970,Frosinone Calcio,8970,Frosinone Calcio,10262,Birkirkara FC,FREE_TRANSFER,free transfer,TRANSFERMARKT_EXPANDED
2023/24,2023,OUT,457859,Michele Avella,8970,Frosinone Calcio,8970,Frosinone Calcio,19,Brescia Calcio (- 2025),LOAN,loan transfer,TRANSFERMARKT_EXPANDED
2023/24,2023,OUT,679280,Kalifa Kujabi,8970,Frosinone Calcio,8970,Frosinone Calcio,2253,SEF Torres 1903,LOAN,loan transfer,TRANSFERMARKT_EXPANDED
2023/24,2023,OUT,705355,Lorenzo Palmisani,8970,Frosinone Calcio,8970,Frosinone Calcio,9826,Olbia Calcio 1905,LOAN,loan transfer,TRANSFERMARKT_EXPANDED
2023/24,2023,OUT,572658,Hamza Haoudi,8970,Frosinone Calcio,8970,Frosinone Calcio,26789,FC Pro Vercelli 1892,LOAN,loan transfer,TRANSFERMARKT_EXPANDED
2023/24,2023,OUT,307427,Marko Bozic,8970,Frosinone Calcio,8970,Frosinone Calcio,790,NK Maribor,PERMANENT_OR_OTHER_EXPLICIT,?,TRANSFERMARKT_EXPANDED
2023/24,2023,OUT,240252,Karlo Lulic,8970,Frosinone Calcio,8970,Frosinone Calcio,332,SSC Bari,PERMANENT_OR_OTHER_EXPLICIT,?,TRANSFERMARKT_EXPANDED
2023/24,2023,OUT,131731,Mehdi Bourabia,8970,Frosinone Calcio,8970,Frosinone Calcio,3205,Kayserispor,PERMANENT_OR_OTHER_EXPLICIT,?,TRANSFERMARKT_EXPANDED
2023/24,2023,OUT,571600,Gabriele Bracaglia,8970,Frosinone Calcio,8970,Frosinone Calcio,24898,AC Renate,LOAN,loan transfer,TRANSFERMARKT_EXPANDED
2023/24,2023,OUT,255461,Przemysław Szymiński,8970,Frosinone Calcio,8970,Frosinone Calcio,5621,AC Reggiana 1919,LOAN,loan transfer,TRANSFERMARKT_EXPANDED
2023/24,2023,OUT,459988,Gennaro Borrelli,8970,Frosinone Calcio,8970,Frosinone Calcio,19,Brescia Calcio (- 2025),LOAN,loan transfer,TRANSFERMARKT_EXPANDED
2023/24,2023,OUT,464682,Andrea Errico,8970,Frosinone Calcio,8970,Frosinone Calcio,515,Without Club,FREE_AGENT_OR_END_OF_CONTRACT,-,TRANSFERMARKT_EXPANDED
2023/24,2023,OUT,531188,Milan Kremenovic,8970,Frosinone Calcio,8970,Frosinone Calcio,515,Without Club,FREE_AGENT_OR_END_OF_CONTRACT,-,TRANSFERMARKT_EXPANDED
2023/24,2023,OUT,860708,Simone Stampete,8970,Frosinone Calcio,8970,Frosinone Calcio,515,Without Club,FREE_AGENT_OR_END_OF_CONTRACT,-,TRANSFERMARKT_EXPANDED
2023/24,2023,OUT,460034,Giuseppe Marcianò,8970,Frosinone Calcio,8970,Frosinone Calcio,515,Without Club,FREE_AGENT_OR_END_OF_CONTRACT,-,TRANSFERMARKT_EXPANDED
2023/24,2023,OUT,315846,Luca Matarese,8970,Frosinone Calcio,8970,Frosinone Calcio,515,Without Club,FREE_AGENT_OR_END_OF_CONTRACT,-,TRANSFERMARKT_EXPANDED
2023/24,2023,OUT,672869,Pierluca Luciani,8970,Frosinone Calcio,8970,Frosinone Calcio,1104,ACR Messina,LOAN,loan transfer,TRANSFERMARKT_EXPANDED
2023/24,2023,OUT,188436,Luigi Canotto,8970,Frosinone Calcio,8970,Frosinone Calcio,4031,Cosenza Calcio,LOAN,loan transfer,TRANSFERMARKT_EXPANDED
2023/24,2023,OUT,459988,Gennaro Borrelli,8970,Frosinone Calcio,8970,Frosinone Calcio,2921,Delfino Pescara 1936,LOAN_RETURN_OR_END_OF_LOAN,End of loan 30/06/2023,TRANSFERMARKT_EXPANDED
2023/24,2023,OUT,459953,Giacomo Manzari,8970,Frosinone Calcio,8970,Frosinone Calcio,6574,US Sassuolo,LOAN_RETURN_OR_END_OF_LOAN,End of loan 30/06/2023,TRANSFERMARKT_EXPANDED
2023/24,2023,OUT,386567,Leonardo Loria,8970,Frosinone Calcio,8970,Frosinone Calcio,4172,Pisa Sporting Club,LOAN_RETURN_OR_END_OF_LOAN,End of loan 30/06/2023,TRANSFERMARKT_EXPANDED
2023/24,2023,OUT,543666,Stefano Turati,8970,Frosinone Calcio,8970,Frosinone Calcio,6574,US Sassuolo,LOAN_RETURN_OR_END_OF_LOAN,End of loan 30/06/2023,TRANSFERMARKT_EXPANDED
2023/24,2023,OUT,600936,Luca Moro,8970,Frosinone Calcio,8970,Frosinone Calcio,6574,US Sassuolo,LOAN_RETURN_OR_END_OF_LOAN,End of loan 30/06/2023,TRANSFERMARKT_EXPANDED
2023/24,2023,OUT,550116,Ilario Monterisi,8970,Frosinone Calcio,8970,Frosinone Calcio,1005,US Lecce,LOAN_RETURN_OR_END_OF_LOAN,End of loan 30/06/2023,TRANSFERMARKT_EXPANDED
2023/24,2023,OUT,160561,Fabio Lucioni,8970,Frosinone Calcio,8970,Frosinone Calcio,1005,US Lecce,LOAN_RETURN_OR_END_OF_LOAN,End of loan 30/06/2023,TRANSFERMARKT_EXPANDED
2023/24,2023,OUT,522681,Ben Lhassine Kone,8970,Frosinone Calcio,8970,Frosinone Calcio,416,Torino FC,LOAN_RETURN_OR_END_OF_LOAN,End of loan 30/06/2023,TRANSFERMARKT_EXPANDED
2023/24,2023,OUT,398945,Miloš Bočić,8970,Frosinone Calcio,8970,Frosinone Calcio,2921,Delfino Pescara 1936,LOAN_RETURN_OR_END_OF_LOAN,End of loan 30/06/2023,TRANSFERMARKT_EXPANDED
2023/24,2023,OUT,663939,Andrea Oliveri,8970,Frosinone Calcio,8970,Frosinone Calcio,800,Atalanta BC,LOAN_RETURN_OR_END_OF_LOAN,End of loan 30/06/2023,TRANSFERMARKT_EXPANDED
2023/24,2023,OUT,226025,Luca Mazzitelli,8970,Frosinone Calcio,8970,Frosinone Calcio,2919,AC Monza,LOAN_RETURN_OR_END_OF_LOAN,End of loan 30/06/2023,TRANSFERMARKT_EXPANDED
2023/24,2023,OUT,160357,Mario Sampirisi,8970,Frosinone Calcio,8970,Frosinone Calcio,2919,AC Monza,LOAN_RETURN_OR_END_OF_LOAN,End of loan 30/06/2023,TRANSFERMARKT_EXPANDED
2023/24,2023,OUT,312341,Luca Ravanelli,8970,Frosinone Calcio,8970,Frosinone Calcio,2239,US Cremonese,LOAN_RETURN_OR_END_OF_LOAN,End of loan 30/06/2023,TRANSFERMARKT_EXPANDED
2023/24,2023,OUT,386755,Gianluca Frabotta,8970,Frosinone Calcio,8970,Frosinone Calcio,1005,US Lecce,LOAN_RETURN_OR_END_OF_LOAN,End of loan 29/06/2023,TRANSFERMARKT_EXPANDED
2023/24,2023,IN,554903,Mateo Retegui,252,Genoa CFC,11831,Club Atlético Tigre,252,Genoa CFC,PERMANENT_OR_OTHER_EXPLICIT,€15.25m,TRANSFERMARKT_EXPANDED
2023/24,2023,IN,568559,Radu Drăgușin,252,Genoa CFC,506,Juventus FC,252,Genoa CFC,PERMANENT_OR_OTHER_EXPLICIT,€9.70m,TRANSFERMARKT_EXPANDED
2023/24,2023,IN,207877,Ruslan Malinovskyi,252,Genoa CFC,244,Olympique Marseille,252,Genoa CFC,PERMANENT_OR_OTHER_EXPLICIT,€7.70m,TRANSFERMARKT_EXPANDED
2023/24,2023,IN,388516,Josep Martínez,252,Genoa CFC,23826,RB Leipzig,252,Genoa CFC,PERMANENT_OR_OTHER_EXPLICIT,€3.50m,TRANSFERMARKT_EXPANDED
2023/24,2023,IN,207877,Ruslan Malinovskyi,252,Genoa CFC,244,Olympique Marseille,252,Genoa CFC,LOAN,Loan fee: €3.00m,TRANSFERMARKT_EXPANDED
2023/24,2023,IN,586853,Vitinha,252,Genoa CFC,244,Olympique Marseille,252,Genoa CFC,LOAN,Loan fee: €3.00m,TRANSFERMARKT_EXPANDED
2023/24,2023,IN,208690,George Pușcaș,252,Genoa CFC,1032,Reading FC,252,Genoa CFC,PERMANENT_OR_OTHER_EXPLICIT,€2.50m,TRANSFERMARKT_EXPANDED
2023/24,2023,IN,200188,Mattia Aramu,252,Genoa CFC,607,Venezia FC,252,Genoa CFC,PERMANENT_OR_OTHER_EXPLICIT,€2.50m,TRANSFERMARKT_EXPANDED
2023/24,2023,IN,881610,David Ankeye,252,Genoa CFC,2481,FC Sheriff Tiraspol,252,Genoa CFC,PERMANENT_OR_OTHER_EXPLICIT,€2.50m,TRANSFERMARKT_EXPANDED
2023/24,2023,IN,449151,Junior Messias,252,Genoa CFC,5,AC Milan,252,Genoa CFC,PERMANENT_OR_OTHER_EXPLICIT,€1.50m,TRANSFERMARKT_EXPANDED
2023/24,2023,IN,449151,Junior Messias,252,Genoa CFC,5,AC Milan,252,Genoa CFC,LOAN,Loan fee: €1.50m,TRANSFERMARKT_EXPANDED
2023/24,2023,IN,312773,Daniele Sommariva,252,Genoa CFC,2921,Delfino Pescara 1936,252,Genoa CFC,PERMANENT_OR_OTHER_EXPLICIT,€100k,TRANSFERMARKT_EXPANDED
2023/24,2023,IN,226524,Morten Thorsby,252,Genoa CFC,89,1.FC Union Berlin,252,Genoa CFC,LOAN,Loan fee: €350k,TRANSFERMARKT_EXPANDED
2023/24,2023,IN,462699,Franz Stolz,252,Genoa CFC,2662,SKN St. Pölten,252,Genoa CFC,PERMANENT_OR_OTHER_EXPLICIT,€250k,TRANSFERMARKT_EXPANDED
2023/24,2023,IN,469787,Berkan Kutlu,252,Genoa CFC,141,Galatasaray,252,Genoa CFC,LOAN,Loan fee: €250k,TRANSFERMARKT_EXPANDED
2023/24,2023,IN,529841,Mattia Zennaro,252,Genoa CFC,9439,Feralpisalò,252,Genoa CFC,LOAN_RETURN_OR_END_OF_LOAN,End of loan 30/06/2023 €26k,TRANSFERMARKT_EXPANDED
2023/24,2023,IN,68864,Kevin Strootman,252,Genoa CFC,244,Olympique Marseille,252,Genoa CFC,FREE_TRANSFER,free transfer,TRANSFERMARKT_EXPANDED
2023/24,2023,IN,251878,Aarón Martín,252,Genoa CFC,39,1.FSV Mainz 05,252,Genoa CFC,FREE_TRANSFER,free transfer,TRANSFERMARKT_EXPANDED
2023/24,2023,IN,136111,Nicola Leali,252,Genoa CFC,408,Ascoli Calcio,252,Genoa CFC,FREE_TRANSFER,free transfer,TRANSFERMARKT_EXPANDED
2023/24,2023,IN,490384,Koni De Winter,252,Genoa CFC,506,Juventus FC,252,Genoa CFC,LOAN,loan transfer,TRANSFERMARKT_EXPANDED
2023/24,2023,IN,483348,Djed Spence,252,Genoa CFC,148,Tottenham Hotspur,252,Genoa CFC,LOAN,loan transfer,TRANSFERMARKT_EXPANDED
2023/24,2023,IN,406806,Emil Bohinen,252,Genoa CFC,380,US Salernitana 1919,252,Genoa CFC,LOAN,loan transfer,TRANSFERMARKT_EXPANDED
2023/24,2023,IN,616628,Giorgio Cittadini,252,Genoa CFC,2919,AC Monza,252,Genoa CFC,LOAN,loan transfer,TRANSFERMARKT_EXPANDED
2023/24,2023,IN,655186,Brayan Boci,252,Genoa CFC,8517,Genoa U19,252,Genoa CFC,PERMANENT_OR_OTHER_EXPLICIT,-,TRANSFERMARKT_EXPANDED
2023/24,2023,IN,818929,Simone Calvani,252,Genoa CFC,8517,Genoa U19,252,Genoa CFC,PERMANENT_OR_OTHER_EXPLICIT,-,TRANSFERMARKT_EXPANDED
2023/24,2023,IN,238981,Vittorio Parigini,252,Genoa CFC,1047,Como 1907,252,Genoa CFC,LOAN_RETURN_OR_END_OF_LOAN,End of loan 30/06/2023,TRANSFERMARKT_EXPANDED
2023/24,2023,IN,199927,Davide Biraschi,252,Genoa CFC,6646,Fatih Karagümrük,252,Genoa CFC,LOAN_RETURN_OR_END_OF_LOAN,End of loan 30/06/2023,TRANSFERMARKT_EXPANDED
2023/24,2023,IN,532937,Johan Vásquez,252,Genoa CFC,2239,US Cremonese,252,Genoa CFC,LOAN_RETURN_OR_END_OF_LOAN,End of loan 30/06/2023,TRANSFERMARKT_EXPANDED
2023/24,2023,IN,701036,Gianluca Parodi,252,Genoa CFC,4103,FC Lumezzane,252,Genoa CFC,LOAN_RETURN_OR_END_OF_LOAN,End of loan 30/06/2023,TRANSFERMARKT_EXPANDED
2023/24,2023,IN,707793,Kacper Zielski,252,Genoa CFC,18950,FC Matera,252,Genoa CFC,LOAN_RETURN_OR_END_OF_LOAN,End of loan 30/06/2023,TRANSFERMARKT_EXPANDED
2023/24,2023,IN,818448,Alessandro Marcandalli,252,Genoa CFC,14888,US Città di Pontedera,252,Genoa CFC,LOAN_RETURN_OR_END_OF_LOAN,End of loan 30/06/2023,TRANSFERMARKT_EXPANDED
2023/24,2023,IN,616058,Daniel Fossati,252,Genoa CFC,22227,Borgosesia Calcio,252,Genoa CFC,LOAN_RETURN_OR_END_OF_LOAN,End of loan 30/06/2023,TRANSFERMARKT_EXPANDED
2023/24,2023,IN,616031,Michele Besaggio,252,Genoa CFC,41101,Juventus Next Gen,252,Genoa CFC,LOAN_RETURN_OR_END_OF_LOAN,End of loan 30/06/2023,TRANSFERMARKT_EXPANDED
2023/24,2023,IN,623040,Yayah Kallon,252,Genoa CFC,276,Hellas Verona,252,Genoa CFC,LOAN_RETURN_OR_END_OF_LOAN,End of loan 30/06/2023,TRANSFERMARKT_EXPANDED
2023/24,2023,IN,301235,Giacomo Calò,252,Genoa CFC,4031,Cosenza Calcio,252,Genoa CFC,LOAN_RETURN_OR_END_OF_LOAN,End of loan 30/06/2023,TRANSFERMARKT_EXPANDED
2023/24,2023,IN,650593,Elmando Gjini,252,Genoa CFC,1414,Amora FC,252,Genoa CFC,LOAN_RETURN_OR_END_OF_LOAN,End of loan 30/06/2023,TRANSFERMARKT_EXPANDED
2023/24,2023,IN,301236,Francesco Cassata,252,Genoa CFC,1103,Ternana Calcio,252,Genoa CFC,LOAN_RETURN_OR_END_OF_LOAN,End of loan 30/06/2023,TRANSFERMARKT_EXPANDED
2023/24,2023,IN,315862,Filippo Melegoni,252,Genoa CFC,3057,Standard Liège,252,Genoa CFC,LOAN_RETURN_OR_END_OF_LOAN,End of loan 30/06/2023,TRANSFERMARKT_EXPANDED
2023/24,2023,IN,315871,Federico Valietti,252,Genoa CFC,2655,LR Vicenza,252,Genoa CFC,LOAN_RETURN_OR_END_OF_LOAN,End of loan 18/01/2024,TRANSFERMARKT_EXPANDED
2023/24,2023,IN,459665,Patrizio Masini,252,Genoa CFC,6692,Novara FC,252,Genoa CFC,LOAN_RETURN_OR_END_OF_LOAN,End of loan 30/06/2023,TRANSFERMARKT_EXPANDED
2023/24,2023,IN,536452,Luca Chierico,252,Genoa CFC,1408,Piacenza Calcio 1919,252,Genoa CFC,LOAN_RETURN_OR_END_OF_LOAN,End of loan 30/06/2023,TRANSFERMARKT_EXPANDED
2023/24,2023,IN,589737,Kelvin Yeboah,252,Genoa CFC,167,FC Augsburg,252,Genoa CFC,LOAN_RETURN_OR_END_OF_LOAN,End of loan 30/06/2023,TRANSFERMARKT_EXPANDED
2023/24,2023,IN,477027,Elia Petrelli,252,Genoa CFC,1387,Siena FC,252,Genoa CFC,LOAN_RETURN_OR_END_OF_LOAN,End of loan 30/06/2023,TRANSFERMARKT_EXPANDED
2023/24,2023,IN,421869,Nicholas Rizzo,252,Genoa CFC,26789,FC Pro Vercelli 1892,252,Genoa CFC,LOAN_RETURN_OR_END_OF_LOAN,End of loan 30/06/2023,TRANSFERMARKT_EXPANDED
2023/24,2023,IN,553757,Aleksander Buksa,252,Genoa CFC,24394,Standard de Liège 16 FC,252,Genoa CFC,LOAN_RETURN_OR_END_OF_LOAN,End of loan 30/06/2023,TRANSFERMARKT_EXPANDED
2023/24,2023,IN,313830,Pablo Galdames,252,Genoa CFC,2239,US Cremonese,252,Genoa CFC,LOAN_RETURN_OR_END_OF_LOAN,End of loan 30/06/2023,TRANSFERMARKT_EXPANDED
2023/24,2023,IN,487333,Paolo Gozzi,252,Genoa CFC,2921,Delfino Pescara 1936,252,Genoa CFC,LOAN_RETURN_OR_END_OF_LOAN,End of loan 30/06/2023,TRANSFERMARKT_EXPANDED
2023/24,2023,IN,616058,Daniel Fossati,252,Genoa CFC,14888,US Città di Pontedera,252,Genoa CFC,LOAN_RETURN_OR_END_OF_LOAN,End of loan 23/01/2024,TRANSFERMARKT_EXPANDED
2023/24,2023,IN,655186,Brayan Boci,252,Genoa CFC,5514,Calcio Lecco 1912,252,Genoa CFC,LOAN_RETURN_OR_END_OF_LOAN,End of loan 05/01/2024,TRANSFERMARKT_EXPANDED
2023/24,2023,IN,589737,Kelvin Yeboah,252,Genoa CFC,969,Montpellier HSC,252,Genoa CFC,LOAN_RETURN_OR_END_OF_LOAN,End of loan 31/01/2024,TRANSFERMARKT_EXPANDED
2023/24,2023,OUT,568559,Radu Drăgușin,252,Genoa CFC,252,Genoa CFC,148,Tottenham Hotspur,PERMANENT_OR_OTHER_EXPLICIT,€28.00m,TRANSFERMARKT_EXPANDED
2023/24,2023,OUT,724106,Luca Lipani,252,Genoa CFC,252,Genoa CFC,6574,US Sassuolo,PERMANENT_OR_OTHER_EXPLICIT,€4.55m,TRANSFERMARKT_EXPANDED
2023/24,2023,OUT,623040,Yayah Kallon,252,Genoa CFC,252,Genoa CFC,276,Hellas Verona,PERMANENT_OR_OTHER_EXPLICIT,€1.80m,TRANSFERMARKT_EXPANDED
2023/24,2023,OUT,317057,Adrian Semper,252,Genoa CFC,252,Genoa CFC,1047,Como 1907,PERMANENT_OR_OTHER_EXPLICIT,€1.46m,TRANSFERMARKT_EXPANDED
2023/24,2023,OUT,313830,Pablo Galdames,252,Genoa CFC,252,Genoa CFC,978,Clube de Regatas Vasco da Gama,PERMANENT_OR_OTHER_EXPLICIT,€800k,TRANSFERMARKT_EXPANDED
2023/24,2023,OUT,208690,George Pușcaș,252,Genoa CFC,252,Genoa CFC,332,SSC Bari,LOAN,Loan fee: €600k,TRANSFERMARKT_EXPANDED
2023/24,2023,OUT,589737,Kelvin Yeboah,252,Genoa CFC,252,Genoa CFC,3057,Standard Liège,LOAN,Loan fee: €460k,TRANSFERMARKT_EXPANDED
2023/24,2023,OUT,237666,Silvan Hefti,252,Genoa CFC,252,Genoa CFC,969,Montpellier HSC,LOAN,Loan fee: €430k,TRANSFERMARKT_EXPANDED
2023/24,2023,OUT,309393,Lennart Czyborra,252,Genoa CFC,252,Genoa CFC,1269,PEC Zwolle,LOAN,Loan fee: €200k,TRANSFERMARKT_EXPANDED
2023/24,2023,OUT,487333,Paolo Gozzi,252,Genoa CFC,252,Genoa CFC,1154,Red Star FC,LOAN,Loan fee: €120k,TRANSFERMARKT_EXPANDED
2023/24,2023,OUT,553757,Aleksander Buksa,252,Genoa CFC,252,Genoa CFC,2446,WSG Tirol,LOAN,Loan fee: €100k,TRANSFERMARKT_EXPANDED
2023/24,2023,OUT,301235,Giacomo Calò,252,Genoa CFC,252,Genoa CFC,4031,Cosenza Calcio,PERMANENT_OR_OTHER_EXPLICIT,€61k,TRANSFERMARKT_EXPANDED
2023/24,2023,OUT,167859,Stefano Sturaro,252,Genoa CFC,252,Genoa CFC,6646,Fatih Karagümrük,FREE_TRANSFER,free transfer,TRANSFERMARKT_EXPANDED
2023/24,2023,OUT,320871,Rok Vodisek,252,Genoa CFC,252,Genoa CFC,55601,NK Rogaska,FREE_TRANSFER,free transfer,TRANSFERMARKT_EXPANDED
2023/24,2023,OUT,421869,Nicholas Rizzo,252,Genoa CFC,252,Genoa CFC,4271,US Triestina,FREE_TRANSFER,free transfer,TRANSFERMARKT_EXPANDED
2023/24,2023,OUT,707793,Kacper Zielski,252,Genoa CFC,252,Genoa CFC,41149,Raków Częstochowa II,FREE_TRANSFER,free transfer,TRANSFERMARKT_EXPANDED
2023/24,2023,OUT,529841,Mattia Zennaro,252,Genoa CFC,252,Genoa CFC,9439,Feralpisalò,FREE_TRANSFER,free transfer,TRANSFERMARKT_EXPANDED
2023/24,2023,OUT,181382,Abdoulaye Touré,252,Genoa CFC,252,Genoa CFC,738,Le Havre AC,FREE_TRANSFER,free transfer,TRANSFERMARKT_EXPANDED
2023/24,2023,OUT,701036,Gianluca Parodi,252,Genoa CFC,252,Genoa CFC,4103,FC Lumezzane,FREE_TRANSFER,free transfer,TRANSFERMARKT_EXPANDED
2023/24,2023,OUT,238981,Vittorio Parigini,252,Genoa CFC,252,Genoa CFC,9439,Feralpisalò,FREE_TRANSFER,free transfer,TRANSFERMARKT_EXPANDED
2023/24,2023,OUT,199927,Davide Biraschi,252,Genoa CFC,252,Genoa CFC,6646,Fatih Karagümrük,FREE_TRANSFER,free transfer,TRANSFERMARKT_EXPANDED
2023/24,2023,OUT,650593,Elmando Gjini,252,Genoa CFC,252,Genoa CFC,3739,KF Teuta,FREE_TRANSFER,free transfer,TRANSFERMARKT_EXPANDED
2023/24,2023,OUT,616058,Daniel Fossati,252,Genoa CFC,252,Genoa CFC,14888,US Città di Pontedera,LOAN,loan transfer,TRANSFERMARKT_EXPANDED
2023/24,2023,OUT,655186,Brayan Boci,252,Genoa CFC,252,Genoa CFC,5514,Calcio Lecco 1912,LOAN,loan transfer,TRANSFERMARKT_EXPANDED
2023/24,2023,OUT,536452,Luca Chierico,252,Genoa CFC,252,Genoa CFC,4326,AS Gubbio 1910,LOAN,loan transfer,TRANSFERMARKT_EXPANDED
2023/24,2023,OUT,200188,Mattia Aramu,252,Genoa CFC,252,Genoa CFC,332,SSC Bari,LOAN,loan transfer,TRANSFERMARKT_EXPANDED
2023/24,2023,OUT,315862,Filippo Melegoni,252,Genoa CFC,252,Genoa CFC,5621,AC Reggiana 1919,LOAN,loan transfer,TRANSFERMARKT_EXPANDED
2023/24,2023,OUT,655186,Brayan Boci,252,Genoa CFC,252,Genoa CFC,30066,FC Legnago Salus,LOAN,loan transfer,TRANSFERMARKT_EXPANDED
2023/24,2023,OUT,616058,Daniel Fossati,252,Genoa CFC,252,Genoa CFC,26883,USD Sestri Levante 1919,LOAN,loan transfer,TRANSFERMARKT_EXPANDED
2023/24,2023,OUT,579746,Giuseppe Agostino,252,Genoa CFC,252,Genoa CFC,4271,US Triestina,PERMANENT_OR_OTHER_EXPLICIT,?,TRANSFERMARKT_EXPANDED
2023/24,2023,OUT,616031,Michele Besaggio,252,Genoa CFC,252,Genoa CFC,19,Brescia Calcio (- 2025),PERMANENT_OR_OTHER_EXPLICIT,?,TRANSFERMARKT_EXPANDED
2023/24,2023,OUT,459665,Patrizio Masini,252,Genoa CFC,252,Genoa CFC,408,Ascoli Calcio,LOAN,loan transfer,TRANSFERMARKT_EXPANDED
2023/24,2023,OUT,301236,Francesco Cassata,252,Genoa CFC,252,Genoa CFC,3522,Spezia Calcio,LOAN,loan transfer,TRANSFERMARKT_EXPANDED
2023/24,2023,OUT,394304,Manolo Portanova,252,Genoa CFC,252,Genoa CFC,5621,AC Reggiana 1919,LOAN,loan transfer,TRANSFERMARKT_EXPANDED
2023/24,2023,OUT,33763,Massimo Coda,252,Genoa CFC,252,Genoa CFC,2239,US Cremonese,LOAN,loan transfer,TRANSFERMARKT_EXPANDED
2023/24,2023,OUT,190634,Marko Pajac,252,Genoa CFC,252,Genoa CFC,5621,AC Reggiana 1919,LOAN,loan transfer,TRANSFERMARKT_EXPANDED
2023/24,2023,OUT,589737,Kelvin Yeboah,252,Genoa CFC,252,Genoa CFC,969,Montpellier HSC,LOAN,loan transfer,TRANSFERMARKT_EXPANDED
2023/24,2023,OUT,341019,Güven Yalçın,252,Genoa CFC,252,Genoa CFC,6646,Fatih Karagümrük,LOAN,loan transfer,TRANSFERMARKT_EXPANDED
2023/24,2023,OUT,242813,Filip Jagiełło,252,Genoa CFC,252,Genoa CFC,3522,Spezia Calcio,LOAN,loan transfer,TRANSFERMARKT_EXPANDED
2023/24,2023,OUT,44136,Domenico Criscito,252,Genoa CFC,252,Genoa CFC,,Retired,RETIREMENT,-,TRANSFERMARKT_EXPANDED
2023/24,2023,OUT,40074,Stefan Ilsanker,252,Genoa CFC,252,Genoa CFC,,Career break,PERMANENT_OR_OTHER_EXPLICIT,-,TRANSFERMARKT_EXPANDED
2023/24,2023,OUT,818448,Alessandro Marcandalli,252,Genoa CFC,252,Genoa CFC,5621,AC Reggiana 1919,LOAN,loan transfer,TRANSFERMARKT_EXPANDED
2023/24,2023,OUT,477027,Elia Petrelli,252,Genoa CFC,252,Genoa CFC,2254,Pro Sesto 1913,LOAN,loan transfer,TRANSFERMARKT_EXPANDED
2023/24,2023,OUT,315871,Federico Valietti,252,Genoa CFC,252,Genoa CFC,4093,Taranto SS,LOAN,loan transfer,TRANSFERMARKT_EXPANDED
2023/24,2023,OUT,388516,Josep Martínez,252,Genoa CFC,252,Genoa CFC,23826,RB Leipzig,LOAN_RETURN_OR_END_OF_LOAN,End of loan 30/06/2023,TRANSFERMARKT_EXPANDED
2023/24,2023,OUT,568559,Radu Drăgușin,252,Genoa CFC,252,Genoa CFC,506,Juventus FC,LOAN_RETURN_OR_END_OF_LOAN,End of loan 30/06/2023,TRANSFERMARKT_EXPANDED
2023/24,2023,OUT,68864,Kevin Strootman,252,Genoa CFC,252,Genoa CFC,244,Olympique Marseille,LOAN_RETURN_OR_END_OF_LOAN,End of loan 30/06/2023,TRANSFERMARKT_EXPANDED
2023/24,2023,OUT,200188,Mattia Aramu,252,Genoa CFC,252,Genoa CFC,607,Venezia FC,LOAN_RETURN_OR_END_OF_LOAN,End of loan 30/06/2023,TRANSFERMARKT_EXPANDED
2023/24,2023,OUT,208690,George Pușcaș,252,Genoa CFC,252,Genoa CFC,1032,Reading FC,LOAN_RETURN_OR_END_OF_LOAN,End of loan 30/06/2023,TRANSFERMARKT_EXPANDED
2023/24,2023,OUT,405399,Denis Drăguș,252,Genoa CFC,252,Genoa CFC,3057,Standard Liège,LOAN_RETURN_OR_END_OF_LOAN,End of loan 30/06/2023,TRANSFERMARKT_EXPANDED
2023/24,2023,OUT,459661,Eddie Salcedo,252,Genoa CFC,252,Genoa CFC,46,Inter Milan,LOAN_RETURN_OR_END_OF_LOAN,End of loan 30/06/2023,TRANSFERMARKT_EXPANDED
2023/24,2023,OUT,449151,Junior Messias,252,Genoa CFC,252,Genoa CFC,5,AC Milan,LOAN_RETURN_OR_END_OF_LOAN,End of loan 12/01/2024,TRANSFERMARKT_EXPANDED
2023/24,2023,OUT,207877,Ruslan Malinovskyi,252,Genoa CFC,252,Genoa CFC,244,Olympique Marseille,LOAN_RETURN_OR_END_OF_LOAN,End of loan 30/01/2024,TRANSFERMARKT_EXPANDED
2023/24,2023,OUT,469787,Berkan Kutlu,252,Genoa CFC,252,Genoa CFC,141,Galatasaray,LOAN_RETURN_OR_END_OF_LOAN,End of loan 12/01/2024,TRANSFERMARKT_EXPANDED
2023/24,2023,IN,876298,Matteo Prati,1390,Cagliari Calcio,2722,SPAL,1390,Cagliari Calcio,PERMANENT_OR_OTHER_EXPLICIT,€5.90m,TRANSFERMARKT_EXPANDED
2023/24,2023,IN,208172,Mateusz Wieteska,1390,Cagliari Calcio,3524,Clermont Foot 63,1390,Cagliari Calcio,PERMANENT_OR_OTHER_EXPLICIT,€5.30m,TRANSFERMARKT_EXPANDED
2023/24,2023,IN,982267,Ibrahim Sulemana,1390,Cagliari Calcio,276,Hellas Verona,1390,Cagliari Calcio,PERMANENT_OR_OTHER_EXPLICIT,€4.00m,TRANSFERMARKT_EXPANDED
2023/24,2023,IN,144244,Pantelis Hatzidiakos,1390,Cagliari Calcio,1090,AZ Alkmaar,1390,Cagliari Calcio,PERMANENT_OR_OTHER_EXPLICIT,€2.70m,TRANSFERMARKT_EXPANDED
2023/24,2023,IN,284595,Tommaso Augello,1390,Cagliari Calcio,1038,UC Sampdoria,1390,Cagliari Calcio,PERMANENT_OR_OTHER_EXPLICIT,€2.40m,TRANSFERMARKT_EXPANDED
2023/24,2023,IN,457674,Alessandro Di Pardo,1390,Cagliari Calcio,41101,Juventus Next Gen,1390,Cagliari Calcio,PERMANENT_OR_OTHER_EXPLICIT,€2.00m,TRANSFERMARKT_EXPANDED
2023/24,2023,IN,238993,Simone Scuffet,1390,Cagliari Calcio,7769,CFR Cluj,1390,Cagliari Calcio,PERMANENT_OR_OTHER_EXPLICIT,€2.00m,TRANSFERMARKT_EXPANDED
2023/24,2023,IN,358166,Eldor Shomurodov,1390,Cagliari Calcio,12,AS Roma,1390,Cagliari Calcio,LOAN,Loan fee: €1.00m,TRANSFERMARKT_EXPANDED
2023/24,2023,IN,319160,Jakub Jankto,1390,Cagliari Calcio,3709,Getafe CF,1390,Cagliari Calcio,PERMANENT_OR_OTHER_EXPLICIT,€540k,TRANSFERMARKT_EXPANDED
2023/24,2023,IN,289446,Yerry Mina,1390,Cagliari Calcio,430,ACF Fiorentina,1390,Cagliari Calcio,PERMANENT_OR_OTHER_EXPLICIT,€500k,TRANSFERMARKT_EXPANDED
2023/24,2023,IN,685506,Christian Travaglini,1390,Cagliari Calcio,9826,Olbia Calcio 1905,1390,Cagliari Calcio,PERMANENT_OR_OTHER_EXPLICIT,€100k,TRANSFERMARKT_EXPANDED
2023/24,2023,IN,199258,Andrea Petagna,1390,Cagliari Calcio,2919,AC Monza,1390,Cagliari Calcio,LOAN,loan transfer,TRANSFERMARKT_EXPANDED
2023/24,2023,IN,613393,Gaetano Oristanio,1390,Cagliari Calcio,46,Inter Milan,1390,Cagliari Calcio,LOAN,loan transfer,TRANSFERMARKT_EXPANDED
2023/24,2023,IN,358008,Gianluca Gaetano,1390,Cagliari Calcio,6195,SSC Napoli,1390,Cagliari Calcio,LOAN,loan transfer,TRANSFERMARKT_EXPANDED
2023/24,2023,IN,12907,Alessio Cragno,1390,Cagliari Calcio,2919,AC Monza,1390,Cagliari Calcio,LOAN_RETURN_OR_END_OF_LOAN,End of loan 30/06/2023,TRANSFERMARKT_EXPANDED
2023/24,2023,IN,705097,Davide Veroli,1390,Cagliari Calcio,11676,Cagliari Primavera,1390,Cagliari Calcio,PERMANENT_OR_OTHER_EXPLICIT,-,TRANSFERMARKT_EXPANDED
2023/24,2023,IN,1111663,Kingstone Mutandwa,1390,Cagliari Calcio,11676,Cagliari Primavera,1390,Cagliari Calcio,PERMANENT_OR_OTHER_EXPLICIT,-,TRANSFERMARKT_EXPANDED
2023/24,2023,IN,685506,Christian Travaglini,1390,Cagliari Calcio,1103,Ternana Calcio,1390,Cagliari Calcio,LOAN_RETURN_OR_END_OF_LOAN,End of loan 10/01/2024,TRANSFERMARKT_EXPANDED
2023/24,2023,IN,535740,Giuseppe Ciocci,1390,Cagliari Calcio,2921,Delfino Pescara 1936,1390,Cagliari Calcio,LOAN_RETURN_OR_END_OF_LOAN,End of loan 02/01/2024,TRANSFERMARKT_EXPANDED
2023/24,2023,IN,264116,Gastón Pereiro,1390,Cagliari Calcio,866,Club Nacional,1390,Cagliari Calcio,LOAN_RETURN_OR_END_OF_LOAN,End of loan 30/06/2023,TRANSFERMARKT_EXPANDED
2023/24,2023,IN,610878,Jacopo Desogus,1390,Cagliari Calcio,2921,Delfino Pescara 1936,1390,Cagliari Calcio,LOAN_RETURN_OR_END_OF_LOAN,End of loan 30/06/2023,TRANSFERMARKT_EXPANDED
2023/24,2023,IN,345458,Sebastian Walukiewicz,1390,Cagliari Calcio,749,FC Empoli,1390,Cagliari Calcio,LOAN_RETURN_OR_END_OF_LOAN,End of loan 30/06/2023,TRANSFERMARKT_EXPANDED
2023/24,2023,IN,472176,Salvatore Boccia,1390,Cagliari Calcio,4096,FC Turris 1944,1390,Cagliari Calcio,LOAN_RETURN_OR_END_OF_LOAN,End of loan 30/06/2023,TRANSFERMARKT_EXPANDED
2023/24,2023,IN,481836,Gianluca Contini,1390,Cagliari Calcio,9826,Olbia Calcio 1905,1390,Cagliari Calcio,LOAN_RETURN_OR_END_OF_LOAN,End of loan 31/01/2024,TRANSFERMARKT_EXPANDED
2023/24,2023,IN,357992,Raoul Bellanova,1390,Cagliari Calcio,46,Inter Milan,1390,Cagliari Calcio,LOAN_RETURN_OR_END_OF_LOAN,End of loan 30/06/2023,TRANSFERMARKT_EXPANDED
2023/24,2023,IN,197751,Alberto Cerri,1390,Cagliari Calcio,1047,Como 1907,1390,Cagliari Calcio,LOAN_RETURN_OR_END_OF_LOAN,End of loan 30/06/2023,TRANSFERMARKT_EXPANDED
2023/24,2023,OUT,357992,Raoul Bellanova,1390,Cagliari Calcio,1390,Cagliari Calcio,416,Torino FC,PERMANENT_OR_OTHER_EXPLICIT,€7.00m,TRANSFERMARKT_EXPANDED
2023/24,2023,OUT,345458,Sebastian Walukiewicz,1390,Cagliari Calcio,1390,Cagliari Calcio,749,FC Empoli,PERMANENT_OR_OTHER_EXPLICIT,€4.50m,TRANSFERMARKT_EXPANDED
2023/24,2023,OUT,12907,Alessio Cragno,1390,Cagliari Calcio,1390,Cagliari Calcio,2919,AC Monza,PERMANENT_OR_OTHER_EXPLICIT,€3.60m,TRANSFERMARKT_EXPANDED
2023/24,2023,OUT,242940,Edoardo Goldaniga,1390,Cagliari Calcio,1390,Cagliari Calcio,1047,Como 1907,PERMANENT_OR_OTHER_EXPLICIT,€1.43m,TRANSFERMARKT_EXPANDED
2023/24,2023,OUT,197751,Alberto Cerri,1390,Cagliari Calcio,1390,Cagliari Calcio,1047,Como 1907,PERMANENT_OR_OTHER_EXPLICIT,€1.25m,TRANSFERMARKT_EXPANDED
2023/24,2023,OUT,459945,Nunzio Lella,1390,Cagliari Calcio,1390,Cagliari Calcio,607,Venezia FC,PERMANENT_OR_OTHER_EXPLICIT,€800k,TRANSFERMARKT_EXPANDED
2023/24,2023,OUT,264116,Gastón Pereiro,1390,Cagliari Calcio,1390,Cagliari Calcio,1103,Ternana Calcio,LOAN,Loan fee: €270k,TRANSFERMARKT_EXPANDED
2023/24,2023,OUT,650224,Christos Kourfalidis,1390,Cagliari Calcio,1390,Cagliari Calcio,9439,Feralpisalò,LOAN,Loan fee: €200k,TRANSFERMARKT_EXPANDED
2023/24,2023,OUT,390159,Vincenzo Millico,1390,Cagliari Calcio,1390,Cagliari Calcio,408,Ascoli Calcio,FREE_TRANSFER,free transfer,TRANSFERMARKT_EXPANDED
2023/24,2023,OUT,238947,Elio Capradossi,1390,Cagliari Calcio,1390,Cagliari Calcio,5514,Calcio Lecco 1912,FREE_TRANSFER,free transfer,TRANSFERMARKT_EXPANDED
2023/24,2023,OUT,740517,Eldin Lolic,1390,Cagliari Calcio,1390,Cagliari Calcio,43532,FK Tuzla City,FREE_TRANSFER,free transfer,TRANSFERMARKT_EXPANDED
2023/24,2023,OUT,241889,Antonio Barreca,1390,Cagliari Calcio,1390,Cagliari Calcio,1038,UC Sampdoria,FREE_TRANSFER,free transfer,TRANSFERMARKT_EXPANDED
2023/24,2023,OUT,535740,Giuseppe Ciocci,1390,Cagliari Calcio,1390,Cagliari Calcio,2921,Delfino Pescara 1936,LOAN,loan transfer,TRANSFERMARKT_EXPANDED
2023/24,2023,OUT,535740,Giuseppe Ciocci,1390,Cagliari Calcio,1390,Cagliari Calcio,14888,US Città di Pontedera,LOAN,loan transfer,TRANSFERMARKT_EXPANDED
2023/24,2023,OUT,736034,Isaías Delpupo,1390,Cagliari Calcio,1390,Cagliari Calcio,14888,US Città di Pontedera,LOAN,loan transfer,TRANSFERMARKT_EXPANDED
2023/24,2023,OUT,317482,Marko Rog,1390,Cagliari Calcio,1390,Cagliari Calcio,419,GNK Dinamo Zagreb,LOAN,loan transfer,TRANSFERMARKT_EXPANDED
2023/24,2023,OUT,354909,Giorgio Altare,1390,Cagliari Calcio,1390,Cagliari Calcio,607,Venezia FC,LOAN,loan transfer,TRANSFERMARKT_EXPANDED
2023/24,2023,OUT,685506,Christian Travaglini,1390,Cagliari Calcio,1390,Cagliari Calcio,1103,Ternana Calcio,LOAN,loan transfer,TRANSFERMARKT_EXPANDED
2023/24,2023,OUT,472176,Salvatore Boccia,1390,Cagliari Calcio,1390,Cagliari Calcio,6692,Novara FC,LOAN,loan transfer,TRANSFERMARKT_EXPANDED
2023/24,2023,OUT,685506,Christian Travaglini,1390,Cagliari Calcio,1390,Cagliari Calcio,4093,Taranto SS,LOAN,loan transfer,TRANSFERMARKT_EXPANDED
2023/24,2023,OUT,610878,Jacopo Desogus,1390,Cagliari Calcio,1390,Cagliari Calcio,4326,AS Gubbio 1910,LOAN,loan transfer,TRANSFERMARKT_EXPANDED
2023/24,2023,OUT,469690,Nik Prelec,1390,Cagliari Calcio,1390,Cagliari Calcio,2446,WSG Tirol,LOAN,loan transfer,TRANSFERMARKT_EXPANDED
2023/24,2023,OUT,705097,Davide Veroli,1390,Cagliari Calcio,1390,Cagliari Calcio,4097,US Catanzaro,LOAN,loan transfer,TRANSFERMARKT_EXPANDED
2023/24,2023,OUT,481836,Gianluca Contini,1390,Cagliari Calcio,1390,Cagliari Calcio,49939,Virtus Francavilla Calcio,LOAN,loan transfer,TRANSFERMARKT_EXPANDED
2023/24,2023,OUT,70689,Filippo Falco,1390,Cagliari Calcio,1390,Cagliari Calcio,159,Red Star Belgrade,LOAN_RETURN_OR_END_OF_LOAN,End of loan 30/06/2023,TRANSFERMARKT_EXPANDED
2023/24,2023,OUT,457674,Alessandro Di Pardo,1390,Cagliari Calcio,1390,Cagliari Calcio,41101,Juventus Next Gen,LOAN_RETURN_OR_END_OF_LOAN,End of loan 30/06/2023,TRANSFERMARKT_EXPANDED
