event_id,season,player_id,player_name,from_club_id,from_club,to_club_id,to_club,semantic_type,fee_text,paired_internal_faces,source_faces
TM-2025-00001,2025/26,1002758,Giacomo Maucci,14829,Brescia Primavera,4172,Pisa Sporting Club,FREE_TRANSFER,free transfer,0,IN
TM-2025-00002,2025/26,1002758,Giacomo Maucci,4172,Pisa Sporting Club,5542,CPR Ospitaletto,LOAN,loan transfer,0,OUT
TM-2025-00003,2025/26,1004344,Ali Dembélé,416,Torino FC,2581,Mantova 1911,LOAN,loan transfer,0,OUT
TM-2025-00004,2025/26,1004723,Fellipe Jack,1047,Como 1907,14807,SE Palmeiras São Paulo U20,LOAN_RETURN_OR_END_OF_LOAN,End of loan 30/06/2025,0,OUT
TM-2025-00005,2025/26,1004723,Fellipe Jack,1047,Como 1907,3522,Spezia Calcio,LOAN,loan transfer,0,OUT
TM-2025-00006,2025/26,1004723,Fellipe Jack,1047,Como 1907,4097,US Catanzaro,LOAN,loan transfer,0,OUT
TM-2025-00007,2025/26,1004723,Fellipe Jack,14807,SE Palmeiras São Paulo U20,1047,Como 1907,PERMANENT_OR_OTHER_EXPLICIT,€2.00m,0,IN
TM-2025-00008,2025/26,1004723,Fellipe Jack,3522,Spezia Calcio,1047,Como 1907,LOAN_RETURN_OR_END_OF_LOAN,End of loan 02/02/2026,0,IN
TM-2025-00009,2025/26,1005165,Giovane,199,Sport Club Corinthians Paulista,276,Hellas Verona,FREE_TRANSFER,free transfer,0,IN
TM-2025-00010,2025/26,1005165,Giovane,276,Hellas Verona,6195,SSC Napoli,PERMANENT_OR_OTHER_EXPLICIT,€2.00m,1,IN+OUT
TM-2025-00011,2025/26,1009030,Lorran,614,CR Flamengo,4172,Pisa Sporting Club,LOAN,Loan fee: €500k,0,IN
TM-2025-00012,2025/26,1009633,David Pejičić,410,Udinese Calcio,790,NK Maribor,LOAN,loan transfer,0,OUT
TM-2025-00013,2025/26,101213,Pedro Obiang,6574,US Sassuolo,2919,AC Monza,FREE_TRANSFER,free transfer,0,OUT
TM-2025-00014,2025/26,1012731,Luis Balbo,8505,Fiorentina Primavera,430,ACF Fiorentina,PERMANENT_OR_OTHER_EXPLICIT,-,0,IN
TM-2025-00015,2025/26,1014243,Vivaldo Semedo,410,Udinese Calcio,1010,Watford FC,PERMANENT_OR_OTHER_EXPLICIT,?,0,OUT
TM-2025-00016,2025/26,1014243,Vivaldo Semedo,6912,FC Vizela,410,Udinese Calcio,LOAN_RETURN_OR_END_OF_LOAN,End of loan 30/06/2025,0,IN
TM-2025-00017,2025/26,1015822,Eman Košpo,2470,FC Barcelona U19,430,ACF Fiorentina,PERMANENT_OR_OTHER_EXPLICIT,€285k,0,IN
TM-2025-00018,2025/26,1017950,Vernon Addo,1005,US Lecce,57870,Krasava ENY,LOAN,Loan fee: €75k,0,OUT
TM-2025-00019,2025/26,1018259,Gift Orban,533,TSG 1899 Hoffenheim,276,Hellas Verona,LOAN,Loan fee: €500k,0,IN
TM-2025-00020,2025/26,1018395,Adrian Przyborek,324,Pogon Szczecin,398,SS Lazio,PERMANENT_OR_OTHER_EXPLICIT,€4.50m,0,IN
TM-2025-00021,2025/26,1026255,Saná Fernandes,132,NAC Breda,398,SS Lazio,LOAN_RETURN_OR_END_OF_LOAN,End of loan 30/06/2025,0,IN
TM-2025-00022,2025/26,1026255,Saná Fernandes,398,SS Lazio,12816,Lazio U20,PERMANENT_OR_OTHER_EXPLICIT,-,0,OUT
TM-2025-00023,2025/26,1028162,Antoine Joujou,130,Parma Calcio 1913,3329,FC Famalicão,LOAN,loan transfer,0,OUT
TM-2025-00024,2025/26,1028162,Antoine Joujou,738,Le Havre AC,130,Parma Calcio 1913,LOAN_RETURN_OR_END_OF_LOAN,End of loan 30/06/2025,0,IN
TM-2025-00025,2025/26,1028399,Borna Knezovic,380,US Salernitana 1919,6574,US Sassuolo,LOAN_RETURN_OR_END_OF_LOAN,End of loan 01/02/2026,0,IN
TM-2025-00026,2025/26,1028399,Borna Knezovic,6574,US Sassuolo,4331,FC Trapani 1905,LOAN,loan transfer,0,OUT
TM-2025-00027,2025/26,1041614,Renato Marin,12,AS Roma,583,Paris Saint-Germain,FREE_TRANSFER,free transfer,0,OUT
TM-2025-00028,2025/26,1043646,Christian Ordóñez,1029,CA Vélez Sarsfield,130,Parma Calcio 1913,PERMANENT_OR_OTHER_EXPLICIT,€9.75m,0,IN
TM-2025-00029,2025/26,1044794,Alessandro Debenedetti,252,Genoa CFC,20519,Virtus Entella,LOAN,loan transfer,0,OUT
TM-2025-00030,2025/26,1044794,Alessandro Debenedetti,2581,Mantova 1911,252,Genoa CFC,LOAN_RETURN_OR_END_OF_LOAN,End of loan 30/06/2025,0,IN
TM-2025-00031,2025/26,1046867,Jan Ziolkowski,255,Legia Warszawa,12,AS Roma,PERMANENT_OR_OTHER_EXPLICIT,€6.60m,0,IN
TM-2025-00032,2025/26,1053566,Mert Durmush,1103,Ternana Calcio,4172,Pisa Sporting Club,LOAN_RETURN_OR_END_OF_LOAN,End of loan 28/01/2026,0,IN
TM-2025-00033,2025/26,1053566,Mert Durmush,26883,USD Sestri Levante 1919,4172,Pisa Sporting Club,LOAN_RETURN_OR_END_OF_LOAN,End of loan 30/06/2025,0,IN
TM-2025-00034,2025/26,1053566,Mert Durmush,4172,Pisa Sporting Club,1103,Ternana Calcio,LOAN,loan transfer,0,OUT
TM-2025-00035,2025/26,1053566,Mert Durmush,4172,Pisa Sporting Club,7030,Vis Pesaro 1898,LOAN,loan transfer,0,OUT
TM-2025-00036,2025/26,105521,Ciro Immobile,1025,Bologna FC 1909,10004,Paris FC,FREE_TRANSFER,free transfer,0,OUT
TM-2025-00037,2025/26,105521,Ciro Immobile,114,Besiktas JK,1025,Bologna FC 1909,FREE_TRANSFER,free transfer,0,IN
TM-2025-00038,2025/26,1057563,Christ-Owen Kouassi,1005,US Lecce,1080,Stade Lavallois,LOAN,loan transfer,0,OUT
TM-2025-00039,2025/26,1057563,Christ-Owen Kouassi,1080,Stade Lavallois,1005,US Lecce,PERMANENT_OR_OTHER_EXPLICIT,€1.00m,0,IN
TM-2025-00040,2025/26,1058354,Matteo Palma,410,Udinese Calcio,1038,UC Sampdoria,LOAN,loan transfer,0,OUT
TM-2025-00041,2025/26,1058363,Christian Comotto,10958,AC Milan Primavera,5,AC Milan,PERMANENT_OR_OTHER_EXPLICIT,-,0,IN
TM-2025-00042,2025/26,1058363,Christian Comotto,5,AC Milan,3522,Spezia Calcio,LOAN,loan transfer,0,OUT
TM-2025-00043,2025/26,1058368,Francesco Camarda,41107,Milan Futuro,5,AC Milan,PERMANENT_OR_OTHER_EXPLICIT,-,0,IN
TM-2025-00044,2025/26,1058368,Francesco Camarda,5,AC Milan,1005,US Lecce,LOAN,loan transfer,1,IN+OUT
TM-2025-00045,2025/26,1059298,Côme Bianay Balcot,1103,Ternana Calcio,416,Torino FC,LOAN_RETURN_OR_END_OF_LOAN,End of loan 13/01/2026,0,IN
TM-2025-00046,2025/26,1059298,Côme Bianay Balcot,416,Torino FC,1103,Ternana Calcio,LOAN,loan transfer,0,OUT
TM-2025-00047,2025/26,1059298,Côme Bianay Balcot,416,Torino FC,2581,Mantova 1911,LOAN,loan transfer,0,OUT
TM-2025-00048,2025/26,1059298,Côme Bianay Balcot,4271,US Triestina,416,Torino FC,LOAN_RETURN_OR_END_OF_LOAN,End of loan 30/06/2025,0,IN
TM-2025-00049,2025/26,1061820,Lorenzo Venturino,252,Genoa CFC,12,AS Roma,LOAN,loan transfer,1,IN+OUT
TM-2025-00050,2025/26,1063011,Gabriele Pessolani,252,Genoa CFC,4553,US Pergolettese 1932,LOAN,loan transfer,0,OUT
TM-2025-00051,2025/26,1063011,Gabriele Pessolani,52687,Alcione Milano,252,Genoa CFC,LOAN_RETURN_OR_END_OF_LOAN,End of loan 30/06/2025,0,IN
TM-2025-00052,2025/26,1070284,Emerick Lopes,52687,Alcione Milano,6574,US Sassuolo,LOAN_RETURN_OR_END_OF_LOAN,End of loan 30/06/2026,0,IN
TM-2025-00053,2025/26,1072279,Salvatore Dore,2239,US Cremonese,4553,US Pergolettese 1932,LOAN,loan transfer,0,OUT
TM-2025-00054,2025/26,1072279,Salvatore Dore,30066,FC Legnago Salus,2239,US Cremonese,LOAN_RETURN_OR_END_OF_LOAN,End of loan 30/06/2025,0,IN
TM-2025-00055,2025/26,1073023,Radoslaw Zelezny,11008,Juventus Primavera,12,AS Roma,FREE_TRANSFER,free transfer,0,IN
TM-2025-00056,2025/26,1074917,Jonathan Silva,4083,FC Crotone,416,Torino FC,LOAN_RETURN_OR_END_OF_LOAN,End of loan 30/06/2025,0,IN
TM-2025-00057,2025/26,1074917,Jonathan Silva,416,Torino FC,3037,Calcio Padova,LOAN,loan transfer,0,OUT
TM-2025-00058,2025/26,1077175,Honest Ahanor,252,Genoa CFC,800,Atalanta BC,PERMANENT_OR_OTHER_EXPLICIT,€16.00m,1,IN+OUT
TM-2025-00059,2025/26,1077262,Andrea Pavanello,26883,USD Sestri Levante 1919,4172,Pisa Sporting Club,LOAN_RETURN_OR_END_OF_LOAN,End of loan 30/06/2025,0,IN
TM-2025-00060,2025/26,1077262,Andrea Pavanello,4172,Pisa Sporting Club,5542,CPR Ospitaletto,LOAN,loan transfer,0,OUT
TM-2025-00061,2025/26,1082519,Charlys,276,Hellas Verona,5621,AC Reggiana 1919,LOAN,loan transfer,0,OUT
TM-2025-00062,2025/26,1082519,Charlys,4031,Cosenza Calcio,276,Hellas Verona,LOAN_RETURN_OR_END_OF_LOAN,End of loan 30/06/2025,0,IN
TM-2025-00063,2025/26,1082581,Pedro Felipe,41101,Juventus Next Gen,6574,US Sassuolo,LOAN,loan transfer,0,IN
TM-2025-00064,2025/26,1082774,Amorim,2521,FC Alverca,252,Genoa CFC,PERMANENT_OR_OTHER_EXPLICIT,€7.50m,0,IN
TM-2025-00065,2025/26,1083069,Isaac,330,Clube Atlético Mineiro,276,Hellas Verona,FREE_TRANSFER,free transfer,0,IN
TM-2025-00066,2025/26,1083164,Lior Kassa,252,Genoa CFC,1064,Maccabi Haifa,LOAN_RETURN_OR_END_OF_LOAN,End of loan 30/06/2025,0,OUT
TM-2025-00067,2025/26,1086619,Giovanni Leoni,130,Parma Calcio 1913,31,Liverpool FC,PERMANENT_OR_OTHER_EXPLICIT,€29.45m,0,OUT
TM-2025-00068,2025/26,1099924,Yael Trepy,11676,Cagliari Primavera,1390,Cagliari Calcio,PERMANENT_OR_OTHER_EXPLICIT,-,0,IN
TM-2025-00069,2025/26,1104206,Agustín Albarracín,18074,CA Boston River,1390,Cagliari Calcio,PERMANENT_OR_OTHER_EXPLICIT,€2.00m,0,IN
TM-2025-00070,2025/26,1110645,Filipe Bordon,398,SS Lazio,4554,FC Südtirol,LOAN,loan transfer,0,OUT
TM-2025-00071,2025/26,1111663,Kingstone Mutandwa,1390,Cagliari Calcio,266,SV Ried,LOAN,loan transfer,0,OUT
TM-2025-00072,2025/26,1118086,Sebastian Esposito,1005,US Lecce,7006,Melbourne Victory,LOAN,loan transfer,0,OUT
TM-2025-00073,2025/26,1118347,Juan Arizala,10093,Independiente Medellín,410,Udinese Calcio,PERMANENT_OR_OTHER_EXPLICIT,€3.00m,0,IN
TM-2025-00074,2025/26,1129198,Eivind Helland,1100,SK Brann,1025,Bologna FC 1909,PERMANENT_OR_OTHER_EXPLICIT,€7.00m,0,IN
TM-2025-00075,2025/26,1131161,Robinio Vaz,244,Olympique Marseille,12,AS Roma,PERMANENT_OR_OTHER_EXPLICIT,€22.00m,0,IN
TM-2025-00076,2025/26,1134304,Joseph Liteta,11676,Cagliari Primavera,1390,Cagliari Calcio,PERMANENT_OR_OTHER_EXPLICIT,-,0,IN
TM-2025-00077,2025/26,1144700,Matías Moreno,430,ACF Fiorentina,3368,Levante UD,LOAN,loan transfer,0,OUT
TM-2025-00078,2025/26,115763,Koray Günter,1467,Göztepe,276,Hellas Verona,LOAN_RETURN_OR_END_OF_LOAN,End of loan 30/06/2025,0,IN
TM-2025-00079,2025/26,115763,Koray Günter,276,Hellas Verona,71665,Al-Okhdood Club,FREE_TRANSFER,free transfer,0,OUT
TM-2025-00080,2025/26,1159022,Mateus Lusuardi,4172,Pisa Sporting Club,5621,AC Reggiana 1919,LOAN,loan transfer,0,OUT
TM-2025-00081,2025/26,1159022,Mateus Lusuardi,8970,Frosinone Calcio,4172,Pisa Sporting Club,PERMANENT_OR_OTHER_EXPLICIT,€500k,0,IN
TM-2025-00082,2025/26,1159864,Mariano Troilo,2417,Club Atlético Belgrano,130,Parma Calcio 1913,PERMANENT_OR_OTHER_EXPLICIT,€7.98m,0,IN
TM-2025-00083,2025/26,1170286,Darryl Bakola,244,Olympique Marseille,6574,US Sassuolo,PERMANENT_OR_OTHER_EXPLICIT,€10.00m,0,IN
TM-2025-00084,2025/26,1175410,Matías Pérez,19027,Curicó Unido,1005,US Lecce,PERMANENT_OR_OTHER_EXPLICIT,€525k,0,IN
TM-2025-00085,2025/26,1178016,Andrea Primasso,26883,USD Sestri Levante 1919,4172,Pisa Sporting Club,LOAN_RETURN_OR_END_OF_LOAN,End of loan 30/06/2025,0,IN
TM-2025-00086,2025/26,1178016,Andrea Primasso,4172,Pisa Sporting Club,7030,Vis Pesaro 1898,LOAN,loan transfer,0,OUT
TM-2025-00087,2025/26,1178488,Idrissa Gueye,347,FC Metz,410,Udinese Calcio,LOAN,Loan fee: €4.00m,0,IN
TM-2025-00088,2025/26,1188619,Alessio Cacciamani,12130,Torino Primavera,416,Torino FC,PERMANENT_OR_OTHER_EXPLICIT,-,0,IN
TM-2025-00089,2025/26,1188619,Alessio Cacciamani,416,Torino FC,5587,SS Juve Stabia,LOAN,loan transfer,0,OUT
TM-2025-00090,2025/26,1190411,Jesús Rodríguez,150,Real Betis Balompié,1047,Como 1907,PERMANENT_OR_OTHER_EXPLICIT,€22.50m,0,IN
TM-2025-00091,2025/26,1191069,Louis Buffon,14821,Pisa Primavera,4172,Pisa Sporting Club,PERMANENT_OR_OTHER_EXPLICIT,-,0,IN
TM-2025-00092,2025/26,1191069,Louis Buffon,4172,Pisa Sporting Club,14888,US Città di Pontedera,LOAN,loan transfer,0,OUT
TM-2025-00093,2025/26,1191520,Nils Zätterström,350,Sheffield United,252,Genoa CFC,LOAN,loan transfer,0,IN
TM-2025-00094,2025/26,1195798,Mathias Ferrante,55434,SSD NovaRomentin,6195,SSC Napoli,PERMANENT_OR_OTHER_EXPLICIT,€100k,0,IN
TM-2025-00095,2025/26,1202971,Riccardo Bassanini,14888,US Città di Pontedera,4172,Pisa Sporting Club,LOAN_RETURN_OR_END_OF_LOAN,End of loan 01/02/2026,0,IN
TM-2025-00096,2025/26,1202971,Riccardo Bassanini,4172,Pisa Sporting Club,14888,US Città di Pontedera,LOAN,loan transfer,0,OUT
TM-2025-00097,2025/26,1202971,Riccardo Bassanini,4172,Pisa Sporting Club,5174,Pavia Calcio 1911,LOAN,loan transfer,0,OUT
TM-2025-00098,2025/26,1202971,Riccardo Bassanini,44223,AS Giana Erminio,4172,Pisa Sporting Club,LOAN_RETURN_OR_END_OF_LOAN,End of loan 30/06/2025,0,IN
TM-2025-00099,2025/26,1210116,Abdoulaye Camara,10852,Montpellier HSC U19,410,Udinese Calcio,PERMANENT_OR_OTHER_EXPLICIT,€1.20m,0,IN
TM-2025-00100,2025/26,1228231,Juan Rodríguez,861,CA Peñarol,1390,Cagliari Calcio,PERMANENT_OR_OTHER_EXPLICIT,€4.00m,0,IN
TM-2025-00101,2025/26,1231354,Jeremy Mbambi,4172,Pisa Sporting Club,14888,US Città di Pontedera,LOAN,loan transfer,0,OUT
TM-2025-00102,2025/26,1231354,Jeremy Mbambi,66532,KAA Gent U18,4172,Pisa Sporting Club,PERMANENT_OR_OTHER_EXPLICIT,€500k,0,IN
TM-2025-00103,2025/26,1231993,Adrian Lahdo,1059,Hammarby IF,1047,Como 1907,PERMANENT_OR_OTHER_EXPLICIT,€11.94m,0,IN
TM-2025-00104,2025/26,124555,Cristiano Biraghi,416,Torino FC,430,ACF Fiorentina,LOAN_RETURN_OR_END_OF_LOAN,End of loan 30/06/2025,1,IN+OUT
TM-2025-00105,2025/26,124555,Cristiano Biraghi,430,ACF Fiorentina,416,Torino FC,PERMANENT_OR_OTHER_EXPLICIT,€260k,1,IN+OUT
TM-2025-00106,2025/26,125020,José Luis Palomino,1390,Cagliari Calcio,3938,CA Talleres,FREE_TRANSFER,free transfer,0,OUT
TM-2025-00107,2025/26,1259706,Henrique Menke,15083,SC Internacional U20,1047,Como 1907,LOAN,loan transfer,0,IN
TM-2025-00108,2025/26,127217,Alessandro Berardi,276,Hellas Verona,,Retired,RETIREMENT,-,0,OUT
TM-2025-00109,2025/26,128223,Álvaro Morata,141,Galatasaray,5,AC Milan,LOAN_RETURN_OR_END_OF_LOAN,End of loan 10/08/2025 €5.00m,0,IN
TM-2025-00110,2025/26,128223,Álvaro Morata,5,AC Milan,1047,Como 1907,LOAN,loan transfer,1,IN+OUT
TM-2025-00111,2025/26,129674,Jeremy Toljan,6574,US Sassuolo,3368,Levante UD,FREE_TRANSFER,free transfer,0,OUT
TM-2025-00112,2025/26,1300966,Branimir Mlacic,447,HNK Hajduk Split,410,Udinese Calcio,PERMANENT_OR_OTHER_EXPLICIT,€4.50m,0,IN
TM-2025-00113,2025/26,130360,Simone Verdi,1047,Como 1907,4554,FC Südtirol,FREE_TRANSFER,free transfer,0,OUT
TM-2025-00114,2025/26,130360,Simone Verdi,6574,US Sassuolo,1047,Como 1907,LOAN_RETURN_OR_END_OF_LOAN,End of loan 30/06/2025,1,IN+OUT
TM-2025-00115,2025/26,130365,Alessandro Florenzi,5,AC Milan,,Retired,RETIREMENT,-,0,OUT
TM-2025-00116,2025/26,1315458,Fallou Cham,22048,Scafatese Calcio 1922,276,Hellas Verona,PERMANENT_OR_OTHER_EXPLICIT,?,0,IN
TM-2025-00117,2025/26,131951,Kevin Lasagna,276,Hellas Verona,3037,Calcio Padova,PERMANENT_OR_OTHER_EXPLICIT,?,0,OUT
TM-2025-00118,2025/26,131951,Kevin Lasagna,332,SSC Bari,276,Hellas Verona,LOAN_RETURN_OR_END_OF_LOAN,End of loan 30/06/2025,0,IN
TM-2025-00119,2025/26,1355285,Arthur Borghi,14876,SC Corinthians U20,276,Hellas Verona,FREE_TRANSFER,free transfer,0,IN
TM-2025-00120,2025/26,135747,Luca Lezzerini,19,Brescia Calcio (- 2025),430,ACF Fiorentina,FREE_TRANSFER,free transfer,0,IN
TM-2025-00121,2025/26,1371793,Paul Mendy,11676,Cagliari Primavera,1390,Cagliari Calcio,PERMANENT_OR_OTHER_EXPLICIT,-,0,IN
TM-2025-00122,2025/26,143812,Matías Vecino,398,SS Lazio,940,Celta de Vigo,FREE_TRANSFER,free transfer,0,OUT
TM-2025-00123,2025/26,144244,Pantelis Hatzidiakos,1390,Cagliari Calcio,190,FC Copenhagen,PERMANENT_OR_OTHER_EXPLICIT,€1.50m,0,OUT
TM-2025-00124,2025/26,144244,Pantelis Hatzidiakos,190,FC Copenhagen,1390,Cagliari Calcio,LOAN_RETURN_OR_END_OF_LOAN,End of loan 30/06/2025,0,IN
TM-2025-00125,2025/26,148372,Nicolae Stanciu,252,Genoa CFC,98080,Dalian Yingbo,FREE_TRANSFER,free transfer,0,OUT
TM-2025-00126,2025/26,148372,Nicolae Stanciu,50532,Damac FC,252,Genoa CFC,FREE_TRANSFER,free transfer,0,IN
TM-2025-00127,2025/26,15452,Raúl Albiol,515,Without Club,4172,Pisa Sporting Club,FREE_AGENT_OR_END_OF_CONTRACT,-,0,IN
TM-2025-00128,2025/26,161011,Filip Kostic,36,Fenerbahce,506,Juventus FC,LOAN_RETURN_OR_END_OF_LOAN,End of loan 10/06/2025,0,IN
TM-2025-00129,2025/26,162959,Daniele Rugani,506,Juventus FC,430,ACF Fiorentina,LOAN,Loan fee: €500k,1,IN+OUT
TM-2025-00130,2025/26,162959,Daniele Rugani,610,Ajax Amsterdam,506,Juventus FC,LOAN_RETURN_OR_END_OF_LOAN,End of loan 10/06/2025,0,IN
TM-2025-00131,2025/26,166237,Leandro Paredes,12,AS Roma,189,CA Boca Juniors,PERMANENT_OR_OTHER_EXPLICIT,€3.00m,0,OUT
TM-2025-00132,2025/26,167727,Andrea Belotti,1047,Como 1907,1390,Cagliari Calcio,FREE_TRANSFER,free transfer,1,IN+OUT
TM-2025-00133,2025/26,167727,Andrea Belotti,294,SL Benfica,1047,Como 1907,LOAN_RETURN_OR_END_OF_LOAN,End of loan 30/06/2025,0,IN
TM-2025-00134,2025/26,167741,Mattia Valoti,2239,US Cremonese,3522,Spezia Calcio,PERMANENT_OR_OTHER_EXPLICIT,?,0,OUT
TM-2025-00135,2025/26,170481,Jean-Daniel Akpa Akpro,2919,AC Monza,398,SS Lazio,LOAN_RETURN_OR_END_OF_LOAN,End of loan 30/06/2025,0,IN
TM-2025-00136,2025/26,170481,Jean-Daniel Akpa Akpro,398,SS Lazio,515,Without Club,FREE_AGENT_OR_END_OF_CONTRACT,-,0,OUT
TM-2025-00137,2025/26,170481,Jean-Daniel Akpa Akpro,515,Without Club,276,Hellas Verona,FREE_AGENT_OR_END_OF_CONTRACT,-,0,IN
TM-2025-00138,2025/26,176139,Mattia Bani,252,Genoa CFC,458,Palermo FC,PERMANENT_OR_OTHER_EXPLICIT,€1.50m,0,OUT
TM-2025-00139,2025/26,180805,Zan Majer,2239,US Cremonese,2581,Mantova 1911,FREE_TRANSFER,free transfer,0,OUT
TM-2025-00140,2025/26,181768,Hernani,130,Parma Calcio 1913,2919,AC Monza,PERMANENT_OR_OTHER_EXPLICIT,€5.00m,0,OUT
TM-2025-00141,2025/26,182517,Anthony Partipilo,130,Parma Calcio 1913,332,SSC Bari,LOAN,loan transfer,0,OUT
TM-2025-00142,2025/26,182517,Anthony Partipilo,8970,Frosinone Calcio,130,Parma Calcio 1913,LOAN_RETURN_OR_END_OF_LOAN,End of loan 30/06/2025,0,IN
TM-2025-00143,2025/26,182913,Adrien Rabiot,244,Olympique Marseille,5,AC Milan,PERMANENT_OR_OTHER_EXPLICIT,€7.00m,0,IN
TM-2025-00144,2025/26,184892,Florian Thauvin,410,Udinese Calcio,826,RC Lens,PERMANENT_OR_OTHER_EXPLICIT,€6.00m,0,OUT
TM-2025-00145,2025/26,187587,Ante Rebić,1005,US Lecce,447,HNK Hajduk Split,FREE_TRANSFER,free transfer,0,OUT
TM-2025-00146,2025/26,192616,Ulisses Garcia,244,Olympique Marseille,6574,US Sassuolo,LOAN,loan transfer,0,IN
TM-2025-00147,2025/26,195335,Michele Castagnetti,2239,US Cremonese,1429,Cesena FC,PERMANENT_OR_OTHER_EXPLICIT,?,0,OUT
TM-2025-00148,2025/26,197300,Federico Bernardeschi,11141,Toronto FC,1025,Bologna FC 1909,FREE_TRANSFER,free transfer,0,IN
TM-2025-00149,2025/26,197471,Roberto Gagliardini,515,Without Club,276,Hellas Verona,FREE_AGENT_OR_END_OF_CONTRACT,-,0,IN
TM-2025-00150,2025/26,197473,Alberto Grassi,749,FC Empoli,2239,US Cremonese,PERMANENT_OR_OTHER_EXPLICIT,€1.00m,0,IN
TM-2025-00151,2025/26,197751,Alberto Cerri,1047,Como 1907,1429,Cesena FC,PERMANENT_OR_OTHER_EXPLICIT,?,0,OUT
TM-2025-00152,2025/26,197751,Alberto Cerri,380,US Salernitana 1919,1047,Como 1907,LOAN_RETURN_OR_END_OF_LOAN,End of loan 30/06/2025,0,IN
TM-2025-00153,2025/26,197838,Jamie Vardy,1003,Leicester City,2239,US Cremonese,FREE_TRANSFER,free transfer,0,IN
TM-2025-00154,2025/26,199733,Danilo Cataldi,430,ACF Fiorentina,398,SS Lazio,LOAN_RETURN_OR_END_OF_LOAN,End of loan 30/06/2025,1,IN+OUT
TM-2025-00155,2025/26,199941,Andrea Beghetto,2655,LR Vicenza,4172,Pisa Sporting Club,LOAN_RETURN_OR_END_OF_LOAN,End of loan 30/06/2025,0,IN
TM-2025-00156,2025/26,199941,Andrea Beghetto,4172,Pisa Sporting Club,7030,Vis Pesaro 1898,LOAN,loan transfer,0,OUT
TM-2025-00157,2025/26,199976,Marco Sportiello,5,AC Milan,800,Atalanta BC,PERMANENT_OR_OTHER_EXPLICIT,€800k,1,IN+OUT
TM-2025-00158,2025/26,200188,Mattia Aramu,252,Genoa CFC,515,Without Club,FREE_AGENT_OR_END_OF_CONTRACT,-,0,OUT
TM-2025-00159,2025/26,200188,Mattia Aramu,2581,Mantova 1911,252,Genoa CFC,LOAN_RETURN_OR_END_OF_LOAN,End of loan 30/06/2025,0,IN
TM-2025-00160,2025/26,207929,Dele Alli,1047,Como 1907,515,Without Club,FREE_AGENT_OR_END_OF_CONTRACT,-,0,OUT
TM-2025-00161,2025/26,208172,Mateusz Wieteska,1091,PAOK Thessaloniki,1390,Cagliari Calcio,LOAN_RETURN_OR_END_OF_LOAN,End of loan 30/06/2025,0,IN
TM-2025-00162,2025/26,208172,Mateusz Wieteska,120,Kocaelispor,1390,Cagliari Calcio,LOAN_RETURN_OR_END_OF_LOAN,End of loan 07/05/2026,0,IN
TM-2025-00163,2025/26,208172,Mateusz Wieteska,1390,Cagliari Calcio,120,Kocaelispor,LOAN,loan transfer,0,OUT
TM-2025-00164,2025/26,210178,Pablo Marí,430,ACF Fiorentina,1114,Al-Hilal SFC,PERMANENT_OR_OTHER_EXPLICIT,€2.00m,0,OUT
TM-2025-00165,2025/26,215167,Marco Bleve,1005,US Lecce,4159,Carrarese Calcio 1908,FREE_TRANSFER,free transfer,0,OUT
TM-2025-00166,2025/26,215167,Marco Bleve,4159,Carrarese Calcio 1908,1005,US Lecce,LOAN_RETURN_OR_END_OF_LOAN,End of loan 30/06/2025,0,IN
TM-2025-00167,2025/26,216569,Jérémie Boga,417,OGC Nice,506,Juventus FC,LOAN,loan transfer,0,IN
TM-2025-00168,2025/26,218306,César Falletti,2239,US Cremonese,2581,Mantova 1911,FREE_TRANSFER,free transfer,0,OUT
TM-2025-00169,2025/26,218306,César Falletti,332,SSC Bari,2239,US Cremonese,LOAN_RETURN_OR_END_OF_LOAN,End of loan 30/06/2025,0,IN
TM-2025-00170,2025/26,223974,Stefan Posch,1025,Bologna FC 1909,1047,Como 1907,LOAN,Loan fee: €500k,1,IN+OUT
TM-2025-00171,2025/26,223974,Stefan Posch,1025,Bologna FC 1909,1047,Como 1907,PERMANENT_OR_OTHER_EXPLICIT,€5.90m,1,IN+OUT
TM-2025-00172,2025/26,223974,Stefan Posch,1047,Como 1907,1025,Bologna FC 1909,LOAN_RETURN_OR_END_OF_LOAN,End of loan 20/01/2026,1,IN+OUT
TM-2025-00173,2025/26,223974,Stefan Posch,1047,Como 1907,39,1.FSV Mainz 05,LOAN,Loan fee: €200k,0,OUT
TM-2025-00174,2025/26,223974,Stefan Posch,800,Atalanta BC,1025,Bologna FC 1909,LOAN_RETURN_OR_END_OF_LOAN,End of loan 30/06/2025,1,IN+OUT
TM-2025-00175,2025/26,225873,Karol Linetty,416,Torino FC,120,Kocaelispor,FREE_TRANSFER,free transfer,0,OUT
TM-2025-00176,2025/26,225963,Lautaro Giannetti,410,Udinese Calcio,589,Antalyaspor,PERMANENT_OR_OTHER_EXPLICIT,€500k,0,OUT
TM-2025-00177,2025/26,226025,Luca Mazzitelli,1047,Como 1907,1390,Cagliari Calcio,LOAN,loan transfer,1,IN+OUT
TM-2025-00178,2025/26,226025,Luca Mazzitelli,1047,Como 1907,8970,Frosinone Calcio,LOAN_RETURN_OR_END_OF_LOAN,End of loan 30/06/2025,0,OUT
TM-2025-00179,2025/26,226025,Luca Mazzitelli,6574,US Sassuolo,1047,Como 1907,LOAN_RETURN_OR_END_OF_LOAN,End of loan 29/06/2025,1,IN+OUT
TM-2025-00180,2025/26,226025,Luca Mazzitelli,8970,Frosinone Calcio,1047,Como 1907,PERMANENT_OR_OTHER_EXPLICIT,€2.00m,0,IN
TM-2025-00181,2025/26,226524,Morten Thorsby,252,Genoa CFC,2239,US Cremonese,PERMANENT_OR_OTHER_EXPLICIT,€2.20m,1,IN+OUT
TM-2025-00182,2025/26,227081,Joaquín Correa,46,Inter Milan,537,Botafogo de Futebol e Regatas,FREE_TRANSFER,free transfer,0,OUT
TM-2025-00183,2025/26,227347,Valentin Antov,2239,US Cremonese,2919,AC Monza,LOAN_RETURN_OR_END_OF_LOAN,End of loan 30/06/2025,0,OUT
TM-2025-00184,2025/26,231381,Andrea Fulignati,2239,US Cremonese,4097,US Catanzaro,LOAN_RETURN_OR_END_OF_LOAN,End of loan 30/06/2025,0,OUT
TM-2025-00185,2025/26,231381,Andrea Fulignati,2239,US Cremonese,749,FC Empoli,LOAN,loan transfer,0,OUT
TM-2025-00186,2025/26,231381,Andrea Fulignati,4097,US Catanzaro,2239,US Cremonese,PERMANENT_OR_OTHER_EXPLICIT,€1.40m,0,IN
TM-2025-00187,2025/26,232418,Ondrej Duda,276,Hellas Verona,7732,Al-Ettifaq FC,FREE_TRANSFER,free transfer,0,OUT
TM-2025-00188,2025/26,234523,Antonio Sanabria,416,Torino FC,2239,US Cremonese,PERMANENT_OR_OTHER_EXPLICIT,€2.50m,1,IN+OUT
TM-2025-00189,2025/26,234781,Maxwel Cornet,252,Genoa CFC,379,West Ham United,LOAN_RETURN_OR_END_OF_LOAN,End of loan 30/06/2025,0,OUT
TM-2025-00190,2025/26,234781,Maxwel Cornet,379,West Ham United,252,Genoa CFC,LOAN,loan transfer,0,IN
TM-2025-00191,2025/26,237658,Michel Aebischer,1025,Bologna FC 1909,4172,Pisa Sporting Club,LOAN,loan transfer,1,IN+OUT
TM-2025-00192,2025/26,238993,Simone Scuffet,1390,Cagliari Calcio,4172,Pisa Sporting Club,PERMANENT_OR_OTHER_EXPLICIT,€900k,1,IN+OUT
TM-2025-00193,2025/26,238993,Simone Scuffet,6195,SSC Napoli,1390,Cagliari Calcio,LOAN_RETURN_OR_END_OF_LOAN,End of loan 30/06/2025,1,IN+OUT
TM-2025-00194,2025/26,241052,Alessandro Bellemo,1038,UC Sampdoria,1047,Como 1907,LOAN_RETURN_OR_END_OF_LOAN,End of loan 30/06/2025,0,IN
TM-2025-00195,2025/26,241052,Alessandro Bellemo,1047,Como 1907,1038,UC Sampdoria,PERMANENT_OR_OTHER_EXPLICIT,€2.00m,0,OUT
TM-2025-00196,2025/26,242359,Juan Musso,13,Atlético de Madrid,800,Atalanta BC,LOAN_RETURN_OR_END_OF_LOAN,End of loan 09/06/2025,0,IN
TM-2025-00197,2025/26,242359,Juan Musso,800,Atalanta BC,13,Atlético de Madrid,PERMANENT_OR_OTHER_EXPLICIT,€3.00m,0,OUT
TM-2025-00198,2025/26,243879,Charles Pickel,2239,US Cremonese,714,RCD Espanyol Barcelona,PERMANENT_OR_OTHER_EXPLICIT,€1.00m,0,OUT
TM-2025-00199,2025/26,244491,Stefano Gori,3522,Spezia Calcio,506,Juventus FC,LOAN_RETURN_OR_END_OF_LOAN,End of loan 30/06/2025,0,IN
TM-2025-00200,2025/26,244491,Stefano Gori,506,Juventus FC,132806,Union Brescia,FREE_TRANSFER,free transfer,0,OUT
TM-2025-00201,2025/26,247377,Kevin Bonifazi,1005,US Lecce,1025,Bologna FC 1909,LOAN_RETURN_OR_END_OF_LOAN,End of loan 30/06/2025,1,IN+OUT
TM-2025-00202,2025/26,247377,Kevin Bonifazi,6574,US Sassuolo,1005,US Lecce,LOAN_RETURN_OR_END_OF_LOAN,End of loan 29/06/2025,1,IN+OUT
TM-2025-00203,2025/26,248732,Paweł Dawidowicz,276,Hellas Verona,515,Without Club,FREE_AGENT_OR_END_OF_CONTRACT,-,0,OUT
TM-2025-00204,2025/26,256339,Emil Audero,1047,Como 1907,2239,US Cremonese,LOAN,loan transfer,1,IN+OUT
TM-2025-00205,2025/26,256339,Emil Audero,458,Palermo FC,1047,Como 1907,LOAN_RETURN_OR_END_OF_LOAN,End of loan 30/06/2025,0,IN
TM-2025-00206,2025/26,257462,Luka Jović,5,AC Milan,2441,AEK Athens,FREE_TRANSFER,free transfer,0,OUT
TM-2025-00207,2025/26,257474,Vanja Milinković-Savić,416,Torino FC,6195,SSC Napoli,LOAN,Loan fee: €15.00m,1,IN+OUT
TM-2025-00208,2025/26,258482,Boris Radunović,1390,Cagliari Calcio,3522,Spezia Calcio,LOAN,loan transfer,0,OUT
TM-2025-00209,2025/26,258482,Boris Radunović,332,SSC Bari,1390,Cagliari Calcio,LOAN_RETURN_OR_END_OF_LOAN,End of loan 30/06/2025,0,IN
TM-2025-00210,2025/26,258827,Jari Vandeputte,2239,US Cremonese,4097,US Catanzaro,LOAN_RETURN_OR_END_OF_LOAN,End of loan 30/06/2025,0,OUT
TM-2025-00211,2025/26,258827,Jari Vandeputte,4097,US Catanzaro,2239,US Cremonese,PERMANENT_OR_OTHER_EXPLICIT,€3.30m,0,IN
TM-2025-00212,2025/26,262523,Davide Calabria,1025,Bologna FC 1909,5,AC Milan,LOAN_RETURN_OR_END_OF_LOAN,End of loan 30/06/2025,1,IN+OUT
TM-2025-00213,2025/26,262523,Davide Calabria,5,AC Milan,265,Panathinaikos,FREE_TRANSFER,free transfer,0,OUT
TM-2025-00214,2025/26,265033,Nikolas Ioannou,1038,UC Sampdoria,1047,Como 1907,LOAN_RETURN_OR_END_OF_LOAN,End of loan 30/06/2025,0,IN
TM-2025-00215,2025/26,265033,Nikolas Ioannou,1047,Como 1907,1038,UC Sampdoria,PERMANENT_OR_OTHER_EXPLICIT,€1.50m,0,OUT
TM-2025-00216,2025/26,265078,Patrick Cutrone,1047,Como 1907,130,Parma Calcio 1913,LOAN,loan transfer,1,IN+OUT
TM-2025-00217,2025/26,265078,Patrick Cutrone,1047,Como 1907,2919,AC Monza,LOAN,loan transfer,0,OUT
TM-2025-00218,2025/26,265078,Patrick Cutrone,130,Parma Calcio 1913,1047,Como 1907,LOAN_RETURN_OR_END_OF_LOAN,End of loan 29/01/2026,1,IN+OUT
TM-2025-00219,2025/26,267160,Adam Buksa,865,FC Midtjylland,410,Udinese Calcio,PERMANENT_OR_OTHER_EXPLICIT,€5.00m,0,IN
TM-2025-00220,2025/26,268429,Sandi Lovrić,410,Udinese Calcio,276,Hellas Verona,LOAN,loan transfer,1,IN+OUT
TM-2025-00221,2025/26,272261,Antonín Barák,10484,Kasimpasa,430,ACF Fiorentina,LOAN_RETURN_OR_END_OF_LOAN,End of loan 30/06/2025,0,IN
TM-2025-00222,2025/26,272261,Antonín Barák,430,ACF Fiorentina,1038,UC Sampdoria,LOAN,loan transfer,0,OUT
TM-2025-00223,2025/26,273132,Robin Gosens,430,ACF Fiorentina,89,1.FC Union Berlin,LOAN_RETURN_OR_END_OF_LOAN,End of loan 30/06/2025,0,OUT
TM-2025-00224,2025/26,273132,Robin Gosens,89,1.FC Union Berlin,430,ACF Fiorentina,PERMANENT_OR_OTHER_EXPLICIT,€7.00m,0,IN
TM-2025-00225,2025/26,276896,Samuel Gigot,244,Olympique Marseille,398,SS Lazio,PERMANENT_OR_OTHER_EXPLICIT,€4.30m,0,IN
TM-2025-00226,2025/26,276896,Samuel Gigot,398,SS Lazio,244,Olympique Marseille,LOAN_RETURN_OR_END_OF_LOAN,End of loan 30/06/2025,0,OUT
TM-2025-00227,2025/26,278531,Sebastiano Luperto,1390,Cagliari Calcio,2239,US Cremonese,PERMANENT_OR_OTHER_EXPLICIT,€4.60m,1,IN+OUT
TM-2025-00228,2025/26,27992,Luka Modrić,418,Real Madrid,5,AC Milan,FREE_TRANSFER,free transfer,0,IN
TM-2025-00229,2025/26,281769,Mario Hermoso,15,Bayer 04 Leverkusen,12,AS Roma,LOAN_RETURN_OR_END_OF_LOAN,End of loan 30/06/2025,0,IN
TM-2025-00230,2025/26,282388,Giovanni Simeone,6195,SSC Napoli,416,Torino FC,LOAN,Loan fee: €1.35m,1,IN+OUT
TM-2025-00231,2025/26,28396,Edin Dzeko,36,Fenerbahce,430,ACF Fiorentina,FREE_TRANSFER,free transfer,0,IN
TM-2025-00232,2025/26,28396,Edin Dzeko,430,ACF Fiorentina,33,FC Schalke 04,FREE_TRANSFER,free transfer,0,OUT
TM-2025-00233,2025/26,284595,Tommaso Augello,1390,Cagliari Calcio,458,Palermo FC,FREE_TRANSFER,free transfer,0,OUT
TM-2025-00234,2025/26,284730,Manuel Akanji,281,Manchester City,46,Inter Milan,LOAN,Loan fee: €1.00m,0,IN
TM-2025-00235,2025/26,286949,Adam Masina,416,Torino FC,515,Without Club,FREE_AGENT_OR_END_OF_CONTRACT,-,0,OUT
TM-2025-00236,2025/26,287579,Sofyan Amrabat,36,Fenerbahce,430,ACF Fiorentina,LOAN_RETURN_OR_END_OF_LOAN,End of loan 30/06/2025,0,IN
TM-2025-00237,2025/26,287579,Sofyan Amrabat,430,ACF Fiorentina,36,Fenerbahce,PERMANENT_OR_OTHER_EXPLICIT,€12.00m,0,OUT
TM-2025-00238,2025/26,287700,Mohamed Fares,3385,Panserraikos,398,SS Lazio,LOAN_RETURN_OR_END_OF_LOAN,End of loan 30/06/2025,0,IN
TM-2025-00239,2025/26,287700,Mohamed Fares,398,SS Lazio,90721,Forte Virtus,LOAN,loan transfer,0,OUT
TM-2025-00240,2025/26,293169,Josip Brekalo,10484,Kasimpasa,430,ACF Fiorentina,LOAN_RETURN_OR_END_OF_LOAN,End of loan 30/06/2025,0,IN
TM-2025-00241,2025/26,293169,Josip Brekalo,430,ACF Fiorentina,2497,Real Oviedo,FREE_TRANSFER,free transfer,0,OUT
TM-2025-00242,2025/26,293194,Borna Sosa,416,Torino FC,610,Ajax Amsterdam,LOAN_RETURN_OR_END_OF_LOAN,End of loan 30/06/2025,0,OUT
TM-2025-00243,2025/26,295183,Răzvan Marin,1390,Cagliari Calcio,2441,AEK Athens,PERMANENT_OR_OTHER_EXPLICIT,€1.70m,0,OUT
TM-2025-00244,2025/26,295766,Alessandro Livieri,408,Ascoli Calcio,4172,Pisa Sporting Club,LOAN_RETURN_OR_END_OF_LOAN,End of loan 30/06/2025,0,IN
TM-2025-00245,2025/26,295766,Alessandro Livieri,4172,Pisa Sporting Club,26789,FC Pro Vercelli 1892,FREE_TRANSFER,free transfer,0,OUT
TM-2025-00246,2025/26,298635,Grigoris Kastanos,276,Hellas Verona,10586,Aris Limassol,LOAN,loan transfer,0,OUT
TM-2025-00247,2025/26,298635,Grigoris Kastanos,276,Hellas Verona,380,US Salernitana 1919,LOAN_RETURN_OR_END_OF_LOAN,End of loan 30/06/2025,0,OUT
TM-2025-00248,2025/26,298635,Grigoris Kastanos,380,US Salernitana 1919,276,Hellas Verona,PERMANENT_OR_OTHER_EXPLICIT,€1.20m,0,IN
TM-2025-00249,2025/26,298975,Pol Lirola,244,Olympique Marseille,276,Hellas Verona,FREE_TRANSFER,free transfer,0,IN
TM-2025-00250,2025/26,301238,Michele Di Gregorio,2919,AC Monza,506,Juventus FC,PERMANENT_OR_OTHER_EXPLICIT,€14.30m,0,IN
TM-2025-00251,2025/26,301238,Michele Di Gregorio,506,Juventus FC,2919,AC Monza,LOAN_RETURN_OR_END_OF_LOAN,End of loan 30/06/2025,0,OUT
TM-2025-00252,2025/26,303116,Gaetano Castrovilli,2919,AC Monza,398,SS Lazio,LOAN_RETURN_OR_END_OF_LOAN,End of loan 30/06/2025,0,IN
TM-2025-00253,2025/26,303116,Gaetano Castrovilli,398,SS Lazio,332,SSC Bari,FREE_TRANSFER,free transfer,0,OUT
TM-2025-00254,2025/26,304144,Alen Sherri,1390,Cagliari Calcio,8970,Frosinone Calcio,LOAN,loan transfer,0,OUT
TM-2025-00255,2025/26,304144,Alen Sherri,8970,Frosinone Calcio,1390,Cagliari Calcio,LOAN_RETURN_OR_END_OF_LOAN,End of loan 04/01/2026,0,IN
TM-2025-00256,2025/26,305947,Albert Gudmundsson,252,Genoa CFC,430,ACF Fiorentina,PERMANENT_OR_OTHER_EXPLICIT,€16.80m,1,IN+OUT
TM-2025-00257,2025/26,305947,Albert Gudmundsson,430,ACF Fiorentina,252,Genoa CFC,LOAN_RETURN_OR_END_OF_LOAN,End of loan 30/06/2025,1,IN+OUT
TM-2025-00258,2025/26,307058,Mehdi Taremi,46,Inter Milan,683,Olympiacos Piraeus,PERMANENT_OR_OTHER_EXPLICIT,€2.00m,0,OUT
TM-2025-00259,2025/26,309180,Jan Mlakar,4172,Pisa Sporting Club,1416,Amiens SC,LOAN,loan transfer,0,OUT
TM-2025-00260,2025/26,309180,Jan Mlakar,447,HNK Hajduk Split,4172,Pisa Sporting Club,LOAN_RETURN_OR_END_OF_LOAN,End of loan 30/06/2025,0,IN
TM-2025-00261,2025/26,309393,Lennart Czyborra,2446,WSG Tirol,252,Genoa CFC,LOAN_RETURN_OR_END_OF_LOAN,End of loan 30/06/2025,0,IN
TM-2025-00262,2025/26,309393,Lennart Czyborra,252,Genoa CFC,515,Without Club,FREE_AGENT_OR_END_OF_CONTRACT,-,0,OUT
TM-2025-00263,2025/26,309977,Samuel Ballet,1047,Como 1907,589,Antalyaspor,FREE_TRANSFER,free transfer,0,OUT
TM-2025-00264,2025/26,309977,Samuel Ballet,260,FC Zürich,1047,Como 1907,LOAN_RETURN_OR_END_OF_LOAN,End of loan 30/06/2025,0,IN
TM-2025-00265,2025/26,310527,Paulo Azzi,2239,US Cremonese,2919,AC Monza,PERMANENT_OR_OTHER_EXPLICIT,?,0,OUT
TM-2025-00266,2025/26,311333,Alessandro Gabrielloni,1047,Como 1907,5587,SS Juve Stabia,LOAN,loan transfer,0,OUT
TM-2025-00267,2025/26,312341,Luca Ravanelli,2239,US Cremonese,2919,AC Monza,PERMANENT_OR_OTHER_EXPLICIT,?,0,OUT
TM-2025-00268,2025/26,315121,Justin Bijlow,234,Feyenoord Rotterdam,252,Genoa CFC,PERMANENT_OR_OTHER_EXPLICIT,€200k,0,IN
TM-2025-00269,2025/26,315857,Marco Curto,1038,UC Sampdoria,1047,Como 1907,LOAN_RETURN_OR_END_OF_LOAN,End of loan 30/06/2025,0,IN
TM-2025-00270,2025/26,315857,Marco Curto,1047,Como 1907,749,FC Empoli,PERMANENT_OR_OTHER_EXPLICIT,€780k,0,OUT
TM-2025-00271,2025/26,315865,Andrea Pinamonti,252,Genoa CFC,6574,US Sassuolo,LOAN_RETURN_OR_END_OF_LOAN,End of loan 30/06/2025,1,IN+OUT
TM-2025-00272,2025/26,315871,Federico Valietti,252,Genoa CFC,4331,FC Trapani 1905,PERMANENT_OR_OTHER_EXPLICIT,€500,0,OUT
TM-2025-00273,2025/26,315871,Federico Valietti,4331,FC Trapani 1905,252,Genoa CFC,LOAN_RETURN_OR_END_OF_LOAN,End of loan 30/06/2025,0,IN
TM-2025-00274,2025/26,317482,Marko Rog,1390,Cagliari Calcio,515,Without Club,FREE_AGENT_OR_END_OF_CONTRACT,-,0,OUT
TM-2025-00275,2025/26,317482,Marko Rog,419,GNK Dinamo Zagreb,1390,Cagliari Calcio,LOAN_RETURN_OR_END_OF_LOAN,End of loan 30/06/2025,0,IN
TM-2025-00276,2025/26,319160,Jakub Jankto,1390,Cagliari Calcio,,Retired,RETIREMENT,-,0,OUT
TM-2025-00277,2025/26,320411,Philip Billing,6195,SSC Napoli,989,AFC Bournemouth,LOAN_RETURN_OR_END_OF_LOAN,End of loan 30/06/2025,0,OUT
TM-2025-00278,2025/26,322655,Flavius Daniliuc,276,Hellas Verona,380,US Salernitana 1919,LOAN_RETURN_OR_END_OF_LOAN,End of loan 30/06/2025,0,OUT
TM-2025-00279,2025/26,324377,Youssef Maleh,1005,US Lecce,2239,US Cremonese,LOAN,loan transfer,1,IN+OUT
TM-2025-00280,2025/26,324377,Youssef Maleh,749,FC Empoli,1005,US Lecce,LOAN_RETURN_OR_END_OF_LOAN,End of loan 30/06/2025,0,IN
TM-2025-00281,2025/26,324690,Jonathan Ikoné,1047,Como 1907,430,ACF Fiorentina,LOAN_RETURN_OR_END_OF_LOAN,End of loan 30/06/2025,1,IN+OUT
TM-2025-00282,2025/26,324690,Jonathan Ikoné,430,ACF Fiorentina,10004,Paris FC,PERMANENT_OR_OTHER_EXPLICIT,€2.00m,0,OUT
TM-2025-00283,2025/26,324804,Yann Karamoh,416,Torino FC,515,Without Club,FREE_AGENT_OR_END_OF_CONTRACT,-,0,OUT
TM-2025-00284,2025/26,325993,Oliver Abildgaard,1047,Como 1907,1038,UC Sampdoria,PERMANENT_OR_OTHER_EXPLICIT,€2.50m,0,OUT
TM-2025-00285,2025/26,325993,Oliver Abildgaard,4172,Pisa Sporting Club,1047,Como 1907,LOAN_RETURN_OR_END_OF_LOAN,End of loan 30/06/2025,1,IN+OUT
TM-2025-00286,2025/26,326029,Donyell Malen,405,Aston Villa,12,AS Roma,LOAN,Loan fee: €2.00m,0,IN
TM-2025-00287,2025/26,329145,Diego Carlos,36,Fenerbahce,1047,Como 1907,LOAN,Loan fee: €2.80m,0,IN
TM-2025-00288,2025/26,330208,Alessandro Vogliacco,130,Parma Calcio 1913,252,Genoa CFC,LOAN_RETURN_OR_END_OF_LOAN,End of loan 30/06/2025,1,IN+OUT
TM-2025-00289,2025/26,330208,Alessandro Vogliacco,252,Genoa CFC,1091,PAOK Thessaloniki,LOAN,loan transfer,0,OUT
TM-2025-00290,2025/26,330472,Alessio Iovine,1047,Como 1907,,Retired,RETIREMENT,-,0,OUT
TM-2025-00291,2025/26,331726,Tammy Abraham,114,Besiktas JK,12,AS Roma,LOAN_RETURN_OR_END_OF_LOAN,End of loan 25/01/2026,0,IN
TM-2025-00292,2025/26,331726,Tammy Abraham,12,AS Roma,114,Besiktas JK,LOAN,Loan fee: €2.00m,0,OUT
TM-2025-00293,2025/26,331726,Tammy Abraham,12,AS Roma,114,Besiktas JK,PERMANENT_OR_OTHER_EXPLICIT,€15.00m,0,OUT
TM-2025-00294,2025/26,331726,Tammy Abraham,5,AC Milan,12,AS Roma,LOAN_RETURN_OR_END_OF_LOAN,End of loan 30/06/2025,1,IN+OUT
TM-2025-00295,2025/26,336012,Nicolas Kühn,371,Celtic FC,1047,Como 1907,PERMANENT_OR_OTHER_EXPLICIT,€19.00m,0,IN
TM-2025-00296,2025/26,336960,Giuseppe Pezzella,749,FC Empoli,2239,US Cremonese,PERMANENT_OR_OTHER_EXPLICIT,€2.00m,0,IN
TM-2025-00297,2025/26,337725,Christian Kouamé,430,ACF Fiorentina,605,Aris Thessaloniki,PERMANENT_OR_OTHER_EXPLICIT,?,0,OUT
TM-2025-00298,2025/26,337725,Christian Kouamé,749,FC Empoli,430,ACF Fiorentina,LOAN_RETURN_OR_END_OF_LOAN,End of loan 30/06/2025,0,IN
TM-2025-00299,2025/26,337811,Francesco Gelli,2239,US Cremonese,8970,Frosinone Calcio,LOAN_RETURN_OR_END_OF_LOAN,End of loan 30/06/2025,0,OUT
TM-2025-00300,2025/26,338070,Konstantinos Tsimikas,31,Liverpool FC,12,AS Roma,LOAN,loan transfer,0,IN
TM-2025-00301,2025/26,338101,Mouhamadou Sarr,2239,US Cremonese,3522,Spezia Calcio,PERMANENT_OR_OTHER_EXPLICIT,€200k,0,OUT
TM-2025-00302,2025/26,338101,Mouhamadou Sarr,3522,Spezia Calcio,2239,US Cremonese,LOAN_RETURN_OR_END_OF_LOAN,End of loan 30/06/2025,0,IN
TM-2025-00303,2025/26,338285,Unai Núñez,276,Hellas Verona,940,Celta de Vigo,LOAN_RETURN_OR_END_OF_LOAN,End of loan 24/01/2026,0,OUT
TM-2025-00304,2025/26,338285,Unai Núñez,940,Celta de Vigo,276,Hellas Verona,LOAN,loan transfer,0,IN
TM-2025-00305,2025/26,338672,Zinho Vanheusden,354,KV Mechelen,46,Inter Milan,LOAN_RETURN_OR_END_OF_LOAN,End of loan 30/06/2025,0,IN
TM-2025-00306,2025/26,338672,Zinho Vanheusden,46,Inter Milan,12361,Marbella FC,PERMANENT_OR_OTHER_EXPLICIT,?,0,OUT
TM-2025-00307,2025/26,339332,Noa Lang,383,PSV Eindhoven,6195,SSC Napoli,PERMANENT_OR_OTHER_EXPLICIT,€25.00m,0,IN
TM-2025-00308,2025/26,339332,Noa Lang,6195,SSC Napoli,141,Galatasaray,LOAN,Loan fee: €2.00m,0,OUT
TM-2025-00309,2025/26,339808,Theo Hernández,5,AC Milan,1114,Al-Hilal SFC,PERMANENT_OR_OTHER_EXPLICIT,€25.00m,0,OUT
TM-2025-00310,2025/26,339816,Tete Morente,1005,US Lecce,1531,Elche CF,FREE_TRANSFER,free transfer,0,OUT
TM-2025-00311,2025/26,340151,Andrea Favilli,252,Genoa CFC,2331,US Avellino 1912,FREE_TRANSFER,free transfer,0,OUT
TM-2025-00312,2025/26,340151,Andrea Favilli,332,SSC Bari,252,Genoa CFC,LOAN_RETURN_OR_END_OF_LOAN,End of loan 30/06/2025,0,IN
TM-2025-00313,2025/26,340394,Abdelhamid Sabiri,28844,Al-Taawoun FC,430,ACF Fiorentina,LOAN_RETURN_OR_END_OF_LOAN,End of loan 30/06/2025,0,IN
TM-2025-00314,2025/26,340707,Leonardo Sernicola,2239,US Cremonese,3522,Spezia Calcio,LOAN,loan transfer,0,OUT
TM-2025-00315,2025/26,340707,Leonardo Sernicola,4172,Pisa Sporting Club,2239,US Cremonese,LOAN_RETURN_OR_END_OF_LOAN,End of loan 30/06/2025,1,IN+OUT
TM-2025-00316,2025/26,340982,Florinel Coman,1390,Cagliari Calcio,6297,Al-Gharafa SC,LOAN_RETURN_OR_END_OF_LOAN,End of loan 30/06/2025,0,OUT
TM-2025-00317,2025/26,341019,Güven Yalçın,252,Genoa CFC,11282,Alanyaspor,FREE_TRANSFER,free transfer,0,OUT
TM-2025-00318,2025/26,341019,Güven Yalçın,8024,FC Arouca,252,Genoa CFC,LOAN_RETURN_OR_END_OF_LOAN,End of loan 30/06/2025,0,IN
TM-2025-00319,2025/26,342877,Enzo Ebosse,2300,Jagiellonia Bialystok,410,Udinese Calcio,LOAN_RETURN_OR_END_OF_LOAN,End of loan 30/06/2025,0,IN
TM-2025-00320,2025/26,342877,Enzo Ebosse,276,Hellas Verona,410,Udinese Calcio,LOAN_RETURN_OR_END_OF_LOAN,End of loan 02/02/2026,1,IN+OUT
TM-2025-00321,2025/26,342877,Enzo Ebosse,410,Udinese Calcio,276,Hellas Verona,LOAN,loan transfer,1,IN+OUT
TM-2025-00322,2025/26,342877,Enzo Ebosse,410,Udinese Calcio,416,Torino FC,LOAN,loan transfer,1,IN+OUT
TM-2025-00323,2025/26,343475,Ben Godfrey,350,Sheffield United,800,Atalanta BC,LOAN_RETURN_OR_END_OF_LOAN,End of loan 02/01/2026,0,IN
TM-2025-00324,2025/26,343475,Ben Godfrey,677,Ipswich Town,800,Atalanta BC,LOAN_RETURN_OR_END_OF_LOAN,End of loan 30/06/2025,0,IN
TM-2025-00325,2025/26,343475,Ben Godfrey,800,Atalanta BC,206,Bröndby IF,LOAN,loan transfer,0,OUT
TM-2025-00326,2025/26,343475,Ben Godfrey,800,Atalanta BC,350,Sheffield United,LOAN,Loan fee: €110k,0,OUT
TM-2025-00327,2025/26,344381,Christopher Nkunku,631,Chelsea FC,5,AC Milan,PERMANENT_OR_OTHER_EXPLICIT,€37.00m,0,IN
TM-2025-00328,2025/26,345189,Luka Lochoshvili,2239,US Cremonese,4,1.FC Nuremberg,PERMANENT_OR_OTHER_EXPLICIT,€1.00m,0,OUT
TM-2025-00329,2025/26,345189,Luka Lochoshvili,380,US Salernitana 1919,2239,US Cremonese,LOAN_RETURN_OR_END_OF_LOAN,End of loan 30/06/2025,0,IN
TM-2025-00330,2025/26,345458,Sebastian Walukiewicz,416,Torino FC,6574,US Sassuolo,LOAN,Loan fee: €1.00m,1,IN+OUT
TM-2025-00331,2025/26,346567,Luca Pellegrini,398,SS Lazio,506,Juventus FC,LOAN_RETURN_OR_END_OF_LOAN,End of loan 30/06/2025,1,IN+OUT
TM-2025-00332,2025/26,346567,Luca Pellegrini,506,Juventus FC,398,SS Lazio,PERMANENT_OR_OTHER_EXPLICIT,€4.00m,1,IN+OUT
TM-2025-00333,2025/26,346890,Noah Okafor,5,AC Milan,399,Leeds United,PERMANENT_OR_OTHER_EXPLICIT,€19.00m,0,OUT
TM-2025-00334,2025/26,346890,Noah Okafor,6195,SSC Napoli,5,AC Milan,LOAN_RETURN_OR_END_OF_LOAN,End of loan 30/06/2025,1,IN+OUT
TM-2025-00335,2025/26,349599,Pervis Estupiñán,1237,Brighton & Hove Albion,5,AC Milan,PERMANENT_OR_OTHER_EXPLICIT,€17.00m,0,IN
TM-2025-00336,2025/26,351816,Ismaël Bennacer,244,Olympique Marseille,5,AC Milan,LOAN_RETURN_OR_END_OF_LOAN,End of loan 30/06/2025,0,IN
TM-2025-00337,2025/26,351816,Ismaël Bennacer,5,AC Milan,419,GNK Dinamo Zagreb,LOAN,loan transfer,0,OUT
TM-2025-00338,2025/26,351955,Federico Baschirotto,1005,US Lecce,2239,US Cremonese,PERMANENT_OR_OTHER_EXPLICIT,€3.00m,1,IN+OUT
TM-2025-00339,2025/26,353366,Benjamin Pavard,46,Inter Milan,244,Olympique Marseille,LOAN,Loan fee: €2.50m,0,OUT
TM-2025-00340,2025/26,354352,Frédéric Guilbert,1005,US Lecce,995,FC Nantes,FREE_TRANSFER,free transfer,0,OUT
TM-2025-00341,2025/26,354814,M'Bala Nzola,4172,Pisa Sporting Club,430,ACF Fiorentina,LOAN_RETURN_OR_END_OF_LOAN,End of loan 30/01/2026,1,IN+OUT
TM-2025-00342,2025/26,354814,M'Bala Nzola,430,ACF Fiorentina,4172,Pisa Sporting Club,LOAN,Loan fee: €500k,1,IN+OUT
TM-2025-00343,2025/26,354814,M'Bala Nzola,430,ACF Fiorentina,6574,US Sassuolo,LOAN,loan transfer,1,IN+OUT
TM-2025-00344,2025/26,354814,M'Bala Nzola,826,RC Lens,430,ACF Fiorentina,LOAN_RETURN_OR_END_OF_LOAN,End of loan 30/06/2025,0,IN
TM-2025-00345,2025/26,357003,Martin Erlić,1025,Bologna FC 1909,865,FC Midtjylland,PERMANENT_OR_OTHER_EXPLICIT,€5.00m,0,OUT
TM-2025-00346,2025/26,357778,Sandro Kulenović,419,GNK Dinamo Zagreb,416,Torino FC,LOAN,Loan fee: €500k,0,IN
TM-2025-00347,2025/26,357796,Domagoj Bradarić,276,Hellas Verona,380,US Salernitana 1919,LOAN_RETURN_OR_END_OF_LOAN,End of loan 30/06/2025,0,OUT
TM-2025-00348,2025/26,357796,Domagoj Bradarić,380,US Salernitana 1919,276,Hellas Verona,PERMANENT_OR_OTHER_EXPLICIT,€750k,0,IN
TM-2025-00349,2025/26,357983,Simone Ghidotti,1038,UC Sampdoria,1047,Como 1907,LOAN_RETURN_OR_END_OF_LOAN,End of loan 30/06/2025,0,IN
TM-2025-00350,2025/26,357983,Simone Ghidotti,1047,Como 1907,1038,UC Sampdoria,PERMANENT_OR_OTHER_EXPLICIT,€400k,0,OUT
TM-2025-00351,2025/26,358008,Gianluca Gaetano,1390,Cagliari Calcio,6195,SSC Napoli,LOAN_RETURN_OR_END_OF_LOAN,End of loan 30/06/2025,1,IN+OUT
TM-2025-00352,2025/26,358008,Gianluca Gaetano,6195,SSC Napoli,1390,Cagliari Calcio,PERMANENT_OR_OTHER_EXPLICIT,€6.20m,1,IN+OUT
TM-2025-00353,2025/26,358032,Cyril Ngonge,416,Torino FC,6195,SSC Napoli,LOAN_RETURN_OR_END_OF_LOAN,End of loan 30/01/2026,1,IN+OUT
TM-2025-00354,2025/26,358032,Cyril Ngonge,6195,SSC Napoli,416,Torino FC,LOAN,Loan fee: €500k,1,IN+OUT
TM-2025-00355,2025/26,358032,Cyril Ngonge,6195,SSC Napoli,714,RCD Espanyol Barcelona,LOAN,Loan fee: €1.00m,0,OUT
TM-2025-00356,2025/26,358165,Yordan Osorio,130,Parma Calcio 1913,26468,Deportivo La Guaira,FREE_TRANSFER,free transfer,0,OUT
TM-2025-00357,2025/26,358166,Eldor Shomurodov,12,AS Roma,6890,Basaksehir FK,LOAN,Loan fee: €3.00m,0,OUT
TM-2025-00358,2025/26,35865,Andrea Consigli,6574,US Sassuolo,,Retired,RETIREMENT,-,0,OUT
TM-2025-00359,2025/26,361065,Mitchel Bakker,1082,LOSC Lille,800,Atalanta BC,LOAN_RETURN_OR_END_OF_LOAN,End of loan 30/06/2025,0,IN
TM-2025-00360,2025/26,362842,Arthur Melo,12321,Girona FC,506,Juventus FC,LOAN_RETURN_OR_END_OF_LOAN,End of loan 30/06/2025,0,IN
TM-2025-00361,2025/26,362842,Arthur Melo,506,Juventus FC,210,Grêmio Foot-Ball Porto Alegrense,LOAN,loan transfer,0,OUT
TM-2025-00362,2025/26,365108,Dan Ndoye,1025,Bologna FC 1909,703,Nottingham Forest,PERMANENT_OR_OTHER_EXPLICIT,€42.00m,0,OUT
TM-2025-00363,2025/26,367284,Leo Østigård,252,Genoa CFC,273,Stade Rennais FC,LOAN_RETURN_OR_END_OF_LOAN,End of loan 31/01/2026,0,OUT
TM-2025-00364,2025/26,367284,Leo Østigård,273,Stade Rennais FC,252,Genoa CFC,LOAN,loan transfer,0,IN
TM-2025-00365,2025/26,367284,Leo Østigård,273,Stade Rennais FC,252,Genoa CFC,PERMANENT_OR_OTHER_EXPLICIT,€2.50m,0,IN
TM-2025-00366,2025/26,367992,Jesper Karlsson,1005,US Lecce,1025,Bologna FC 1909,LOAN_RETURN_OR_END_OF_LOAN,End of loan 30/06/2025,1,IN+OUT
TM-2025-00367,2025/26,367992,Jesper Karlsson,1025,Bologna FC 1909,200,FC Utrecht,LOAN,loan transfer,0,OUT
TM-2025-00368,2025/26,367992,Jesper Karlsson,1025,Bologna FC 1909,370,Aberdeen FC,LOAN,loan transfer,0,OUT
TM-2025-00369,2025/26,367992,Jesper Karlsson,370,Aberdeen FC,1025,Bologna FC 1909,LOAN_RETURN_OR_END_OF_LOAN,End of loan 22/01/2026,0,IN
TM-2025-00370,2025/26,368887,Loïs Openda,23826,RB Leipzig,506,Juventus FC,LOAN,Loan fee: €3.25m,0,IN
TM-2025-00371,2025/26,369522,Jakob Tånnander,2239,US Cremonese,4294,SC Farense,FREE_TRANSFER,free transfer,0,OUT
TM-2025-00372,2025/26,370846,Timothy Weah,506,Juventus FC,244,Olympique Marseille,LOAN,Loan fee: €1.00m,0,OUT
TM-2025-00373,2025/26,371021,Arijanet Murić,677,Ipswich Town,6574,US Sassuolo,LOAN,loan transfer,0,IN
TM-2025-00374,2025/26,371371,Marash Kumbulla,12,AS Roma,237,RCD Mallorca,LOAN,loan transfer,0,OUT
TM-2025-00375,2025/26,371371,Marash Kumbulla,714,RCD Espanyol Barcelona,12,AS Roma,LOAN_RETURN_OR_END_OF_LOAN,End of loan 30/06/2025,0,IN
TM-2025-00376,2025/26,371851,Jaka Bijol,410,Udinese Calcio,399,Leeds United,PERMANENT_OR_OTHER_EXPLICIT,€18.00m,0,OUT
TM-2025-00377,2025/26,372720,Nicholas Pierini,6574,US Sassuolo,1038,UC Sampdoria,LOAN,Loan fee: €250k,0,OUT
TM-2025-00378,2025/26,374418,Mateusz Praszelik,276,Hellas Verona,5689,Cracovia,PERMANENT_OR_OTHER_EXPLICIT,?,0,OUT
TM-2025-00379,2025/26,374418,Mateusz Praszelik,4554,FC Südtirol,276,Hellas Verona,LOAN_RETURN_OR_END_OF_LOAN,End of loan 30/06/2025,0,IN
TM-2025-00380,2025/26,375816,Manuel De Luca,2239,US Cremonese,1385,Modena FC,LOAN,loan transfer,0,OUT
TM-2025-00381,2025/26,375877,Vakoun Bayo,1010,Watford FC,410,Udinese Calcio,LOAN_RETURN_OR_END_OF_LOAN,End of loan 30/06/2025,0,IN
TM-2025-00382,2025/26,377042,Michael Folorunsho,430,ACF Fiorentina,6195,SSC Napoli,LOAN_RETURN_OR_END_OF_LOAN,End of loan 30/06/2025,1,IN+OUT
TM-2025-00383,2025/26,377042,Michael Folorunsho,6195,SSC Napoli,1390,Cagliari Calcio,LOAN,Loan fee: €500k,1,IN+OUT
TM-2025-00384,2025/26,377243,Jakub Piotrowski,31614,Ludogorets Razgrad,410,Udinese Calcio,PERMANENT_OR_OTHER_EXPLICIT,€3.00m,0,IN
TM-2025-00385,2025/26,377641,Moatasem Al-Musrati,114,Besiktas JK,276,Hellas Verona,LOAN,Loan fee: €2.00m,0,IN
TM-2025-00386,2025/26,381370,Pietro Beruatto,1038,UC Sampdoria,4172,Pisa Sporting Club,LOAN_RETURN_OR_END_OF_LOAN,End of loan 30/06/2025,0,IN
TM-2025-00387,2025/26,381370,Pietro Beruatto,4172,Pisa Sporting Club,3522,Spezia Calcio,LOAN,loan transfer,0,OUT
TM-2025-00388,2025/26,381950,Alexis Saelemaekers,12,AS Roma,5,AC Milan,LOAN_RETURN_OR_END_OF_LOAN,End of loan 30/06/2025,1,IN+OUT
TM-2025-00389,2025/26,385394,Alberto Dossena,1047,Como 1907,1390,Cagliari Calcio,LOAN,loan transfer,1,IN+OUT
TM-2025-00390,2025/26,386455,Riccardo Sottil,430,ACF Fiorentina,1005,US Lecce,LOAN,Loan fee: €500k,1,IN+OUT
TM-2025-00391,2025/26,386455,Riccardo Sottil,5,AC Milan,430,ACF Fiorentina,LOAN_RETURN_OR_END_OF_LOAN,End of loan 30/06/2025,1,IN+OUT
TM-2025-00392,2025/26,386567,Leonardo Loria,4172,Pisa Sporting Club,3522,Spezia Calcio,LOAN,loan transfer,0,OUT
TM-2025-00393,2025/26,386574,Fabrizio Caligara,380,US Salernitana 1919,6574,US Sassuolo,LOAN_RETURN_OR_END_OF_LOAN,End of loan 30/06/2025,0,IN
TM-2025-00394,2025/26,386574,Fabrizio Caligara,6574,US Sassuolo,2921,Delfino Pescara 1936,LOAN,loan transfer,0,OUT
TM-2025-00395,2025/26,387626,Leon Bailey,12,AS Roma,405,Aston Villa,LOAN_RETURN_OR_END_OF_LOAN,End of loan 21/01/2026,0,OUT
TM-2025-00396,2025/26,387626,Leon Bailey,405,Aston Villa,12,AS Roma,LOAN,Loan fee: €3.00m,0,IN
TM-2025-00397,2025/26,389837,Nicolò Casale,1025,Bologna FC 1909,398,SS Lazio,LOAN_RETURN_OR_END_OF_LOAN,End of loan 30/06/2025,1,IN+OUT
TM-2025-00398,2025/26,389837,Nicolò Casale,398,SS Lazio,1025,Bologna FC 1909,PERMANENT_OR_OTHER_EXPLICIT,€6.50m,1,IN+OUT
TM-2025-00399,2025/26,390163,Andrea Ghion,6574,US Sassuolo,749,FC Empoli,LOAN,Loan fee: €240k,0,OUT
TM-2025-00400,2025/26,392033,Gabriele Ferrarini,430,ACF Fiorentina,515,Without Club,FREE_AGENT_OR_END_OF_CONTRACT,-,0,OUT
TM-2025-00401,2025/26,392085,Nicolò Zaniolo,141,Galatasaray,410,Udinese Calcio,LOAN,Loan fee: €2.50m,0,IN
TM-2025-00402,2025/26,392085,Nicolò Zaniolo,430,ACF Fiorentina,141,Galatasaray,LOAN_RETURN_OR_END_OF_LOAN,End of loan 30/06/2025,0,OUT
TM-2025-00403,2025/26,392538,Tommaso Pobega,1025,Bologna FC 1909,5,AC Milan,LOAN_RETURN_OR_END_OF_LOAN,End of loan 30/06/2025,1,IN+OUT
TM-2025-00404,2025/26,392538,Tommaso Pobega,5,AC Milan,1025,Bologna FC 1909,LOAN,Loan fee: €1.00m,1,IN+OUT
TM-2025-00405,2025/26,392545,Frank Tsadjout,2239,US Cremonese,2921,Delfino Pescara 1936,LOAN,loan transfer,0,OUT
TM-2025-00406,2025/26,392545,Frank Tsadjout,8970,Frosinone Calcio,2239,US Cremonese,LOAN_RETURN_OR_END_OF_LOAN,End of loan 30/06/2025,0,IN
TM-2025-00407,2025/26,392570,Marco Sala,1005,US Lecce,1047,Como 1907,LOAN_RETURN_OR_END_OF_LOAN,End of loan 30/06/2025,1,IN+OUT
TM-2025-00408,2025/26,392570,Marco Sala,1047,Como 1907,2331,US Avellino 1912,PERMANENT_OR_OTHER_EXPLICIT,?,0,OUT
TM-2025-00409,2025/26,392959,Andrea Colpani,430,ACF Fiorentina,2919,AC Monza,LOAN_RETURN_OR_END_OF_LOAN,End of loan 30/06/2025,0,OUT
TM-2025-00410,2025/26,392966,Nadir Zortea,1390,Cagliari Calcio,1025,Bologna FC 1909,PERMANENT_OR_OTHER_EXPLICIT,€7.50m,1,IN+OUT
TM-2025-00411,2025/26,393238,Zakaria Aboukhlal,415,FC Toulouse,416,Torino FC,PERMANENT_OR_OTHER_EXPLICIT,€7.50m,0,IN
TM-2025-00412,2025/26,394304,Manolo Portanova,252,Genoa CFC,5621,AC Reggiana 1919,FREE_TRANSFER,free transfer,0,OUT
TM-2025-00413,2025/26,394304,Manolo Portanova,5621,AC Reggiana 1919,252,Genoa CFC,LOAN_RETURN_OR_END_OF_LOAN,End of loan 30/06/2025,0,IN
TM-2025-00414,2025/26,394346,Emanuel Vignato,4172,Pisa Sporting Club,31010,Akritas Chloraka,LOAN,loan transfer,0,OUT
TM-2025-00415,2025/26,394346,Emanuel Vignato,4172,Pisa Sporting Club,4603,AE Larisa,LOAN,loan transfer,0,OUT
TM-2025-00416,2025/26,394346,Emanuel Vignato,4603,AE Larisa,4172,Pisa Sporting Club,LOAN_RETURN_OR_END_OF_LOAN,End of loan 30/01/2026,0,IN
TM-2025-00417,2025/26,395190,Francesco Mezzoni,6195,SSC Napoli,20519,Virtus Entella,FREE_TRANSFER,free transfer,0,OUT
TM-2025-00418,2025/26,395190,Francesco Mezzoni,839,AC Perugia Calcio,6195,SSC Napoli,LOAN_RETURN_OR_END_OF_LOAN,End of loan 30/06/2025,0,IN
TM-2025-00419,2025/26,395236,Yacine Adli,430,ACF Fiorentina,5,AC Milan,LOAN_RETURN_OR_END_OF_LOAN,End of loan 30/06/2025,1,IN+OUT
TM-2025-00420,2025/26,395236,Yacine Adli,5,AC Milan,9840,Al-Shabab FC,PERMANENT_OR_OTHER_EXPLICIT,€7.00m,0,OUT
TM-2025-00421,2025/26,395295,Edgaras Dubickas,4172,Pisa Sporting Club,1103,Ternana Calcio,FREE_TRANSFER,free transfer,0,OUT
TM-2025-00422,2025/26,395295,Edgaras Dubickas,5587,SS Juve Stabia,4172,Pisa Sporting Club,LOAN_RETURN_OR_END_OF_LOAN,End of loan 30/06/2025,0,IN
TM-2025-00423,2025/26,395512,Antoine Bernede,276,Hellas Verona,527,FC Lausanne-Sport,LOAN_RETURN_OR_END_OF_LOAN,End of loan 30/06/2025,0,OUT
TM-2025-00424,2025/26,395512,Antoine Bernede,527,FC Lausanne-Sport,276,Hellas Verona,PERMANENT_OR_OTHER_EXPLICIT,€2.00m,0,IN
TM-2025-00425,2025/26,396638,Manor Solomon,148,Tottenham Hotspur,430,ACF Fiorentina,LOAN,loan transfer,0,IN
TM-2025-00426,2025/26,397225,Alessandro Zanoli,252,Genoa CFC,6195,SSC Napoli,LOAN_RETURN_OR_END_OF_LOAN,End of loan 30/06/2025,1,IN+OUT
TM-2025-00427,2025/26,397225,Alessandro Zanoli,6195,SSC Napoli,410,Udinese Calcio,LOAN,loan transfer,1,IN+OUT
TM-2025-00428,2025/26,39728,Mats Hummels,12,AS Roma,,Retired,RETIREMENT,-,0,OUT
TM-2025-00429,2025/26,397486,Dennis Man,130,Parma Calcio 1913,383,PSV Eindhoven,PERMANENT_OR_OTHER_EXPLICIT,€9.10m,0,OUT
TM-2025-00430,2025/26,399543,Rémi Oudin,1005,US Lecce,4097,US Catanzaro,PERMANENT_OR_OTHER_EXPLICIT,?,0,OUT
TM-2025-00431,2025/26,399543,Rémi Oudin,1038,UC Sampdoria,1005,US Lecce,LOAN_RETURN_OR_END_OF_LOAN,End of loan 30/06/2025,0,IN
TM-2025-00432,2025/26,400489,Eljif Elmas,23826,RB Leipzig,6195,SSC Napoli,LOAN,Loan fee: €2.00m,0,IN
TM-2025-00433,2025/26,400489,Eljif Elmas,416,Torino FC,23826,RB Leipzig,LOAN_RETURN_OR_END_OF_LOAN,End of loan 30/06/2025,0,OUT
TM-2025-00434,2025/26,401922,Samuel Chukwueze,5,AC Milan,931,Fulham FC,LOAN,loan transfer,0,OUT
TM-2025-00435,2025/26,401923,Victor Osimhen,141,Galatasaray,6195,SSC Napoli,LOAN_RETURN_OR_END_OF_LOAN,End of loan 30/06/2025,0,IN
TM-2025-00436,2025/26,401923,Victor Osimhen,6195,SSC Napoli,141,Galatasaray,PERMANENT_OR_OTHER_EXPLICIT,€75.00m,0,OUT
TM-2025-00437,2025/26,401935,Orji Okwonkwo,1025,Bologna FC 1909,2921,Delfino Pescara 1936,LOAN,loan transfer,0,OUT
TM-2025-00438,2025/26,401935,Orji Okwonkwo,4084,AS Cittadella,1025,Bologna FC 1909,LOAN_RETURN_OR_END_OF_LOAN,End of loan 30/06/2025,0,IN
TM-2025-00439,2025/26,40433,Alexis Sánchez,410,Udinese Calcio,368,Sevilla FC,FREE_TRANSFER,free transfer,0,OUT
TM-2025-00440,2025/26,405670,Yannik Engelhardt,1047,Como 1907,18,Borussia Mönchengladbach,LOAN,loan transfer,0,OUT
TM-2025-00441,2025/26,405885,Giacomo Raspadori,13,Atlético de Madrid,800,Atalanta BC,PERMANENT_OR_OTHER_EXPLICIT,€22.00m,0,IN
TM-2025-00442,2025/26,405885,Giacomo Raspadori,6195,SSC Napoli,13,Atlético de Madrid,PERMANENT_OR_OTHER_EXPLICIT,€22.00m,0,OUT
TM-2025-00443,2025/26,406040,Ademola Lookman,800,Atalanta BC,13,Atlético de Madrid,PERMANENT_OR_OTHER_EXPLICIT,€35.00m,0,OUT
TM-2025-00444,2025/26,406042,Dennis Johnsen,2239,US Cremonese,458,Palermo FC,PERMANENT_OR_OTHER_EXPLICIT,€3.00m,0,OUT
TM-2025-00445,2025/26,406151,Zé Pedro,720,FC Porto,1390,Cagliari Calcio,PERMANENT_OR_OTHER_EXPLICIT,€2.00m,0,IN
TM-2025-00446,2025/26,40633,Milan Badelj,252,Genoa CFC,,Retired,RETIREMENT,-,0,OUT
TM-2025-00447,2025/26,406632,Cas Odenthal,6574,US Sassuolo,332,SSC Bari,LOAN,loan transfer,0,OUT
TM-2025-00448,2025/26,406806,Emil Bohinen,252,Genoa CFC,607,Venezia FC,LOAN,Loan fee: €130k,0,OUT
TM-2025-00449,2025/26,406806,Emil Bohinen,252,Genoa CFC,607,Venezia FC,PERMANENT_OR_OTHER_EXPLICIT,€1.00m,0,OUT
TM-2025-00450,2025/26,406806,Emil Bohinen,607,Venezia FC,252,Genoa CFC,LOAN_RETURN_OR_END_OF_LOAN,End of loan 01/02/2026,0,IN
TM-2025-00451,2025/26,406806,Emil Bohinen,8970,Frosinone Calcio,252,Genoa CFC,LOAN_RETURN_OR_END_OF_LOAN,End of loan 30/06/2025,0,IN
TM-2025-00452,2025/26,407265,Luca Zanimacchia,2239,US Cremonese,1385,Modena FC,LOAN,loan transfer,0,OUT
TM-2025-00453,2025/26,409344,Calvin Stengs,234,Feyenoord Rotterdam,4172,Pisa Sporting Club,LOAN,loan transfer,0,IN
TM-2025-00454,2025/26,412366,Brenner,410,Udinese Calcio,51772,FC Cincinnati,LOAN,loan transfer,0,OUT
TM-2025-00455,2025/26,412366,Brenner,410,Udinese Calcio,978,Clube de Regatas Vasco da Gama,PERMANENT_OR_OTHER_EXPLICIT,€5.00m,0,OUT
TM-2025-00456,2025/26,412366,Brenner,51772,FC Cincinnati,410,Udinese Calcio,LOAN_RETURN_OR_END_OF_LOAN,End of loan 31/12/2025,0,IN
TM-2025-00457,2025/26,412513,Thomas Henry,276,Hellas Verona,3057,Standard Liège,FREE_TRANSFER,free transfer,0,OUT
TM-2025-00458,2025/26,412513,Thomas Henry,458,Palermo FC,276,Hellas Verona,LOAN_RETURN_OR_END_OF_LOAN,End of loan 30/06/2025,0,IN
TM-2025-00459,2025/26,412649,Tommaso Cassandro,1047,Como 1907,4097,US Catanzaro,LOAN,loan transfer,0,OUT
TM-2025-00460,2025/26,412649,Tommaso Cassandro,4097,US Catanzaro,1047,Como 1907,LOAN_RETURN_OR_END_OF_LOAN,End of loan 30/06/2025,0,IN
TM-2025-00461,2025/26,413605,David Okereke,2832,Gaziantep FK,2239,US Cremonese,LOAN_RETURN_OR_END_OF_LOAN,End of loan 30/06/2025,0,IN
TM-2025-00462,2025/26,41384,Marko Arnautovic,46,Inter Milan,159,Red Star Belgrade,FREE_TRANSFER,free transfer,0,OUT
TM-2025-00463,2025/26,417346,Jack Harrison,399,Leeds United,430,ACF Fiorentina,LOAN,Loan fee: €1.00m,0,IN
TM-2025-00464,2025/26,417575,Uros Racic,1075,SC Braga,6574,US Sassuolo,LOAN_RETURN_OR_END_OF_LOAN,End of loan 30/06/2025,0,IN
TM-2025-00465,2025/26,417575,Uros Racic,6574,US Sassuolo,605,Aris Thessaloniki,PERMANENT_OR_OTHER_EXPLICIT,€2.50m,0,OUT
TM-2025-00466,2025/26,418543,Perr Schuurs,416,Torino FC,515,Without Club,FREE_AGENT_OR_END_OF_CONTRACT,-,0,OUT
TM-2025-00467,2025/26,418567,Markus Solbakken,4172,Pisa Sporting Club,197,AC Sparta Prague,LOAN_RETURN_OR_END_OF_LOAN,End of loan 30/06/2025,0,OUT
TM-2025-00468,2025/26,418571,Hamza Rafia,1005,US Lecce,3342,Esperance Tunis,PERMANENT_OR_OTHER_EXPLICIT,?,0,OUT
TM-2025-00469,2025/26,420179,Gianluca Saro,2239,US Cremonese,4084,AS Cittadella,LOAN,loan transfer,0,OUT
TM-2025-00470,2025/26,420179,Gianluca Saro,2239,US Cremonese,5621,AC Reggiana 1919,LOAN,loan transfer,0,OUT
TM-2025-00471,2025/26,420179,Gianluca Saro,5621,AC Reggiana 1919,2239,US Cremonese,LOAN_RETURN_OR_END_OF_LOAN,End of loan 29/01/2026,0,IN
TM-2025-00472,2025/26,420465,Tiago Djaló,506,Juventus FC,114,Besiktas JK,PERMANENT_OR_OTHER_EXPLICIT,€3.50m,0,OUT
TM-2025-00473,2025/26,420465,Tiago Djaló,720,FC Porto,506,Juventus FC,LOAN_RETURN_OR_END_OF_LOAN,End of loan 30/06/2025,0,IN
TM-2025-00474,2025/26,421873,Elia Caprile,1390,Cagliari Calcio,6195,SSC Napoli,LOAN_RETURN_OR_END_OF_LOAN,End of loan 30/06/2025,1,IN+OUT
TM-2025-00475,2025/26,421873,Elia Caprile,6195,SSC Napoli,1390,Cagliari Calcio,PERMANENT_OR_OTHER_EXPLICIT,€8.20m,1,IN+OUT
TM-2025-00476,2025/26,421927,Adrian Rus,4172,Pisa Sporting Club,40812,Universitatea Craiova,FREE_TRANSFER,free transfer,0,OUT
TM-2025-00477,2025/26,422951,Victor Nelsson,12,AS Roma,141,Galatasaray,LOAN_RETURN_OR_END_OF_LOAN,End of loan 30/06/2025,0,OUT
TM-2025-00478,2025/26,422951,Victor Nelsson,141,Galatasaray,276,Hellas Verona,LOAN,Loan fee: €650k,0,IN
TM-2025-00479,2025/26,429551,Olimpiu Moruțan,4172,Pisa Sporting Club,868,MKE Ankaragücü,LOAN_RETURN_OR_END_OF_LOAN,End of loan 30/06/2025,0,OUT
TM-2025-00480,2025/26,430280,Hans Nicolussi Caviglia,430,ACF Fiorentina,607,Venezia FC,LOAN_RETURN_OR_END_OF_LOAN,End of loan 28/01/2026,0,OUT
TM-2025-00481,2025/26,430280,Hans Nicolussi Caviglia,506,Juventus FC,607,Venezia FC,PERMANENT_OR_OTHER_EXPLICIT,€4.10m,0,OUT
TM-2025-00482,2025/26,430280,Hans Nicolussi Caviglia,607,Venezia FC,130,Parma Calcio 1913,LOAN,loan transfer,0,IN
TM-2025-00483,2025/26,430280,Hans Nicolussi Caviglia,607,Venezia FC,430,ACF Fiorentina,LOAN,Loan fee: €1.00m,0,IN
TM-2025-00484,2025/26,430280,Hans Nicolussi Caviglia,607,Venezia FC,506,Juventus FC,LOAN_RETURN_OR_END_OF_LOAN,End of loan 30/06/2025,0,IN
TM-2025-00485,2025/26,431417,Pierre Bolchini,1047,Como 1907,515,Without Club,FREE_AGENT_OR_END_OF_CONTRACT,-,0,OUT
TM-2025-00486,2025/26,431811,Ola Solbakken,12,AS Roma,2778,FC Nordsjaelland,PERMANENT_OR_OTHER_EXPLICIT,€950k,0,OUT
TM-2025-00487,2025/26,431811,Ola Solbakken,749,FC Empoli,12,AS Roma,LOAN_RETURN_OR_END_OF_LOAN,End of loan 30/06/2025,0,IN
TM-2025-00488,2025/26,432090,Nicolò Fagioli,430,ACF Fiorentina,506,Juventus FC,LOAN_RETURN_OR_END_OF_LOAN,End of loan 30/06/2025,1,IN+OUT
TM-2025-00489,2025/26,432090,Nicolò Fagioli,506,Juventus FC,430,ACF Fiorentina,PERMANENT_OR_OTHER_EXPLICIT,€13.50m,1,IN+OUT
TM-2025-00490,2025/26,432092,Roberto Piccoli,1390,Cagliari Calcio,430,ACF Fiorentina,PERMANENT_OR_OTHER_EXPLICIT,€25.00m,1,IN+OUT
TM-2025-00491,2025/26,432092,Roberto Piccoli,1390,Cagliari Calcio,800,Atalanta BC,LOAN_RETURN_OR_END_OF_LOAN,End of loan 30/06/2025,1,IN+OUT
TM-2025-00492,2025/26,432092,Roberto Piccoli,800,Atalanta BC,1390,Cagliari Calcio,PERMANENT_OR_OTHER_EXPLICIT,€12.50m,1,IN+OUT
TM-2025-00493,2025/26,433181,Tino Anjorin,749,FC Empoli,416,Torino FC,LOAN,loan transfer,0,IN
TM-2025-00494,2025/26,433329,Corrie Ndaba,2553,Kilmarnock FC,1005,US Lecce,PERMANENT_OR_OTHER_EXPLICIT,€930k,0,IN
TM-2025-00495,2025/26,433584,Alessio Zerbin,607,Venezia FC,6195,SSC Napoli,LOAN_RETURN_OR_END_OF_LOAN,End of loan 30/06/2025,0,IN
TM-2025-00496,2025/26,433584,Alessio Zerbin,6195,SSC Napoli,2239,US Cremonese,LOAN,Loan fee: €250k,1,IN+OUT
TM-2025-00497,2025/26,433984,Sam Beukema,1025,Bologna FC 1909,6195,SSC Napoli,PERMANENT_OR_OTHER_EXPLICIT,€31.00m,1,IN+OUT
TM-2025-00498,2025/26,434433,Nikola Krstović,1005,US Lecce,800,Atalanta BC,PERMANENT_OR_OTHER_EXPLICIT,€25.00m,1,IN+OUT
TM-2025-00499,2025/26,435228,Ardian Ismajli,749,FC Empoli,416,Torino FC,FREE_TRANSFER,free transfer,0,IN
TM-2025-00500,2025/26,447661,Douglas Luiz,506,Juventus FC,405,Aston Villa,LOAN,Loan fee: €2.00m,0,OUT
TM-2025-00501,2025/26,447661,Douglas Luiz,506,Juventus FC,703,Nottingham Forest,LOAN,Loan fee: €2.85m,0,OUT
TM-2025-00502,2025/26,447661,Douglas Luiz,703,Nottingham Forest,506,Juventus FC,LOAN_RETURN_OR_END_OF_LOAN,End of loan 27/01/2026,0,IN
TM-2025-00503,2025/26,45026,Rui Patrício,800,Atalanta BC,2150,Al-Ain FC,FREE_TRANSFER,free transfer,0,OUT
TM-2025-00504,2025/26,45146,Mario Balotelli,252,Genoa CFC,515,Without Club,FREE_AGENT_OR_END_OF_CONTRACT,-,0,OUT
TM-2025-00505,2025/26,454386,Adrian Benedyczak,130,Parma Calcio 1913,10484,Kasimpasa,LOAN,loan transfer,0,OUT
TM-2025-00506,2025/26,457422,Samuele Mulattieri,6574,US Sassuolo,897,Deportivo de La Coruña,LOAN,loan transfer,0,OUT
TM-2025-00507,2025/26,457673,Gabriel Strefezza,1047,Como 1907,683,Olympiacos Piraeus,PERMANENT_OR_OTHER_EXPLICIT,€8.00m,0,OUT
TM-2025-00508,2025/26,457673,Gabriel Strefezza,683,Olympiacos Piraeus,130,Parma Calcio 1913,LOAN,loan transfer,0,IN
TM-2025-00509,2025/26,457674,Alessandro Di Pardo,1385,Modena FC,1390,Cagliari Calcio,LOAN_RETURN_OR_END_OF_LOAN,End of loan 30/06/2025,0,IN
TM-2025-00510,2025/26,457674,Alessandro Di Pardo,1390,Cagliari Calcio,1038,UC Sampdoria,PERMANENT_OR_OTHER_EXPLICIT,€200k,0,OUT
TM-2025-00511,2025/26,458777,Giacomo Quagliata,2239,US Cremonese,897,Deportivo de La Coruña,PERMANENT_OR_OTHER_EXPLICIT,?,0,OUT
TM-2025-00512,2025/26,458777,Giacomo Quagliata,4097,US Catanzaro,2239,US Cremonese,LOAN_RETURN_OR_END_OF_LOAN,End of loan 30/06/2025,0,IN
TM-2025-00513,2025/26,459128,Marco Brescianini,800,Atalanta BC,430,ACF Fiorentina,LOAN,Loan fee: €1.00m,1,IN+OUT
TM-2025-00514,2025/26,459128,Marco Brescianini,800,Atalanta BC,8970,Frosinone Calcio,LOAN_RETURN_OR_END_OF_LOAN,End of loan 30/06/2025,0,OUT
TM-2025-00515,2025/26,459128,Marco Brescianini,8970,Frosinone Calcio,800,Atalanta BC,PERMANENT_OR_OTHER_EXPLICIT,€10.00m,0,IN
TM-2025-00516,2025/26,459655,Matteo Lovato,6574,US Sassuolo,380,US Salernitana 1919,LOAN_RETURN_OR_END_OF_LOAN,End of loan 30/06/2025,0,OUT
TM-2025-00517,2025/26,459661,Eddie Salcedo,46,Inter Milan,653,OFI Crete,FREE_TRANSFER,free transfer,0,OUT
TM-2025-00518,2025/26,459661,Eddie Salcedo,653,OFI Crete,46,Inter Milan,LOAN_RETURN_OR_END_OF_LOAN,End of loan 30/06/2025,0,IN
TM-2025-00519,2025/26,459707,Eduard Duțu,430,ACF Fiorentina,22045,Latina Calcio 1932,FREE_TRANSFER,free transfer,0,OUT
TM-2025-00520,2025/26,459707,Eduard Duțu,704,Calcio Foggia 1920,430,ACF Fiorentina,LOAN_RETURN_OR_END_OF_LOAN,End of loan 30/06/2025,0,IN
TM-2025-00521,2025/26,459988,Gennaro Borrelli,19,Brescia Calcio (- 2025),1390,Cagliari Calcio,FREE_TRANSFER,free transfer,0,IN
TM-2025-00522,2025/26,460651,Antoine Makoumbou,1390,Cagliari Calcio,152,Samsunspor,PERMANENT_OR_OTHER_EXPLICIT,€1.50m,0,OUT
TM-2025-00523,2025/26,460939,Tijjani Reijnders,5,AC Milan,281,Manchester City,PERMANENT_OR_OTHER_EXPLICIT,€54.90m,0,OUT
TM-2025-00524,2025/26,462086,Elayis Tavsan,1429,Cesena FC,276,Hellas Verona,LOAN_RETURN_OR_END_OF_LOAN,End of loan 30/06/2025,0,IN
TM-2025-00525,2025/26,462086,Elayis Tavsan,276,Hellas Verona,152,Samsunspor,PERMANENT_OR_OTHER_EXPLICIT,€1.50m,0,OUT
TM-2025-00526,2025/26,462086,Elayis Tavsan,276,Hellas Verona,5621,AC Reggiana 1919,LOAN,loan transfer,0,OUT
TM-2025-00527,2025/26,462086,Elayis Tavsan,5621,AC Reggiana 1919,276,Hellas Verona,LOAN_RETURN_OR_END_OF_LOAN,End of loan 14/01/2026 €100k,0,IN
TM-2025-00528,2025/26,462250,João Félix,5,AC Milan,631,Chelsea FC,LOAN_RETURN_OR_END_OF_LOAN,End of loan 30/06/2025,0,OUT
TM-2025-00529,2025/26,462699,Franz Stolz,252,Genoa CFC,316,Grazer AK 1902,LOAN,loan transfer,0,OUT
TM-2025-00530,2025/26,462699,Franz Stolz,455,FC Rapid 1923,252,Genoa CFC,LOAN_RETURN_OR_END_OF_LOAN,End of loan 07/01/2026,0,IN
TM-2025-00531,2025/26,464195,Filip Stojilkovic,5689,Cracovia,4172,Pisa Sporting Club,PERMANENT_OR_OTHER_EXPLICIT,€3.00m,0,IN
TM-2025-00532,2025/26,464446,Andri Fannar Baldursson,1025,Bologna FC 1909,10484,Kasimpasa,PERMANENT_OR_OTHER_EXPLICIT,€500k,0,OUT
TM-2025-00533,2025/26,464469,Torbjørn Heggem,984,West Bromwich Albion,1025,Bologna FC 1909,PERMANENT_OR_OTHER_EXPLICIT,€7.50m,0,IN
TM-2025-00534,2025/26,464598,Casper Tengstedt,276,Hellas Verona,294,SL Benfica,LOAN_RETURN_OR_END_OF_LOAN,End of loan 30/06/2025,0,OUT
TM-2025-00535,2025/26,465279,Marco Ballarini,1253,Lucchese Calcio,410,Udinese Calcio,LOAN_RETURN_OR_END_OF_LOAN,End of loan 30/06/2025,0,IN
TM-2025-00536,2025/26,465279,Marco Ballarini,410,Udinese Calcio,515,Without Club,FREE_AGENT_OR_END_OF_CONTRACT,-,0,OUT
TM-2025-00537,2025/26,465565,Dimitrije Kamenovic,322,Yverdon Sport FC,398,SS Lazio,LOAN_RETURN_OR_END_OF_LOAN,End of loan 30/06/2025,0,IN
TM-2025-00538,2025/26,465565,Dimitrije Kamenovic,398,SS Lazio,11194,NK Lokomotiva Zagreb,FREE_TRANSFER,free transfer,0,OUT
TM-2025-00539,2025/26,465830,Mattéo Guendouzi,398,SS Lazio,36,Fenerbahce,PERMANENT_OR_OTHER_EXPLICIT,€28.00m,0,OUT
TM-2025-00540,2025/26,465988,Elia Giani,132806,Union Brescia,4172,Pisa Sporting Club,LOAN_RETURN_OR_END_OF_LOAN,End of loan 26/01/2026,0,IN
TM-2025-00541,2025/26,465988,Elia Giani,3062,Athens Kallithea,4172,Pisa Sporting Club,LOAN_RETURN_OR_END_OF_LOAN,End of loan 30/06/2025,0,IN
TM-2025-00542,2025/26,465988,Elia Giani,4172,Pisa Sporting Club,132806,Union Brescia,LOAN,loan transfer,0,OUT
TM-2025-00543,2025/26,465988,Elia Giani,4172,Pisa Sporting Club,4102,AC Carpi,LOAN,loan transfer,0,OUT
TM-2025-00544,2025/26,467563,Armel Bella-Kotchap,180,Southampton FC,276,Hellas Verona,LOAN,Loan fee: €500k,0,IN
TM-2025-00545,2025/26,467563,Armel Bella-Kotchap,180,Southampton FC,276,Hellas Verona,PERMANENT_OR_OTHER_EXPLICIT,€5.00m,0,IN
TM-2025-00546,2025/26,467563,Armel Bella-Kotchap,276,Hellas Verona,180,Southampton FC,LOAN_RETURN_OR_END_OF_LOAN,End of loan 01/02/2026,0,OUT
TM-2025-00547,2025/26,467992,Samuele Ricci,416,Torino FC,5,AC Milan,PERMANENT_OR_OTHER_EXPLICIT,€23.00m,1,IN+OUT
TM-2025-00548,2025/26,468066,Jens Cajuste,6195,SSC Napoli,677,Ipswich Town,LOAN,Loan fee: €1.20m,0,OUT
TM-2025-00549,2025/26,468066,Jens Cajuste,677,Ipswich Town,6195,SSC Napoli,LOAN_RETURN_OR_END_OF_LOAN,End of loan 30/06/2025,0,IN
TM-2025-00550,2025/26,468301,Marcos Antônio,398,SS Lazio,585,São Paulo Futebol Clube,PERMANENT_OR_OTHER_EXPLICIT,€4.20m,0,OUT
TM-2025-00551,2025/26,468301,Marcos Antônio,585,São Paulo Futebol Clube,398,SS Lazio,LOAN_RETURN_OR_END_OF_LOAN,End of loan 01/03/2026,0,IN
TM-2025-00552,2025/26,469690,Nik Prelec,1390,Cagliari Calcio,988,Oxford United,LOAN,loan transfer,0,OUT
TM-2025-00553,2025/26,469690,Nik Prelec,14,Austria Vienna,1390,Cagliari Calcio,LOAN_RETURN_OR_END_OF_LOAN,End of loan 30/06/2025,0,IN
TM-2025-00554,2025/26,470391,Jayden Braaf,276,Hellas Verona,515,Without Club,FREE_AGENT_OR_END_OF_CONTRACT,-,0,OUT
TM-2025-00555,2025/26,470391,Jayden Braaf,380,US Salernitana 1919,276,Hellas Verona,LOAN_RETURN_OR_END_OF_LOAN,End of loan 30/06/2025,0,IN
TM-2025-00556,2025/26,470394,Kenneth Taylor,610,Ajax Amsterdam,398,SS Lazio,PERMANENT_OR_OTHER_EXPLICIT,€16.85m,0,IN
TM-2025-00557,2025/26,471936,Oliver Christensen,122,SK Sturm Graz,430,ACF Fiorentina,LOAN_RETURN_OR_END_OF_LOAN,End of loan 31/12/2025,0,IN
TM-2025-00558,2025/26,471936,Oliver Christensen,380,US Salernitana 1919,430,ACF Fiorentina,LOAN_RETURN_OR_END_OF_LOAN,End of loan 30/06/2025,0,IN
TM-2025-00559,2025/26,471936,Oliver Christensen,430,ACF Fiorentina,122,SK Sturm Graz,LOAN,Loan fee: €170k,0,OUT
TM-2025-00560,2025/26,476344,Emerson Royal,5,AC Milan,614,CR Flamengo,PERMANENT_OR_OTHER_EXPLICIT,€9.00m,0,OUT
TM-2025-00561,2025/26,477027,Elia Petrelli,252,Genoa CFC,9816,Forlì FC,FREE_TRANSFER,free transfer,0,OUT
TM-2025-00562,2025/26,477027,Elia Petrelli,9816,Forlì FC,252,Genoa CFC,LOAN_RETURN_OR_END_OF_LOAN,End of loan 30/06/2025,0,IN
TM-2025-00563,2025/26,479158,Marco Zunno,2239,US Cremonese,4083,FC Crotone,FREE_TRANSFER,free transfer,0,OUT
TM-2025-00564,2025/26,479158,Marco Zunno,704,Calcio Foggia 1920,2239,US Cremonese,LOAN_RETURN_OR_END_OF_LOAN,End of loan 30/06/2025,0,IN
TM-2025-00565,2025/26,480116,Lloyd Kelly,506,Juventus FC,762,Newcastle United,LOAN_RETURN_OR_END_OF_LOAN,End of loan 30/06/2025,0,OUT
TM-2025-00566,2025/26,480116,Lloyd Kelly,762,Newcastle United,506,Juventus FC,PERMANENT_OR_OTHER_EXPLICIT,€17.20m,0,IN
TM-2025-00567,2025/26,481344,Alessandro Russo,6574,US Sassuolo,22249,Audace Cerignola,LOAN,loan transfer,0,OUT
TM-2025-00568,2025/26,481344,Alessandro Russo,6574,US Sassuolo,9818,Giugliano Calcio 1928,LOAN,loan transfer,0,OUT
TM-2025-00569,2025/26,481344,Alessandro Russo,9818,Giugliano Calcio 1928,6574,US Sassuolo,LOAN_RETURN_OR_END_OF_LOAN,End of loan 22/01/2026,0,IN
TM-2025-00570,2025/26,481675,Christos Mandas,398,SS Lazio,989,AFC Bournemouth,LOAN,Loan fee: €2.50m,0,OUT
TM-2025-00571,2025/26,482789,Giacomo Drago,2239,US Cremonese,4554,FC Südtirol,LOAN_RETURN_OR_END_OF_LOAN,End of loan 30/06/2025,0,OUT
TM-2025-00572,2025/26,485584,Anass Salah-Eddine,12,AS Roma,383,PSV Eindhoven,LOAN,loan transfer,0,OUT
TM-2025-00573,2025/26,486031,Nico González,430,ACF Fiorentina,506,Juventus FC,PERMANENT_OR_OTHER_EXPLICIT,€28.10m,1,IN+OUT
TM-2025-00574,2025/26,486031,Nico González,506,Juventus FC,13,Atlético de Madrid,LOAN,Loan fee: €1.95m,0,OUT
TM-2025-00575,2025/26,486031,Nico González,506,Juventus FC,430,ACF Fiorentina,LOAN_RETURN_OR_END_OF_LOAN,End of loan 30/06/2025,1,IN+OUT
TM-2025-00576,2025/26,487474,Francisco Conceição,506,Juventus FC,720,FC Porto,LOAN_RETURN_OR_END_OF_LOAN,End of loan 30/06/2025,0,OUT
TM-2025-00577,2025/26,487474,Francisco Conceição,720,FC Porto,506,Juventus FC,PERMANENT_OR_OTHER_EXPLICIT,€32.00m,0,IN
TM-2025-00578,2025/26,487843,Lorenzo Colombo,5,AC Milan,252,Genoa CFC,LOAN,loan transfer,1,IN+OUT
TM-2025-00579,2025/26,487843,Lorenzo Colombo,749,FC Empoli,5,AC Milan,LOAN_RETURN_OR_END_OF_LOAN,End of loan 30/06/2025,0,IN
TM-2025-00580,2025/26,487969,Randal Kolo Muani,506,Juventus FC,583,Paris Saint-Germain,LOAN_RETURN_OR_END_OF_LOAN,End of loan 15/07/2025,0,OUT
TM-2025-00581,2025/26,488052,Matthias Braunöder,1047,Como 1907,332,SSC Bari,LOAN,loan transfer,0,OUT
TM-2025-00582,2025/26,490384,Koni De Winter,252,Genoa CFC,5,AC Milan,PERMANENT_OR_OTHER_EXPLICIT,€20.00m,1,IN+OUT
TM-2025-00583,2025/26,490423,Ignace Van der Brempt,1047,Como 1907,409,Red Bull Salzburg,LOAN_RETURN_OR_END_OF_LOAN,End of loan 30/06/2025,0,OUT
TM-2025-00584,2025/26,490423,Ignace Van der Brempt,409,Red Bull Salzburg,1047,Como 1907,PERMANENT_OR_OTHER_EXPLICIT,€5.00m,0,IN
TM-2025-00585,2025/26,491693,Nehuén Pérez,410,Udinese Calcio,720,FC Porto,PERMANENT_OR_OTHER_EXPLICIT,€13.25m,0,OUT
TM-2025-00586,2025/26,491693,Nehuén Pérez,720,FC Porto,410,Udinese Calcio,LOAN_RETURN_OR_END_OF_LOAN,End of loan 30/06/2025,0,IN
TM-2025-00587,2025/26,492319,Franco Israel,336,Sporting CP,416,Torino FC,PERMANENT_OR_OTHER_EXPLICIT,€4.50m,0,IN
TM-2025-00588,2025/26,493702,Mattia Viti,417,OGC Nice,430,ACF Fiorentina,LOAN,loan transfer,0,IN
TM-2025-00589,2025/26,493702,Mattia Viti,430,ACF Fiorentina,417,OGC Nice,LOAN_RETURN_OR_END_OF_LOAN,End of loan 15/01/2026,0,OUT
TM-2025-00590,2025/26,495722,Devis Vásquez,12,AS Roma,114,Besiktas JK,LOAN,loan transfer,0,OUT
TM-2025-00591,2025/26,495722,Devis Vásquez,5,AC Milan,12,AS Roma,FREE_TRANSFER,free transfer,1,IN+OUT
TM-2025-00592,2025/26,495722,Devis Vásquez,749,FC Empoli,5,AC Milan,LOAN_RETURN_OR_END_OF_LOAN,End of loan 30/06/2025,0,IN
TM-2025-00593,2025/26,495839,Andrias Edmundsson,2118,Wisla Plock,276,Hellas Verona,PERMANENT_OR_OTHER_EXPLICIT,€2.50m,0,IN
TM-2025-00594,2025/26,496270,Gianmarco Cangiano,1025,Bologna FC 1909,2921,Delfino Pescara 1936,PERMANENT_OR_OTHER_EXPLICIT,€500k,0,OUT
TM-2025-00595,2025/26,496270,Gianmarco Cangiano,2921,Delfino Pescara 1936,1025,Bologna FC 1909,LOAN_RETURN_OR_END_OF_LOAN,End of loan 30/06/2025,0,IN
TM-2025-00596,2025/26,496745,Emil Holm,1025,Bologna FC 1909,506,Juventus FC,LOAN,loan transfer,1,IN+OUT
TM-2025-00597,2025/26,496857,Edon Zhegrova,1082,LOSC Lille,506,Juventus FC,PERMANENT_OR_OTHER_EXPLICIT,€15.50m,0,IN
TM-2025-00598,2025/26,503866,Albert Grønbaek,252,Genoa CFC,273,Stade Rennais FC,LOAN_RETURN_OR_END_OF_LOAN,End of loan 30/01/2026,0,OUT
TM-2025-00599,2025/26,503866,Albert Grønbaek,273,Stade Rennais FC,252,Genoa CFC,LOAN,loan transfer,0,IN
TM-2025-00600,2025/26,503881,Aster Vranckx,82,VfL Wolfsburg,6574,US Sassuolo,LOAN,Loan fee: €420k,0,IN
TM-2025-00601,2025/26,503991,Yunus Musah,5,AC Milan,800,Atalanta BC,LOAN,Loan fee: €4.00m,1,IN+OUT
TM-2025-00602,2025/26,504085,Tomás Esteves,4172,Pisa Sporting Club,332,SSC Bari,LOAN,loan transfer,0,OUT
TM-2025-00603,2025/26,504148,Tariq Lamptey,1237,Brighton & Hove Albion,430,ACF Fiorentina,PERMANENT_OR_OTHER_EXPLICIT,€3.00m,0,IN
TM-2025-00604,2025/26,507486,Simon Sohm,130,Parma Calcio 1913,430,ACF Fiorentina,PERMANENT_OR_OTHER_EXPLICIT,€15.00m,1,IN+OUT
TM-2025-00605,2025/26,507486,Simon Sohm,430,ACF Fiorentina,1025,Bologna FC 1909,LOAN,loan transfer,1,IN+OUT
TM-2025-00606,2025/26,508371,Emil Konradsen Ceide,195,Rosenborg BK,6574,US Sassuolo,LOAN_RETURN_OR_END_OF_LOAN,End of loan 10/07/2025,0,IN
TM-2025-00607,2025/26,508371,Emil Konradsen Ceide,6574,US Sassuolo,195,Rosenborg BK,PERMANENT_OR_OTHER_EXPLICIT,€1.80m,0,OUT
TM-2025-00608,2025/26,513245,Jesper Lindstrøm,29,Everton FC,6195,SSC Napoli,LOAN_RETURN_OR_END_OF_LOAN,End of loan 30/06/2025,0,IN
TM-2025-00609,2025/26,513245,Jesper Lindstrøm,6195,SSC Napoli,82,VfL Wolfsburg,LOAN,Loan fee: €1.50m,0,OUT
TM-2025-00610,2025/26,514888,Oliver Sørensen,865,FC Midtjylland,130,Parma Calcio 1913,PERMANENT_OR_OTHER_EXPLICIT,€8.10m,0,IN
TM-2025-00611,2025/26,514895,Alexander Lind,4172,Pisa Sporting Club,2778,FC Nordsjaelland,LOAN,Loan fee: €300k,0,OUT
TM-2025-00612,2025/26,520530,Fali Candé,607,Venezia FC,6574,US Sassuolo,PERMANENT_OR_OTHER_EXPLICIT,€4.50m,0,IN
TM-2025-00613,2025/26,521407,Walid Cheddira,6195,SSC Napoli,1005,US Lecce,LOAN,loan transfer,1,IN+OUT
TM-2025-00614,2025/26,521407,Walid Cheddira,6195,SSC Napoli,6574,US Sassuolo,LOAN,Loan fee: €200k,1,IN+OUT
TM-2025-00615,2025/26,521407,Walid Cheddira,6574,US Sassuolo,6195,SSC Napoli,LOAN_RETURN_OR_END_OF_LOAN,End of loan 21/01/2026,1,IN+OUT
TM-2025-00616,2025/26,521407,Walid Cheddira,714,RCD Espanyol Barcelona,6195,SSC Napoli,LOAN_RETURN_OR_END_OF_LOAN,End of loan 30/06/2025,0,IN
TM-2025-00617,2025/26,521964,Malick Thiaw,5,AC Milan,762,Newcastle United,PERMANENT_OR_OTHER_EXPLICIT,€35.00m,0,OUT
TM-2025-00618,2025/26,522681,Ben Lhassine Kone,1047,Como 1907,8970,Frosinone Calcio,LOAN,loan transfer,0,OUT
TM-2025-00619,2025/26,522681,Ben Lhassine Kone,8970,Frosinone Calcio,1047,Como 1907,LOAN_RETURN_OR_END_OF_LOAN,End of loan 30/06/2025,0,IN
TM-2025-00620,2025/26,522784,Taty Castellanos,398,SS Lazio,379,West Ham United,PERMANENT_OR_OTHER_EXPLICIT,€29.00m,0,OUT
TM-2025-00621,2025/26,525299,Miguel Gutiérrez,12321,Girona FC,6195,SSC Napoli,PERMANENT_OR_OTHER_EXPLICIT,€20.00m,0,IN
TM-2025-00622,2025/26,525438,Horațiu Moldovan,6574,US Sassuolo,13,Atlético de Madrid,LOAN_RETURN_OR_END_OF_LOAN,End of loan 07/06/2025,0,OUT
TM-2025-00623,2025/26,525704,Nicolò Rovella,398,SS Lazio,506,Juventus FC,LOAN_RETURN_OR_END_OF_LOAN,End of loan 30/06/2025,1,IN+OUT
TM-2025-00624,2025/26,525704,Nicolò Rovella,506,Juventus FC,398,SS Lazio,PERMANENT_OR_OTHER_EXPLICIT,€17.00m,1,IN+OUT
TM-2025-00625,2025/26,527180,Joshua Tenkorang,2239,US Cremonese,1105,Ravenna FC,FREE_TRANSFER,free transfer,0,OUT
TM-2025-00626,2025/26,527180,Joshua Tenkorang,4103,FC Lumezzane,2239,US Cremonese,LOAN_RETURN_OR_END_OF_LOAN,End of loan 30/06/2025,0,IN
TM-2025-00627,2025/26,528833,Lazar Samardžić,410,Udinese Calcio,800,Atalanta BC,PERMANENT_OR_OTHER_EXPLICIT,€16.60m,1,IN+OUT
TM-2025-00628,2025/26,528833,Lazar Samardžić,800,Atalanta BC,410,Udinese Calcio,LOAN_RETURN_OR_END_OF_LOAN,End of loan 30/06/2025,1,IN+OUT
TM-2025-00629,2025/26,530742,Fisayo Dele-Bashiru,398,SS Lazio,7775,Hatayspor,LOAN_RETURN_OR_END_OF_LOAN,End of loan 30/06/2025,0,OUT
TM-2025-00630,2025/26,530742,Fisayo Dele-Bashiru,7775,Hatayspor,398,SS Lazio,PERMANENT_OR_OTHER_EXPLICIT,€3.43m,0,IN
TM-2025-00631,2025/26,531065,Oussama El Azzouzi,1025,Bologna FC 1909,290,AJ Auxerre,LOAN,loan transfer,0,OUT
TM-2025-00632,2025/26,533738,Jonathan David,1082,LOSC Lille,506,Juventus FC,FREE_TRANSFER,free transfer,0,IN
TM-2025-00633,2025/26,534083,Edoardo Pierozzi,2921,Delfino Pescara 1936,430,ACF Fiorentina,LOAN_RETURN_OR_END_OF_LOAN,End of loan 30/06/2025,0,IN
TM-2025-00634,2025/26,534083,Edoardo Pierozzi,430,ACF Fiorentina,4171,Benevento Calcio,FREE_TRANSFER,free transfer,0,OUT
TM-2025-00635,2025/26,535469,Valentin Mihăilă,130,Parma Calcio 1913,126,Caykur Rizespor,PERMANENT_OR_OTHER_EXPLICIT,€1.95m,0,OUT
TM-2025-00636,2025/26,535797,Lorenzo Sgarbi,2921,Delfino Pescara 1936,6195,SSC Napoli,LOAN_RETURN_OR_END_OF_LOAN,End of loan 01/02/2026,0,IN
TM-2025-00637,2025/26,535797,Lorenzo Sgarbi,5587,SS Juve Stabia,6195,SSC Napoli,LOAN_RETURN_OR_END_OF_LOAN,End of loan 30/06/2025,0,IN
TM-2025-00638,2025/26,535797,Lorenzo Sgarbi,6195,SSC Napoli,2331,US Avellino 1912,LOAN,loan transfer,0,OUT
TM-2025-00639,2025/26,535797,Lorenzo Sgarbi,6195,SSC Napoli,2921,Delfino Pescara 1936,LOAN,loan transfer,0,OUT
TM-2025-00640,2025/26,535881,Mattia Chiesa,112434,Sporting FC,276,Hellas Verona,LOAN_RETURN_OR_END_OF_LOAN,End of loan 30/06/2025,0,IN
TM-2025-00641,2025/26,535881,Mattia Chiesa,276,Hellas Verona,5862,ND Gorica,FREE_TRANSFER,free transfer,0,OUT
TM-2025-00642,2025/26,535955,Nuno Tavares,11,Arsenal FC,398,SS Lazio,PERMANENT_OR_OTHER_EXPLICIT,€5.58m,0,IN
TM-2025-00643,2025/26,535955,Nuno Tavares,398,SS Lazio,11,Arsenal FC,LOAN_RETURN_OR_END_OF_LOAN,End of loan 30/06/2025,0,OUT
TM-2025-00644,2025/26,537602,João Mário,506,Juventus FC,1025,Bologna FC 1909,LOAN,loan transfer,1,IN+OUT
TM-2025-00645,2025/26,537602,João Mário,720,FC Porto,506,Juventus FC,PERMANENT_OR_OTHER_EXPLICIT,€12.00m,0,IN
TM-2025-00646,2025/26,537765,Pablo Rodríguez,1005,US Lecce,238,Lech Poznan,PERMANENT_OR_OTHER_EXPLICIT,€1.20m,0,OUT
TM-2025-00647,2025/26,537765,Pablo Rodríguez,630,Racing Santander,1005,US Lecce,LOAN_RETURN_OR_END_OF_LOAN,End of loan 30/06/2025,0,IN
TM-2025-00648,2025/26,538569,Tommaso Milanese,2239,US Cremonese,408,Ascoli Calcio,LOAN,loan transfer,0,OUT
TM-2025-00649,2025/26,538569,Tommaso Milanese,2239,US Cremonese,408,Ascoli Calcio,PERMANENT_OR_OTHER_EXPLICIT,€100k,0,OUT
TM-2025-00650,2025/26,538569,Tommaso Milanese,408,Ascoli Calcio,2239,US Cremonese,LOAN_RETURN_OR_END_OF_LOAN,End of loan 01/02/2026,0,IN
TM-2025-00651,2025/26,538569,Tommaso Milanese,4159,Carrarese Calcio 1908,2239,US Cremonese,LOAN_RETURN_OR_END_OF_LOAN,End of loan 30/06/2025,0,IN
TM-2025-00652,2025/26,538918,Sebastiano Esposito,46,Inter Milan,1390,Cagliari Calcio,LOAN,loan transfer,1,IN+OUT
TM-2025-00653,2025/26,538918,Sebastiano Esposito,749,FC Empoli,46,Inter Milan,LOAN_RETURN_OR_END_OF_LOAN,End of loan 10/06/2025,0,IN
TM-2025-00654,2025/26,538974,Janis Antiste,4,1.FC Nuremberg,6574,US Sassuolo,LOAN_RETURN_OR_END_OF_LOAN,End of loan 30/06/2025,0,IN
TM-2025-00655,2025/26,538974,Janis Antiste,6574,US Sassuolo,170,Rapid Vienna,LOAN,loan transfer,0,OUT
TM-2025-00656,2025/26,539131,Alessio Brambilla,2239,US Cremonese,38322,AC Bra,LOAN,loan transfer,0,OUT
TM-2025-00657,2025/26,539131,Alessio Brambilla,9439,Feralpisalò,2239,US Cremonese,LOAN_RETURN_OR_END_OF_LOAN,End of loan 30/06/2025,0,IN
TM-2025-00658,2025/26,539134,Daniel Maldini,800,Atalanta BC,398,SS Lazio,LOAN,Loan fee: €1.00m,1,IN+OUT
TM-2025-00659,2025/26,539632,Lorenzo Moretti,20519,Virtus Entella,2239,US Cremonese,LOAN_RETURN_OR_END_OF_LOAN,End of loan 01/02/2026,0,IN
TM-2025-00660,2025/26,539632,Lorenzo Moretti,2239,US Cremonese,132806,Union Brescia,LOAN,loan transfer,0,OUT
TM-2025-00661,2025/26,539632,Lorenzo Moretti,2239,US Cremonese,20519,Virtus Entella,LOAN,loan transfer,0,OUT
TM-2025-00662,2025/26,543666,Stefano Turati,2919,AC Monza,6574,US Sassuolo,LOAN_RETURN_OR_END_OF_LOAN,End of loan 30/06/2025,0,IN
TM-2025-00663,2025/26,543727,Botond Balogh,130,Parma Calcio 1913,120,Kocaelispor,LOAN,loan transfer,0,OUT
TM-2025-00664,2025/26,543771,Kristjan Asllani,416,Torino FC,46,Inter Milan,LOAN_RETURN_OR_END_OF_LOAN,End of loan 30/01/2026,1,IN+OUT
TM-2025-00665,2025/26,543771,Kristjan Asllani,46,Inter Milan,114,Besiktas JK,LOAN,loan transfer,0,OUT
TM-2025-00666,2025/26,543771,Kristjan Asllani,46,Inter Milan,416,Torino FC,LOAN,Loan fee: €1.50m,1,IN+OUT
TM-2025-00667,2025/26,546926,Jay Idzes,607,Venezia FC,6574,US Sassuolo,PERMANENT_OR_OTHER_EXPLICIT,€8.10m,0,IN
TM-2025-00668,2025/26,547827,Andrei Mărginean,312,FC Dinamo 1948,6574,US Sassuolo,LOAN_RETURN_OR_END_OF_LOAN,End of loan 30/06/2025,0,IN
TM-2025-00669,2025/26,547827,Andrei Mărginean,6574,US Sassuolo,312,FC Dinamo 1948,PERMANENT_OR_OTHER_EXPLICIT,€250k,0,OUT
TM-2025-00670,2025/26,550106,Matteo Cancellieri,130,Parma Calcio 1913,398,SS Lazio,LOAN_RETURN_OR_END_OF_LOAN,End of loan 30/06/2025,1,IN+OUT
TM-2025-00671,2025/26,550108,Nicola Zalewski,12,AS Roma,46,Inter Milan,PERMANENT_OR_OTHER_EXPLICIT,€8.00m,1,IN+OUT
TM-2025-00672,2025/26,550108,Nicola Zalewski,46,Inter Milan,12,AS Roma,LOAN_RETURN_OR_END_OF_LOAN,End of loan 30/06/2025,1,IN+OUT
TM-2025-00673,2025/26,550108,Nicola Zalewski,46,Inter Milan,800,Atalanta BC,PERMANENT_OR_OTHER_EXPLICIT,€17.50m,1,IN+OUT
TM-2025-00674,2025/26,551752,Demba Seck,4097,US Catanzaro,416,Torino FC,LOAN_RETURN_OR_END_OF_LOAN,End of loan 30/06/2025,0,IN
TM-2025-00675,2025/26,551752,Demba Seck,416,Torino FC,669,FK Partizan Belgrade,LOAN,loan transfer,0,OUT
TM-2025-00676,2025/26,552223,Filip Stanković,46,Inter Milan,607,Venezia FC,PERMANENT_OR_OTHER_EXPLICIT,€1.50m,0,OUT
TM-2025-00677,2025/26,552223,Filip Stanković,607,Venezia FC,46,Inter Milan,LOAN_RETURN_OR_END_OF_LOAN,End of loan 30/06/2025,0,IN
TM-2025-00678,2025/26,553513,Nicholas Bonfanti,332,SSC Bari,4172,Pisa Sporting Club,LOAN_RETURN_OR_END_OF_LOAN,End of loan 30/06/2025,0,IN
TM-2025-00679,2025/26,553513,Nicholas Bonfanti,4172,Pisa Sporting Club,2581,Mantova 1911,LOAN,loan transfer,0,OUT
TM-2025-00680,2025/26,554903,Mateo Retegui,800,Atalanta BC,26069,Al-Qadsiah FC,PERMANENT_OR_OTHER_EXPLICIT,€61.75m,0,OUT
TM-2025-00681,2025/26,555015,Ruan,585,São Paulo Futebol Clube,6574,US Sassuolo,LOAN_RETURN_OR_END_OF_LOAN,End of loan 30/06/2025,0,IN
TM-2025-00682,2025/26,555015,Ruan,6574,US Sassuolo,330,Clube Atlético Mineiro,LOAN,loan transfer,0,OUT
TM-2025-00683,2025/26,555820,Martín Payero,410,Udinese Calcio,2239,US Cremonese,LOAN,Loan fee: €1.00m,1,IN+OUT
TM-2025-00684,2025/26,562049,Edoardo Bove,12,AS Roma,1010,Watford FC,FREE_TRANSFER,free transfer,0,OUT
TM-2025-00685,2025/26,562049,Edoardo Bove,430,ACF Fiorentina,12,AS Roma,LOAN_RETURN_OR_END_OF_LOAN,End of loan 30/06/2025,1,IN+OUT
TM-2025-00686,2025/26,564305,Michel Adopo,1390,Cagliari Calcio,800,Atalanta BC,LOAN_RETURN_OR_END_OF_LOAN,End of loan 30/06/2025,1,IN+OUT
TM-2025-00687,2025/26,564305,Michel Adopo,800,Atalanta BC,1390,Cagliari Calcio,PERMANENT_OR_OTHER_EXPLICIT,€3.80m,1,IN+OUT
TM-2025-00688,2025/26,566615,Mikael Egill Ellertsson,607,Venezia FC,252,Genoa CFC,LOAN_RETURN_OR_END_OF_LOAN,End of loan 30/06/2025,0,IN
TM-2025-00689,2025/26,566936,Antonio Cioffi,1210,US Livorno 1915,6195,SSC Napoli,LOAN_RETURN_OR_END_OF_LOAN,End of loan 22/01/2026,0,IN
TM-2025-00690,2025/26,566936,Antonio Cioffi,4111,Rimini FC,6195,SSC Napoli,LOAN_RETURN_OR_END_OF_LOAN,End of loan 30/06/2025,0,IN
TM-2025-00691,2025/26,566936,Antonio Cioffi,6195,SSC Napoli,1210,US Livorno 1915,LOAN,loan transfer,0,OUT
TM-2025-00692,2025/26,566936,Antonio Cioffi,6195,SSC Napoli,22045,Latina Calcio 1932,LOAN,loan transfer,0,OUT
TM-2025-00693,2025/26,567454,Lorenzo Lucchesi,430,ACF Fiorentina,2919,AC Monza,LOAN,Loan fee: €250k,0,OUT
TM-2025-00694,2025/26,567454,Lorenzo Lucchesi,607,Venezia FC,430,ACF Fiorentina,LOAN_RETURN_OR_END_OF_LOAN,End of loan 30/06/2025,0,IN
TM-2025-00695,2025/26,568005,Jeremy Sarmiento,1237,Brighton & Hove Albion,2239,US Cremonese,LOAN,loan transfer,0,IN
TM-2025-00696,2025/26,568005,Jeremy Sarmiento,2239,US Cremonese,1237,Brighton & Hove Albion,LOAN_RETURN_OR_END_OF_LOAN,End of loan 23/01/2026,0,OUT
TM-2025-00697,2025/26,568377,Tijs Velthuis,6574,US Sassuolo,468,Sparta Rotterdam,LOAN_RETURN_OR_END_OF_LOAN,End of loan 30/06/2025,0,OUT
TM-2025-00698,2025/26,571607,Fabio Miretti,252,Genoa CFC,506,Juventus FC,LOAN_RETURN_OR_END_OF_LOAN,End of loan 30/06/2025 €500k,1,IN+OUT
TM-2025-00699,2025/26,572265,Lorenzo Lucca,410,Udinese Calcio,6195,SSC Napoli,LOAN,Loan fee: €9.00m,1,IN+OUT
TM-2025-00700,2025/26,572265,Lorenzo Lucca,410,Udinese Calcio,6195,SSC Napoli,PERMANENT_OR_OTHER_EXPLICIT,€26.00m,1,IN+OUT
TM-2025-00701,2025/26,572265,Lorenzo Lucca,6195,SSC Napoli,410,Udinese Calcio,LOAN_RETURN_OR_END_OF_LOAN,End of loan 21/01/2026,1,IN+OUT
TM-2025-00702,2025/26,572265,Lorenzo Lucca,6195,SSC Napoli,703,Nottingham Forest,LOAN,Loan fee: €2.00m,0,OUT
TM-2025-00703,2025/26,572780,Liam Kerrigan,1047,Como 1907,1103,Ternana Calcio,FREE_TRANSFER,free transfer,0,OUT
TM-2025-00704,2025/26,572780,Liam Kerrigan,28643,SK Beveren,1047,Como 1907,LOAN_RETURN_OR_END_OF_LOAN,End of loan 30/06/2025,0,IN
TM-2025-00705,2025/26,577594,Blue Mamona,1104,ACR Messina,2239,US Cremonese,LOAN_RETURN_OR_END_OF_LOAN,End of loan 30/06/2025,0,IN
TM-2025-00706,2025/26,577594,Blue Mamona,2239,US Cremonese,20656,NK Tabor Sezana,PERMANENT_OR_OTHER_EXPLICIT,?,0,OUT
TM-2025-00707,2025/26,577594,Blue Mamona,2239,US Cremonese,35626,FC Sarnese 1926,LOAN,loan transfer,0,OUT
TM-2025-00708,2025/26,577594,Blue Mamona,35626,FC Sarnese 1926,2239,US Cremonese,LOAN_RETURN_OR_END_OF_LOAN,End of loan 31/12/2025,0,IN
TM-2025-00709,2025/26,580451,Martin Baturina,419,GNK Dinamo Zagreb,1047,Como 1907,PERMANENT_OR_OTHER_EXPLICIT,€18.00m,0,IN
TM-2025-00710,2025/26,581604,Pietro Boer,12,AS Roma,5587,SS Juve Stabia,PERMANENT_OR_OTHER_EXPLICIT,?,0,OUT
TM-2025-00711,2025/26,581604,Pietro Boer,34499,US Pianese,12,AS Roma,LOAN_RETURN_OR_END_OF_LOAN,End of loan 30/06/2025,0,IN
TM-2025-00712,2025/26,581672,Samuel Iling-Junior,405,Aston Villa,4172,Pisa Sporting Club,LOAN,loan transfer,0,IN
TM-2025-00713,2025/26,582664,Álex Sala,993,Córdoba CF,1005,US Lecce,PERMANENT_OR_OTHER_EXPLICIT,€1.50m,0,IN
TM-2025-00714,2025/26,583404,Marcus Pedersen,234,Feyenoord Rotterdam,416,Torino FC,PERMANENT_OR_OTHER_EXPLICIT,€3.60m,0,IN
TM-2025-00715,2025/26,583404,Marcus Pedersen,416,Torino FC,234,Feyenoord Rotterdam,LOAN_RETURN_OR_END_OF_LOAN,End of loan 30/06/2025,0,OUT
TM-2025-00716,2025/26,585949,Pierre Kalulu,5,AC Milan,506,Juventus FC,PERMANENT_OR_OTHER_EXPLICIT,€14.30m,1,IN+OUT
TM-2025-00717,2025/26,585949,Pierre Kalulu,506,Juventus FC,5,AC Milan,LOAN_RETURN_OR_END_OF_LOAN,End of loan 30/06/2025,1,IN+OUT
TM-2025-00718,2025/26,587505,Nikola Cavlina,419,GNK Dinamo Zagreb,1047,Como 1907,LOAN,Loan fee: €150k,0,IN
TM-2025-00719,2025/26,591193,Niels Nkounkou,24,Eintracht Frankfurt,416,Torino FC,LOAN,Loan fee: €500k,0,IN
TM-2025-00720,2025/26,592879,Eetu Mömmö,1005,US Lecce,23777,SJK Seinäjoki,PERMANENT_OR_OTHER_EXPLICIT,?,0,OUT
TM-2025-00721,2025/26,592879,Eetu Mömmö,1225,FC Haka,1005,US Lecce,LOAN_RETURN_OR_END_OF_LOAN,End of loan 31/12/2025,0,IN
TM-2025-00722,2025/26,592924,Andreas Jungdal,2239,US Cremonese,968,KVC Westerlo,PERMANENT_OR_OTHER_EXPLICIT,€600k,0,OUT
TM-2025-00723,2025/26,592924,Andreas Jungdal,968,KVC Westerlo,2239,US Cremonese,LOAN_RETURN_OR_END_OF_LOAN,End of loan 30/06/2025,0,IN
TM-2025-00724,2025/26,592975,Woyo Coulibaly,1003,Leicester City,6574,US Sassuolo,LOAN,loan transfer,0,IN
TM-2025-00725,2025/26,595650,Nikola Stulic,172,Royal Charleroi SC,1005,US Lecce,PERMANENT_OR_OTHER_EXPLICIT,€5.00m,0,IN
TM-2025-00726,2025/26,599663,Faris Moumbagna,244,Olympique Marseille,2239,US Cremonese,LOAN,Loan fee: €300k,0,IN
TM-2025-00727,2025/26,601577,André Anderson,398,SS Lazio,515,Without Club,FREE_AGENT_OR_END_OF_CONTRACT,-,0,OUT
TM-2025-00728,2025/26,602124,Alessandro Bianco,2919,AC Monza,430,ACF Fiorentina,LOAN_RETURN_OR_END_OF_LOAN,End of loan 30/06/2025,0,IN
TM-2025-00729,2025/26,602124,Alessandro Bianco,430,ACF Fiorentina,1091,PAOK Thessaloniki,LOAN,loan transfer,0,OUT
TM-2025-00730,2025/26,603524,Christian Sussi,4172,Pisa Sporting Club,34499,US Pianese,FREE_TRANSFER,free transfer,0,OUT
TM-2025-00731,2025/26,604113,Jamil Siebert,38,Fortuna Düsseldorf,1005,US Lecce,PERMANENT_OR_OTHER_EXPLICIT,€5.50m,0,IN
TM-2025-00732,2025/26,604207,Filippo Rinaldi,9439,Feralpisalò,130,Parma Calcio 1913,LOAN_RETURN_OR_END_OF_LOAN,End of loan 30/06/2025,0,IN
TM-2025-00733,2025/26,604239,Gabriele Artistico,398,SS Lazio,3522,Spezia Calcio,LOAN,loan transfer,0,OUT
TM-2025-00734,2025/26,604239,Gabriele Artistico,4031,Cosenza Calcio,398,SS Lazio,LOAN_RETURN_OR_END_OF_LOAN,End of loan 30/06/2025,0,IN
TM-2025-00735,2025/26,605396,Samuel Dahl,12,AS Roma,294,SL Benfica,PERMANENT_OR_OTHER_EXPLICIT,€8.55m,0,OUT
TM-2025-00736,2025/26,605396,Samuel Dahl,294,SL Benfica,12,AS Roma,LOAN_RETURN_OR_END_OF_LOAN,End of loan 30/06/2025,0,IN
TM-2025-00737,2025/26,605427,Johan Guadagno,26883,USD Sestri Levante 1919,4172,Pisa Sporting Club,LOAN_RETURN_OR_END_OF_LOAN,End of loan 30/06/2025,0,IN
TM-2025-00738,2025/26,605427,Johan Guadagno,4172,Pisa Sporting Club,515,Without Club,FREE_AGENT_OR_END_OF_CONTRACT,-,0,OUT
TM-2025-00739,2025/26,607226,Loum Tchaouna,398,SS Lazio,1132,Burnley FC,PERMANENT_OR_OTHER_EXPLICIT,€13.00m,0,OUT
TM-2025-00740,2025/26,607227,Lisandru Tramoni,4172,Pisa Sporting Club,260,FC Zürich,FREE_TRANSFER,free transfer,0,OUT
TM-2025-00741,2025/26,607227,Lisandru Tramoni,595,SC Bastia,4172,Pisa Sporting Club,LOAN_RETURN_OR_END_OF_LOAN,End of loan 30/06/2025,0,IN
TM-2025-00742,2025/26,608172,Ardon Jashari,2282,Club Brugge KV,5,AC Milan,PERMANENT_OR_OTHER_EXPLICIT,€36.00m,0,IN
TM-2025-00743,2025/26,610442,Rasmus Højlund,985,Manchester United,6195,SSC Napoli,LOAN,Loan fee: €6.00m,0,IN
TM-2025-00744,2025/26,610881,Christian Acella,2239,US Cremonese,515,Without Club,FREE_AGENT_OR_END_OF_CONTRACT,-,0,OUT
TM-2025-00745,2025/26,610881,Christian Acella,52687,Alcione Milano,2239,US Cremonese,LOAN_RETURN_OR_END_OF_LOAN,End of loan 01/07/2025,0,IN
TM-2025-00746,2025/26,612059,Edoardo Piana,410,Udinese Calcio,33734,SS Monopoli 1966,LOAN,loan transfer,0,OUT
TM-2025-00747,2025/26,613393,Gaetano Oristanio,607,Venezia FC,130,Parma Calcio 1913,LOAN,loan transfer,0,IN
TM-2025-00748,2025/26,613539,Marco Bertini,398,SS Lazio,34499,US Pianese,FREE_TRANSFER,free transfer,0,OUT
TM-2025-00749,2025/26,613539,Marco Bertini,408,Ascoli Calcio,398,SS Lazio,LOAN_RETURN_OR_END_OF_LOAN,End of loan 30/06/2025,0,IN
TM-2025-00750,2025/26,614742,Drissa Camara,130,Parma Calcio 1913,2832,Gaziantep FK,PERMANENT_OR_OTHER_EXPLICIT,€400k,0,OUT
TM-2025-00751,2025/26,616058,Daniel Fossati,252,Genoa CFC,27568,US Follonica Gavorrano,LOAN,loan transfer,0,OUT
TM-2025-00752,2025/26,616058,Daniel Fossati,252,Genoa CFC,704,Calcio Foggia 1920,LOAN,loan transfer,0,OUT
TM-2025-00753,2025/26,616058,Daniel Fossati,4102,AC Carpi,252,Genoa CFC,LOAN_RETURN_OR_END_OF_LOAN,End of loan 30/06/2025,0,IN
TM-2025-00754,2025/26,616058,Daniel Fossati,704,Calcio Foggia 1920,252,Genoa CFC,LOAN_RETURN_OR_END_OF_LOAN,End of loan 28/01/2026,0,IN
TM-2025-00755,2025/26,616628,Giorgio Cittadini,800,Atalanta BC,8970,Frosinone Calcio,LOAN,Loan fee: €50k,0,OUT
TM-2025-00756,2025/26,616628,Giorgio Cittadini,8970,Frosinone Calcio,800,Atalanta BC,LOAN_RETURN_OR_END_OF_LOAN,End of loan 30/06/2025,0,IN
TM-2025-00757,2025/26,616631,Matteo Ruggeri,800,Atalanta BC,13,Atlético de Madrid,PERMANENT_OR_OTHER_EXPLICIT,€17.00m,0,OUT
TM-2025-00758,2025/26,617164,Pietro Passador,1103,Ternana Calcio,416,Torino FC,LOAN_RETURN_OR_END_OF_LOAN,End of loan 30/06/2025,0,IN
TM-2025-00759,2025/26,617164,Pietro Passador,416,Torino FC,26789,FC Pro Vercelli 1892,PERMANENT_OR_OTHER_EXPLICIT,?,0,OUT
TM-2025-00760,2025/26,619324,Luca Munaretti,2239,US Cremonese,29251,Virtusvecomp Verona,FREE_TRANSFER,free transfer,0,OUT
TM-2025-00761,2025/26,619324,Luca Munaretti,29251,Virtusvecomp Verona,2239,US Cremonese,LOAN_RETURN_OR_END_OF_LOAN,End of loan 30/06/2025,0,IN
TM-2025-00762,2025/26,620313,Lucas Gourna-Douath,12,AS Roma,409,Red Bull Salzburg,LOAN_RETURN_OR_END_OF_LOAN,End of loan 30/06/2025,0,OUT
TM-2025-00763,2025/26,621153,Luigi Palomba,1390,Cagliari Calcio,20519,Virtus Entella,PERMANENT_OR_OTHER_EXPLICIT,?,0,OUT
TM-2025-00764,2025/26,621153,Luigi Palomba,7030,Vis Pesaro 1898,1390,Cagliari Calcio,LOAN_RETURN_OR_END_OF_LOAN,End of loan 30/06/2025,0,IN
TM-2025-00765,2025/26,623040,Yayah Kallon,276,Hellas Verona,4106,Casertana FC,PERMANENT_OR_OTHER_EXPLICIT,?,0,OUT
TM-2025-00766,2025/26,623040,Yayah Kallon,4106,Casertana FC,276,Hellas Verona,LOAN_RETURN_OR_END_OF_LOAN,End of loan 30/06/2025,0,IN
TM-2025-00767,2025/26,623412,Mihai Popa,416,Torino FC,7769,CFR Cluj,PERMANENT_OR_OTHER_EXPLICIT,€100k,0,OUT
TM-2025-00768,2025/26,623412,Mihai Popa,7769,CFR Cluj,416,Torino FC,LOAN_RETURN_OR_END_OF_LOAN,End of loan 30/06/2025,0,IN
TM-2025-00769,2025/26,628366,Lucas Beltrán,430,ACF Fiorentina,1049,Valencia CF,LOAN,Loan fee: €900k,0,OUT
TM-2025-00770,2025/26,628558,Riccardo Ciervo,4031,Cosenza Calcio,6574,US Sassuolo,LOAN_RETURN_OR_END_OF_LOAN,End of loan 30/06/2025,0,IN
TM-2025-00771,2025/26,628558,Riccardo Ciervo,6574,US Sassuolo,1429,Cesena FC,LOAN,loan transfer,0,OUT
TM-2025-00772,2025/26,629016,Marco Nasti,2239,US Cremonese,749,FC Empoli,LOAN,loan transfer,0,OUT
TM-2025-00773,2025/26,631007,Filippo Terracciano,5,AC Milan,2239,US Cremonese,LOAN,Loan fee: €500k,1,IN+OUT
TM-2025-00774,2025/26,631927,Saud Abdulhamid,12,AS Roma,826,RC Lens,LOAN,Loan fee: €500k,0,OUT
TM-2025-00775,2025/26,632831,Nicolò Bertola,3522,Spezia Calcio,410,Udinese Calcio,FREE_TRANSFER,free transfer,0,IN
TM-2025-00776,2025/26,633306,Iván Azón,1047,Como 1907,677,Ipswich Town,LOAN,loan transfer,0,OUT
TM-2025-00777,2025/26,633668,Giovanni Fabbian,1025,Bologna FC 1909,430,ACF Fiorentina,LOAN,loan transfer,1,IN+OUT
TM-2025-00778,2025/26,633992,Enzo Le Fée,12,AS Roma,289,Sunderland AFC,PERMANENT_OR_OTHER_EXPLICIT,€23.75m,0,OUT
TM-2025-00779,2025/26,633992,Enzo Le Fée,289,Sunderland AFC,12,AS Roma,LOAN_RETURN_OR_END_OF_LOAN,End of loan 30/06/2025,0,IN
TM-2025-00780,2025/26,638793,Tajon Buchanan,1050,Villarreal CF,46,Inter Milan,LOAN_RETURN_OR_END_OF_LOAN,End of loan 30/06/2025,0,IN
TM-2025-00781,2025/26,638793,Tajon Buchanan,46,Inter Milan,1050,Villarreal CF,PERMANENT_OR_OTHER_EXPLICIT,€9.00m,0,OUT
TM-2025-00782,2025/26,640109,Martín Satriano,46,Inter Milan,826,RC Lens,PERMANENT_OR_OTHER_EXPLICIT,€4.75m,0,OUT
TM-2025-00783,2025/26,640109,Martín Satriano,826,RC Lens,46,Inter Milan,LOAN_RETURN_OR_END_OF_LOAN,End of loan 30/06/2025,0,IN
TM-2025-00784,2025/26,641537,Tommaso Baldanzi,12,AS Roma,252,Genoa CFC,LOAN,loan transfer,1,IN+OUT
TM-2025-00785,2025/26,642002,Balthazar Pierret,1005,US Lecce,1154,Red Star FC,PERMANENT_OR_OTHER_EXPLICIT,€100k,0,OUT
TM-2025-00786,2025/26,64399,Vicente Guaita,130,Parma Calcio 1913,515,Without Club,FREE_AGENT_OR_END_OF_CONTRACT,-,0,OUT
TM-2025-00787,2025/26,64399,Vicente Guaita,515,Without Club,130,Parma Calcio 1913,FREE_AGENT_OR_END_OF_CONTRACT,-,0,IN
TM-2025-00788,2025/26,644032,Cheikh Niasse,276,Hellas Verona,452,BSC Young Boys,LOAN_RETURN_OR_END_OF_LOAN,End of loan 30/06/2025,0,OUT
TM-2025-00789,2025/26,644032,Cheikh Niasse,452,BSC Young Boys,276,Hellas Verona,PERMANENT_OR_OTHER_EXPLICIT,€3.50m,0,IN
TM-2025-00790,2025/26,644613,Sadik Fofana,316,Grazer AK 1902,1005,US Lecce,PERMANENT_OR_OTHER_EXPLICIT,€600k,0,IN
TM-2025-00791,2025/26,644771,Odilon Kossounou,15,Bayer 04 Leverkusen,800,Atalanta BC,PERMANENT_OR_OTHER_EXPLICIT,€19.30m,0,IN
TM-2025-00792,2025/26,644771,Odilon Kossounou,800,Atalanta BC,15,Bayer 04 Leverkusen,LOAN_RETURN_OR_END_OF_LOAN,End of loan 30/06/2025,0,OUT
TM-2025-00793,2025/26,646747,Rafa Obrador,294,SL Benfica,416,Torino FC,LOAN,loan transfer,0,IN
TM-2025-00794,2025/26,647280,Kieron Bowie,903,Hibernian FC,276,Hellas Verona,PERMANENT_OR_OTHER_EXPLICIT,€6.00m,0,IN
TM-2025-00795,2025/26,647484,Ebrima Darboe,12,AS Roma,332,SSC Bari,PERMANENT_OR_OTHER_EXPLICIT,?,0,OUT
TM-2025-00796,2025/26,647484,Ebrima Darboe,8970,Frosinone Calcio,12,AS Roma,LOAN_RETURN_OR_END_OF_LOAN,End of loan 30/06/2025,0,IN
TM-2025-00797,2025/26,647534,Joel Voelkerling Persson,1005,US Lecce,1236,Östers IF,PERMANENT_OR_OTHER_EXPLICIT,?,0,OUT
TM-2025-00798,2025/26,648046,Evan Ferguson,1237,Brighton & Hove Albion,12,AS Roma,LOAN,Loan fee: €3.00m,0,IN
TM-2025-00799,2025/26,649016,El Bilal Touré,79,VfB Stuttgart,800,Atalanta BC,LOAN_RETURN_OR_END_OF_LOAN,End of loan 30/06/2025,0,IN
TM-2025-00800,2025/26,649016,El Bilal Touré,800,Atalanta BC,114,Besiktas JK,LOAN,Loan fee: €3.36m,0,OUT
TM-2025-00801,2025/26,650993,Filippo Missori,6574,US Sassuolo,2331,US Avellino 1912,LOAN,loan transfer,0,OUT
TM-2025-00802,2025/26,650999,Federico Accornero,252,Genoa CFC,4159,Carrarese Calcio 1908,PERMANENT_OR_OTHER_EXPLICIT,?,0,OUT
TM-2025-00803,2025/26,650999,Federico Accornero,4095,AC Trento,252,Genoa CFC,LOAN_RETURN_OR_END_OF_LOAN,End of loan 30/06/2025,0,IN
TM-2025-00804,2025/26,652054,Martin Vitík,197,AC Sparta Prague,1025,Bologna FC 1909,PERMANENT_OR_OTHER_EXPLICIT,€11.00m,0,IN
TM-2025-00805,2025/26,653415,Leonardo Buta,1533,SD Eibar,410,Udinese Calcio,LOAN_RETURN_OR_END_OF_LOAN,End of loan 01/02/2026,0,IN
TM-2025-00806,2025/26,653415,Leonardo Buta,410,Udinese Calcio,1533,SD Eibar,LOAN,loan transfer,0,OUT
TM-2025-00807,2025/26,653415,Leonardo Buta,410,Udinese Calcio,2425,Rio Ave FC,LOAN,loan transfer,0,OUT
TM-2025-00808,2025/26,653415,Leonardo Buta,979,Moreirense FC,410,Udinese Calcio,PERMANENT_OR_OTHER_EXPLICIT,?,0,IN
TM-2025-00809,2025/26,654949,Sekou Diawara,1253,Lucchese Calcio,410,Udinese Calcio,LOAN_RETURN_OR_END_OF_LOAN,End of loan 30/06/2025,0,IN
TM-2025-00810,2025/26,654949,Sekou Diawara,410,Udinese Calcio,5501,FC Zürich U21,PERMANENT_OR_OTHER_EXPLICIT,?,0,OUT
TM-2025-00811,2025/26,654991,Samuel Mbangula,506,Juventus FC,86,SV Werder Bremen,PERMANENT_OR_OTHER_EXPLICIT,€10.00m,0,OUT
TM-2025-00812,2025/26,655207,Laurs Skjellerup,6574,US Sassuolo,3522,Spezia Calcio,LOAN,loan transfer,0,OUT
TM-2025-00813,2025/26,655456,Saba Sazonov,749,FC Empoli,416,Torino FC,LOAN_RETURN_OR_END_OF_LOAN,End of loan 30/06/2025,0,IN
TM-2025-00814,2025/26,655525,Yeferson Paz,6574,US Sassuolo,5621,AC Reggiana 1919,LOAN,loan transfer,0,OUT
TM-2025-00815,2025/26,656441,Jean Onana,114,Besiktas JK,252,Genoa CFC,LOAN,Loan fee: €500k,0,IN
TM-2025-00816,2025/26,656441,Jean Onana,252,Genoa CFC,114,Besiktas JK,LOAN_RETURN_OR_END_OF_LOAN,End of loan 30/06/2025,0,OUT
TM-2025-00817,2025/26,657742,Joaquín Sosa,1025,Bologna FC 1909,11648,Independiente Santa Fe,LOAN,loan transfer,0,OUT
TM-2025-00818,2025/26,657742,Joaquín Sosa,1025,Bologna FC 1909,2433,CSD Colo-Colo,LOAN,loan transfer,0,OUT
TM-2025-00819,2025/26,657742,Joaquín Sosa,11648,Independiente Santa Fe,1025,Bologna FC 1909,LOAN_RETURN_OR_END_OF_LOAN,End of loan 31/12/2025,0,IN
TM-2025-00820,2025/26,657742,Joaquín Sosa,5621,AC Reggiana 1919,1025,Bologna FC 1909,LOAN_RETURN_OR_END_OF_LOAN,End of loan 30/06/2025,0,IN
TM-2025-00821,2025/26,658612,Dimo Krastev,1103,Ternana Calcio,430,ACF Fiorentina,LOAN_RETURN_OR_END_OF_LOAN,End of loan 30/06/2025,0,IN
TM-2025-00822,2025/26,658612,Dimo Krastev,430,ACF Fiorentina,8373,Siracusa Calcio,LOAN,loan transfer,0,OUT
TM-2025-00823,2025/26,658612,Dimo Krastev,430,ACF Fiorentina,9599,Spartak Varna,FREE_TRANSFER,free transfer,0,OUT
TM-2025-00824,2025/26,658612,Dimo Krastev,8373,Siracusa Calcio,430,ACF Fiorentina,LOAN_RETURN_OR_END_OF_LOAN,End of loan 07/01/2026,0,IN
TM-2025-00825,2025/26,658674,Luan Patrick,276,Hellas Verona,2431,CF Estrela Amadora,PERMANENT_OR_OTHER_EXPLICIT,?,0,OUT
TM-2025-00826,2025/26,659415,Riccardo Pagano,12,AS Roma,332,SSC Bari,LOAN,loan transfer,0,OUT
TM-2025-00827,2025/26,659415,Riccardo Pagano,4097,US Catanzaro,12,AS Roma,LOAN_RETURN_OR_END_OF_LOAN,End of loan 30/06/2025,0,IN
TM-2025-00828,2025/26,659420,Mattia Motolese,1025,Bologna FC 1909,4146,Aurora Pro Patria,LOAN,loan transfer,0,OUT
TM-2025-00829,2025/26,659420,Mattia Motolese,22045,Latina Calcio 1932,1025,Bologna FC 1909,LOAN_RETURN_OR_END_OF_LOAN,End of loan 30/06/2025,0,IN
TM-2025-00830,2025/26,659516,Warren Bondo,5,AC Milan,2239,US Cremonese,LOAN,Loan fee: €500k,1,IN+OUT
TM-2025-00831,2025/26,659648,Gioele Zacchi,22045,Latina Calcio 1932,6574,US Sassuolo,LOAN_RETURN_OR_END_OF_LOAN,End of loan 30/06/2025,0,IN
TM-2025-00832,2025/26,660342,Gabriel Charpentier,130,Parma Calcio 1913,5689,Cracovia,FREE_TRANSFER,free transfer,0,OUT
TM-2025-00833,2025/26,660860,Diego Coppola,276,Hellas Verona,1237,Brighton & Hove Albion,PERMANENT_OR_OTHER_EXPLICIT,€11.00m,0,OUT
TM-2025-00834,2025/26,661212,Mathias Løvik,130,Parma Calcio 1913,449,Trabzonspor,PERMANENT_OR_OTHER_EXPLICIT,€4.00m,0,OUT
TM-2025-00835,2025/26,662261,Rafa Marín,6195,SSC Napoli,1050,Villarreal CF,LOAN,Loan fee: €1.00m,0,OUT
TM-2025-00836,2025/26,662562,Giuseppe D'Agostino,6195,SSC Napoli,9818,Giugliano Calcio 1928,FREE_TRANSFER,free transfer,0,OUT
TM-2025-00837,2025/26,662562,Giuseppe D'Agostino,9818,Giugliano Calcio 1928,6195,SSC Napoli,LOAN_RETURN_OR_END_OF_LOAN,End of loan 30/06/2025,0,IN
TM-2025-00838,2025/26,663900,Giovanni Bonfanti,4172,Pisa Sporting Club,800,Atalanta BC,LOAN_RETURN_OR_END_OF_LOAN,End of loan 28/01/2026,1,IN+OUT
TM-2025-00839,2025/26,663900,Giovanni Bonfanti,4172,Pisa Sporting Club,800,Atalanta BC,LOAN_RETURN_OR_END_OF_LOAN,End of loan 30/06/2025,1,IN+OUT
TM-2025-00840,2025/26,663900,Giovanni Bonfanti,800,Atalanta BC,3522,Spezia Calcio,LOAN,loan transfer,0,OUT
TM-2025-00841,2025/26,663900,Giovanni Bonfanti,800,Atalanta BC,4172,Pisa Sporting Club,LOAN,Loan fee: €300k,1,IN+OUT
TM-2025-00842,2025/26,666547,Zito Luvumbo,1390,Cagliari Calcio,237,RCD Mallorca,LOAN,Loan fee: €300k,0,OUT
TM-2025-00843,2025/26,666974,Mikayil Faye,273,Stade Rennais FC,2239,US Cremonese,LOAN,loan transfer,0,IN
TM-2025-00844,2025/26,667627,Yuri Rocchetti,2239,US Cremonese,7197,Potenza Calcio,LOAN,loan transfer,0,OUT
TM-2025-00845,2025/26,667627,Yuri Rocchetti,5587,SS Juve Stabia,2239,US Cremonese,LOAN_RETURN_OR_END_OF_LOAN,End of loan 30/06/2025,0,IN
TM-2025-00846,2025/26,667640,Alexandru Borbei,1005,US Lecce,704,Calcio Foggia 1920,LOAN,loan transfer,0,OUT
TM-2025-00847,2025/26,667640,Alexandru Borbei,7769,CFR Cluj,1005,US Lecce,LOAN_RETURN_OR_END_OF_LOAN,End of loan 30/06/2025,0,IN
TM-2025-00848,2025/26,668207,Petar Sučić,419,GNK Dinamo Zagreb,46,Inter Milan,PERMANENT_OR_OTHER_EXPLICIT,€14.60m,0,IN
TM-2025-00849,2025/26,668547,Máximo Perrone,1047,Como 1907,281,Manchester City,LOAN_RETURN_OR_END_OF_LOAN,End of loan 30/06/2025,0,OUT
TM-2025-00850,2025/26,668547,Máximo Perrone,281,Manchester City,1047,Como 1907,PERMANENT_OR_OTHER_EXPLICIT,€13.00m,0,IN
TM-2025-00851,2025/26,668950,Luca Kjerrumgaard,173,Odense Boldklub,410,Udinese Calcio,PERMANENT_OR_OTHER_EXPLICIT,€5.00m,0,IN
TM-2025-00852,2025/26,668950,Luca Kjerrumgaard,410,Udinese Calcio,1010,Watford FC,LOAN,loan transfer,0,OUT
TM-2025-00853,2025/26,669794,Etienne Catena,1390,Cagliari Calcio,8373,Siracusa Calcio,PERMANENT_OR_OTHER_EXPLICIT,?,0,OUT
TM-2025-00854,2025/26,669794,Etienne Catena,29251,Virtusvecomp Verona,1390,Cagliari Calcio,LOAN_RETURN_OR_END_OF_LOAN,End of loan 30/06/2025,0,IN
TM-2025-00855,2025/26,669915,Filippo Distefano,430,ACF Fiorentina,4159,Carrarese Calcio 1908,LOAN,loan transfer,0,OUT
TM-2025-00856,2025/26,669915,Filippo Distefano,8970,Frosinone Calcio,430,ACF Fiorentina,LOAN_RETURN_OR_END_OF_LOAN,End of loan 30/06/2025,0,IN
TM-2025-00857,2025/26,671542,Daniel Samek,1005,US Lecce,24325,SK Artis Brno,PERMANENT_OR_OTHER_EXPLICIT,€300k,0,OUT
TM-2025-00858,2025/26,671542,Daniel Samek,1897,FC Hradec Kralove,1005,US Lecce,LOAN_RETURN_OR_END_OF_LOAN,End of loan 30/06/2025,0,IN
TM-2025-00859,2025/26,671799,Rui Modesto,410,Udinese Calcio,458,Palermo FC,LOAN,loan transfer,0,OUT
TM-2025-00860,2025/26,672381,Jonathan Rowe,244,Olympique Marseille,1025,Bologna FC 1909,PERMANENT_OR_OTHER_EXPLICIT,€17.00m,0,IN
TM-2025-00861,2025/26,673514,Abdoulaye Ndiaye,1095,ESTAC Troyes,130,Parma Calcio 1913,PERMANENT_OR_OTHER_EXPLICIT,€7.35m,0,IN
TM-2025-00862,2025/26,67556,Milan Djuric,130,Parma Calcio 1913,2239,US Cremonese,PERMANENT_OR_OTHER_EXPLICIT,€1.10m,1,IN+OUT
TM-2025-00863,2025/26,676411,Dailon Livramento,276,Hellas Verona,3268,Casa Pia AC,LOAN,loan transfer,0,OUT
TM-2025-00864,2025/26,678006,Elia Boseggia,276,Hellas Verona,6692,Novara FC,PERMANENT_OR_OTHER_EXPLICIT,?,0,OUT
TM-2025-00865,2025/26,678006,Elia Boseggia,46619,Arzignano Valchiampo,276,Hellas Verona,LOAN_RETURN_OR_END_OF_LOAN,End of loan 30/06/2025,0,IN
TM-2025-00866,2025/26,678645,Alessandro Arena,4159,Carrarese Calcio 1908,4172,Pisa Sporting Club,LOAN_RETURN_OR_END_OF_LOAN,End of loan 01/01/2026,0,IN
TM-2025-00867,2025/26,678645,Alessandro Arena,4172,Pisa Sporting Club,4159,Carrarese Calcio 1908,LOAN,loan transfer,0,OUT
TM-2025-00868,2025/26,678645,Alessandro Arena,4172,Pisa Sporting Club,4255,SS Arezzo,LOAN,loan transfer,0,OUT
TM-2025-00869,2025/26,679271,Davide Gentile,380,US Salernitana 1919,430,ACF Fiorentina,LOAN_RETURN_OR_END_OF_LOAN,End of loan 30/06/2025,0,IN
TM-2025-00870,2025/26,679271,Davide Gentile,430,ACF Fiorentina,1210,US Livorno 1915,FREE_TRANSFER,free transfer,0,OUT
TM-2025-00871,2025/26,679423,Tarik Muharemović,41101,Juventus Next Gen,6574,US Sassuolo,PERMANENT_OR_OTHER_EXPLICIT,€19.50m,0,IN
TM-2025-00872,2025/26,679423,Tarik Muharemović,6574,US Sassuolo,41101,Juventus Next Gen,LOAN_RETURN_OR_END_OF_LOAN,End of loan 30/06/2025,0,OUT
TM-2025-00873,2025/26,679754,Niklas Pyyhtiä,1025,Bologna FC 1909,1385,Modena FC,LOAN,loan transfer,0,OUT
TM-2025-00874,2025/26,679754,Niklas Pyyhtiä,4554,FC Südtirol,1025,Bologna FC 1909,LOAN_RETURN_OR_END_OF_LOAN,End of loan 30/06/2025,0,IN
TM-2025-00875,2025/26,679829,Henri Salomaa,1005,US Lecce,8042,FC Inter Turku,PERMANENT_OR_OTHER_EXPLICIT,?,0,OUT
TM-2025-00876,2025/26,679829,Henri Salomaa,1253,Lucchese Calcio,1005,US Lecce,LOAN_RETURN_OR_END_OF_LOAN,End of loan 30/06/2025,0,IN
TM-2025-00877,2025/26,691316,Luis Henrique,244,Olympique Marseille,46,Inter Milan,PERMANENT_OR_OTHER_EXPLICIT,€22.80m,0,IN
TM-2025-00878,2025/26,691482,Jacopo Fazzini,749,FC Empoli,430,ACF Fiorentina,PERMANENT_OR_OTHER_EXPLICIT,€9.30m,0,IN
TM-2025-00879,2025/26,691678,Tommaso Fumagalli,1047,Como 1907,20519,Virtus Entella,LOAN,loan transfer,0,OUT
TM-2025-00880,2025/26,691678,Tommaso Fumagalli,1047,Como 1907,5621,AC Reggiana 1919,LOAN,loan transfer,0,OUT
TM-2025-00881,2025/26,691678,Tommaso Fumagalli,20519,Virtus Entella,1047,Como 1907,LOAN_RETURN_OR_END_OF_LOAN,End of loan 01/02/2026,0,IN
TM-2025-00882,2025/26,691678,Tommaso Fumagalli,4031,Cosenza Calcio,1047,Como 1907,LOAN_RETURN_OR_END_OF_LOAN,End of loan 30/06/2025,0,IN
TM-2025-00883,2025/26,692187,Daniel Denoon,260,FC Zürich,4172,Pisa Sporting Club,LOAN,loan transfer,0,IN
TM-2025-00884,2025/26,692209,Joan González,1005,US Lecce,,Retired,RETIREMENT,-,0,OUT
TM-2025-00885,2025/26,698548,Marko Lazetić,3137,FK TSC Backa Topola,5,AC Milan,LOAN_RETURN_OR_END_OF_LOAN,End of loan 30/06/2025,0,IN
TM-2025-00886,2025/26,698548,Marko Lazetić,5,AC Milan,370,Aberdeen FC,FREE_TRANSFER,free transfer,0,OUT
TM-2025-00887,2025/26,699442,Kacper Urbański,1025,Bologna FC 1909,255,Legia Warszawa,PERMANENT_OR_OTHER_EXPLICIT,€700k,0,OUT
TM-2025-00888,2025/26,699442,Kacper Urbański,2919,AC Monza,1025,Bologna FC 1909,LOAN_RETURN_OR_END_OF_LOAN,End of loan 30/06/2025,0,IN
TM-2025-00889,2025/26,701819,Daniele Ghilardi,276,Hellas Verona,12,AS Roma,LOAN,Loan fee: €2.50m,1,IN+OUT
TM-2025-00890,2025/26,701842,Nicolò Cavuoti,1390,Cagliari Calcio,332,SSC Bari,LOAN,loan transfer,0,OUT
TM-2025-00891,2025/26,701842,Nicolò Cavuoti,9439,Feralpisalò,1390,Cagliari Calcio,LOAN_RETURN_OR_END_OF_LOAN,End of loan 30/06/2025,0,IN
TM-2025-00892,2025/26,702324,Rachid Kouda,130,Parma Calcio 1913,2581,Mantova 1911,LOAN,loan transfer,0,OUT
TM-2025-00893,2025/26,702324,Rachid Kouda,130,Parma Calcio 1913,3522,Spezia Calcio,LOAN,loan transfer,0,OUT
TM-2025-00894,2025/26,702324,Rachid Kouda,3522,Spezia Calcio,130,Parma Calcio 1913,LOAN_RETURN_OR_END_OF_LOAN,End of loan 22/01/2026,0,IN
TM-2025-00895,2025/26,702324,Rachid Kouda,3522,Spezia Calcio,130,Parma Calcio 1913,LOAN_RETURN_OR_END_OF_LOAN,End of loan 30/06/2025,0,IN
TM-2025-00896,2025/26,703227,Davide Mastrantonio,12,AS Roma,22045,Latina Calcio 1932,FREE_TRANSFER,free transfer,0,OUT
TM-2025-00897,2025/26,703227,Davide Mastrantonio,4271,US Triestina,12,AS Roma,LOAN_RETURN_OR_END_OF_LOAN,End of loan 30/06/2025,0,IN
TM-2025-00898,2025/26,703240,Gennaro Iaccarino,4326,AS Gubbio 1910,6195,SSC Napoli,LOAN_RETURN_OR_END_OF_LOAN,End of loan 30/06/2025,0,IN
TM-2025-00899,2025/26,703240,Gennaro Iaccarino,6195,SSC Napoli,4255,SS Arezzo,LOAN,loan transfer,0,OUT
TM-2025-00900,2025/26,703245,Antonio Vergara,5621,AC Reggiana 1919,6195,SSC Napoli,LOAN_RETURN_OR_END_OF_LOAN,End of loan 30/06/2025,0,IN
TM-2025-00901,2025/26,70411,Darko Lazović,276,Hellas Verona,515,Without Club,FREE_AGENT_OR_END_OF_CONTRACT,-,0,OUT
TM-2025-00902,2025/26,704230,Edoardo Bernardi,276,Hellas Verona,46619,Arzignano Valchiampo,PERMANENT_OR_OTHER_EXPLICIT,?,0,OUT
TM-2025-00903,2025/26,704230,Edoardo Bernardi,46619,Arzignano Valchiampo,276,Hellas Verona,LOAN_RETURN_OR_END_OF_LOAN,End of loan 30/06/2025,0,IN
TM-2025-00904,2025/26,704283,Alessio Castellini,4172,Pisa Sporting Club,1627,Catania FC,LOAN_RETURN_OR_END_OF_LOAN,End of loan 30/06/2025,0,OUT
TM-2025-00905,2025/26,704423,Mattia Florio,276,Hellas Verona,22408,Altamura S.S.,PERMANENT_OR_OTHER_EXPLICIT,?,0,OUT
TM-2025-00906,2025/26,704423,Mattia Florio,46293,Caldiero Terme,276,Hellas Verona,LOAN_RETURN_OR_END_OF_LOAN,End of loan 30/06/2025,0,IN
TM-2025-00907,2025/26,704456,Nosa Edward Obaretin,332,SSC Bari,6195,SSC Napoli,LOAN_RETURN_OR_END_OF_LOAN,End of loan 30/06/2025,0,IN
TM-2025-00908,2025/26,704456,Nosa Edward Obaretin,6195,SSC Napoli,749,FC Empoli,LOAN,loan transfer,0,OUT
TM-2025-00909,2025/26,704744,Tommaso Di Marco,416,Torino FC,1105,Ravenna FC,LOAN,loan transfer,0,OUT
TM-2025-00910,2025/26,704744,Tommaso Di Marco,9439,Feralpisalò,416,Torino FC,LOAN_RETURN_OR_END_OF_LOAN,End of loan 30/06/2025,0,IN
TM-2025-00911,2025/26,704979,Peter Kovacik,1047,Como 1907,20063,Zeleziarne Podbrezova,FREE_TRANSFER,free transfer,0,OUT
TM-2025-00912,2025/26,704979,Peter Kovacik,20063,Zeleziarne Podbrezova,1047,Como 1907,LOAN_RETURN_OR_END_OF_LOAN,End of loan 30/06/2025,0,IN
TM-2025-00913,2025/26,705097,Davide Veroli,1038,UC Sampdoria,1390,Cagliari Calcio,LOAN_RETURN_OR_END_OF_LOAN,End of loan 30/06/2025,0,IN
TM-2025-00914,2025/26,705097,Davide Veroli,1390,Cagliari Calcio,458,Palermo FC,LOAN,loan transfer,0,OUT
TM-2025-00915,2025/26,707295,Giuseppe Ambrosino,6195,SSC Napoli,1385,Modena FC,LOAN,loan transfer,0,OUT
TM-2025-00916,2025/26,707295,Giuseppe Ambrosino,8970,Frosinone Calcio,6195,SSC Napoli,LOAN_RETURN_OR_END_OF_LOAN,End of loan 30/06/2025,0,IN
TM-2025-00917,2025/26,707450,Lorenzo Amatucci,380,US Salernitana 1919,430,ACF Fiorentina,LOAN_RETURN_OR_END_OF_LOAN,End of loan 30/06/2025,0,IN
TM-2025-00918,2025/26,707450,Lorenzo Amatucci,430,ACF Fiorentina,472,UD Las Palmas,LOAN,loan transfer,0,OUT
TM-2025-00919,2025/26,708072,Nicolò Savona,506,Juventus FC,703,Nottingham Forest,PERMANENT_OR_OTHER_EXPLICIT,€13.00m,0,OUT
TM-2025-00920,2025/26,708086,Romano Floriani Mussolini,398,SS Lazio,2239,US Cremonese,LOAN,loan transfer,1,IN+OUT
TM-2025-00921,2025/26,708086,Romano Floriani Mussolini,5587,SS Juve Stabia,398,SS Lazio,LOAN_RETURN_OR_END_OF_LOAN,End of loan 30/06/2025,0,IN
TM-2025-00922,2025/26,708186,Tjas Begic,130,Parma Calcio 1913,1038,UC Sampdoria,LOAN,Loan fee: €50k,0,OUT
TM-2025-00923,2025/26,708186,Tjas Begic,8970,Frosinone Calcio,130,Parma Calcio 1913,LOAN_RETURN_OR_END_OF_LOAN,End of loan 30/06/2025,0,IN
TM-2025-00924,2025/26,708192,Zan Jevsenak,4172,Pisa Sporting Club,3173,Van Spor FK,LOAN,loan transfer,0,OUT
TM-2025-00925,2025/26,708192,Zan Jevsenak,8827,UD Oliveirense,4172,Pisa Sporting Club,LOAN_RETURN_OR_END_OF_LOAN,End of loan 30/06/2025,0,IN
TM-2025-00926,2025/26,708635,Lorenzo Bernasconi,41110,Atalanta U23,800,Atalanta BC,PERMANENT_OR_OTHER_EXPLICIT,-,0,IN
TM-2025-00927,2025/26,708678,Isaak Touré,410,Udinese Calcio,1158,FC Lorient,LOAN_RETURN_OR_END_OF_LOAN,End of loan 30/06/2025,0,OUT
TM-2025-00928,2025/26,708700,Mattia Scaringi,2239,US Cremonese,1105,Ravenna FC,LOAN,loan transfer,0,OUT
TM-2025-00929,2025/26,708700,Mattia Scaringi,44223,AS Giana Erminio,2239,US Cremonese,LOAN_RETURN_OR_END_OF_LOAN,End of loan 30/06/2025,0,IN
TM-2025-00930,2025/26,709957,Álex Valle,1047,Como 1907,131,FC Barcelona,LOAN_RETURN_OR_END_OF_LOAN,End of loan 30/06/2025,0,OUT
TM-2025-00931,2025/26,709957,Álex Valle,131,FC Barcelona,1047,Como 1907,PERMANENT_OR_OTHER_EXPLICIT,€6.00m,0,IN
TM-2025-00932,2025/26,709985,Jeppe Corfitzen,1005,US Lecce,515,Without Club,FREE_AGENT_OR_END_OF_CONTRACT,-,0,OUT
TM-2025-00933,2025/26,709986,Giacomo Toniolo,4103,FC Lumezzane,276,Hellas Verona,LOAN_RETURN_OR_END_OF_LOAN,End of loan 30/06/2025,0,IN
TM-2025-00934,2025/26,711976,Andy Diouf,826,RC Lens,46,Inter Milan,PERMANENT_OR_OTHER_EXPLICIT,€20.00m,0,IN
TM-2025-00935,2025/26,713644,Bryan Zaragoza,27,Bayern Munich,12,AS Roma,LOAN,Loan fee: €2.00m,0,IN
TM-2025-00936,2025/26,715470,Brian Bayeye,416,Torino FC,515,Without Club,FREE_AGENT_OR_END_OF_CONTRACT,-,0,OUT
TM-2025-00937,2025/26,715470,Brian Bayeye,7567,FK Radnicki Nis,416,Torino FC,LOAN_RETURN_OR_END_OF_LOAN,End of loan 30/06/2025,0,IN
TM-2025-00938,2025/26,716411,Maissa Ndiaye,2239,US Cremonese,4103,FC Lumezzane,PERMANENT_OR_OTHER_EXPLICIT,?,0,OUT
TM-2025-00939,2025/26,716668,Kevin Haveri,1104,ACR Messina,416,Torino FC,LOAN_RETURN_OR_END_OF_LOAN,End of loan 30/06/2025,0,IN
TM-2025-00940,2025/26,716668,Kevin Haveri,416,Torino FC,1210,US Livorno 1915,FREE_TRANSFER,free transfer,0,OUT
TM-2025-00941,2025/26,721227,Luigi Cherubini,12,AS Roma,1038,UC Sampdoria,LOAN,loan transfer,0,OUT
TM-2025-00942,2025/26,721227,Luigi Cherubini,4159,Carrarese Calcio 1908,12,AS Roma,LOAN_RETURN_OR_END_OF_LOAN,End of loan 30/06/2025,0,IN
TM-2025-00943,2025/26,724099,Claudio Turi,6195,SSC Napoli,22408,Altamura S.S.,LOAN,loan transfer,0,OUT
TM-2025-00944,2025/26,724108,Aaron Ciammaglichella,1103,Ternana Calcio,416,Torino FC,LOAN_RETURN_OR_END_OF_LOAN,End of loan 30/06/2025,0,IN
TM-2025-00945,2025/26,724108,Aaron Ciammaglichella,416,Torino FC,5587,SS Juve Stabia,LOAN,loan transfer,0,OUT
TM-2025-00946,2025/26,724178,Luis Hasa,6195,SSC Napoli,4159,Carrarese Calcio 1908,LOAN,loan transfer,0,OUT
TM-2025-00947,2025/26,72441,Rafael Tolói,800,Atalanta BC,585,São Paulo Futebol Clube,FREE_TRANSFER,free transfer,0,OUT
TM-2025-00948,2025/26,724418,Eljon Toci,4146,Aurora Pro Patria,430,ACF Fiorentina,LOAN_RETURN_OR_END_OF_LOAN,End of loan 30/06/2025,0,IN
TM-2025-00949,2025/26,724418,Eljon Toci,430,ACF Fiorentina,91510,Dolomiti Bellunesi,FREE_TRANSFER,free transfer,0,OUT
TM-2025-00950,2025/26,725242,Luca D'Andrea,19,Brescia Calcio (- 2025),6574,US Sassuolo,LOAN_RETURN_OR_END_OF_LOAN,End of loan 30/06/2025,0,IN
TM-2025-00951,2025/26,725242,Luca D'Andrea,6574,US Sassuolo,2331,US Avellino 1912,LOAN,loan transfer,0,OUT
TM-2025-00952,2025/26,726526,Stefan Mitrović,2727,Oud-Heverlee Leuven,276,Hellas Verona,LOAN_RETURN_OR_END_OF_LOAN,End of loan 30/06/2025,0,IN
TM-2025-00953,2025/26,726526,Stefan Mitrović,276,Hellas Verona,6676,Asteras Aktor,LOAN,loan transfer,0,OUT
TM-2025-00954,2025/26,726526,Stefan Mitrović,276,Hellas Verona,798,Excelsior Rotterdam,LOAN,loan transfer,0,OUT
TM-2025-00955,2025/26,726526,Stefan Mitrović,798,Excelsior Rotterdam,276,Hellas Verona,LOAN_RETURN_OR_END_OF_LOAN,End of loan 30/01/2026,0,IN
TM-2025-00956,2025/26,726721,Gonçalo Esteves,2521,FC Alverca,410,Udinese Calcio,LOAN_RETURN_OR_END_OF_LOAN,End of loan 27/01/2026,0,IN
TM-2025-00957,2025/26,726721,Gonçalo Esteves,322,Yverdon Sport FC,410,Udinese Calcio,LOAN_RETURN_OR_END_OF_LOAN,End of loan 30/06/2025,0,IN
TM-2025-00958,2025/26,726721,Gonçalo Esteves,410,Udinese Calcio,2521,FC Alverca,LOAN,loan transfer,0,OUT
TM-2025-00959,2025/26,726721,Gonçalo Esteves,410,Udinese Calcio,4097,US Catanzaro,PERMANENT_OR_OTHER_EXPLICIT,?,0,OUT
TM-2025-00960,2025/26,727865,Alberto Basso Ricci,2239,US Cremonese,46619,Arzignano Valchiampo,FREE_TRANSFER,free transfer,0,OUT
TM-2025-00961,2025/26,727865,Alberto Basso Ricci,30066,FC Legnago Salus,2239,US Cremonese,LOAN_RETURN_OR_END_OF_LOAN,End of loan 30/06/2025,0,IN
TM-2025-00962,2025/26,730531,Noel Törnqvist,1047,Como 1907,2719,Mjällby AIF,LOAN,loan transfer,0,OUT
TM-2025-00963,2025/26,730531,Noel Törnqvist,2719,Mjällby AIF,1047,Como 1907,LOAN_RETURN_OR_END_OF_LOAN,End of loan 31/12/2025,0,IN
TM-2025-00964,2025/26,730531,Noel Törnqvist,2719,Mjällby AIF,1047,Como 1907,PERMANENT_OR_OTHER_EXPLICIT,€2.00m,0,IN
TM-2025-00965,2025/26,731491,Franco Carboni,46,Inter Milan,130,Parma Calcio 1913,LOAN,loan transfer,1,IN+OUT
TM-2025-00966,2025/26,731491,Franco Carboni,46,Inter Milan,749,FC Empoli,LOAN,loan transfer,0,OUT
TM-2025-00967,2025/26,731491,Franco Carboni,607,Venezia FC,46,Inter Milan,LOAN_RETURN_OR_END_OF_LOAN,End of loan 30/06/2025,0,IN
TM-2025-00968,2025/26,731491,Franco Carboni,749,FC Empoli,46,Inter Milan,LOAN_RETURN_OR_END_OF_LOAN,End of loan 28/01/2026,0,IN
TM-2025-00969,2025/26,731525,Rareș Burnete,1005,US Lecce,5587,SS Juve Stabia,LOAN,loan transfer,0,OUT
TM-2025-00970,2025/26,734898,Kevin Miranda,33734,SS Monopoli 1966,6574,US Sassuolo,LOAN_RETURN_OR_END_OF_LOAN,End of loan 30/06/2025,0,IN
TM-2025-00971,2025/26,734898,Kevin Miranda,6574,US Sassuolo,4095,AC Trento,LOAN,loan transfer,0,OUT
TM-2025-00972,2025/26,735568,Natan,150,Real Betis Balompié,6195,SSC Napoli,LOAN_RETURN_OR_END_OF_LOAN,End of loan 30/06/2025,0,IN
TM-2025-00973,2025/26,735568,Natan,6195,SSC Napoli,150,Real Betis Balompié,PERMANENT_OR_OTHER_EXPLICIT,€9.00m,0,OUT
TM-2025-00974,2025/26,73926,Davide Faraoni,276,Hellas Verona,515,Without Club,FREE_AGENT_OR_END_OF_CONTRACT,-,0,OUT
TM-2025-00975,2025/26,741090,Jonas Rouhi,506,Juventus FC,4159,Carrarese Calcio 1908,LOAN,loan transfer,0,OUT
TM-2025-00976,2025/26,741257,Álex Jiménez,5,AC Milan,989,AFC Bournemouth,LOAN,Loan fee: €1.50m,0,OUT
TM-2025-00977,2025/26,741292,Iker Bravo,410,Udinese Calcio,472,UD Las Palmas,LOAN,loan transfer,0,OUT
TM-2025-00978,2025/26,744728,Arijon Ibrahimovic,398,SS Lazio,27,Bayern Munich,LOAN_RETURN_OR_END_OF_LOAN,End of loan 30/06/2025,0,OUT
TM-2025-00979,2025/26,745202,Yllan Okou,276,Hellas Verona,595,SC Bastia,LOAN_RETURN_OR_END_OF_LOAN,End of loan 30/06/2025,0,OUT
TM-2025-00980,2025/26,745436,Salim Abubakar,4553,US Pergolettese 1932,6574,US Sassuolo,LOAN_RETURN_OR_END_OF_LOAN,End of loan 30/06/2025,0,IN
TM-2025-00981,2025/26,745436,Salim Abubakar,6574,US Sassuolo,12469,KF Skënderbeu,PERMANENT_OR_OTHER_EXPLICIT,?,0,OUT
TM-2025-00982,2025/26,745444,Valerio Crespi,398,SS Lazio,2331,US Avellino 1912,PERMANENT_OR_OTHER_EXPLICIT,€225k,0,OUT
TM-2025-00983,2025/26,745444,Valerio Crespi,9439,Feralpisalò,398,SS Lazio,LOAN_RETURN_OR_END_OF_LOAN,End of loan 30/06/2025,0,IN
TM-2025-00984,2025/26,745595,Marlon Ubani,1005,US Lecce,380,US Salernitana 1919,LOAN,loan transfer,0,OUT
TM-2025-00985,2025/26,745595,Marlon Ubani,1005,US Lecce,6266,Cavese 1919,LOAN,loan transfer,0,OUT
TM-2025-00986,2025/26,745595,Marlon Ubani,380,US Salernitana 1919,1005,US Lecce,LOAN_RETURN_OR_END_OF_LOAN,End of loan 26/01/2026,0,IN
TM-2025-00987,2025/26,745595,Marlon Ubani,5618,Lecce Primavera,1005,US Lecce,PERMANENT_OR_OTHER_EXPLICIT,-,0,IN
TM-2025-00988,2025/26,745778,Gabriele Calvani,19,Brescia Calcio (- 2025),252,Genoa CFC,LOAN_RETURN_OR_END_OF_LOAN,End of loan 03/07/2025,0,IN
TM-2025-00989,2025/26,745778,Gabriele Calvani,252,Genoa CFC,8970,Frosinone Calcio,LOAN,loan transfer,0,OUT
TM-2025-00990,2025/26,746695,Kamaldeen Sulemana,180,Southampton FC,800,Atalanta BC,PERMANENT_OR_OTHER_EXPLICIT,€17.50m,0,IN
TM-2025-00991,2025/26,74683,Nemanja Matić,1041,Olympique Lyon,6574,US Sassuolo,FREE_TRANSFER,free transfer,0,IN
TM-2025-00992,2025/26,747720,Jayden Addai,1090,AZ Alkmaar,1047,Como 1907,PERMANENT_OR_OTHER_EXPLICIT,€14.00m,0,IN
TM-2025-00993,2025/26,748316,Juan Manuel Cruz,276,Hellas Verona,4095,AC Trento,LOAN,loan transfer,0,OUT
TM-2025-00994,2025/26,748316,Juan Manuel Cruz,4031,Cosenza Calcio,276,Hellas Verona,LOAN_RETURN_OR_END_OF_LOAN,End of loan 30/06/2025,0,IN
TM-2025-00995,2025/26,748382,Amin Sarr,1041,Olympique Lyon,276,Hellas Verona,PERMANENT_OR_OTHER_EXPLICIT,€3.50m,0,IN
TM-2025-00996,2025/26,748382,Amin Sarr,276,Hellas Verona,1041,Olympique Lyon,LOAN_RETURN_OR_END_OF_LOAN,End of loan 30/06/2025,0,OUT
TM-2025-00997,2025/26,748720,Fabio Andrea Ruggeri,380,US Salernitana 1919,398,SS Lazio,LOAN_RETURN_OR_END_OF_LOAN,End of loan 30/06/2025,0,IN
TM-2025-00998,2025/26,748720,Fabio Andrea Ruggeri,398,SS Lazio,4159,Carrarese Calcio 1908,FREE_TRANSFER,free transfer,0,OUT
TM-2025-00999,2025/26,749552,Alieu Fadera,1047,Como 1907,6574,US Sassuolo,LOAN,Loan fee: €1.00m,1,IN+OUT
TM-2025-01000,2025/26,75489,Niclas Füllkrug,379,West Ham United,5,AC Milan,LOAN,loan transfer,0,IN
TM-2025-01001,2025/26,76163,Franco Vázquez,2239,US Cremonese,2417,Club Atlético Belgrano,FREE_TRANSFER,free transfer,0,OUT
TM-2025-01002,2025/26,776303,Marco Pellegrino,2063,CA Huracán,5,AC Milan,LOAN_RETURN_OR_END_OF_LOAN,End of loan 09/06/2025,0,IN
TM-2025-01003,2025/26,776303,Marco Pellegrino,5,AC Milan,189,CA Boca Juniors,PERMANENT_OR_OTHER_EXPLICIT,€3.50m,0,OUT
TM-2025-01004,2025/26,780136,Aleksandar Stanković,434,FC Luzern,46,Inter Milan,LOAN_RETURN_OR_END_OF_LOAN,End of loan 30/06/2025 €3.20m,0,IN
TM-2025-01005,2025/26,780136,Aleksandar Stanković,46,Inter Milan,2282,Club Brugge KV,PERMANENT_OR_OTHER_EXPLICIT,€9.50m,0,OUT
TM-2025-01006,2025/26,780548,Omri Gandelman,157,KAA Gent,1005,US Lecce,PERMANENT_OR_OTHER_EXPLICIT,€3.00m,0,IN
TM-2025-01007,2025/26,7825,Pepe Reina,1047,Como 1907,,Retired,RETIREMENT,-,0,OUT
TM-2025-01008,2025/26,787618,Valentín Carboni,252,Genoa CFC,46,Inter Milan,LOAN_RETURN_OR_END_OF_LOAN,End of loan 07/01/2026,1,IN+OUT
TM-2025-01009,2025/26,787618,Valentín Carboni,46,Inter Milan,1444,Racing Club,LOAN,loan transfer,0,OUT
TM-2025-01010,2025/26,787618,Valentín Carboni,46,Inter Milan,252,Genoa CFC,LOAN,loan transfer,1,IN+OUT
TM-2025-01011,2025/26,802243,Ed McJannet,1005,US Lecce,1103,Ternana Calcio,LOAN,loan transfer,0,OUT
TM-2025-01012,2025/26,802243,Ed McJannet,22249,Audace Cerignola,1005,US Lecce,LOAN_RETURN_OR_END_OF_LOAN,End of loan 30/06/2025,0,IN
TM-2025-01013,2025/26,803005,Mattia Mannini,11997,Roma U20,12,AS Roma,PERMANENT_OR_OTHER_EXPLICIT,-,0,IN
TM-2025-01014,2025/26,803005,Mattia Mannini,12,AS Roma,5587,SS Juve Stabia,LOAN,loan transfer,0,OUT
TM-2025-01015,2025/26,804799,Ange N'Guessan,26985,NK Bravo,416,Torino FC,LOAN_RETURN_OR_END_OF_LOAN,End of loan 30/06/2025,0,IN
TM-2025-01016,2025/26,804799,Ange N'Guessan,416,Torino FC,697,FC Slovan Liberec,LOAN,loan transfer,0,OUT
TM-2025-01017,2025/26,804799,Ange N'Guessan,416,Torino FC,697,FC Slovan Liberec,PERMANENT_OR_OTHER_EXPLICIT,€1.00m,0,OUT
TM-2025-01018,2025/26,804799,Ange N'Guessan,697,FC Slovan Liberec,416,Torino FC,LOAN_RETURN_OR_END_OF_LOAN,End of loan 04/09/2025,0,IN
TM-2025-01019,2025/26,805696,Mats Lemmens,1005,US Lecce,54189,RWDM Brussels,FREE_TRANSFER,free transfer,0,OUT
TM-2025-01020,2025/26,805696,Mats Lemmens,54189,RWDM Brussels,1005,US Lecce,LOAN_RETURN_OR_END_OF_LOAN,End of loan 30/06/2025,0,IN
TM-2025-01021,2025/26,805714,Renato Veiga,506,Juventus FC,631,Chelsea FC,LOAN_RETURN_OR_END_OF_LOAN,End of loan 10/06/2025,0,OUT
TM-2025-01022,2025/26,806955,Dario Sits,130,Parma Calcio 1913,3679,Atlético Madrileño,LOAN,loan transfer,0,OUT
TM-2025-01023,2025/26,806955,Dario Sits,500,Helmond Sport,130,Parma Calcio 1913,LOAN_RETURN_OR_END_OF_LOAN,End of loan 30/06/2025,0,IN
TM-2025-01024,2025/26,808559,Justin Kumi,5621,AC Reggiana 1919,6574,US Sassuolo,LOAN_RETURN_OR_END_OF_LOAN,End of loan 30/06/2025,0,IN
TM-2025-01025,2025/26,808559,Justin Kumi,6574,US Sassuolo,2331,US Avellino 1912,LOAN,Loan fee: €50k,0,OUT
TM-2025-01026,2025/26,812625,Agustín Álvarez,1531,Elche CF,6574,US Sassuolo,LOAN_RETURN_OR_END_OF_LOAN,End of loan 30/06/2025,0,IN
TM-2025-01027,2025/26,812625,Agustín Álvarez,6574,US Sassuolo,2919,AC Monza,LOAN,loan transfer,0,OUT
TM-2025-01028,2025/26,813134,Cristian Padula,416,Torino FC,18642,Campobasso FC,LOAN,loan transfer,0,OUT
TM-2025-01029,2025/26,813134,Cristian Padula,9818,Giugliano Calcio 1928,416,Torino FC,LOAN_RETURN_OR_END_OF_LOAN,End of loan 30/06/2025,0,IN
TM-2025-01030,2025/26,813603,Bamba Susso,11033,NK Aluminij Kidricevo,4172,Pisa Sporting Club,LOAN_RETURN_OR_END_OF_LOAN,End of loan 30/06/2025,0,IN
TM-2025-01031,2025/26,813603,Bamba Susso,4172,Pisa Sporting Club,2364,First Vienna FC,PERMANENT_OR_OTHER_EXPLICIT,?,0,OUT
TM-2025-01032,2025/26,813961,Patrick Nuamah,19,Brescia Calcio (- 2025),6574,US Sassuolo,FREE_TRANSFER,free transfer,0,IN
TM-2025-01033,2025/26,813961,Patrick Nuamah,6574,US Sassuolo,4097,US Catanzaro,LOAN,loan transfer,0,OUT
TM-2025-01034,2025/26,814446,Luca Marianucci,6195,SSC Napoli,416,Torino FC,LOAN,Loan fee: €250k,1,IN+OUT
TM-2025-01035,2025/26,814446,Luca Marianucci,749,FC Empoli,6195,SSC Napoli,PERMANENT_OR_OTHER_EXPLICIT,€9.90m,0,IN
TM-2025-01036,2025/26,814459,Alessandro Spavone,45894,Guidonia Montecelio 1937 FC,6195,SSC Napoli,LOAN_RETURN_OR_END_OF_LOAN,End of loan 30/06/2025,0,IN
TM-2025-01037,2025/26,814459,Alessandro Spavone,6195,SSC Napoli,45894,Guidonia Montecelio 1937 FC,FREE_TRANSFER,free transfer,0,OUT
TM-2025-01038,2025/26,815483,Jacopo Antolini,26789,FC Pro Vercelli 1892,416,Torino FC,LOAN_RETURN_OR_END_OF_LOAN,End of loan 30/06/2025,0,IN
TM-2025-01039,2025/26,815483,Jacopo Antolini,416,Torino FC,4553,US Pergolettese 1932,LOAN,loan transfer,0,OUT
TM-2025-01040,2025/26,815483,Jacopo Antolini,7030,Vis Pesaro 1898,416,Torino FC,LOAN_RETURN_OR_END_OF_LOAN,End of loan 20/01/2025,0,IN
TM-2025-01041,2025/26,815529,Nicolò Calabrese,276,Hellas Verona,4159,Carrarese Calcio 1908,LOAN,loan transfer,0,OUT
TM-2025-01042,2025/26,815529,Nicolò Calabrese,29251,Virtusvecomp Verona,276,Hellas Verona,LOAN_RETURN_OR_END_OF_LOAN,End of loan 30/06/2025,0,IN
TM-2025-01043,2025/26,815532,Mattia Rigo,276,Hellas Verona,4102,AC Carpi,FREE_TRANSFER,free transfer,0,OUT
TM-2025-01044,2025/26,815532,Mattia Rigo,4102,AC Carpi,276,Hellas Verona,LOAN_RETURN_OR_END_OF_LOAN,End of loan 30/06/2025,0,IN
TM-2025-01045,2025/26,815539,Nicola Patanè,276,Hellas Verona,29251,Virtusvecomp Verona,LOAN,loan transfer,0,OUT
TM-2025-01046,2025/26,815539,Nicola Patanè,4553,US Pergolettese 1932,276,Hellas Verona,LOAN_RETURN_OR_END_OF_LOAN,End of loan 30/06/2025,0,IN
TM-2025-01047,2025/26,815543,Denis Cazzadori,276,Hellas Verona,132806,Union Brescia,LOAN,loan transfer,0,OUT
TM-2025-01048,2025/26,815543,Denis Cazzadori,46293,Caldiero Terme,276,Hellas Verona,LOAN_RETURN_OR_END_OF_LOAN,End of loan 30/06/2025,0,IN
TM-2025-01049,2025/26,815546,Francesco Gioielli,22124,Asd Puteolana 1902,6195,SSC Napoli,LOAN_RETURN_OR_END_OF_LOAN,End of loan 30/06/2025,0,IN
TM-2025-01050,2025/26,815546,Francesco Gioielli,6195,SSC Napoli,56271,AC Afragolese 1944,FREE_TRANSFER,free transfer,0,OUT
TM-2025-01051,2025/26,815563,Lapo Nava,41107,Milan Futuro,2239,US Cremonese,FREE_TRANSFER,free transfer,0,IN
TM-2025-01052,2025/26,817045,Samuele Regazzetti,2239,US Cremonese,5542,CPR Ospitaletto,LOAN,loan transfer,0,OUT
TM-2025-01053,2025/26,817045,Samuele Regazzetti,4103,FC Lumezzane,2239,US Cremonese,LOAN_RETURN_OR_END_OF_LOAN,End of loan 30/06/2025,0,IN
TM-2025-01054,2025/26,817333,Francesco Dell'Aquila,1104,ACR Messina,416,Torino FC,LOAN_RETURN_OR_END_OF_LOAN,End of loan 30/06/2025,0,IN
TM-2025-01055,2025/26,817333,Francesco Dell'Aquila,416,Torino FC,14888,US Città di Pontedera,LOAN,loan transfer,0,OUT
TM-2025-01056,2025/26,817333,Francesco Dell'Aquila,416,Torino FC,4255,SS Arezzo,LOAN,loan transfer,0,OUT
TM-2025-01057,2025/26,817333,Francesco Dell'Aquila,4255,SS Arezzo,416,Torino FC,LOAN_RETURN_OR_END_OF_LOAN,End of loan 01/01/2026,0,IN
TM-2025-01058,2025/26,817936,Andrea Mazia,1025,Bologna FC 1909,54316,Sasso Marconi 1924,FREE_TRANSFER,free transfer,0,OUT
TM-2025-01059,2025/26,817936,Andrea Mazia,50258,Varesina Calcio,1025,Bologna FC 1909,LOAN_RETURN_OR_END_OF_LOAN,End of loan 30/06/2025,0,IN
TM-2025-01060,2025/26,818448,Alessandro Marcandalli,607,Venezia FC,252,Genoa CFC,LOAN_RETURN_OR_END_OF_LOAN,End of loan 30/06/2025,0,IN
TM-2025-01061,2025/26,818581,Matteo Marchisano,6195,SSC Napoli,2331,US Avellino 1912,FREE_TRANSFER,free transfer,0,OUT
TM-2025-01062,2025/26,818581,Matteo Marchisano,6266,Cavese 1919,6195,SSC Napoli,LOAN_RETURN_OR_END_OF_LOAN,End of loan 30/06/2025,0,IN
TM-2025-01063,2025/26,818880,Tommaso Corazza,1025,Bologna FC 1909,1429,Cesena FC,LOAN,loan transfer,0,OUT
TM-2025-01064,2025/26,818880,Tommaso Corazza,1025,Bologna FC 1909,2921,Delfino Pescara 1936,LOAN,loan transfer,0,OUT
TM-2025-01065,2025/26,818880,Tommaso Corazza,2921,Delfino Pescara 1936,1025,Bologna FC 1909,LOAN_RETURN_OR_END_OF_LOAN,End of loan 30/01/2026,0,IN
TM-2025-01066,2025/26,818880,Tommaso Corazza,380,US Salernitana 1919,1025,Bologna FC 1909,LOAN_RETURN_OR_END_OF_LOAN,End of loan 30/06/2025,0,IN
TM-2025-01067,2025/26,818882,Riccardo Stivanello,1025,Bologna FC 1909,2253,SEF Torres 1903,LOAN,loan transfer,0,OUT
TM-2025-01068,2025/26,818882,Riccardo Stivanello,1025,Bologna FC 1909,4103,FC Lumezzane,LOAN,loan transfer,0,OUT
TM-2025-01069,2025/26,818882,Riccardo Stivanello,2253,SEF Torres 1903,1025,Bologna FC 1909,LOAN_RETURN_OR_END_OF_LOAN,End of loan 02/01/2026,0,IN
TM-2025-01070,2025/26,818882,Riccardo Stivanello,41101,Juventus Next Gen,1025,Bologna FC 1909,LOAN_RETURN_OR_END_OF_LOAN,End of loan 30/06/2025,0,IN
TM-2025-01071,2025/26,818888,Antonio Raimondo,1025,Bologna FC 1909,8970,Frosinone Calcio,LOAN,loan transfer,0,OUT
TM-2025-01072,2025/26,818888,Antonio Raimondo,380,US Salernitana 1919,1025,Bologna FC 1909,LOAN_RETURN_OR_END_OF_LOAN,End of loan 30/06/2025,0,IN
TM-2025-01073,2025/26,818889,Gennaro Anatriello,1025,Bologna FC 1909,4103,FC Lumezzane,LOAN,loan transfer,0,OUT
TM-2025-01074,2025/26,818889,Gennaro Anatriello,1025,Bologna FC 1909,7197,Potenza Calcio,LOAN,loan transfer,0,OUT
TM-2025-01075,2025/26,818889,Gennaro Anatriello,4331,FC Trapani 1905,1025,Bologna FC 1909,LOAN_RETURN_OR_END_OF_LOAN,End of loan 30/06/2025,0,IN
TM-2025-01076,2025/26,818889,Gennaro Anatriello,7197,Potenza Calcio,1025,Bologna FC 1909,LOAN_RETURN_OR_END_OF_LOAN,End of loan 01/02/2026,0,IN
TM-2025-01077,2025/26,818892,Nicola Bagnolini,1025,Bologna FC 1909,4326,AS Gubbio 1910,LOAN,loan transfer,0,OUT
TM-2025-01078,2025/26,818898,Federico Magro,276,Hellas Verona,704,Calcio Foggia 1920,LOAN,loan transfer,0,OUT
TM-2025-01079,2025/26,818929,Simone Calvani,14888,US Città di Pontedera,252,Genoa CFC,LOAN_RETURN_OR_END_OF_LOAN,End of loan 30/06/2025,0,IN
TM-2025-01080,2025/26,818929,Simone Calvani,252,Genoa CFC,9816,Forlì FC,LOAN,loan transfer,0,OUT
TM-2025-01081,2025/26,82048,Nicola Sansone,1005,US Lecce,,Retired,RETIREMENT,-,0,OUT
TM-2025-01082,2025/26,820633,Coli Saco,322,Yverdon Sport FC,6195,SSC Napoli,LOAN_RETURN_OR_END_OF_LOAN,End of loan 25/01/2026,0,IN
TM-2025-01083,2025/26,820633,Coli Saco,332,SSC Bari,6195,SSC Napoli,LOAN_RETURN_OR_END_OF_LOAN,End of loan 30/06/2025,0,IN
TM-2025-01084,2025/26,820633,Coli Saco,6195,SSC Napoli,322,Yverdon Sport FC,LOAN,loan transfer,0,OUT
TM-2025-01085,2025/26,820633,Coli Saco,6195,SSC Napoli,4106,Casertana FC,LOAN,loan transfer,0,OUT
TM-2025-01086,2025/26,820635,Costantino Favasuli,332,SSC Bari,430,ACF Fiorentina,LOAN_RETURN_OR_END_OF_LOAN,End of loan 30/06/2025,0,IN
TM-2025-01087,2025/26,820635,Costantino Favasuli,430,ACF Fiorentina,4097,US Catanzaro,FREE_TRANSFER,free transfer,0,OUT
TM-2025-01088,2025/26,821052,Lorenzo Gagliardi,252,Genoa CFC,46337,Pineto Calcio,LOAN,loan transfer,0,OUT
TM-2025-01089,2025/26,821052,Lorenzo Gagliardi,6692,Novara FC,252,Genoa CFC,LOAN_RETURN_OR_END_OF_LOAN,End of loan 30/06/2025,0,IN
TM-2025-01090,2025/26,821105,Davide Franzini,1025,Bologna FC 1909,38322,AC Bra,LOAN,loan transfer,0,OUT
TM-2025-01091,2025/26,821105,Davide Franzini,1408,Piacenza Calcio 1919,1025,Bologna FC 1909,LOAN_RETURN_OR_END_OF_LOAN,End of loan 30/06/2025,0,IN
TM-2025-01092,2025/26,823486,Michael Kayode,1148,Brentford FC,430,ACF Fiorentina,LOAN_RETURN_OR_END_OF_LOAN,End of loan 30/06/2025,0,IN
TM-2025-01093,2025/26,823486,Michael Kayode,430,ACF Fiorentina,1148,Brentford FC,PERMANENT_OR_OTHER_EXPLICIT,€17.50m,0,OUT
TM-2025-01094,2025/26,825199,Facundo González,234,Feyenoord Rotterdam,506,Juventus FC,LOAN_RETURN_OR_END_OF_LOAN,End of loan 30/06/2025,0,IN
TM-2025-01095,2025/26,825199,Facundo González,506,Juventus FC,630,Racing Santander,LOAN,loan transfer,0,OUT
TM-2025-01096,2025/26,825499,Niccolò Nardi,34499,US Pianese,430,ACF Fiorentina,LOAN_RETURN_OR_END_OF_LOAN,End of loan 30/06/2025,0,IN
TM-2025-01097,2025/26,825499,Niccolò Nardi,430,ACF Fiorentina,1387,Siena FC,FREE_TRANSFER,free transfer,0,OUT
TM-2025-01098,2025/26,827734,Ange-Yoan Bonny,130,Parma Calcio 1913,46,Inter Milan,PERMANENT_OR_OTHER_EXPLICIT,€23.00m,1,IN+OUT
TM-2025-01099,2025/26,830365,Alisson Santos,336,Sporting CP,6195,SSC Napoli,LOAN,Loan fee: €3.50m,0,IN
TM-2025-01100,2025/26,831162,Gino Infantino,2150,Al-Ain FC,430,ACF Fiorentina,LOAN_RETURN_OR_END_OF_LOAN,End of loan 30/06/2025,0,IN
TM-2025-01101,2025/26,831162,Gino Infantino,430,ACF Fiorentina,1030,AA Argentinos Juniors,LOAN,loan transfer,0,OUT
TM-2025-01102,2025/26,840149,Matija Frigan,968,KVC Westerlo,130,Parma Calcio 1913,PERMANENT_OR_OTHER_EXPLICIT,€9.00m,0,IN
TM-2025-01103,2025/26,843286,Felipe Loyola,1234,CA Independiente,4172,Pisa Sporting Club,LOAN,Loan fee: €1.50m,0,IN
TM-2025-01104,2025/26,845566,Mihajlo Ilić,1025,Bologna FC 1909,58,RSC Anderlecht,LOAN,loan transfer,0,OUT
TM-2025-01105,2025/26,845566,Mihajlo Ilić,669,FK Partizan Belgrade,1025,Bologna FC 1909,LOAN_RETURN_OR_END_OF_LOAN,End of loan 30/06/2025,0,IN
TM-2025-01106,2025/26,846254,Petar Ratkov,409,Red Bull Salzburg,398,SS Lazio,PERMANENT_OR_OTHER_EXPLICIT,€13.00m,0,IN
TM-2025-01107,2025/26,848509,Jackson Tchatchoua,276,Hellas Verona,543,Wolverhampton Wanderers,PERMANENT_OR_OTHER_EXPLICIT,€12.50m,0,OUT
TM-2025-01108,2025/26,85393,Nicolas Viola,1390,Cagliari Calcio,515,Without Club,FREE_AGENT_OR_END_OF_CONTRACT,-,0,OUT
TM-2025-01109,2025/26,85528,Marco Silvestri,749,FC Empoli,2239,US Cremonese,FREE_TRANSFER,free transfer,0,IN
TM-2025-01110,2025/26,855308,Arthur Atta,347,FC Metz,410,Udinese Calcio,PERMANENT_OR_OTHER_EXPLICIT,€8.00m,0,IN
TM-2025-01111,2025/26,855308,Arthur Atta,410,Udinese Calcio,347,FC Metz,LOAN_RETURN_OR_END_OF_LOAN,End of loan 30/06/2025,0,OUT
TM-2025-01112,2025/26,858677,Peter Amoran,130,Parma Calcio 1913,1429,Cesena FC,LOAN,loan transfer,0,OUT
TM-2025-01113,2025/26,858677,Peter Amoran,839,AC Perugia Calcio,130,Parma Calcio 1913,LOAN_RETURN_OR_END_OF_LOAN,End of loan 30/06/2025,0,IN
TM-2025-01114,2025/26,86083,Richard Marcone,130,Parma Calcio 1913,515,Without Club,FREE_AGENT_OR_END_OF_CONTRACT,-,0,OUT
TM-2025-01115,2025/26,861981,Alan Matturro,252,Genoa CFC,3368,Levante UD,LOAN,Loan fee: €500k,0,OUT
TM-2025-01116,2025/26,862606,Nesta Elphege,1290,Grenoble Foot 38,130,Parma Calcio 1913,PERMANENT_OR_OTHER_EXPLICIT,€2.00m,0,IN
TM-2025-01117,2025/26,864306,Rafik Belghali,354,KV Mechelen,276,Hellas Verona,PERMANENT_OR_OTHER_EXPLICIT,€2.00m,0,IN
TM-2025-01118,2025/26,866250,Seydou Fini,252,Genoa CFC,8970,Frosinone Calcio,LOAN,loan transfer,0,OUT
TM-2025-01119,2025/26,866250,Seydou Fini,798,Excelsior Rotterdam,252,Genoa CFC,LOAN_RETURN_OR_END_OF_LOAN,End of loan 30/06/2025,0,IN
TM-2025-01120,2025/26,872380,Felix Afena-Gyan,2239,US Cremonese,12382,Amed SK,LOAN,loan transfer,0,OUT
TM-2025-01121,2025/26,872380,Felix Afena-Gyan,41101,Juventus Next Gen,2239,US Cremonese,LOAN_RETURN_OR_END_OF_LOAN,End of loan 30/06/2025,0,IN
TM-2025-01122,2025/26,873981,Diego González,398,SS Lazio,8590,Atlas Guadalajara,PERMANENT_OR_OTHER_EXPLICIT,€1.20m,0,OUT
TM-2025-01123,2025/26,873981,Diego González,8590,Atlas Guadalajara,398,SS Lazio,LOAN_RETURN_OR_END_OF_LOAN,End of loan 31/12/2025,0,IN
TM-2025-01124,2025/26,874967,Ernestas Lysionok,8517,Genoa U20,252,Genoa CFC,PERMANENT_OR_OTHER_EXPLICIT,-,0,IN
TM-2025-01125,2025/26,875334,Semih Kılıçsoy,114,Besiktas JK,1390,Cagliari Calcio,LOAN,Loan fee: €1.00m,0,IN
TM-2025-01126,2025/26,876298,Matteo Prati,1390,Cagliari Calcio,416,Torino FC,LOAN,Loan fee: €300k,1,IN+OUT
TM-2025-01127,2025/26,876400,Simone Pafundi,410,Udinese Calcio,1038,UC Sampdoria,LOAN,loan transfer,0,OUT
TM-2025-01128,2025/26,877124,Rosen Bozhinov,1096,Royal Antwerp FC,4172,Pisa Sporting Club,PERMANENT_OR_OTHER_EXPLICIT,€5.00m,0,IN
TM-2025-01129,2025/26,877139,Alberto Costa,506,Juventus FC,720,FC Porto,PERMANENT_OR_OTHER_EXPLICIT,€15.00m,0,OUT
TM-2025-01130,2025/26,877257,Mattia Leoncini,4172,Pisa Sporting Club,515,Without Club,FREE_AGENT_OR_END_OF_CONTRACT,-,0,OUT
TM-2025-01131,2025/26,877672,Ali Jasim,1047,Como 1907,32328,Al-Najma SC,LOAN,loan transfer,0,OUT
TM-2025-01132,2025/26,877672,Ali Jasim,723,Almere City FC,1047,Como 1907,LOAN_RETURN_OR_END_OF_LOAN,End of loan 30/06/2025,0,IN
TM-2025-01133,2025/26,881610,David Ankeye,20519,Virtus Entella,252,Genoa CFC,LOAN_RETURN_OR_END_OF_LOAN,End of loan 25/01/2026,0,IN
TM-2025-01134,2025/26,881610,David Ankeye,252,Genoa CFC,20519,Virtus Entella,LOAN,loan transfer,0,OUT
TM-2025-01135,2025/26,881610,David Ankeye,252,Genoa CFC,57870,Krasava ENY,LOAN,loan transfer,0,OUT
TM-2025-01136,2025/26,881610,David Ankeye,455,FC Rapid 1923,252,Genoa CFC,LOAN_RETURN_OR_END_OF_LOAN,End of loan 30/06/2025,0,IN
TM-2025-01137,2025/26,883122,Anas Haj Mohamed,130,Parma Calcio 1913,41274,Beerschot VA,PERMANENT_OR_OTHER_EXPLICIT,?,0,OUT
TM-2025-01138,2025/26,885226,Riyad Idrissi,1385,Modena FC,1390,Cagliari Calcio,LOAN_RETURN_OR_END_OF_LOAN,End of loan 30/06/2025,0,IN
TM-2025-01139,2025/26,885228,Alessandro Vinciguerra,1390,Cagliari Calcio,33734,SS Monopoli 1966,LOAN,loan transfer,0,OUT
TM-2025-01140,2025/26,885228,Alessandro Vinciguerra,2921,Delfino Pescara 1936,1390,Cagliari Calcio,LOAN_RETURN_OR_END_OF_LOAN,End of loan 19/01/2026,0,IN
TM-2025-01141,2025/26,885230,Nicola Pintus,11676,Cagliari Primavera,1390,Cagliari Calcio,PERMANENT_OR_OTHER_EXPLICIT,-,0,IN
TM-2025-01142,2025/26,885230,Nicola Pintus,1390,Cagliari Calcio,4031,Cosenza Calcio,LOAN,loan transfer,0,OUT
TM-2025-01143,2025/26,885235,Luigi D'Avino,4326,AS Gubbio 1910,6195,SSC Napoli,LOAN_RETURN_OR_END_OF_LOAN,End of loan 30/06/2025,0,IN
TM-2025-01144,2025/26,885235,Luigi D'Avino,6195,SSC Napoli,9818,Giugliano Calcio 1928,LOAN,loan transfer,0,OUT
TM-2025-01145,2025/26,886152,Thomas Gillier,1025,Bologna FC 1909,4078,CF Montréal,LOAN,loan transfer,0,OUT
TM-2025-01146,2025/26,886152,Thomas Gillier,3277,CD Universidad Católica,1025,Bologna FC 1909,FREE_TRANSFER,free transfer,0,IN
TM-2025-01147,2025/26,88682,Mattia De Sciglio,506,Juventus FC,515,Without Club,FREE_AGENT_OR_END_OF_CONTRACT,-,0,OUT
TM-2025-01148,2025/26,88682,Mattia De Sciglio,749,FC Empoli,506,Juventus FC,LOAN_RETURN_OR_END_OF_LOAN,End of loan 30/06/2025,0,IN
TM-2025-01149,2025/26,88685,Antonio Donnarumma,416,Torino FC,380,US Salernitana 1919,PERMANENT_OR_OTHER_EXPLICIT,?,0,OUT
TM-2025-01150,2025/26,88755,Kevin De Bruyne,281,Manchester City,6195,SSC Napoli,FREE_TRANSFER,free transfer,0,IN
TM-2025-01151,2025/26,887638,Davide Bartesaghi,41107,Milan Futuro,5,AC Milan,PERMANENT_OR_OTHER_EXPLICIT,-,0,IN
TM-2025-01152,2025/26,887650,Francesco Gallea,1390,Cagliari Calcio,4103,FC Lumezzane,LOAN,loan transfer,0,OUT
TM-2025-01153,2025/26,887650,Francesco Gallea,4103,FC Lumezzane,1390,Cagliari Calcio,PERMANENT_OR_OTHER_EXPLICIT,?,0,IN
TM-2025-01154,2025/26,893675,Amir Richardson,430,ACF Fiorentina,190,FC Copenhagen,LOAN,loan transfer,0,OUT
TM-2025-01155,2025/26,894456,Dachi Lordkipanidze,17198,Cremonese Primavera,2239,US Cremonese,PERMANENT_OR_OTHER_EXPLICIT,-,0,IN
TM-2025-01156,2025/26,894456,Dachi Lordkipanidze,2239,US Cremonese,4159,Carrarese Calcio 1908,LOAN,loan transfer,0,OUT
TM-2025-01157,2025/26,895937,Marco Palestra,800,Atalanta BC,1390,Cagliari Calcio,LOAN,Loan fee: €1.10m,1,IN+OUT
TM-2025-01158,2025/26,896362,David Stückler,2239,US Cremonese,2655,LR Vicenza,LOAN,loan transfer,0,OUT
TM-2025-01159,2025/26,896362,David Stückler,44223,AS Giana Erminio,2239,US Cremonese,LOAN_RETURN_OR_END_OF_LOAN,End of loan 30/06/2025,0,IN
TM-2025-01160,2025/26,897423,David Odogu,82,VfL Wolfsburg,5,AC Milan,PERMANENT_OR_OTHER_EXPLICIT,€7.00m,0,IN
TM-2025-01161,2025/26,901019,Neil El Aynaoui,826,RC Lens,12,AS Roma,PERMANENT_OR_OTHER_EXPLICIT,€23.50m,0,IN
TM-2025-01162,2025/26,902573,Mateusz Kowalski,130,Parma Calcio 1913,2432,SC União Torreense,LOAN,loan transfer,0,OUT
TM-2025-01163,2025/26,902573,Mateusz Kowalski,130,Parma Calcio 1913,8936,Miedz Legnica,LOAN,loan transfer,0,OUT
TM-2025-01164,2025/26,902573,Mateusz Kowalski,2432,SC União Torreense,130,Parma Calcio 1913,LOAN_RETURN_OR_END_OF_LOAN,End of loan 02/02/2026,0,IN
TM-2025-01165,2025/26,906160,Saba Goglichidze,410,Udinese Calcio,1010,Watford FC,LOAN,loan transfer,0,OUT
TM-2025-01166,2025/26,906160,Saba Goglichidze,749,FC Empoli,410,Udinese Calcio,PERMANENT_OR_OTHER_EXPLICIT,€4.00m,0,IN
TM-2025-01167,2025/26,906315,Hugo Cuenca,252,Genoa CFC,56442,Burgos CF Promesas,LOAN,loan transfer,0,OUT
TM-2025-01168,2025/26,907688,Riccardo Spaggiari,430,ACF Fiorentina,46619,Arzignano Valchiampo,LOAN,loan transfer,0,OUT
TM-2025-01169,2025/26,907688,Riccardo Spaggiari,8505,Fiorentina Primavera,430,ACF Fiorentina,PERMANENT_OR_OTHER_EXPLICIT,-,0,IN
TM-2025-01170,2025/26,908788,Flavio Russo,1429,Cesena FC,6574,US Sassuolo,LOAN_RETURN_OR_END_OF_LOAN,End of loan 30/06/2025,0,IN
TM-2025-01171,2025/26,908788,Flavio Russo,20519,Virtus Entella,6574,US Sassuolo,LOAN_RETURN_OR_END_OF_LOAN,End of loan 02/02/2026,0,IN
TM-2025-01172,2025/26,908788,Flavio Russo,6574,US Sassuolo,20519,Virtus Entella,LOAN,loan transfer,0,OUT
TM-2025-01173,2025/26,908788,Flavio Russo,6574,US Sassuolo,2921,Delfino Pescara 1936,LOAN,loan transfer,0,OUT
TM-2025-01174,2025/26,911328,Mohamed Kaba,1005,US Lecce,995,FC Nantes,LOAN,Loan fee: €500k,0,OUT
TM-2025-01175,2025/26,912583,Michele Bigonzoni,18642,Campobasso FC,2239,US Cremonese,LOAN_RETURN_OR_END_OF_LOAN,End of loan 30/06/2025,0,IN
TM-2025-01176,2025/26,912583,Michele Bigonzoni,2239,US Cremonese,22045,Latina Calcio 1932,LOAN,loan transfer,0,OUT
TM-2025-01177,2025/26,913539,Estanis Pedrola,1025,Bologna FC 1909,1038,UC Sampdoria,LOAN_RETURN_OR_END_OF_LOAN,End of loan 30/06/2025,0,OUT
TM-2025-01178,2025/26,914934,Henrik Meister,273,Stade Rennais FC,4172,Pisa Sporting Club,PERMANENT_OR_OTHER_EXPLICIT,€4.00m,0,IN
TM-2025-01179,2025/26,914934,Henrik Meister,4172,Pisa Sporting Club,273,Stade Rennais FC,LOAN_RETURN_OR_END_OF_LOAN,End of loan 09/08/2025,0,OUT
TM-2025-01180,2025/26,915849,Yanis Massolin,1385,Modena FC,46,Inter Milan,PERMANENT_OR_OTHER_EXPLICIT,€3.50m,0,IN
TM-2025-01181,2025/26,915849,Yanis Massolin,46,Inter Milan,1385,Modena FC,LOAN,loan transfer,0,OUT
TM-2025-01182,2025/26,916430,Edoardo Motta,5621,AC Reggiana 1919,398,SS Lazio,PERMANENT_OR_OTHER_EXPLICIT,€1.20m,0,IN
TM-2025-01183,2025/26,917375,Antoine Hainaut,130,Parma Calcio 1913,607,Venezia FC,PERMANENT_OR_OTHER_EXPLICIT,€550k,0,OUT
TM-2025-01184,2025/26,918957,Davide Renzetti,398,SS Lazio,38322,AC Bra,LOAN,loan transfer,0,OUT
TM-2025-01185,2025/26,919669,Simone Cinquegrano,4111,Rimini FC,6574,US Sassuolo,LOAN_RETURN_OR_END_OF_LOAN,End of loan 30/06/2025,0,IN
TM-2025-01186,2025/26,919669,Simone Cinquegrano,6574,US Sassuolo,41119,Inter U23,LOAN,loan transfer,0,OUT
TM-2025-01187,2025/26,91970,Juan Cuadrado,800,Atalanta BC,4172,Pisa Sporting Club,FREE_TRANSFER,free transfer,1,IN+OUT
TM-2025-01188,2025/26,921561,Ante Vukovic,4172,Pisa Sporting Club,2581,Mantova 1911,LOAN,loan transfer,0,OUT
TM-2025-01189,2025/26,921561,Ante Vukovic,7030,Vis Pesaro 1898,4172,Pisa Sporting Club,LOAN_RETURN_OR_END_OF_LOAN,End of loan 30/06/2025,0,IN
TM-2025-01190,2025/26,921655,Ismaël Koné,244,Olympique Marseille,6574,US Sassuolo,LOAN,Loan fee: €2.50m,0,IN
TM-2025-01191,2025/26,921655,Ismaël Koné,244,Olympique Marseille,6574,US Sassuolo,PERMANENT_OR_OTHER_EXPLICIT,€10.00m,0,IN
TM-2025-01192,2025/26,921655,Ismaël Koné,6574,US Sassuolo,244,Olympique Marseille,LOAN_RETURN_OR_END_OF_LOAN,End of loan 01/02/2026,0,OUT
TM-2025-01193,2025/26,924857,Lennon Miller,987,Motherwell FC,410,Udinese Calcio,PERMANENT_OR_OTHER_EXPLICIT,€5.50m,0,IN
TM-2025-01194,2025/26,925838,Francesco Coppola,7030,Vis Pesaro 1898,4172,Pisa Sporting Club,LOAN_RETURN_OR_END_OF_LOAN,End of loan 30/06/2025,0,IN
TM-2025-01195,2025/26,927933,Velizar-Iliya Iliev,11676,Cagliari Primavera,1390,Cagliari Calcio,PERMANENT_OR_OTHER_EXPLICIT,-,0,IN
TM-2025-01196,2025/26,927933,Velizar-Iliya Iliev,1390,Cagliari Calcio,22249,Audace Cerignola,LOAN,loan transfer,0,OUT
TM-2025-01197,2025/26,929871,Matteo Plaia,12,AS Roma,41110,Atalanta U23,PERMANENT_OR_OTHER_EXPLICIT,€400k,0,OUT
TM-2025-01198,2025/26,929871,Matteo Plaia,839,AC Perugia Calcio,12,AS Roma,LOAN_RETURN_OR_END_OF_LOAN,End of loan 30/06/2025,0,IN
TM-2025-01199,2025/26,930623,Gianluca Vigliotti,6195,SSC Napoli,46337,Pineto Calcio,LOAN,loan transfer,0,OUT
TM-2025-01200,2025/26,930623,Gianluca Vigliotti,6266,Cavese 1919,6195,SSC Napoli,LOAN_RETURN_OR_END_OF_LOAN,End of loan 30/06/2025,0,IN
TM-2025-01201,2025/26,930781,Pio Esposito,3522,Spezia Calcio,46,Inter Milan,LOAN_RETURN_OR_END_OF_LOAN,End of loan 10/06/2025 €500k,0,IN
TM-2025-01202,2025/26,932187,Sascha Britschgi,434,FC Luzern,130,Parma Calcio 1913,PERMANENT_OR_OTHER_EXPLICIT,€3.14m,0,IN
TM-2025-01203,2025/26,933552,Marco Tremolada,1047,Como 1907,4553,US Pergolettese 1932,FREE_TRANSFER,free transfer,0,OUT
TM-2025-01204,2025/26,933552,Marco Tremolada,4103,FC Lumezzane,1047,Como 1907,LOAN_RETURN_OR_END_OF_LOAN,End of loan 30/06/2025,0,IN
TM-2025-01205,2025/26,934056,Aiman Rihai,276,Hellas Verona,4103,FC Lumezzane,LOAN,loan transfer,0,OUT
TM-2025-01206,2025/26,934056,Aiman Rihai,46293,Caldiero Terme,276,Hellas Verona,LOAN_RETURN_OR_END_OF_LOAN,End of loan 30/06/2025,0,IN
TM-2025-01207,2025/26,934159,Tommaso Martinelli,430,ACF Fiorentina,1038,UC Sampdoria,LOAN,loan transfer,0,OUT
TM-2025-01208,2025/26,934514,Riccardo Braschi,8505,Fiorentina Primavera,430,ACF Fiorentina,PERMANENT_OR_OTHER_EXPLICIT,-,0,IN
TM-2025-01209,2025/26,934761,Jacopo Frosali,4172,Pisa Sporting Club,4146,Aurora Pro Patria,LOAN,loan transfer,0,OUT
TM-2025-01210,2025/26,934761,Jacopo Frosali,8373,Siracusa Calcio,4172,Pisa Sporting Club,LOAN_RETURN_OR_END_OF_LOAN,End of loan 22/01/2026,0,IN
TM-2025-01211,2025/26,934863,Tommaso Pittino,252,Genoa CFC,2581,Mantova 1911,LOAN,loan transfer,0,OUT
TM-2025-01212,2025/26,934863,Tommaso Pittino,252,Genoa CFC,91510,Dolomiti Bellunesi,LOAN,loan transfer,0,OUT
TM-2025-01213,2025/26,934863,Tommaso Pittino,2581,Mantova 1911,252,Genoa CFC,LOAN_RETURN_OR_END_OF_LOAN,End of loan 21/01/2026,0,IN
TM-2025-01214,2025/26,934863,Tommaso Pittino,4103,FC Lumezzane,252,Genoa CFC,LOAN_RETURN_OR_END_OF_LOAN,End of loan 30/06/2025,0,IN
TM-2025-01215,2025/26,935173,Manuel Rosetti,1025,Bologna FC 1909,4102,AC Carpi,LOAN,loan transfer,0,OUT
TM-2025-01216,2025/26,935173,Manuel Rosetti,26883,USD Sestri Levante 1919,1025,Bologna FC 1909,LOAN_RETURN_OR_END_OF_LOAN,End of loan 30/06/2025,0,IN
TM-2025-01217,2025/26,935510,Mattia Sala,14888,US Città di Pontedera,4172,Pisa Sporting Club,LOAN_RETURN_OR_END_OF_LOAN,End of loan 30/06/2025,0,IN
TM-2025-01218,2025/26,935510,Mattia Sala,4172,Pisa Sporting Club,2253,SEF Torres 1903,LOAN,loan transfer,0,OUT
TM-2025-01219,2025/26,935760,Rafiu Durosinmi,941,FC Viktoria Plzen,4172,Pisa Sporting Club,PERMANENT_OR_OTHER_EXPLICIT,€9.00m,0,IN
TM-2025-01220,2025/26,935822,Vladyslav Nagrudnyi,2239,US Cremonese,61449,AC Leon,LOAN,loan transfer,0,OUT
TM-2025-01221,2025/26,935822,Vladyslav Nagrudnyi,5542,CPR Ospitaletto,2239,US Cremonese,LOAN_RETURN_OR_END_OF_LOAN,End of loan 02/01/2026,0,IN
TM-2025-01222,2025/26,936183,Christian Corradi,276,Hellas Verona,4095,AC Trento,LOAN,loan transfer,0,OUT
TM-2025-01223,2025/26,936183,Christian Corradi,4097,US Catanzaro,276,Hellas Verona,LOAN_RETURN_OR_END_OF_LOAN,End of loan 30/06/2025,0,IN
TM-2025-01224,2025/26,936229,Emanuele Rao,2722,SPAL,6195,SSC Napoli,FREE_TRANSFER,free transfer,0,IN
TM-2025-01225,2025/26,936229,Emanuele Rao,6195,SSC Napoli,332,SSC Bari,LOAN,loan transfer,0,OUT
TM-2025-01226,2025/26,937669,Edoardo Meconi,252,Genoa CFC,4553,US Pergolettese 1932,LOAN,loan transfer,0,OUT
TM-2025-01227,2025/26,937669,Edoardo Meconi,4095,AC Trento,252,Genoa CFC,LOAN_RETURN_OR_END_OF_LOAN,End of loan 21/01/2026,0,IN
TM-2025-01228,2025/26,937891,Francesco Raffaelli,1025,Bologna FC 1909,52687,Alcione Milano,LOAN,loan transfer,0,OUT
TM-2025-01229,2025/26,937891,Francesco Raffaelli,1025,Bologna FC 1909,5542,CPR Ospitaletto,LOAN,loan transfer,0,OUT
TM-2025-01230,2025/26,937891,Francesco Raffaelli,4333,US Grosseto 1912,1025,Bologna FC 1909,LOAN_RETURN_OR_END_OF_LOAN,End of loan 30/06/2025,0,IN
TM-2025-01231,2025/26,937891,Francesco Raffaelli,5542,CPR Ospitaletto,1025,Bologna FC 1909,LOAN_RETURN_OR_END_OF_LOAN,End of loan 20/01/2026,0,IN
TM-2025-01232,2025/26,940135,Christos Papadopoulos,252,Genoa CFC,2672,Levadiakos,FREE_TRANSFER,free transfer,0,OUT
TM-2025-01233,2025/26,940135,Christos Papadopoulos,252,Genoa CFC,41110,Atalanta U23,LOAN,loan transfer,0,OUT
TM-2025-01234,2025/26,940135,Christos Papadopoulos,41101,Juventus Next Gen,252,Genoa CFC,LOAN_RETURN_OR_END_OF_LOAN,End of loan 30/06/2025,0,IN
TM-2025-01235,2025/26,940135,Christos Papadopoulos,41110,Atalanta U23,252,Genoa CFC,LOAN_RETURN_OR_END_OF_LOAN,End of loan 27/01/2026,0,IN
TM-2025-01236,2025/26,941869,Yellu Santiago,276,Hellas Verona,8024,FC Arouca,LOAN,loan transfer,0,OUT
TM-2025-01237,2025/26,941869,Yellu Santiago,3709,Getafe CF,276,Hellas Verona,FREE_TRANSFER,free transfer,0,IN
TM-2025-01238,2025/26,942103,Lapo Siviero,12130,Torino Primavera,416,Torino FC,PERMANENT_OR_OTHER_EXPLICIT,-,0,IN
TM-2025-01239,2025/26,943473,Milos Jovic,1005,US Lecce,32113,FK IMT Belgrad,LOAN,loan transfer,0,OUT
TM-2025-01240,2025/26,943473,Milos Jovic,32113,FK IMT Belgrad,1005,US Lecce,PERMANENT_OR_OTHER_EXPLICIT,€1.00m,0,IN
TM-2025-01241,2025/26,948278,Jacobo Ramón,6767,Real Madrid Castilla,1047,Como 1907,PERMANENT_OR_OTHER_EXPLICIT,€2.50m,0,IN
TM-2025-01242,2025/26,950593,Damián Pizarro,410,Udinese Calcio,1444,Racing Club,LOAN,loan transfer,0,OUT
TM-2025-01243,2025/26,950593,Damián Pizarro,410,Udinese Calcio,738,Le Havre AC,LOAN,loan transfer,0,OUT
TM-2025-01244,2025/26,950593,Damián Pizarro,738,Le Havre AC,410,Udinese Calcio,LOAN_RETURN_OR_END_OF_LOAN,End of loan 13/01/2026,0,IN
TM-2025-01245,2025/26,95424,Kyle Walker,5,AC Milan,281,Manchester City,LOAN_RETURN_OR_END_OF_LOAN,End of loan 30/06/2025,0,OUT
TM-2025-01246,2025/26,954323,Lovro Herceg,1005,US Lecce,515,Without Club,FREE_AGENT_OR_END_OF_CONTRACT,-,0,OUT
TM-2025-01247,2025/26,954323,Lovro Herceg,22344,AC Nardò,1005,US Lecce,LOAN_RETURN_OR_END_OF_LOAN,End of loan 30/06/2025,0,IN
TM-2025-01248,2025/26,955606,Adrian Raychev,4172,Pisa Sporting Club,14888,US Città di Pontedera,LOAN,loan transfer,0,OUT
TM-2025-01249,2025/26,955606,Adrian Raychev,4172,Pisa Sporting Club,8970,Frosinone Calcio,LOAN,loan transfer,0,OUT
TM-2025-01250,2025/26,955606,Adrian Raychev,7030,Vis Pesaro 1898,4172,Pisa Sporting Club,LOAN_RETURN_OR_END_OF_LOAN,End of loan 30/06/2025,0,IN
TM-2025-01251,2025/26,955606,Adrian Raychev,8970,Frosinone Calcio,4172,Pisa Sporting Club,LOAN_RETURN_OR_END_OF_LOAN,End of loan 22/01/2026,0,IN
TM-2025-01252,2025/26,956588,Alessandro Nunziante,4171,Benevento Calcio,410,Udinese Calcio,PERMANENT_OR_OTHER_EXPLICIT,€1.50m,0,IN
TM-2025-01253,2025/26,957822,Eddy Kouadio,8505,Fiorentina Primavera,430,ACF Fiorentina,PERMANENT_OR_OTHER_EXPLICIT,-,0,IN
TM-2025-01254,2025/26,960966,Eddy Cabianca,2239,US Cremonese,380,US Salernitana 1919,LOAN,loan transfer,0,OUT
TM-2025-01255,2025/26,960966,Eddy Cabianca,9439,Feralpisalò,2239,US Cremonese,LOAN_RETURN_OR_END_OF_LOAN,End of loan 30/06/2025,0,IN
TM-2025-01256,2025/26,962125,Buba Sangaré,12,AS Roma,1531,Elche CF,LOAN,loan transfer,0,OUT
TM-2025-01257,2025/26,96254,Pietro Terracciano,430,ACF Fiorentina,5,AC Milan,FREE_TRANSFER,free transfer,1,IN+OUT
TM-2025-01258,2025/26,964087,Alphadjo Cissè,276,Hellas Verona,4097,US Catanzaro,LOAN,loan transfer,0,OUT
TM-2025-01259,2025/26,964087,Alphadjo Cissè,276,Hellas Verona,5,AC Milan,PERMANENT_OR_OTHER_EXPLICIT,€8.00m,1,IN+OUT
TM-2025-01260,2025/26,964087,Alphadjo Cissè,4097,US Catanzaro,276,Hellas Verona,LOAN_RETURN_OR_END_OF_LOAN,End of loan 01/02/2026,0,IN
TM-2025-01261,2025/26,964087,Alphadjo Cissè,5,AC Milan,4097,US Catanzaro,LOAN,loan transfer,0,OUT
TM-2025-01262,2025/26,964580,Wesley,614,CR Flamengo,12,AS Roma,PERMANENT_OR_OTHER_EXPLICIT,€25.00m,0,IN
TM-2025-01263,2025/26,967148,Naïm Byar,1025,Bologna FC 1909,6603,Wydad Casablanca,PERMANENT_OR_OTHER_EXPLICIT,€325k,0,OUT
TM-2025-01264,2025/26,967148,Naïm Byar,1025,Bologna FC 1909,704,Calcio Foggia 1920,LOAN,loan transfer,0,OUT
TM-2025-01265,2025/26,967148,Naïm Byar,704,Calcio Foggia 1920,1025,Bologna FC 1909,LOAN_RETURN_OR_END_OF_LOAN,End of loan 06/01/2026,0,IN
TM-2025-01266,2025/26,967814,Sebastiano Di Paolo,1390,Cagliari Calcio,8373,Siracusa Calcio,LOAN,loan transfer,0,OUT
TM-2025-01267,2025/26,967814,Sebastiano Di Paolo,8373,Siracusa Calcio,1390,Cagliari Calcio,PERMANENT_OR_OTHER_EXPLICIT,€300k,0,IN
TM-2025-01268,2025/26,969192,Ebenezer Akinsanmiro,1038,UC Sampdoria,46,Inter Milan,LOAN_RETURN_OR_END_OF_LOAN,End of loan 30/06/2025,0,IN
TM-2025-01269,2025/26,969192,Ebenezer Akinsanmiro,46,Inter Milan,4172,Pisa Sporting Club,LOAN,loan transfer,1,IN+OUT
TM-2025-01270,2025/26,979766,Mathis Lambourde,276,Hellas Verona,5621,AC Reggiana 1919,LOAN,loan transfer,0,OUT
TM-2025-01271,2025/26,980575,Oumar Ngom,2431,CF Estrela Amadora,1005,US Lecce,PERMANENT_OR_OTHER_EXPLICIT,€2.00m,0,IN
TM-2025-01272,2025/26,980576,Amine Salama,416,Torino FC,1421,Stade Reims,LOAN_RETURN_OR_END_OF_LOAN,End of loan 30/06/2025,0,OUT
TM-2025-01273,2025/26,981136,Fabio Rispoli,1047,Como 1907,4097,US Catanzaro,LOAN,loan transfer,0,OUT
TM-2025-01274,2025/26,981136,Fabio Rispoli,29251,Virtusvecomp Verona,1047,Como 1907,LOAN_RETURN_OR_END_OF_LOAN,End of loan 30/06/2025,0,IN
TM-2025-01275,2025/26,982267,Ibrahim Sulemana,1025,Bologna FC 1909,800,Atalanta BC,LOAN_RETURN_OR_END_OF_LOAN,End of loan 20/01/2026,1,IN+OUT
TM-2025-01276,2025/26,982267,Ibrahim Sulemana,800,Atalanta BC,1025,Bologna FC 1909,LOAN,Loan fee: €500k,1,IN+OUT
TM-2025-01277,2025/26,982267,Ibrahim Sulemana,800,Atalanta BC,1390,Cagliari Calcio,LOAN,loan transfer,1,IN+OUT
TM-2025-01278,2025/26,983810,Senan Mullen,2581,Mantova 1911,416,Torino FC,LOAN_RETURN_OR_END_OF_LOAN,End of loan 26/01/2026,0,IN
TM-2025-01279,2025/26,983810,Senan Mullen,416,Torino FC,9211,Bohemian Football Club,LOAN,loan transfer,0,OUT
TM-2025-01280,2025/26,984964,Niccolò Fortini,5587,SS Juve Stabia,430,ACF Fiorentina,LOAN_RETURN_OR_END_OF_LOAN,End of loan 30/06/2025,0,IN
TM-2025-01281,2025/26,989621,İsak Vural,8970,Frosinone Calcio,4172,Pisa Sporting Club,PERMANENT_OR_OTHER_EXPLICIT,€4.50m,0,IN
TM-2025-01282,2025/26,990637,Zachary Athekame,452,BSC Young Boys,5,AC Milan,PERMANENT_OR_OTHER_EXPLICIT,€10.00m,0,IN
TM-2025-01283,2025/26,99227,Andrea Bertolacci,2239,US Cremonese,,Retired,RETIREMENT,-,0,OUT
TM-2025-01284,2025/26,992569,Massimo Pessina,14848,Bologna Primavera,1025,Bologna FC 1909,PERMANENT_OR_OTHER_EXPLICIT,-,0,IN
TM-2025-01285,2025/26,993645,Tomás Palacios,2919,AC Monza,46,Inter Milan,LOAN_RETURN_OR_END_OF_LOAN,End of loan 10/06/2025,0,IN
TM-2025-01286,2025/26,993645,Tomás Palacios,46,Inter Milan,288,Club Estudiantes de La Plata,LOAN,loan transfer,0,OUT
TM-2025-01287,2025/26,996453,Maat Daniel Caprini,430,ACF Fiorentina,2581,Mantova 1911,LOAN,loan transfer,0,OUT
TM-2025-01288,2025/26,997478,Othniël Raterink,642,De Graafschap Doetinchem,1390,Cagliari Calcio,PERMANENT_OR_OTHER_EXPLICIT,€1.10m,0,IN
TM-2025-01289,2025/26,999127,Benja Cremaschi,69261,Inter Miami CF,130,Parma Calcio 1913,LOAN,loan transfer,0,IN
