season,season_start,movement,player_id,player_name,current_club_id,current_club,from_club_id,from_club,to_club_id,to_club,semantic_type,fee_text,source
2022/23,2022,IN,435772,Charles De Ketelaere,5,AC Milan,2282,Club Brugge KV,5,AC Milan,PERMANENT_OR_OTHER_EXPLICIT,€37.50m,TRANSFERMARKT_EXPANDED
2022/23,2022,IN,521964,Malick Thiaw,5,AC Milan,33,FC Schalke 04,5,AC Milan,PERMANENT_OR_OTHER_EXPLICIT,€12.80m,TRANSFERMARKT_EXPANDED
2022/23,2022,IN,449151,Junior Messias,5,AC Milan,4083,FC Crotone,5,AC Milan,PERMANENT_OR_OTHER_EXPLICIT,€6.20m,TRANSFERMARKT_EXPANDED
2022/23,2022,IN,130365,Alessandro Florenzi,5,AC Milan,12,AS Roma,5,AC Milan,PERMANENT_OR_OTHER_EXPLICIT,€3.15m,TRANSFERMARKT_EXPANDED
2022/23,2022,IN,503881,Aster Vranckx,5,AC Milan,82,VfL Wolfsburg,5,AC Milan,LOAN,Loan fee: €1.33m,TRANSFERMARKT_EXPANDED
2022/23,2022,IN,495722,Devis Vásquez,5,AC Milan,11855,Club Guaraní,5,AC Milan,PERMANENT_OR_OTHER_EXPLICIT,€810k,TRANSFERMARKT_EXPANDED
2022/23,2022,IN,148368,Divock Origi,5,AC Milan,31,Liverpool FC,5,AC Milan,FREE_TRANSFER,free transfer,TRANSFERMARKT_EXPANDED
2022/23,2022,IN,361104,Sergiño Dest,5,AC Milan,131,FC Barcelona,5,AC Milan,LOAN,loan transfer,TRANSFERMARKT_EXPANDED
2022/23,2022,IN,673495,Emil Roback,5,AC Milan,10958,Milan Primavera,5,AC Milan,PERMANENT_OR_OTHER_EXPLICIT,-,TRANSFERMARKT_EXPANDED
2022/23,2022,IN,629016,Marco Nasti,5,AC Milan,10958,Milan Primavera,5,AC Milan,PERMANENT_OR_OTHER_EXPLICIT,-,TRANSFERMARKT_EXPANDED
2022/23,2022,IN,592924,Andreas Jungdal,5,AC Milan,10958,Milan Primavera,5,AC Milan,PERMANENT_OR_OTHER_EXPLICIT,-,TRANSFERMARKT_EXPANDED
2022/23,2022,IN,673495,Emil Roback,5,AC Milan,2778,FC Nordsjaelland,5,AC Milan,LOAN_RETURN_OR_END_OF_LOAN,End of loan 06/01/2023,TRANSFERMARKT_EXPANDED
2022/23,2022,IN,406912,Gabriele Bellodi,5,AC Milan,2721,US Alessandria Calcio 1912,5,AC Milan,LOAN_RETURN_OR_END_OF_LOAN,End of loan 30/06/2022,TRANSFERMARKT_EXPANDED
2022/23,2022,IN,312678,Léo Duarte,5,AC Milan,6890,Basaksehir FK,5,AC Milan,LOAN_RETURN_OR_END_OF_LOAN,End of loan 30/06/2022,TRANSFERMARKT_EXPANDED
2022/23,2022,IN,459128,Marco Brescianini,5,AC Milan,2919,AC Monza,5,AC Milan,LOAN_RETURN_OR_END_OF_LOAN,End of loan 30/06/2022,TRANSFERMARKT_EXPANDED
2022/23,2022,IN,421446,Gabriele Capanni,5,AC Milan,1103,Ternana Calcio,5,AC Milan,LOAN_RETURN_OR_END_OF_LOAN,End of loan 30/06/2022,TRANSFERMARKT_EXPANDED
2022/23,2022,IN,421773,Riccardo Tonin,5,AC Milan,1429,Cesena FC,5,AC Milan,LOAN_RETURN_OR_END_OF_LOAN,End of loan 30/06/2022,TRANSFERMARKT_EXPANDED
2022/23,2022,IN,487843,Lorenzo Colombo,5,AC Milan,2722,SPAL,5,AC Milan,LOAN_RETURN_OR_END_OF_LOAN,End of loan 30/06/2022,TRANSFERMARKT_EXPANDED
2022/23,2022,IN,422355,Jens Petter Hauge,5,AC Milan,24,Eintracht Frankfurt,5,AC Milan,LOAN_RETURN_OR_END_OF_LOAN,End of loan 30/06/2022,TRANSFERMARKT_EXPANDED
2022/23,2022,IN,492627,Marco Frigerio,5,AC Milan,1253,Lucchese Calcio,5,AC Milan,LOAN_RETURN_OR_END_OF_LOAN,End of loan 30/06/2022,TRANSFERMARKT_EXPANDED
2022/23,2022,IN,566963,Sabino Signorile,5,AC Milan,4167,1913 Seregno Calcio,5,AC Milan,LOAN_RETURN_OR_END_OF_LOAN,End of loan 30/06/2022,TRANSFERMARKT_EXPANDED
2022/23,2022,IN,601877,Luan Capanni,5,AC Milan,2431,CF Estrela Amadora,5,AC Milan,LOAN_RETURN_OR_END_OF_LOAN,End of loan 02/11/2022,TRANSFERMARKT_EXPANDED
2022/23,2022,IN,392538,Tommaso Pobega,5,AC Milan,416,Torino FC,5,AC Milan,LOAN_RETURN_OR_END_OF_LOAN,End of loan 30/06/2022,TRANSFERMARKT_EXPANDED
2022/23,2022,IN,562259,Antonio Mionic,5,AC Milan,4339,Aquila Montevarchi 1902,5,AC Milan,LOAN_RETURN_OR_END_OF_LOAN,End of loan 30/06/2022,TRANSFERMARKT_EXPANDED
2022/23,2022,IN,418652,Leroy Abanda,5,AC Milan,7042,US Boulogne,5,AC Milan,LOAN_RETURN_OR_END_OF_LOAN,End of loan 30/06/2022,TRANSFERMARKT_EXPANDED
2022/23,2022,IN,395236,Yacine Adli,5,AC Milan,40,FC Girondins Bordeaux,5,AC Milan,LOAN_RETURN_OR_END_OF_LOAN,End of loan 30/06/2022,TRANSFERMARKT_EXPANDED
2022/23,2022,IN,197470,Mattia Caldara,5,AC Milan,607,Venezia FC,5,AC Milan,LOAN_RETURN_OR_END_OF_LOAN,End of loan 30/06/2022,TRANSFERMARKT_EXPANDED
2022/23,2022,IN,392545,Frank Tsadjout,5,AC Milan,408,Ascoli Calcio,5,AC Milan,LOAN_RETURN_OR_END_OF_LOAN,End of loan 30/06/2022,TRANSFERMARKT_EXPANDED
2022/23,2022,IN,601877,Luan Capanni,5,AC Milan,4333,US Grosseto 1912,5,AC Milan,LOAN_RETURN_OR_END_OF_LOAN,End of loan 30/06/2022,TRANSFERMARKT_EXPANDED
2022/23,2022,IN,357991,Alessandro Plizzari,5,AC Milan,1005,US Lecce,5,AC Milan,LOAN_RETURN_OR_END_OF_LOAN,End of loan 30/06/2022,TRANSFERMARKT_EXPANDED
2022/23,2022,OUT,422355,Jens Petter Hauge,5,AC Milan,5,AC Milan,24,Eintracht Frankfurt,PERMANENT_OR_OTHER_EXPLICIT,€8.20m,TRANSFERMARKT_EXPANDED
2022/23,2022,OUT,312678,Léo Duarte,5,AC Milan,5,AC Milan,6890,Basaksehir FK,PERMANENT_OR_OTHER_EXPLICIT,€2.00m,TRANSFERMARKT_EXPANDED
2022/23,2022,OUT,357991,Alessandro Plizzari,5,AC Milan,5,AC Milan,2921,Delfino Pescara 1936,PERMANENT_OR_OTHER_EXPLICIT,€425k,TRANSFERMARKT_EXPANDED
2022/23,2022,OUT,392545,Frank Tsadjout,5,AC Milan,5,AC Milan,2239,US Cremonese,PERMANENT_OR_OTHER_EXPLICIT,€400k,TRANSFERMARKT_EXPANDED
2022/23,2022,OUT,698548,Marko Lazetić,5,AC Milan,5,AC Milan,3551,SCR Altach,LOAN,Loan fee: €47k,TRANSFERMARKT_EXPANDED
2022/23,2022,OUT,592924,Andreas Jungdal,5,AC Milan,5,AC Milan,3551,SCR Altach,LOAN,Loan fee: €35k,TRANSFERMARKT_EXPANDED
2022/23,2022,OUT,195171,Samu Castillejo,5,AC Milan,5,AC Milan,1049,Valencia CF,FREE_TRANSFER,free transfer,TRANSFERMARKT_EXPANDED
2022/23,2022,OUT,197747,Alessio Romagnoli,5,AC Milan,5,AC Milan,398,SS Lazio,FREE_TRANSFER,free transfer,TRANSFERMARKT_EXPANDED
2022/23,2022,OUT,421773,Riccardo Tonin,5,AC Milan,5,AC Milan,704,Calcio Foggia 1920,FREE_TRANSFER,free transfer,TRANSFERMARKT_EXPANDED
2022/23,2022,OUT,294808,Franck Kessié,5,AC Milan,5,AC Milan,131,FC Barcelona,FREE_TRANSFER,free transfer,TRANSFERMARKT_EXPANDED
2022/23,2022,OUT,492627,Marco Frigerio,5,AC Milan,5,AC Milan,704,Calcio Foggia 1920,FREE_TRANSFER,free transfer,TRANSFERMARKT_EXPANDED
2022/23,2022,OUT,566963,Sabino Signorile,5,AC Milan,5,AC Milan,22249,Audace Cerignola,FREE_TRANSFER,free transfer,TRANSFERMARKT_EXPANDED
2022/23,2022,OUT,418652,Leroy Abanda,5,AC Milan,5,AC Milan,2715,RFC Seraing,FREE_TRANSFER,free transfer,TRANSFERMARKT_EXPANDED
2022/23,2022,OUT,421446,Gabriele Capanni,5,AC Milan,5,AC Milan,1103,Ternana Calcio,FREE_TRANSFER,free transfer,TRANSFERMARKT_EXPANDED
2022/23,2022,OUT,601877,Luan Capanni,5,AC Milan,5,AC Milan,6107,Arka Gdynia,FREE_TRANSFER,free transfer,TRANSFERMARKT_EXPANDED
2022/23,2022,OUT,601877,Luan Capanni,5,AC Milan,5,AC Milan,2431,CF Estrela Amadora,LOAN,loan transfer,TRANSFERMARKT_EXPANDED
2022/23,2022,OUT,562259,Antonio Mionic,5,AC Milan,5,AC Milan,2721,US Alessandria Calcio 1912,LOAN,loan transfer,TRANSFERMARKT_EXPANDED
2022/23,2022,OUT,406912,Gabriele Bellodi,5,AC Milan,5,AC Milan,9826,Olbia Calcio 1905,LOAN,loan transfer,TRANSFERMARKT_EXPANDED
2022/23,2022,OUT,539134,Daniel Maldini,5,AC Milan,5,AC Milan,3522,Spezia Calcio,LOAN,loan transfer,TRANSFERMARKT_EXPANDED
2022/23,2022,OUT,459128,Marco Brescianini,5,AC Milan,5,AC Milan,4031,Cosenza Calcio,LOAN,loan transfer,TRANSFERMARKT_EXPANDED
2022/23,2022,OUT,673495,Emil Roback,5,AC Milan,5,AC Milan,2778,FC Nordsjaelland,LOAN,loan transfer,TRANSFERMARKT_EXPANDED
2022/23,2022,OUT,487843,Lorenzo Colombo,5,AC Milan,5,AC Milan,1005,US Lecce,LOAN,loan transfer,TRANSFERMARKT_EXPANDED
2022/23,2022,OUT,629016,Marco Nasti,5,AC Milan,5,AC Milan,4031,Cosenza Calcio,LOAN,loan transfer,TRANSFERMARKT_EXPANDED
2022/23,2022,OUT,197470,Mattia Caldara,5,AC Milan,5,AC Milan,3522,Spezia Calcio,LOAN,loan transfer,TRANSFERMARKT_EXPANDED
2022/23,2022,OUT,395195,Emir Murati,5,AC Milan,5,AC Milan,515,Without Club,FREE_AGENT_OR_END_OF_CONTRACT,-,TRANSFERMARKT_EXPANDED
2022/23,2022,OUT,673495,Emil Roback,5,AC Milan,5,AC Milan,2844,IFK Norrköping,LOAN,loan transfer,TRANSFERMARKT_EXPANDED
2022/23,2022,OUT,130365,Alessandro Florenzi,5,AC Milan,5,AC Milan,12,AS Roma,LOAN_RETURN_OR_END_OF_LOAN,End of loan 30/06/2022,TRANSFERMARKT_EXPANDED
2022/23,2022,OUT,449151,Junior Messias,5,AC Milan,5,AC Milan,4083,FC Crotone,LOAN_RETURN_OR_END_OF_LOAN,End of loan 30/06/2022,TRANSFERMARKT_EXPANDED
2022/23,2022,IN,273132,Robin Gosens,46,Inter Milan,800,Atalanta BC,46,Inter Milan,PERMANENT_OR_OTHER_EXPLICIT,€27.40m,TRANSFERMARKT_EXPANDED
2022/23,2022,IN,227081,Joaquín Correa,46,Inter Milan,398,SS Lazio,46,Inter Milan,PERMANENT_OR_OTHER_EXPLICIT,€27.30m,TRANSFERMARKT_EXPANDED
2022/23,2022,IN,96341,Romelu Lukaku,46,Inter Milan,631,Chelsea FC,46,Inter Milan,LOAN,Loan fee: €7.86m,TRANSFERMARKT_EXPANDED
2022/23,2022,IN,357992,Raoul Bellanova,46,Inter Milan,1390,Cagliari Calcio,46,Inter Milan,LOAN,Loan fee: €3.12m,TRANSFERMARKT_EXPANDED
2022/23,2022,IN,55735,Henrikh Mkhitaryan,46,Inter Milan,12,AS Roma,46,Inter Milan,FREE_TRANSFER,free transfer,TRANSFERMARKT_EXPANDED
2022/23,2022,IN,234509,André Onana,46,Inter Milan,610,Ajax Amsterdam,46,Inter Milan,FREE_TRANSFER,free transfer,TRANSFERMARKT_EXPANDED
2022/23,2022,IN,543771,Kristjan Asllani,46,Inter Milan,749,FC Empoli,46,Inter Milan,LOAN,loan transfer,TRANSFERMARKT_EXPANDED
2022/23,2022,IN,131075,Francesco Acerbi,46,Inter Milan,398,SS Lazio,46,Inter Milan,LOAN,loan transfer,TRANSFERMARKT_EXPANDED
2022/23,2022,IN,312862,Dalbert,46,Inter Milan,1390,Cagliari Calcio,46,Inter Milan,LOAN_RETURN_OR_END_OF_LOAN,End of loan 30/06/2022,TRANSFERMARKT_EXPANDED
2022/23,2022,IN,633668,Giovanni Fabbian,46,Inter Milan,5380,Inter Milan Primavera,46,Inter Milan,PERMANENT_OR_OTHER_EXPLICIT,-,TRANSFERMARKT_EXPANDED
2022/23,2022,IN,731491,Franco Carboni,46,Inter Milan,5380,Inter Milan Primavera,46,Inter Milan,PERMANENT_OR_OTHER_EXPLICIT,-,TRANSFERMARKT_EXPANDED
2022/23,2022,IN,787618,Valentín Carboni,46,Inter Milan,5380,Inter Milan Primavera,46,Inter Milan,PERMANENT_OR_OTHER_EXPLICIT,-,TRANSFERMARKT_EXPANDED
2022/23,2022,IN,616162,Alessandro Fontanarosa,46,Inter Milan,5380,Inter Milan Primavera,46,Inter Milan,PERMANENT_OR_OTHER_EXPLICIT,-,TRANSFERMARKT_EXPANDED
2022/23,2022,IN,582353,Mattia Zanotti,46,Inter Milan,5380,Inter Milan Primavera,46,Inter Milan,PERMANENT_OR_OTHER_EXPLICIT,-,TRANSFERMARKT_EXPANDED
2022/23,2022,IN,486347,Tibo Persyn,46,Inter Milan,5380,Inter Milan Primavera,46,Inter Milan,PERMANENT_OR_OTHER_EXPLICIT,-,TRANSFERMARKT_EXPANDED
2022/23,2022,IN,622380,Cesare Casadei,46,Inter Milan,5380,Inter Milan Primavera,46,Inter Milan,PERMANENT_OR_OTHER_EXPLICIT,-,TRANSFERMARKT_EXPANDED
2022/23,2022,IN,338672,Zinho Vanheusden,46,Inter Milan,252,Genoa CFC,46,Inter Milan,LOAN_RETURN_OR_END_OF_LOAN,End of loan 30/06/2022,TRANSFERMARKT_EXPANDED
2022/23,2022,IN,539632,Lorenzo Moretti,46,Inter Milan,1307,US Pistoiese 1921,46,Inter Milan,LOAN_RETURN_OR_END_OF_LOAN,End of loan 30/06/2022,TRANSFERMARKT_EXPANDED
2022/23,2022,IN,579299,Edoardo Sottini,46,Inter Milan,1307,US Pistoiese 1921,46,Inter Milan,LOAN_RETURN_OR_END_OF_LOAN,End of loan 30/06/2022,TRANSFERMARKT_EXPANDED
2022/23,2022,IN,487830,Christian Dimarco,46,Inter Milan,4163,US Fiorenzuola 1922,46,Inter Milan,LOAN_RETURN_OR_END_OF_LOAN,End of loan 30/06/2022,TRANSFERMARKT_EXPANDED
2022/23,2022,IN,457422,Samuele Mulattieri,46,Inter Milan,4083,FC Crotone,46,Inter Milan,LOAN_RETURN_OR_END_OF_LOAN,End of loan 30/06/2022,TRANSFERMARKT_EXPANDED
2022/23,2022,IN,459991,Marco Pompetti,46,Inter Milan,2921,Delfino Pescara 1936,46,Inter Milan,LOAN_RETURN_OR_END_OF_LOAN,End of loan 30/06/2022,TRANSFERMARKT_EXPANDED
2022/23,2022,IN,537548,Fabrizio Bagheria,46,Inter Milan,2254,Pro Sesto 1913,46,Inter Milan,LOAN_RETURN_OR_END_OF_LOAN,End of loan 30/06/2022,TRANSFERMARKT_EXPANDED
2022/23,2022,IN,416371,Davide Zugaro,46,Inter Milan,29251,Virtus Verona,46,Inter Milan,LOAN_RETURN_OR_END_OF_LOAN,End of loan 30/06/2022,TRANSFERMARKT_EXPANDED
2022/23,2022,IN,444662,Niccolò Corrado,46,Inter Milan,9439,Feralpisalò,46,Inter Milan,LOAN_RETURN_OR_END_OF_LOAN,End of loan 30/06/2022,TRANSFERMARKT_EXPANDED
2022/23,2022,IN,487838,Niccolò Squizzato,46,Inter Milan,5587,SS Juve Stabia,46,Inter Milan,LOAN_RETURN_OR_END_OF_LOAN,End of loan 30/06/2022,TRANSFERMARKT_EXPANDED
2022/23,2022,IN,371247,Gabriel Brazão,46,Inter Milan,609,Cruzeiro Esporte Clube,46,Inter Milan,LOAN_RETURN_OR_END_OF_LOAN,End of loan 31/01/2023,TRANSFERMARKT_EXPANDED
2022/23,2022,IN,395083,Andreaw Gravillon,46,Inter Milan,1421,Stade Reims,46,Inter Milan,LOAN_RETURN_OR_END_OF_LOAN,End of loan 30/06/2022,TRANSFERMARKT_EXPANDED
2022/23,2022,IN,538918,Sebastiano Esposito,46,Inter Milan,26,FC Basel 1893,46,Inter Milan,LOAN_RETURN_OR_END_OF_LOAN,End of loan 30/06/2022,TRANSFERMARKT_EXPANDED
2022/23,2022,IN,487834,Lorenzo Pirola,46,Inter Milan,2919,AC Monza,46,Inter Milan,LOAN_RETURN_OR_END_OF_LOAN,End of loan 30/06/2022,TRANSFERMARKT_EXPANDED
2022/23,2022,IN,535793,Jacopo Gianelli,46,Inter Milan,2254,Pro Sesto 1913,46,Inter Milan,LOAN_RETURN_OR_END_OF_LOAN,End of loan 30/06/2022,TRANSFERMARKT_EXPANDED
2022/23,2022,IN,371247,Gabriel Brazão,46,Inter Milan,2722,SPAL,46,Inter Milan,LOAN_RETURN_OR_END_OF_LOAN,End of loan 03/08/2023,TRANSFERMARKT_EXPANDED
2022/23,2022,IN,301238,Michele Di Gregorio,46,Inter Milan,2919,AC Monza,46,Inter Milan,LOAN_RETURN_OR_END_OF_LOAN,End of loan 30/06/2022,TRANSFERMARKT_EXPANDED
2022/23,2022,IN,459661,Eddie Salcedo,46,Inter Milan,252,Genoa CFC,46,Inter Milan,LOAN_RETURN_OR_END_OF_LOAN,End of loan 30/06/2022,TRANSFERMARKT_EXPANDED
2022/23,2022,IN,627624,Lorenzo Peschetola,46,Inter Milan,704,Calcio Foggia 1920,46,Inter Milan,LOAN_RETURN_OR_END_OF_LOAN,End of loan 30/01/2023,TRANSFERMARKT_EXPANDED
2022/23,2022,IN,731491,Franco Carboni,46,Inter Milan,1390,Cagliari Calcio,46,Inter Milan,LOAN_RETURN_OR_END_OF_LOAN,End of loan 23/01/2023,TRANSFERMARKT_EXPANDED
2022/23,2022,IN,579299,Edoardo Sottini,46,Inter Milan,4271,US Triestina,46,Inter Milan,LOAN_RETURN_OR_END_OF_LOAN,End of loan 30/01/2023,TRANSFERMARKT_EXPANDED
2022/23,2022,IN,303657,Ionuț Radu,46,Inter Milan,2239,US Cremonese,46,Inter Milan,LOAN_RETURN_OR_END_OF_LOAN,End of loan 24/01/2023,TRANSFERMARKT_EXPANDED
2022/23,2022,IN,538918,Sebastiano Esposito,46,Inter Milan,58,RSC Anderlecht,46,Inter Milan,LOAN_RETURN_OR_END_OF_LOAN,End of loan 30/01/2023,TRANSFERMARKT_EXPANDED
2022/23,2022,IN,216179,Stefano Sensi,46,Inter Milan,1038,UC Sampdoria,46,Inter Milan,LOAN_RETURN_OR_END_OF_LOAN,End of loan 30/06/2022,TRANSFERMARKT_EXPANDED
2022/23,2022,IN,364136,Lorenzo Gavioli,46,Inter Milan,1386,Reggina 1914,46,Inter Milan,LOAN_RETURN_OR_END_OF_LOAN,End of loan 30/06/2022,TRANSFERMARKT_EXPANDED
2022/23,2022,IN,640109,Martín Satriano,46,Inter Milan,3911,Stade Brestois 29,46,Inter Milan,LOAN_RETURN_OR_END_OF_LOAN,End of loan 30/06/2022,TRANSFERMARKT_EXPANDED
2022/23,2022,IN,459661,Eddie Salcedo,46,Inter Milan,332,SSC Bari,46,Inter Milan,LOAN_RETURN_OR_END_OF_LOAN,End of loan 30/01/2023,TRANSFERMARKT_EXPANDED
2022/23,2022,IN,569384,Lucien Agoumé,46,Inter Milan,3911,Stade Brestois 29,46,Inter Milan,LOAN_RETURN_OR_END_OF_LOAN,End of loan 30/06/2022,TRANSFERMARKT_EXPANDED
2022/23,2022,IN,538919,Matías Fonseca,46,Inter Milan,4553,US Pergolettese 1932,46,Inter Milan,LOAN_RETURN_OR_END_OF_LOAN,End of loan 30/06/2022,TRANSFERMARKT_EXPANDED
2022/23,2022,IN,186368,Valentino Lazaro,46,Inter Milan,294,SL Benfica,46,Inter Milan,LOAN_RETURN_OR_END_OF_LOAN,End of loan 30/06/2022,TRANSFERMARKT_EXPANDED
2022/23,2022,IN,624869,Christopher Attys,46,Inter Milan,223,HNK Sibenik,46,Inter Milan,LOAN_RETURN_OR_END_OF_LOAN,End of loan 30/06/2022,TRANSFERMARKT_EXPANDED
2022/23,2022,IN,538919,Matías Fonseca,46,Inter Milan,4324,Imolese Calcio 1919,46,Inter Milan,LOAN_RETURN_OR_END_OF_LOAN,End of loan 29/01/2023,TRANSFERMARKT_EXPANDED
2022/23,2022,IN,315865,Andrea Pinamonti,46,Inter Milan,749,FC Empoli,46,Inter Milan,LOAN_RETURN_OR_END_OF_LOAN,End of loan 30/06/2022,TRANSFERMARKT_EXPANDED
2022/23,2022,IN,537548,Fabrizio Bagheria,46,Inter Milan,27624,US Recanatese,46,Inter Milan,LOAN_RETURN_OR_END_OF_LOAN,End of loan 12/01/2023,TRANSFERMARKT_EXPANDED
2022/23,2022,OUT,622380,Cesare Casadei,46,Inter Milan,46,Inter Milan,631,Chelsea FC,PERMANENT_OR_OTHER_EXPLICIT,€14.86m,TRANSFERMARKT_EXPANDED
2022/23,2022,OUT,301238,Michele Di Gregorio,46,Inter Milan,46,Inter Milan,2919,AC Monza,PERMANENT_OR_OTHER_EXPLICIT,€5.90m,TRANSFERMARKT_EXPANDED
2022/23,2022,OUT,395083,Andreaw Gravillon,46,Inter Milan,46,Inter Milan,1421,Stade Reims,PERMANENT_OR_OTHER_EXPLICIT,€3.00m,TRANSFERMARKT_EXPANDED
2022/23,2022,OUT,487834,Lorenzo Pirola,46,Inter Milan,46,Inter Milan,380,US Salernitana 1919,LOAN,Loan fee: €900k,TRANSFERMARKT_EXPANDED
2022/23,2022,OUT,444662,Niccolò Corrado,46,Inter Milan,46,Inter Milan,1103,Ternana Calcio,PERMANENT_OR_OTHER_EXPLICIT,€90k,TRANSFERMARKT_EXPANDED
2022/23,2022,OUT,40433,Alexis Sánchez,46,Inter Milan,46,Inter Milan,244,Olympique Marseille,FREE_TRANSFER,free transfer,TRANSFERMARKT_EXPANDED
2022/23,2022,OUT,624869,Christopher Attys,46,Inter Milan,46,Inter Milan,4324,Imolese Calcio 1919,FREE_TRANSFER,free transfer,TRANSFERMARKT_EXPANDED
2022/23,2022,OUT,143812,Matías Vecino,46,Inter Milan,46,Inter Milan,398,SS Lazio,FREE_TRANSFER,free transfer,TRANSFERMARKT_EXPANDED
2022/23,2022,OUT,538919,Matías Fonseca,46,Inter Milan,46,Inter Milan,2403,Montevideo Wanderers,FREE_TRANSFER,free transfer,TRANSFERMARKT_EXPANDED
2022/23,2022,OUT,42460,Ivan Perisic,46,Inter Milan,46,Inter Milan,148,Tottenham Hotspur,FREE_TRANSFER,free transfer,TRANSFERMARKT_EXPANDED
2022/23,2022,OUT,44327,Andrea Ranocchia,46,Inter Milan,46,Inter Milan,2919,AC Monza,FREE_TRANSFER,free transfer,TRANSFERMARKT_EXPANDED
2022/23,2022,OUT,37666,Arturo Vidal,46,Inter Milan,46,Inter Milan,614,CR Flamengo,FREE_TRANSFER,free transfer,TRANSFERMARKT_EXPANDED
2022/23,2022,OUT,364136,Lorenzo Gavioli,46,Inter Milan,46,Inter Milan,1386,Reggina 1914,FREE_TRANSFER,free transfer,TRANSFERMARKT_EXPANDED
2022/23,2022,OUT,537548,Fabrizio Bagheria,46,Inter Milan,46,Inter Milan,27624,US Recanatese,LOAN,loan transfer,TRANSFERMARKT_EXPANDED
2022/23,2022,OUT,487838,Niccolò Squizzato,46,Inter Milan,46,Inter Milan,24898,AC Renate,LOAN,loan transfer,TRANSFERMARKT_EXPANDED
2022/23,2022,OUT,538919,Matías Fonseca,46,Inter Milan,46,Inter Milan,4324,Imolese Calcio 1919,LOAN,loan transfer,TRANSFERMARKT_EXPANDED
2022/23,2022,OUT,579299,Edoardo Sottini,46,Inter Milan,46,Inter Milan,4271,US Triestina,LOAN,loan transfer,TRANSFERMARKT_EXPANDED
2022/23,2022,OUT,537548,Fabrizio Bagheria,46,Inter Milan,46,Inter Milan,1210,US Livorno 1915,LOAN,loan transfer,TRANSFERMARKT_EXPANDED
2022/23,2022,OUT,539632,Lorenzo Moretti,46,Inter Milan,46,Inter Milan,2331,US Avellino 1912,PERMANENT_OR_OTHER_EXPLICIT,?,TRANSFERMARKT_EXPANDED
2022/23,2022,OUT,487830,Christian Dimarco,46,Inter Milan,46,Inter Milan,9439,Feralpisalò,PERMANENT_OR_OTHER_EXPLICIT,?,TRANSFERMARKT_EXPANDED
2022/23,2022,OUT,486347,Tibo Persyn,46,Inter Milan,46,Inter Milan,3892,FC Eindhoven,LOAN,loan transfer,TRANSFERMARKT_EXPANDED
2022/23,2022,OUT,538918,Sebastiano Esposito,46,Inter Milan,46,Inter Milan,58,RSC Anderlecht,LOAN,loan transfer,TRANSFERMARKT_EXPANDED
2022/23,2022,OUT,416371,Davide Zugaro,46,Inter Milan,46,Inter Milan,74951,Sangiuliano City,LOAN,loan transfer,TRANSFERMARKT_EXPANDED
2022/23,2022,OUT,731491,Franco Carboni,46,Inter Milan,46,Inter Milan,1390,Cagliari Calcio,LOAN,loan transfer,TRANSFERMARKT_EXPANDED
2022/23,2022,OUT,459991,Marco Pompetti,46,Inter Milan,46,Inter Milan,4554,FC Südtirol,LOAN,loan transfer,TRANSFERMARKT_EXPANDED
2022/23,2022,OUT,457422,Samuele Mulattieri,46,Inter Milan,46,Inter Milan,8970,Frosinone Calcio,LOAN,loan transfer,TRANSFERMARKT_EXPANDED
2022/23,2022,OUT,303657,Ionuț Radu,46,Inter Milan,46,Inter Milan,2239,US Cremonese,LOAN,loan transfer,TRANSFERMARKT_EXPANDED
2022/23,2022,OUT,216179,Stefano Sensi,46,Inter Milan,46,Inter Milan,2919,AC Monza,LOAN,loan transfer,TRANSFERMARKT_EXPANDED
2022/23,2022,OUT,640109,Martín Satriano,46,Inter Milan,46,Inter Milan,749,FC Empoli,LOAN,loan transfer,TRANSFERMARKT_EXPANDED
2022/23,2022,OUT,338672,Zinho Vanheusden,46,Inter Milan,46,Inter Milan,1090,AZ Alkmaar,LOAN,loan transfer,TRANSFERMARKT_EXPANDED
2022/23,2022,OUT,186368,Valentino Lazaro,46,Inter Milan,46,Inter Milan,416,Torino FC,LOAN,loan transfer,TRANSFERMARKT_EXPANDED
2022/23,2022,OUT,315865,Andrea Pinamonti,46,Inter Milan,46,Inter Milan,6574,US Sassuolo,LOAN,loan transfer,TRANSFERMARKT_EXPANDED
2022/23,2022,OUT,627624,Lorenzo Peschetola,46,Inter Milan,46,Inter Milan,22045,Latina Calcio 1932,LOAN,loan transfer,TRANSFERMARKT_EXPANDED
2022/23,2022,OUT,371247,Gabriel Brazão,46,Inter Milan,46,Inter Milan,2722,SPAL,LOAN,loan transfer,TRANSFERMARKT_EXPANDED
2022/23,2022,OUT,459661,Eddie Salcedo,46,Inter Milan,46,Inter Milan,252,Genoa CFC,LOAN,loan transfer,TRANSFERMARKT_EXPANDED
2022/23,2022,OUT,538918,Sebastiano Esposito,46,Inter Milan,46,Inter Milan,332,SSC Bari,LOAN,loan transfer,TRANSFERMARKT_EXPANDED
2022/23,2022,OUT,303657,Ionuț Radu,46,Inter Milan,46,Inter Milan,290,AJ Auxerre,LOAN,loan transfer,TRANSFERMARKT_EXPANDED
2022/23,2022,OUT,731491,Franco Carboni,46,Inter Milan,46,Inter Milan,2919,AC Monza,LOAN,loan transfer,TRANSFERMARKT_EXPANDED
2022/23,2022,OUT,569384,Lucien Agoumé,46,Inter Milan,46,Inter Milan,1095,ESTAC Troyes,LOAN,loan transfer,TRANSFERMARKT_EXPANDED
2022/23,2022,OUT,459661,Eddie Salcedo,46,Inter Milan,46,Inter Milan,332,SSC Bari,LOAN,loan transfer,TRANSFERMARKT_EXPANDED
2022/23,2022,OUT,633668,Giovanni Fabbian,46,Inter Milan,46,Inter Milan,1386,Reggina 1914,LOAN,loan transfer,TRANSFERMARKT_EXPANDED
2022/23,2022,OUT,46156,Aleksandar Kolarov,46,Inter Milan,46,Inter Milan,,Retired,RETIREMENT,-,TRANSFERMARKT_EXPANDED
2022/23,2022,OUT,579299,Edoardo Sottini,46,Inter Milan,46,Inter Milan,2331,US Avellino 1912,LOAN,loan transfer,TRANSFERMARKT_EXPANDED
2022/23,2022,OUT,273132,Robin Gosens,46,Inter Milan,46,Inter Milan,800,Atalanta BC,LOAN_RETURN_OR_END_OF_LOAN,End of loan 30/06/2022,TRANSFERMARKT_EXPANDED
2022/23,2022,OUT,37834,Felipe Caicedo,46,Inter Milan,46,Inter Milan,252,Genoa CFC,LOAN_RETURN_OR_END_OF_LOAN,End of loan 30/06/2022,TRANSFERMARKT_EXPANDED
2022/23,2022,OUT,227081,Joaquín Correa,46,Inter Milan,46,Inter Milan,398,SS Lazio,LOAN_RETURN_OR_END_OF_LOAN,End of loan 30/06/2022,TRANSFERMARKT_EXPANDED
2022/23,2022,IN,503482,Min-jae Kim,6195,SSC Napoli,36,Fenerbahce,6195,SSC Napoli,PERMANENT_OR_OTHER_EXPLICIT,€19.00m,TRANSFERMARKT_EXPANDED
2022/23,2022,IN,376514,Mathías Olivera,6195,SSC Napoli,3709,Getafe CF,6195,SSC Napoli,PERMANENT_OR_OTHER_EXPLICIT,€16.50m,TRANSFERMARKT_EXPANDED
2022/23,2022,IN,354361,Frank Anguissa,6195,SSC Napoli,931,Fulham FC,6195,SSC Napoli,PERMANENT_OR_OTHER_EXPLICIT,€16.00m,TRANSFERMARKT_EXPANDED
2022/23,2022,IN,502670,Khvicha Kvaratskhelia,6195,SSC Napoli,11344,Dinamo Batumi,6195,SSC Napoli,PERMANENT_OR_OTHER_EXPLICIT,€13.30m,TRANSFERMARKT_EXPANDED
2022/23,2022,IN,367284,Leo Østigård,6195,SSC Napoli,1237,Brighton & Hove Albion,6195,SSC Napoli,PERMANENT_OR_OTHER_EXPLICIT,€5.50m,TRANSFERMARKT_EXPANDED
2022/23,2022,IN,405885,Giacomo Raspadori,6195,SSC Napoli,6574,US Sassuolo,6195,SSC Napoli,LOAN,Loan fee: €5.00m,TRANSFERMARKT_EXPANDED
2022/23,2022,IN,282388,Giovanni Simeone,6195,SSC Napoli,276,Hellas Verona,6195,SSC Napoli,LOAN,Loan fee: €3.10m,TRANSFERMARKT_EXPANDED
2022/23,2022,IN,450936,Tanguy Ndombélé,6195,SSC Napoli,148,Tottenham Hotspur,6195,SSC Napoli,LOAN,Loan fee: €500k,TRANSFERMARKT_EXPANDED
2022/23,2022,IN,244192,Pierluigi Gollini,6195,SSC Napoli,800,Atalanta BC,6195,SSC Napoli,LOAN,Loan fee: €400k,TRANSFERMARKT_EXPANDED
2022/23,2022,IN,25508,Salvatore Sirigu,6195,SSC Napoli,252,Genoa CFC,6195,SSC Napoli,FREE_TRANSFER,free transfer,TRANSFERMARKT_EXPANDED
2022/23,2022,IN,707295,Giuseppe Ambrosino,6195,SSC Napoli,12819,Napoli Primavera,6195,SSC Napoli,PERMANENT_OR_OTHER_EXPLICIT,-,TRANSFERMARKT_EXPANDED
2022/23,2022,IN,703245,Antonio Vergara,6195,SSC Napoli,12819,Napoli Primavera,6195,SSC Napoli,PERMANENT_OR_OTHER_EXPLICIT,-,TRANSFERMARKT_EXPANDED
2022/23,2022,IN,555557,Hubert Idasiak,6195,SSC Napoli,12819,Napoli Primavera,6195,SSC Napoli,PERMANENT_OR_OTHER_EXPLICIT,-,TRANSFERMARKT_EXPANDED
2022/23,2022,IN,144143,Bartosz Bereszyński,6195,SSC Napoli,1038,UC Sampdoria,6195,SSC Napoli,LOAN,loan transfer,TRANSFERMARKT_EXPANDED
2022/23,2022,IN,535797,Lorenzo Sgarbi,6195,SSC Napoli,30066,FC Legnago Salus,6195,SSC Napoli,LOAN_RETURN_OR_END_OF_LOAN,End of loan 30/06/2022,TRANSFERMARKT_EXPANDED
2022/23,2022,IN,191891,Arkadiusz Milik,6195,SSC Napoli,244,Olympique Marseille,6195,SSC Napoli,LOAN_RETURN_OR_END_OF_LOAN,End of loan 30/06/2022,TRANSFERMARKT_EXPANDED
2022/23,2022,IN,433584,Alessio Zerbin,6195,SSC Napoli,8970,Frosinone Calcio,6195,SSC Napoli,LOAN_RETURN_OR_END_OF_LOAN,End of loan 30/06/2022,TRANSFERMARKT_EXPANDED
2022/23,2022,IN,409553,Franco Ferrari,6195,SSC Napoli,2921,Delfino Pescara 1936,6195,SSC Napoli,LOAN_RETURN_OR_END_OF_LOAN,End of loan 30/06/2022,TRANSFERMARKT_EXPANDED
2022/23,2022,IN,341498,Eugenio D'Ursi,6195,SSC Napoli,2921,Delfino Pescara 1936,6195,SSC Napoli,LOAN_RETURN_OR_END_OF_LOAN,End of loan 30/06/2022,TRANSFERMARKT_EXPANDED
2022/23,2022,IN,202979,Gennaro Tutino,6195,SSC Napoli,130,Parma Calcio 1913,6195,SSC Napoli,LOAN_RETURN_OR_END_OF_LOAN,End of loan 30/06/2022,TRANSFERMARKT_EXPANDED
2022/23,2022,IN,278531,Sebastiano Luperto,6195,SSC Napoli,749,FC Empoli,6195,SSC Napoli,LOAN_RETURN_OR_END_OF_LOAN,End of loan 30/06/2022,TRANSFERMARKT_EXPANDED
2022/23,2022,IN,250683,Nikita Contini,6195,SSC Napoli,4083,FC Crotone,6195,SSC Napoli,LOAN_RETURN_OR_END_OF_LOAN,End of loan 30/06/2022,TRANSFERMARKT_EXPANDED
2022/23,2022,IN,612065,Karim Zedadka,6195,SSC Napoli,172,Royal Charleroi SC,6195,SSC Napoli,LOAN_RETURN_OR_END_OF_LOAN,End of loan 30/06/2022,TRANSFERMARKT_EXPANDED
2022/23,2022,IN,395190,Francesco Mezzoni,6195,SSC Napoli,1307,US Pistoiese 1921,6195,SSC Napoli,LOAN_RETURN_OR_END_OF_LOAN,End of loan 30/06/2022,TRANSFERMARKT_EXPANDED
2022/23,2022,IN,240357,Luca Palmiero,6195,SSC Napoli,4031,Cosenza Calcio,6195,SSC Napoli,LOAN_RETURN_OR_END_OF_LOAN,End of loan 30/06/2022,TRANSFERMARKT_EXPANDED
2022/23,2022,IN,707295,Giuseppe Ambrosino,6195,SSC Napoli,1047,Como 1907,6195,SSC Napoli,LOAN_RETURN_OR_END_OF_LOAN,End of loan 17/01/2023,TRANSFERMARKT_EXPANDED
2022/23,2022,IN,146143,Zinédine Machach,6195,SSC Napoli,709,Kispest–Honvéd FC,6195,SSC Napoli,LOAN_RETURN_OR_END_OF_LOAN,End of loan 30/06/2022,TRANSFERMARKT_EXPANDED
2022/23,2022,IN,358008,Gianluca Gaetano,6195,SSC Napoli,2239,US Cremonese,6195,SSC Napoli,LOAN_RETURN_OR_END_OF_LOAN,End of loan 30/06/2022,TRANSFERMARKT_EXPANDED
2022/23,2022,IN,341498,Eugenio D'Ursi,6195,SSC Napoli,704,Calcio Foggia 1920,6195,SSC Napoli,LOAN_RETURN_OR_END_OF_LOAN,End of loan 05/01/2023,TRANSFERMARKT_EXPANDED
2022/23,2022,IN,197743,Filippo Costa,6195,SSC Napoli,130,Parma Calcio 1913,6195,SSC Napoli,LOAN_RETURN_OR_END_OF_LOAN,End of loan 30/06/2022,TRANSFERMARKT_EXPANDED
2022/23,2022,IN,618505,Davide Costanzo,6195,SSC Napoli,2721,US Alessandria Calcio 1912,6195,SSC Napoli,LOAN_RETURN_OR_END_OF_LOAN,End of loan 30/01/2023,TRANSFERMARKT_EXPANDED
2022/23,2022,IN,377042,Michael Folorunsho,6195,SSC Napoli,1386,Reggina 1914,6195,SSC Napoli,LOAN_RETURN_OR_END_OF_LOAN,End of loan 30/06/2022,TRANSFERMARKT_EXPANDED
2022/23,2022,IN,535797,Lorenzo Sgarbi,6195,SSC Napoli,24898,AC Renate,6195,SSC Napoli,LOAN_RETURN_OR_END_OF_LOAN,End of loan 11/01/2023,TRANSFERMARKT_EXPANDED
2022/23,2022,IN,250683,Nikita Contini,6195,SSC Napoli,1038,UC Sampdoria,6195,SSC Napoli,LOAN_RETURN_OR_END_OF_LOAN,End of loan 12/01/2023,TRANSFERMARKT_EXPANDED
2022/23,2022,OUT,93128,Kalidou Koulibaly,6195,SSC Napoli,6195,SSC Napoli,631,Chelsea FC,PERMANENT_OR_OTHER_EXPLICIT,€41.90m,TRANSFERMARKT_EXPANDED
2022/23,2022,OUT,350219,Fabián Ruiz,6195,SSC Napoli,6195,SSC Napoli,583,Paris Saint-Germain,PERMANENT_OR_OTHER_EXPLICIT,€22.50m,TRANSFERMARKT_EXPANDED
2022/23,2022,OUT,191891,Arkadiusz Milik,6195,SSC Napoli,6195,SSC Napoli,244,Olympique Marseille,PERMANENT_OR_OTHER_EXPLICIT,€9.70m,TRANSFERMARKT_EXPANDED
2022/23,2022,OUT,202979,Gennaro Tutino,6195,SSC Napoli,6195,SSC Napoli,130,Parma Calcio 1913,PERMANENT_OR_OTHER_EXPLICIT,€5.80m,TRANSFERMARKT_EXPANDED
2022/23,2022,OUT,400485,Adam Ounas,6195,SSC Napoli,6195,SSC Napoli,1082,LOSC Lille,PERMANENT_OR_OTHER_EXPLICIT,€2.50m,TRANSFERMARKT_EXPANDED
2022/23,2022,OUT,199258,Andrea Petagna,6195,SSC Napoli,6195,SSC Napoli,2919,AC Monza,LOAN,Loan fee: €2.50m,TRANSFERMARKT_EXPANDED
2022/23,2022,OUT,278531,Sebastiano Luperto,6195,SSC Napoli,6195,SSC Napoli,749,FC Empoli,LOAN,Loan fee: €500k,TRANSFERMARKT_EXPANDED
2022/23,2022,OUT,409553,Franco Ferrari,6195,SSC Napoli,6195,SSC Napoli,2655,LR Vicenza,PERMANENT_OR_OTHER_EXPLICIT,€350k,TRANSFERMARKT_EXPANDED
2022/23,2022,OUT,341498,Eugenio D'Ursi,6195,SSC Napoli,6195,SSC Napoli,4083,FC Crotone,PERMANENT_OR_OTHER_EXPLICIT,€183k,TRANSFERMARKT_EXPANDED
2022/23,2022,OUT,240357,Luca Palmiero,6195,SSC Napoli,6195,SSC Napoli,2921,Delfino Pescara 1936,PERMANENT_OR_OTHER_EXPLICIT,€125k,TRANSFERMARKT_EXPANDED
2022/23,2022,OUT,341498,Eugenio D'Ursi,6195,SSC Napoli,6195,SSC Napoli,704,Calcio Foggia 1920,LOAN,Loan fee: €50k,TRANSFERMARKT_EXPANDED
2022/23,2022,OUT,250683,Nikita Contini,6195,SSC Napoli,6195,SSC Napoli,1038,UC Sampdoria,LOAN,Loan fee: €50k,TRANSFERMARKT_EXPANDED
2022/23,2022,OUT,250683,Nikita Contini,6195,SSC Napoli,6195,SSC Napoli,1386,Reggina 1914,LOAN,Loan fee: €25k,TRANSFERMARKT_EXPANDED
2022/23,2022,OUT,56416,Dries Mertens,6195,SSC Napoli,6195,SSC Napoli,141,Galatasaray,FREE_TRANSFER,free transfer,TRANSFERMARKT_EXPANDED
2022/23,2022,OUT,146143,Zinédine Machach,6195,SSC Napoli,6195,SSC Napoli,553,Ionikos Nikea,FREE_TRANSFER,free transfer,TRANSFERMARKT_EXPANDED
2022/23,2022,OUT,73396,David Ospina,6195,SSC Napoli,6195,SSC Napoli,18544,Al-Nassr FC,FREE_TRANSFER,free transfer,TRANSFERMARKT_EXPANDED
2022/23,2022,OUT,126711,Kévin Malcuit,6195,SSC Napoli,6195,SSC Napoli,868,MKE Ankaragücü,FREE_TRANSFER,free transfer,TRANSFERMARKT_EXPANDED
2022/23,2022,OUT,133964,Lorenzo Insigne,6195,SSC Napoli,6195,SSC Napoli,11141,Toronto FC,FREE_TRANSFER,free transfer,TRANSFERMARKT_EXPANDED
2022/23,2022,OUT,25508,Salvatore Sirigu,6195,SSC Napoli,6195,SSC Napoli,430,ACF Fiorentina,FREE_TRANSFER,free transfer,TRANSFERMARKT_EXPANDED
2022/23,2022,OUT,395190,Francesco Mezzoni,6195,SSC Napoli,6195,SSC Napoli,1388,Ancona Calcio,LOAN,loan transfer,TRANSFERMARKT_EXPANDED
2022/23,2022,OUT,535797,Lorenzo Sgarbi,6195,SSC Napoli,6195,SSC Napoli,24898,AC Renate,LOAN,loan transfer,TRANSFERMARKT_EXPANDED
2022/23,2022,OUT,707295,Giuseppe Ambrosino,6195,SSC Napoli,6195,SSC Napoli,1047,Como 1907,LOAN,loan transfer,TRANSFERMARKT_EXPANDED
2022/23,2022,OUT,397225,Alessandro Zanoli,6195,SSC Napoli,6195,SSC Napoli,1038,UC Sampdoria,LOAN,loan transfer,TRANSFERMARKT_EXPANDED
2022/23,2022,OUT,535797,Lorenzo Sgarbi,6195,SSC Napoli,6195,SSC Napoli,2254,Pro Sesto 1913,LOAN,loan transfer,TRANSFERMARKT_EXPANDED
2022/23,2022,OUT,707295,Giuseppe Ambrosino,6195,SSC Napoli,6195,SSC Napoli,4084,AS Cittadella,LOAN,loan transfer,TRANSFERMARKT_EXPANDED
2022/23,2022,OUT,377042,Michael Folorunsho,6195,SSC Napoli,6195,SSC Napoli,332,SSC Bari,LOAN,loan transfer,TRANSFERMARKT_EXPANDED
2022/23,2022,OUT,618505,Davide Costanzo,6195,SSC Napoli,6195,SSC Napoli,26789,FC Pro Vercelli 1892,LOAN,loan transfer,TRANSFERMARKT_EXPANDED
2022/23,2022,OUT,126656,Faouzi Ghoulam,6195,SSC Napoli,6195,SSC Napoli,515,Without Club,FREE_AGENT_OR_END_OF_CONTRACT,-,TRANSFERMARKT_EXPANDED
2022/23,2022,OUT,703245,Antonio Vergara,6195,SSC Napoli,6195,SSC Napoli,26789,FC Pro Vercelli 1892,LOAN,loan transfer,TRANSFERMARKT_EXPANDED
2022/23,2022,OUT,197743,Filippo Costa,6195,SSC Napoli,6195,SSC Napoli,704,Calcio Foggia 1920,LOAN,loan transfer,TRANSFERMARKT_EXPANDED
2022/23,2022,OUT,354361,Frank Anguissa,6195,SSC Napoli,6195,SSC Napoli,931,Fulham FC,LOAN_RETURN_OR_END_OF_LOAN,End of loan 30/06/2022,TRANSFERMARKT_EXPANDED
2022/23,2022,OUT,342046,Axel Tuanzebe,6195,SSC Napoli,6195,SSC Napoli,985,Manchester United,LOAN_RETURN_OR_END_OF_LOAN,End of loan 30/06/2022,TRANSFERMARKT_EXPANDED
2022/23,2022,IN,516716,Bremer,506,Juventus FC,416,Torino FC,506,Juventus FC,PERMANENT_OR_OTHER_EXPLICIT,€51.30m,TRANSFERMARKT_EXPANDED
2022/23,2022,IN,341092,Federico Chiesa,506,Juventus FC,430,ACF Fiorentina,506,Juventus FC,PERMANENT_OR_OTHER_EXPLICIT,€44.60m,TRANSFERMARKT_EXPANDED
2022/23,2022,IN,459658,Andrea Cambiaso,506,Juventus FC,252,Genoa CFC,506,Juventus FC,PERMANENT_OR_OTHER_EXPLICIT,€15.50m,TRANSFERMARKT_EXPANDED
2022/23,2022,IN,161011,Filip Kostic,506,Juventus FC,24,Eintracht Frankfurt,506,Juventus FC,PERMANENT_OR_OTHER_EXPLICIT,€14.70m,TRANSFERMARKT_EXPANDED
2022/23,2022,IN,166237,Leandro Paredes,506,Juventus FC,583,Paris Saint-Germain,506,Juventus FC,LOAN,Loan fee: €2.50m,TRANSFERMARKT_EXPANDED
2022/23,2022,IN,191891,Arkadiusz Milik,506,Juventus FC,244,Olympique Marseille,506,Juventus FC,LOAN,Loan fee: €750k,TRANSFERMARKT_EXPANDED
2022/23,2022,IN,122153,Paul Pogba,506,Juventus FC,985,Manchester United,506,Juventus FC,FREE_TRANSFER,free transfer,TRANSFERMARKT_EXPANDED
2022/23,2022,IN,45320,Ángel Di María,506,Juventus FC,583,Paris Saint-Germain,506,Juventus FC,FREE_TRANSFER,free transfer,TRANSFERMARKT_EXPANDED
2022/23,2022,IN,205940,Marko Pjaca,506,Juventus FC,416,Torino FC,506,Juventus FC,LOAN_RETURN_OR_END_OF_LOAN,End of loan 30/06/2022,TRANSFERMARKT_EXPANDED
2022/23,2022,IN,671915,Enzo Barrenechea,506,Juventus FC,41101,Juventus Next Gen,506,Juventus FC,PERMANENT_OR_OTHER_EXPLICIT,-,TRANSFERMARKT_EXPANDED
2022/23,2022,IN,571607,Fabio Miretti,506,Juventus FC,41101,Juventus Next Gen,506,Juventus FC,PERMANENT_OR_OTHER_EXPLICIT,-,TRANSFERMARKT_EXPANDED
2022/23,2022,IN,581672,Samuel Iling-Junior,506,Juventus FC,41101,Juventus Next Gen,506,Juventus FC,PERMANENT_OR_OTHER_EXPLICIT,-,TRANSFERMARKT_EXPANDED
2022/23,2022,IN,668951,Matías Soulé,506,Juventus FC,41101,Juventus Next Gen,506,Juventus FC,PERMANENT_OR_OTHER_EXPLICIT,-,TRANSFERMARKT_EXPANDED
2022/23,2022,IN,525704,Nicolò Rovella,506,Juventus FC,252,Genoa CFC,506,Juventus FC,LOAN_RETURN_OR_END_OF_LOAN,End of loan 30/06/2022,TRANSFERMARKT_EXPANDED
2022/23,2022,IN,308279,Rolando Mandragora,506,Juventus FC,416,Torino FC,506,Juventus FC,LOAN_RETURN_OR_END_OF_LOAN,End of loan 30/06/2022,TRANSFERMARKT_EXPANDED
2022/23,2022,IN,75615,Douglas Costa,506,Juventus FC,1061,Los Angeles Galaxy,506,Juventus FC,LOAN_RETURN_OR_END_OF_LOAN,End of loan 31/12/2022,TRANSFERMARKT_EXPANDED
2022/23,2022,IN,363178,Giacomo Vrioni,506,Juventus FC,2446,WSG Tirol,506,Juventus FC,LOAN_RETURN_OR_END_OF_LOAN,End of loan 30/06/2022,TRANSFERMARKT_EXPANDED
2022/23,2022,IN,244491,Stefano Gori,506,Juventus FC,1047,Como 1907,506,Juventus FC,LOAN_RETURN_OR_END_OF_LOAN,End of loan 30/06/2022,TRANSFERMARKT_EXPANDED
2022/23,2022,IN,346567,Luca Pellegrini,506,Juventus FC,24,Eintracht Frankfurt,506,Juventus FC,LOAN_RETURN_OR_END_OF_LOAN,End of loan 30/01/2023,TRANSFERMARKT_EXPANDED
2022/23,2022,IN,386755,Gianluca Frabotta,506,Juventus FC,276,Hellas Verona,506,Juventus FC,LOAN_RETURN_OR_END_OF_LOAN,End of loan 30/06/2022,TRANSFERMARKT_EXPANDED
2022/23,2022,IN,340879,Merih Demiral,506,Juventus FC,800,Atalanta BC,506,Juventus FC,LOAN_RETURN_OR_END_OF_LOAN,End of loan 30/06/2022,TRANSFERMARKT_EXPANDED
2022/23,2022,IN,432090,Nicolò Fagioli,506,Juventus FC,2239,US Cremonese,506,Juventus FC,LOAN_RETURN_OR_END_OF_LOAN,End of loan 30/06/2022,TRANSFERMARKT_EXPANDED
2022/23,2022,IN,503638,Mohamed Ihattaren,506,Juventus FC,610,Ajax Amsterdam,506,Juventus FC,LOAN_RETURN_OR_END_OF_LOAN,End of loan 31/12/2022,TRANSFERMARKT_EXPANDED
2022/23,2022,IN,568559,Radu Drăgușin,506,Juventus FC,380,US Salernitana 1919,506,Juventus FC,LOAN_RETURN_OR_END_OF_LOAN,End of loan 30/06/2022,TRANSFERMARKT_EXPANDED
2022/23,2022,IN,509022,Federico Gatti,506,Juventus FC,8970,Frosinone Calcio,506,Juventus FC,LOAN_RETURN_OR_END_OF_LOAN,End of loan 30/06/2022,TRANSFERMARKT_EXPANDED
2022/23,2022,OUT,326031,Matthijs de Ligt,506,Juventus FC,506,Juventus FC,27,Bayern Munich,PERMANENT_OR_OTHER_EXPLICIT,€67.00m,TRANSFERMARKT_EXPANDED
2022/23,2022,OUT,340879,Merih Demiral,506,Juventus FC,506,Juventus FC,800,Atalanta BC,PERMANENT_OR_OTHER_EXPLICIT,€21.00m,TRANSFERMARKT_EXPANDED
2022/23,2022,OUT,308279,Rolando Mandragora,506,Juventus FC,506,Juventus FC,430,ACF Fiorentina,PERMANENT_OR_OTHER_EXPLICIT,€8.20m,TRANSFERMARKT_EXPANDED
2022/23,2022,OUT,362842,Arthur Melo,506,Juventus FC,506,Juventus FC,31,Liverpool FC,LOAN,Loan fee: €4.50m,TRANSFERMARKT_EXPANDED
2022/23,2022,OUT,363178,Giacomo Vrioni,506,Juventus FC,506,Juventus FC,626,New England Revolution,PERMANENT_OR_OTHER_EXPLICIT,€3.65m,TRANSFERMARKT_EXPANDED
2022/23,2022,OUT,334526,Denis Zakaria,506,Juventus FC,506,Juventus FC,631,Chelsea FC,LOAN,Loan fee: €3.00m,TRANSFERMARKT_EXPANDED
2022/23,2022,OUT,459658,Andrea Cambiaso,506,Juventus FC,506,Juventus FC,1025,Bologna FC 1909,LOAN,Loan fee: €2.00m,TRANSFERMARKT_EXPANDED
2022/23,2022,OUT,332697,Weston McKennie,506,Juventus FC,506,Juventus FC,399,Leeds United,LOAN,Loan fee: €1.25m,TRANSFERMARKT_EXPANDED
2022/23,2022,OUT,489611,Filippo Ranocchia,506,Juventus FC,506,Juventus FC,2919,AC Monza,LOAN,Loan fee: €500k,TRANSFERMARKT_EXPANDED
2022/23,2022,OUT,525704,Nicolò Rovella,506,Juventus FC,506,Juventus FC,2919,AC Monza,LOAN,Loan fee: €490k,TRANSFERMARKT_EXPANDED
2022/23,2022,OUT,50057,Aaron Ramsey,506,Juventus FC,506,Juventus FC,417,OGC Nice,FREE_TRANSFER,free transfer,TRANSFERMARKT_EXPANDED
2022/23,2022,OUT,206050,Paulo Dybala,506,Juventus FC,506,Juventus FC,12,AS Roma,FREE_TRANSFER,free transfer,TRANSFERMARKT_EXPANDED
2022/23,2022,OUT,197300,Federico Bernardeschi,506,Juventus FC,506,Juventus FC,11141,Toronto FC,FREE_TRANSFER,free transfer,TRANSFERMARKT_EXPANDED
2022/23,2022,OUT,75615,Douglas Costa,506,Juventus FC,506,Juventus FC,1061,Los Angeles Galaxy,FREE_TRANSFER,free transfer,TRANSFERMARKT_EXPANDED
2022/23,2022,OUT,29260,Giorgio Chiellini,506,Juventus FC,506,Juventus FC,51828,Los Angeles FC,FREE_TRANSFER,free transfer,TRANSFERMARKT_EXPANDED
2022/23,2022,OUT,346567,Luca Pellegrini,506,Juventus FC,506,Juventus FC,24,Eintracht Frankfurt,LOAN,loan transfer,TRANSFERMARKT_EXPANDED
2022/23,2022,OUT,346567,Luca Pellegrini,506,Juventus FC,506,Juventus FC,398,SS Lazio,LOAN,loan transfer,TRANSFERMARKT_EXPANDED
2022/23,2022,OUT,205940,Marko Pjaca,506,Juventus FC,506,Juventus FC,749,FC Empoli,LOAN,loan transfer,TRANSFERMARKT_EXPANDED
2022/23,2022,OUT,682032,Marley Aké,506,Juventus FC,506,Juventus FC,2969,Dijon FCO,LOAN,loan transfer,TRANSFERMARKT_EXPANDED
2022/23,2022,OUT,568559,Radu Drăgușin,506,Juventus FC,506,Juventus FC,252,Genoa CFC,LOAN,loan transfer,TRANSFERMARKT_EXPANDED
2022/23,2022,OUT,244491,Stefano Gori,506,Juventus FC,506,Juventus FC,839,AC Perugia Calcio,LOAN,loan transfer,TRANSFERMARKT_EXPANDED
2022/23,2022,OUT,386755,Gianluca Frabotta,506,Juventus FC,506,Juventus FC,1005,US Lecce,LOAN,loan transfer,TRANSFERMARKT_EXPANDED
2022/23,2022,OUT,128223,Álvaro Morata,506,Juventus FC,506,Juventus FC,13,Atlético de Madrid,LOAN_RETURN_OR_END_OF_LOAN,End of loan 30/06/2022,TRANSFERMARKT_EXPANDED
2022/23,2022,OUT,341092,Federico Chiesa,506,Juventus FC,506,Juventus FC,430,ACF Fiorentina,LOAN_RETURN_OR_END_OF_LOAN,End of loan 30/06/2022,TRANSFERMARKT_EXPANDED
2022/23,2022,IN,618341,Mario Gila,398,SS Lazio,6767,Real Madrid Castilla,398,SS Lazio,PERMANENT_OR_OTHER_EXPLICIT,€21.00m,TRANSFERMARKT_EXPANDED
2022/23,2022,IN,367464,Luís Maximiano,398,SS Lazio,16795,Granada CF,398,SS Lazio,PERMANENT_OR_OTHER_EXPLICIT,€10.50m,TRANSFERMARKT_EXPANDED
2022/23,2022,IN,389837,Nicolò Casale,398,SS Lazio,276,Hellas Verona,398,SS Lazio,PERMANENT_OR_OTHER_EXPLICIT,€8.00m,TRANSFERMARKT_EXPANDED
2022/23,2022,IN,468301,Marcos Antônio,398,SS Lazio,660,Shakhtar Donetsk,398,SS Lazio,PERMANENT_OR_OTHER_EXPLICIT,€7.50m,TRANSFERMARKT_EXPANDED
2022/23,2022,IN,283735,Mattia Zaccagni,398,SS Lazio,276,Hellas Verona,398,SS Lazio,PERMANENT_OR_OTHER_EXPLICIT,€7.10m,TRANSFERMARKT_EXPANDED
2022/23,2022,IN,197929,Ivan Provedel,398,SS Lazio,3522,Spezia Calcio,398,SS Lazio,PERMANENT_OR_OTHER_EXPLICIT,€2.55m,TRANSFERMARKT_EXPANDED
2022/23,2022,IN,143812,Matías Vecino,398,SS Lazio,46,Inter Milan,398,SS Lazio,FREE_TRANSFER,free transfer,TRANSFERMARKT_EXPANDED
2022/23,2022,IN,197747,Alessio Romagnoli,398,SS Lazio,5,AC Milan,398,SS Lazio,FREE_TRANSFER,free transfer,TRANSFERMARKT_EXPANDED
2022/23,2022,IN,550106,Matteo Cancellieri,398,SS Lazio,276,Hellas Verona,398,SS Lazio,LOAN,loan transfer,TRANSFERMARKT_EXPANDED
2022/23,2022,IN,346567,Luca Pellegrini,398,SS Lazio,506,Juventus FC,398,SS Lazio,LOAN,loan transfer,TRANSFERMARKT_EXPANDED
2022/23,2022,IN,613539,Marco Bertini,398,SS Lazio,12816,Lazio U19,398,SS Lazio,PERMANENT_OR_OTHER_EXPLICIT,-,TRANSFERMARKT_EXPANDED
2022/23,2022,IN,538079,Alessio Furlanetto,398,SS Lazio,12816,Lazio U19,398,SS Lazio,PERMANENT_OR_OTHER_EXPLICIT,-,TRANSFERMARKT_EXPANDED
2022/23,2022,IN,391931,Marco Alia,398,SS Lazio,45894,Monterosi Tuscia FC,398,SS Lazio,LOAN_RETURN_OR_END_OF_LOAN,End of loan 01/07/2022,TRANSFERMARKT_EXPANDED
2022/23,2022,IN,500419,Mattia Novella,398,SS Lazio,33734,SS Monopoli 1966,398,SS Lazio,LOAN_RETURN_OR_END_OF_LOAN,End of loan 30/06/2022,TRANSFERMARKT_EXPANDED
2022/23,2022,IN,400577,Biagio Morrone,398,SS Lazio,33734,SS Monopoli 1966,398,SS Lazio,LOAN_RETURN_OR_END_OF_LOAN,End of loan 30/06/2022,TRANSFERMARKT_EXPANDED
2022/23,2022,IN,421775,Nicolò Armini,398,SS Lazio,1408,Piacenza Calcio 1919,398,SS Lazio,LOAN_RETURN_OR_END_OF_LOAN,End of loan 30/06/2022,TRANSFERMARKT_EXPANDED
2022/23,2022,IN,534121,Andrea Marino,398,SS Lazio,1408,Piacenza Calcio 1919,398,SS Lazio,LOAN_RETURN_OR_END_OF_LOAN,End of loan 30/06/2022,TRANSFERMARKT_EXPANDED
2022/23,2022,IN,227081,Joaquín Correa,398,SS Lazio,46,Inter Milan,398,SS Lazio,LOAN_RETURN_OR_END_OF_LOAN,End of loan 30/06/2022,TRANSFERMARKT_EXPANDED
2022/23,2022,IN,393804,Sofian Kiyine,398,SS Lazio,607,Venezia FC,398,SS Lazio,LOAN_RETURN_OR_END_OF_LOAN,End of loan 30/06/2022,TRANSFERMARKT_EXPANDED
2022/23,2022,IN,224044,Tiago Casasola,398,SS Lazio,8970,Frosinone Calcio,398,SS Lazio,LOAN_RETURN_OR_END_OF_LOAN,End of loan 30/06/2022,TRANSFERMARKT_EXPANDED
2022/23,2022,IN,265320,Emanuele Cicerelli,398,SS Lazio,8970,Frosinone Calcio,398,SS Lazio,LOAN_RETURN_OR_END_OF_LOAN,End of loan 30/06/2022,TRANSFERMARKT_EXPANDED
2022/23,2022,IN,398031,Fabio Maistro,398,SS Lazio,408,Ascoli Calcio,398,SS Lazio,LOAN_RETURN_OR_END_OF_LOAN,End of loan 30/06/2022,TRANSFERMARKT_EXPANDED
2022/23,2022,IN,539220,Angelo Ndreçka,398,SS Lazio,1415,Teramo Calcio 1913,398,SS Lazio,LOAN_RETURN_OR_END_OF_LOAN,End of loan 30/06/2022,TRANSFERMARKT_EXPANDED
2022/23,2022,IN,266795,Gonzalo Escalante,398,SS Lazio,1108,Deportivo Alavés,398,SS Lazio,LOAN_RETURN_OR_END_OF_LOAN,End of loan 30/06/2022,TRANSFERMARKT_EXPANDED
2022/23,2022,IN,135208,Riza Durmisi,398,SS Lazio,1244,CD Leganés,398,SS Lazio,LOAN_RETURN_OR_END_OF_LOAN,End of loan 29/01/2023,TRANSFERMARKT_EXPANDED
2022/23,2022,IN,339782,Alessandro Rossi,398,SS Lazio,33734,SS Monopoli 1966,398,SS Lazio,LOAN_RETURN_OR_END_OF_LOAN,End of loan 30/06/2022,TRANSFERMARKT_EXPANDED
2022/23,2022,IN,140804,Jordan Lukaku,398,SS Lazio,2655,LR Vicenza,398,SS Lazio,LOAN_RETURN_OR_END_OF_LOAN,End of loan 30/06/2022,TRANSFERMARKT_EXPANDED
2022/23,2022,IN,287700,Mohamed Fares,398,SS Lazio,416,Torino FC,398,SS Lazio,LOAN_RETURN_OR_END_OF_LOAN,End of loan 30/06/2022,TRANSFERMARKT_EXPANDED
2022/23,2022,IN,624942,Raúl Moro,398,SS Lazio,1103,Ternana Calcio,398,SS Lazio,LOAN_RETURN_OR_END_OF_LOAN,End of loan 24/01/2023,TRANSFERMARKT_EXPANDED
2022/23,2022,IN,239962,Denis Vavro,398,SS Lazio,190,FC Copenhagen,398,SS Lazio,LOAN_RETURN_OR_END_OF_LOAN,End of loan 30/06/2022,TRANSFERMARKT_EXPANDED
2022/23,2022,IN,331514,Bobby Adekanye,398,SS Lazio,4083,FC Crotone,398,SS Lazio,LOAN_RETURN_OR_END_OF_LOAN,End of loan 30/06/2022,TRANSFERMARKT_EXPANDED
2022/23,2022,IN,266795,Gonzalo Escalante,398,SS Lazio,2239,US Cremonese,398,SS Lazio,LOAN_RETURN_OR_END_OF_LOAN,End of loan 24/01/2023,TRANSFERMARKT_EXPANDED
2022/23,2022,IN,228761,Jony,398,SS Lazio,2448,Sporting Gijón,398,SS Lazio,LOAN_RETURN_OR_END_OF_LOAN,End of loan 30/06/2022,TRANSFERMARKT_EXPANDED
2022/23,2022,IN,135208,Riza Durmisi,398,SS Lazio,468,Sparta Rotterdam,398,SS Lazio,LOAN_RETURN_OR_END_OF_LOAN,End of loan 30/06/2022,TRANSFERMARKT_EXPANDED
2022/23,2022,IN,256267,Vedat Muriqi,398,SS Lazio,237,RCD Mallorca,398,SS Lazio,LOAN_RETURN_OR_END_OF_LOAN,End of loan 30/06/2022,TRANSFERMARKT_EXPANDED
2022/23,2022,IN,240349,Cristiano Lombardi,398,SS Lazio,1386,Reggina 1914,398,SS Lazio,LOAN_RETURN_OR_END_OF_LOAN,End of loan 30/06/2022,TRANSFERMARKT_EXPANDED
2022/23,2022,IN,215089,Djavan Anderson,398,SS Lazio,1269,PEC Zwolle,398,SS Lazio,LOAN_RETURN_OR_END_OF_LOAN,End of loan 30/06/2022,TRANSFERMARKT_EXPANDED
2022/23,2022,OUT,227081,Joaquín Correa,398,SS Lazio,398,SS Lazio,46,Inter Milan,PERMANENT_OR_OTHER_EXPLICIT,€27.30m,TRANSFERMARKT_EXPANDED
2022/23,2022,OUT,256267,Vedat Muriqi,398,SS Lazio,398,SS Lazio,237,RCD Mallorca,PERMANENT_OR_OTHER_EXPLICIT,€11.90m,TRANSFERMARKT_EXPANDED
2022/23,2022,OUT,239962,Denis Vavro,398,SS Lazio,398,SS Lazio,190,FC Copenhagen,PERMANENT_OR_OTHER_EXPLICIT,€4.50m,TRANSFERMARKT_EXPANDED
2022/23,2022,OUT,393804,Sofian Kiyine,398,SS Lazio,398,SS Lazio,2727,Oud-Heverlee Leuven,PERMANENT_OR_OTHER_EXPLICIT,€1.70m,TRANSFERMARKT_EXPANDED
2022/23,2022,OUT,398031,Fabio Maistro,398,SS Lazio,398,SS Lazio,2722,SPAL,PERMANENT_OR_OTHER_EXPLICIT,€500k,TRANSFERMARKT_EXPANDED
2022/23,2022,OUT,624942,Raúl Moro,398,SS Lazio,398,SS Lazio,1103,Ternana Calcio,LOAN,Loan fee: €330k,TRANSFERMARKT_EXPANDED
2022/23,2022,OUT,215089,Djavan Anderson,398,SS Lazio,398,SS Lazio,988,Oxford United,FREE_TRANSFER,free transfer,TRANSFERMARKT_EXPANDED
2022/23,2022,OUT,457236,Luca Falbo,398,SS Lazio,398,SS Lazio,33734,SS Monopoli 1966,FREE_TRANSFER,free transfer,TRANSFERMARKT_EXPANDED
2022/23,2022,OUT,41414,Lucas Leiva,398,SS Lazio,398,SS Lazio,210,Grêmio Foot-Ball Porto Alegrense,FREE_TRANSFER,free transfer,TRANSFERMARKT_EXPANDED
2022/23,2022,OUT,331514,Bobby Adekanye,398,SS Lazio,398,SS Lazio,1435,Go Ahead Eagles,FREE_TRANSFER,free transfer,TRANSFERMARKT_EXPANDED
2022/23,2022,OUT,457931,Luiz Felipe,398,SS Lazio,398,SS Lazio,150,Real Betis Balompié,FREE_TRANSFER,free transfer,TRANSFERMARKT_EXPANDED
2022/23,2022,OUT,140804,Jordan Lukaku,398,SS Lazio,398,SS Lazio,4032,SD Ponferradina,FREE_TRANSFER,free transfer,TRANSFERMARKT_EXPANDED
2022/23,2022,OUT,391931,Marco Alia,398,SS Lazio,398,SS Lazio,45894,Monterosi Tuscia FC,FREE_TRANSFER,free transfer,TRANSFERMARKT_EXPANDED
2022/23,2022,OUT,222209,Thomas Strakosha,398,SS Lazio,398,SS Lazio,1148,Brentford FC,FREE_TRANSFER,free transfer,TRANSFERMARKT_EXPANDED
2022/23,2022,OUT,539220,Angelo Ndreçka,398,SS Lazio,398,SS Lazio,4146,Aurora Pro Patria,FREE_TRANSFER,free transfer,TRANSFERMARKT_EXPANDED
2022/23,2022,OUT,7825,Pepe Reina,398,SS Lazio,398,SS Lazio,1050,Villarreal CF,FREE_TRANSFER,free transfer,TRANSFERMARKT_EXPANDED
2022/23,2022,OUT,224044,Tiago Casasola,398,SS Lazio,398,SS Lazio,839,AC Perugia Calcio,FREE_TRANSFER,free transfer,TRANSFERMARKT_EXPANDED
2022/23,2022,OUT,400577,Biagio Morrone,398,SS Lazio,398,SS Lazio,27624,US Recanatese,FREE_TRANSFER,free transfer,TRANSFERMARKT_EXPANDED
2022/23,2022,OUT,289165,Patryk Dziczek,398,SS Lazio,398,SS Lazio,6112,Piast Gliwice,FREE_TRANSFER,free transfer,TRANSFERMARKT_EXPANDED
2022/23,2022,OUT,135208,Riza Durmisi,398,SS Lazio,398,SS Lazio,1244,CD Leganés,LOAN,loan transfer,TRANSFERMARKT_EXPANDED
2022/23,2022,OUT,131075,Francesco Acerbi,398,SS Lazio,398,SS Lazio,46,Inter Milan,LOAN,loan transfer,TRANSFERMARKT_EXPANDED
2022/23,2022,OUT,538079,Alessio Furlanetto,398,SS Lazio,398,SS Lazio,24898,AC Renate,LOAN,loan transfer,TRANSFERMARKT_EXPANDED
2022/23,2022,OUT,421775,Nicolò Armini,398,SS Lazio,398,SS Lazio,7197,Potenza Calcio,LOAN,loan transfer,TRANSFERMARKT_EXPANDED
2022/23,2022,OUT,240349,Cristiano Lombardi,398,SS Lazio,398,SS Lazio,4271,US Triestina,LOAN,loan transfer,TRANSFERMARKT_EXPANDED
2022/23,2022,OUT,265320,Emanuele Cicerelli,398,SS Lazio,398,SS Lazio,1386,Reggina 1914,LOAN,loan transfer,TRANSFERMARKT_EXPANDED
2022/23,2022,OUT,228761,Jony,398,SS Lazio,398,SS Lazio,2448,Sporting Gijón,LOAN,loan transfer,TRANSFERMARKT_EXPANDED
2022/23,2022,OUT,500419,Mattia Novella,398,SS Lazio,398,SS Lazio,49430,AZ Picerno,LOAN,loan transfer,TRANSFERMARKT_EXPANDED
2022/23,2022,OUT,266795,Gonzalo Escalante,398,SS Lazio,398,SS Lazio,2239,US Cremonese,LOAN,loan transfer,TRANSFERMARKT_EXPANDED
2022/23,2022,OUT,339782,Alessandro Rossi,398,SS Lazio,398,SS Lazio,45894,Monterosi Tuscia FC,LOAN,loan transfer,TRANSFERMARKT_EXPANDED
2022/23,2022,OUT,170481,Jean-Daniel Akpa Akpro,398,SS Lazio,398,SS Lazio,749,FC Empoli,LOAN,loan transfer,TRANSFERMARKT_EXPANDED
2022/23,2022,OUT,465565,Dimitrije Kamenovic,398,SS Lazio,398,SS Lazio,197,AC Sparta Prague,LOAN,loan transfer,TRANSFERMARKT_EXPANDED
2022/23,2022,OUT,534121,Andrea Marino,398,SS Lazio,398,SS Lazio,4085,Fidelis Andria 2018,LOAN,loan transfer,TRANSFERMARKT_EXPANDED
2022/23,2022,OUT,266795,Gonzalo Escalante,398,SS Lazio,398,SS Lazio,2687,Cádiz CF,LOAN,loan transfer,TRANSFERMARKT_EXPANDED
2022/23,2022,OUT,624942,Raúl Moro,398,SS Lazio,398,SS Lazio,2497,Real Oviedo,LOAN,loan transfer,TRANSFERMARKT_EXPANDED
2022/23,2022,OUT,135208,Riza Durmisi,398,SS Lazio,398,SS Lazio,648,CD Tenerife,LOAN,loan transfer,TRANSFERMARKT_EXPANDED
2022/23,2022,OUT,462251,Jorge Silva,398,SS Lazio,398,SS Lazio,515,Without Club,FREE_AGENT_OR_END_OF_CONTRACT,-,TRANSFERMARKT_EXPANDED
2022/23,2022,OUT,283735,Mattia Zaccagni,398,SS Lazio,398,SS Lazio,276,Hellas Verona,LOAN_RETURN_OR_END_OF_LOAN,End of loan 30/06/2022,TRANSFERMARKT_EXPANDED
2022/23,2022,OUT,448466,Jovane Cabral,398,SS Lazio,398,SS Lazio,336,Sporting CP,LOAN_RETURN_OR_END_OF_LOAN,End of loan 30/06/2022,TRANSFERMARKT_EXPANDED
2022/23,2022,IN,251075,Zeki Çelik,12,AS Roma,1082,LOSC Lille,12,AS Roma,PERMANENT_OR_OTHER_EXPLICIT,€7.40m,TRANSFERMARKT_EXPANDED
2022/23,2022,IN,481173,Mady Camara,12,AS Roma,683,Olympiacos Piraeus,12,AS Roma,LOAN,Loan fee: €1.50m,TRANSFERMARKT_EXPANDED
2022/23,2022,IN,246291,Diego Llorente,12,AS Roma,399,Leeds United,12,AS Roma,LOAN,Loan fee: €500k,TRANSFERMARKT_EXPANDED
2022/23,2022,IN,206050,Paulo Dybala,12,AS Roma,506,Juventus FC,12,AS Roma,FREE_TRANSFER,free transfer,TRANSFERMARKT_EXPANDED
2022/23,2022,IN,338670,Mile Svilar,12,AS Roma,294,SL Benfica,12,AS Roma,FREE_TRANSFER,free transfer,TRANSFERMARKT_EXPANDED
2022/23,2022,IN,167727,Andrea Belotti,12,AS Roma,416,Torino FC,12,AS Roma,FREE_TRANSFER,free transfer,TRANSFERMARKT_EXPANDED
2022/23,2022,IN,431811,Ola Solbakken,12,AS Roma,501,FK Bodø/Glimt,12,AS Roma,FREE_TRANSFER,free transfer,TRANSFERMARKT_EXPANDED
2022/23,2022,IN,74683,Nemanja Matić,12,AS Roma,985,Manchester United,12,AS Roma,FREE_TRANSFER,free transfer,TRANSFERMARKT_EXPANDED
2022/23,2022,IN,49499,Georginio Wijnaldum,12,AS Roma,583,Paris Saint-Germain,12,AS Roma,LOAN,loan transfer,TRANSFERMARKT_EXPANDED
2022/23,2022,IN,787907,Benjamin Tahirović,12,AS Roma,11997,Roma U19,12,AS Roma,PERMANENT_OR_OTHER_EXPLICIT,-,TRANSFERMARKT_EXPANDED
2022/23,2022,IN,746891,Cristian Volpato,12,AS Roma,11997,Roma U19,12,AS Roma,PERMANENT_OR_OTHER_EXPLICIT,-,TRANSFERMARKT_EXPANDED
2022/23,2022,IN,538569,Tommaso Milanese,12,AS Roma,2721,US Alessandria Calcio 1912,12,AS Roma,LOAN_RETURN_OR_END_OF_LOAN,End of loan 30/06/2022,TRANSFERMARKT_EXPANDED
2022/23,2022,IN,341647,Cengiz Ünder,12,AS Roma,244,Olympique Marseille,12,AS Roma,LOAN_RETURN_OR_END_OF_LOAN,End of loan 30/06/2022,TRANSFERMARKT_EXPANDED
2022/23,2022,IN,286415,Pau López,12,AS Roma,244,Olympique Marseille,12,AS Roma,LOAN_RETURN_OR_END_OF_LOAN,End of loan 30/06/2022,TRANSFERMARKT_EXPANDED
2022/23,2022,IN,330659,Justin Kluivert,12,AS Roma,417,OGC Nice,12,AS Roma,LOAN_RETURN_OR_END_OF_LOAN,End of loan 30/06/2022,TRANSFERMARKT_EXPANDED
2022/23,2022,IN,319177,Stefano Greco,12,AS Roma,7197,Potenza Calcio,12,AS Roma,LOAN_RETURN_OR_END_OF_LOAN,End of loan 30/06/2022,TRANSFERMARKT_EXPANDED
2022/23,2022,IN,130365,Alessandro Florenzi,12,AS Roma,5,AC Milan,12,AS Roma,LOAN_RETURN_OR_END_OF_LOAN,End of loan 30/06/2022,TRANSFERMARKT_EXPANDED
2022/23,2022,IN,427197,William Bianda,12,AS Roma,1159,AS Nancy-Lorraine,12,AS Roma,LOAN_RETURN_OR_END_OF_LOAN,End of loan 30/06/2022,TRANSFERMARKT_EXPANDED
2022/23,2022,IN,96630,Ante Coric,12,AS Roma,260,FC Zürich,12,AS Roma,LOAN_RETURN_OR_END_OF_LOAN,End of loan 30/06/2022,TRANSFERMARKT_EXPANDED
2022/23,2022,IN,75458,Robin Olsen,12,AS Roma,405,Aston Villa,12,AS Roma,LOAN_RETURN_OR_END_OF_LOAN,End of loan 30/06/2022,TRANSFERMARKT_EXPANDED
2022/23,2022,IN,421871,Salvatore Pezzella,12,AS Roma,1387,ACR Siena 1904,12,AS Roma,LOAN_RETURN_OR_END_OF_LOAN,End of loan 30/06/2022,TRANSFERMARKT_EXPANDED
2022/23,2022,IN,457235,Devid Eugene Bouah,12,AS Roma,1415,Teramo Calcio 1913,12,AS Roma,LOAN_RETURN_OR_END_OF_LOAN,End of loan 30/06/2022,TRANSFERMARKT_EXPANDED
2022/23,2022,IN,536520,Ruben Providence,12,AS Roma,68403,Estoril Praia U23,12,AS Roma,LOAN_RETURN_OR_END_OF_LOAN,End of loan 30/06/2022,TRANSFERMARKT_EXPANDED
2022/23,2022,IN,398163,Gonzalo Villar,12,AS Roma,3709,Getafe CF,12,AS Roma,LOAN_RETURN_OR_END_OF_LOAN,End of loan 30/06/2022,TRANSFERMARKT_EXPANDED
2022/23,2022,IN,298976,Borja Mayoral,12,AS Roma,3709,Getafe CF,12,AS Roma,LOAN_RETURN_OR_END_OF_LOAN,End of loan 29/06/2022,TRANSFERMARKT_EXPANDED
2022/23,2022,IN,398163,Gonzalo Villar,12,AS Roma,1038,UC Sampdoria,12,AS Roma,LOAN_RETURN_OR_END_OF_LOAN,End of loan 12/01/2023,TRANSFERMARKT_EXPANDED
2022/23,2022,IN,628558,Riccardo Ciervo,12,AS Roma,6574,US Sassuolo,12,AS Roma,LOAN_RETURN_OR_END_OF_LOAN,End of loan 30/06/2022,TRANSFERMARKT_EXPANDED
2022/23,2022,IN,502821,Riccardo Calafiori,12,AS Roma,252,Genoa CFC,12,AS Roma,LOAN_RETURN_OR_END_OF_LOAN,End of loan 30/06/2022,TRANSFERMARKT_EXPANDED
2022/23,2022,IN,475208,Bryan Reynolds,12,AS Roma,601,KV Kortrijk,12,AS Roma,LOAN_RETURN_OR_END_OF_LOAN,End of loan 30/06/2022,TRANSFERMARKT_EXPANDED
2022/23,2022,OUT,392085,Nicolò Zaniolo,12,AS Roma,12,AS Roma,141,Galatasaray,PERMANENT_OR_OTHER_EXPLICIT,€15.00m,TRANSFERMARKT_EXPANDED
2022/23,2022,OUT,164771,Jordan Veretout,12,AS Roma,12,AS Roma,244,Olympique Marseille,PERMANENT_OR_OTHER_EXPLICIT,€12.45m,TRANSFERMARKT_EXPANDED
2022/23,2022,OUT,286415,Pau López,12,AS Roma,12,AS Roma,244,Olympique Marseille,PERMANENT_OR_OTHER_EXPLICIT,€12.00m,TRANSFERMARKT_EXPANDED
2022/23,2022,OUT,341647,Cengiz Ünder,12,AS Roma,12,AS Roma,244,Olympique Marseille,PERMANENT_OR_OTHER_EXPLICIT,€11.40m,TRANSFERMARKT_EXPANDED
2022/23,2022,OUT,502821,Riccardo Calafiori,12,AS Roma,12,AS Roma,26,FC Basel 1893,PERMANENT_OR_OTHER_EXPLICIT,€10.54m,TRANSFERMARKT_EXPANDED
2022/23,2022,OUT,872380,Felix Afena-Gyan,12,AS Roma,12,AS Roma,2239,US Cremonese,PERMANENT_OR_OTHER_EXPLICIT,€6.00m,TRANSFERMARKT_EXPANDED
2022/23,2022,OUT,75458,Robin Olsen,12,AS Roma,12,AS Roma,405,Aston Villa,PERMANENT_OR_OTHER_EXPLICIT,€3.50m,TRANSFERMARKT_EXPANDED
2022/23,2022,OUT,130365,Alessandro Florenzi,12,AS Roma,12,AS Roma,5,AC Milan,PERMANENT_OR_OTHER_EXPLICIT,€3.15m,TRANSFERMARKT_EXPANDED
2022/23,2022,OUT,628558,Riccardo Ciervo,12,AS Roma,12,AS Roma,6574,US Sassuolo,PERMANENT_OR_OTHER_EXPLICIT,€2.00m,TRANSFERMARKT_EXPANDED
2022/23,2022,OUT,355501,Amadou Diawara,12,AS Roma,12,AS Roma,58,RSC Anderlecht,PERMANENT_OR_OTHER_EXPLICIT,€1.89m,TRANSFERMARKT_EXPANDED
2022/23,2022,OUT,358166,Eldor Shomurodov,12,AS Roma,12,AS Roma,3522,Spezia Calcio,LOAN,Loan fee: €1.33m,TRANSFERMARKT_EXPANDED
2022/23,2022,OUT,282810,Carles Pérez,12,AS Roma,12,AS Roma,940,Celta de Vigo,LOAN,Loan fee: €1.00m,TRANSFERMARKT_EXPANDED
2022/23,2022,OUT,538569,Tommaso Milanese,12,AS Roma,12,AS Roma,2239,US Cremonese,PERMANENT_OR_OTHER_EXPLICIT,€750k,TRANSFERMARKT_EXPANDED
2022/23,2022,OUT,439072,Matías Viña,12,AS Roma,12,AS Roma,989,AFC Bournemouth,LOAN,Loan fee: €750k,TRANSFERMARKT_EXPANDED
2022/23,2022,OUT,319177,Stefano Greco,12,AS Roma,12,AS Roma,7197,Potenza Calcio,FREE_TRANSFER,free transfer,TRANSFERMARKT_EXPANDED
2022/23,2022,OUT,421871,Salvatore Pezzella,12,AS Roma,12,AS Roma,4271,US Triestina,FREE_TRANSFER,free transfer,TRANSFERMARKT_EXPANDED
2022/23,2022,OUT,457235,Devid Eugene Bouah,12,AS Roma,12,AS Roma,1386,Reggina 1914,FREE_TRANSFER,free transfer,TRANSFERMARKT_EXPANDED
2022/23,2022,OUT,55735,Henrikh Mkhitaryan,12,AS Roma,12,AS Roma,46,Inter Milan,FREE_TRANSFER,free transfer,TRANSFERMARKT_EXPANDED
2022/23,2022,OUT,628645,Filippo Tripi,12,AS Roma,12,AS Roma,4059,NS Mura,FREE_TRANSFER,free transfer,TRANSFERMARKT_EXPANDED
2022/23,2022,OUT,421765,Alessio Riccardi,12,AS Roma,12,AS Roma,22045,Latina Calcio 1932,FREE_TRANSFER,free transfer,TRANSFERMARKT_EXPANDED
2022/23,2022,OUT,438682,Daniel Fuzato,12,AS Roma,12,AS Roma,13241,UD Ibiza,FREE_TRANSFER,free transfer,TRANSFERMARKT_EXPANDED
2022/23,2022,OUT,330659,Justin Kluivert,12,AS Roma,12,AS Roma,1049,Valencia CF,LOAN,loan transfer,TRANSFERMARKT_EXPANDED
2022/23,2022,OUT,536520,Ruben Providence,12,AS Roma,12,AS Roma,4467,TSV Hartberg,LOAN,loan transfer,TRANSFERMARKT_EXPANDED
2022/23,2022,OUT,398163,Gonzalo Villar,12,AS Roma,12,AS Roma,3709,Getafe CF,LOAN,loan transfer,TRANSFERMARKT_EXPANDED
2022/23,2022,OUT,475208,Bryan Reynolds,12,AS Roma,12,AS Roma,968,KVC Westerlo,LOAN,loan transfer,TRANSFERMARKT_EXPANDED
2022/23,2022,OUT,398163,Gonzalo Villar,12,AS Roma,12,AS Roma,1038,UC Sampdoria,LOAN,loan transfer,TRANSFERMARKT_EXPANDED
2022/23,2022,OUT,84344,Davide Santon,12,AS Roma,12,AS Roma,515,Without Club,FREE_AGENT_OR_END_OF_CONTRACT,-,TRANSFERMARKT_EXPANDED
2022/23,2022,OUT,298976,Borja Mayoral,12,AS Roma,12,AS Roma,418,Real Madrid,LOAN_RETURN_OR_END_OF_LOAN,End of loan 30/06/2022,TRANSFERMARKT_EXPANDED
2022/23,2022,OUT,285845,Ainsley Maitland-Niles,12,AS Roma,12,AS Roma,11,Arsenal FC,LOAN_RETURN_OR_END_OF_LOAN,End of loan 30/06/2022,TRANSFERMARKT_EXPANDED
2022/23,2022,OUT,112465,Sérgio Oliveira,12,AS Roma,12,AS Roma,720,FC Porto,LOAN_RETURN_OR_END_OF_LOAN,End of loan 30/06/2022,TRANSFERMARKT_EXPANDED
2022/23,2022,IN,401529,Dodô,430,ACF Fiorentina,660,Shakhtar Donetsk,430,ACF Fiorentina,PERMANENT_OR_OTHER_EXPLICIT,€15.40m,TRANSFERMARKT_EXPANDED
2022/23,2022,IN,308279,Rolando Mandragora,430,ACF Fiorentina,506,Juventus FC,430,ACF Fiorentina,PERMANENT_OR_OTHER_EXPLICIT,€8.20m,TRANSFERMARKT_EXPANDED
2022/23,2022,IN,272261,Antonín Barák,430,ACF Fiorentina,276,Hellas Verona,430,ACF Fiorentina,PERMANENT_OR_OTHER_EXPLICIT,€7.86m,TRANSFERMARKT_EXPANDED
2022/23,2022,IN,340394,Abdelhamid Sabiri,430,ACF Fiorentina,1038,UC Sampdoria,430,ACF Fiorentina,PERMANENT_OR_OTHER_EXPLICIT,€2.50m,TRANSFERMARKT_EXPANDED
2022/23,2022,IN,293169,Josip Brekalo,430,ACF Fiorentina,82,VfL Wolfsburg,430,ACF Fiorentina,PERMANENT_OR_OTHER_EXPLICIT,€1.70m,TRANSFERMARKT_EXPANDED
2022/23,2022,IN,272261,Antonín Barák,430,ACF Fiorentina,276,Hellas Verona,430,ACF Fiorentina,LOAN,Loan fee: €1.46m,TRANSFERMARKT_EXPANDED
2022/23,2022,IN,244192,Pierluigi Gollini,430,ACF Fiorentina,800,Atalanta BC,430,ACF Fiorentina,LOAN,Loan fee: €490k,TRANSFERMARKT_EXPANDED
2022/23,2022,IN,257462,Luka Jović,430,ACF Fiorentina,418,Real Madrid,430,ACF Fiorentina,FREE_TRANSFER,free transfer,TRANSFERMARKT_EXPANDED
2022/23,2022,IN,25508,Salvatore Sirigu,430,ACF Fiorentina,6195,SSC Napoli,430,ACF Fiorentina,FREE_TRANSFER,free transfer,TRANSFERMARKT_EXPANDED
2022/23,2022,IN,602124,Alessandro Bianco,430,ACF Fiorentina,8505,Fiorentina Primavera,430,ACF Fiorentina,PERMANENT_OR_OTHER_EXPLICIT,-,TRANSFERMARKT_EXPANDED
2022/23,2022,IN,315859,Gabriele Gori,430,ACF Fiorentina,4031,Cosenza Calcio,430,ACF Fiorentina,LOAN_RETURN_OR_END_OF_LOAN,End of loan 30/06/2022,TRANSFERMARKT_EXPANDED
2022/23,2022,IN,460658,Christian Koffi,430,ACF Fiorentina,3520,FC Sète 34,430,ACF Fiorentina,LOAN_RETURN_OR_END_OF_LOAN,End of loan 30/06/2022,TRANSFERMARKT_EXPANDED
2022/23,2022,IN,346561,Luca Ranieri,430,ACF Fiorentina,380,US Salernitana 1919,430,ACF Fiorentina,LOAN_RETURN_OR_END_OF_LOAN,End of loan 30/06/2022,TRANSFERMARKT_EXPANDED
2022/23,2022,IN,459707,Eduard Duțu,430,ACF Fiorentina,4339,Aquila Montevarchi 1902,430,ACF Fiorentina,LOAN_RETURN_OR_END_OF_LOAN,End of loan 30/06/2022,TRANSFERMARKT_EXPANDED
2022/23,2022,IN,337725,Christian Kouamé,430,ACF Fiorentina,58,RSC Anderlecht,430,ACF Fiorentina,LOAN_RETURN_OR_END_OF_LOAN,End of loan 30/06/2022,TRANSFERMARKT_EXPANDED
2022/23,2022,IN,392033,Gabriele Ferrarini,430,ACF Fiorentina,839,AC Perugia Calcio,430,ACF Fiorentina,LOAN_RETURN_OR_END_OF_LOAN,End of loan 30/06/2022,TRANSFERMARKT_EXPANDED
2022/23,2022,IN,610392,Andrea Poggesi,430,ACF Fiorentina,4515,US Poggibonsi,430,ACF Fiorentina,LOAN_RETURN_OR_END_OF_LOAN,End of loan 30/06/2022,TRANSFERMARKT_EXPANDED
2022/23,2022,IN,534084,Niccolò Pierozzi,430,ACF Fiorentina,4146,Aurora Pro Patria,430,ACF Fiorentina,LOAN_RETURN_OR_END_OF_LOAN,End of loan 30/06/2022,TRANSFERMARKT_EXPANDED
2022/23,2022,IN,357983,Simone Ghidotti,430,ACF Fiorentina,4326,AS Gubbio 1910,430,ACF Fiorentina,LOAN_RETURN_OR_END_OF_LOAN,End of loan 30/06/2022,TRANSFERMARKT_EXPANDED
2022/23,2022,IN,499830,Samuele Spalluto,430,ACF Fiorentina,4326,AS Gubbio 1910,430,ACF Fiorentina,LOAN_RETURN_OR_END_OF_LOAN,End of loan 30/06/2022,TRANSFERMARKT_EXPANDED
2022/23,2022,IN,341092,Federico Chiesa,430,ACF Fiorentina,506,Juventus FC,430,ACF Fiorentina,LOAN_RETURN_OR_END_OF_LOAN,End of loan 30/06/2022,TRANSFERMARKT_EXPANDED
2022/23,2022,IN,283233,Jacob Rasmussen,430,ACF Fiorentina,499,Vitesse Arnhem,430,ACF Fiorentina,LOAN_RETURN_OR_END_OF_LOAN,End of loan 30/06/2022,TRANSFERMARKT_EXPANDED
2022/23,2022,IN,387234,Szymon Żurkowski,430,ACF Fiorentina,749,FC Empoli,430,ACF Fiorentina,LOAN_RETURN_OR_END_OF_LOAN,End of loan 30/06/2022,TRANSFERMARKT_EXPANDED
2022/23,2022,IN,487829,Christian Dalle Mura,430,ACF Fiorentina,21331,Pordenone Calcio,430,ACF Fiorentina,LOAN_RETURN_OR_END_OF_LOAN,End of loan 30/06/2022,TRANSFERMARKT_EXPANDED
2022/23,2022,IN,610395,Andrea Milani,430,ACF Fiorentina,45894,Monterosi Tuscia FC,430,ACF Fiorentina,LOAN_RETURN_OR_END_OF_LOAN,End of loan 30/06/2022,TRANSFERMARKT_EXPANDED
2022/23,2022,IN,704176,Destiny Egharevba,430,ACF Fiorentina,7030,Vis Pesaro 1898,430,ACF Fiorentina,LOAN_RETURN_OR_END_OF_LOAN,End of loan 13/01/2023,TRANSFERMARKT_EXPANDED
2022/23,2022,IN,565041,Alessandro Lovisa,430,ACF Fiorentina,21331,Pordenone Calcio,430,ACF Fiorentina,LOAN_RETURN_OR_END_OF_LOAN,End of loan 30/06/2022,TRANSFERMARKT_EXPANDED
2022/23,2022,IN,201040,Marco Benassi,430,ACF Fiorentina,749,FC Empoli,430,ACF Fiorentina,LOAN_RETURN_OR_END_OF_LOAN,End of loan 30/06/2022,TRANSFERMARKT_EXPANDED
2022/23,2022,IN,573979,Tòfol Montiel,430,ACF Fiorentina,18687,CD Atlético Baleares,430,ACF Fiorentina,LOAN_RETURN_OR_END_OF_LOAN,End of loan 30/06/2022,TRANSFERMARKT_EXPANDED
2022/23,2022,IN,370701,Michele Cerofolini,430,ACF Fiorentina,2721,US Alessandria Calcio 1912,430,ACF Fiorentina,LOAN_RETURN_OR_END_OF_LOAN,End of loan 30/06/2022,TRANSFERMARKT_EXPANDED
2022/23,2022,IN,215616,Erick Pulgar,430,ACF Fiorentina,141,Galatasaray,430,ACF Fiorentina,LOAN_RETURN_OR_END_OF_LOAN,End of loan 30/06/2022,TRANSFERMARKT_EXPANDED
2022/23,2022,IN,534083,Edoardo Pierozzi,430,ACF Fiorentina,458,Palermo FC,430,ACF Fiorentina,LOAN_RETURN_OR_END_OF_LOAN,End of loan 11/01/2023,TRANSFERMARKT_EXPANDED
2022/23,2022,IN,534083,Edoardo Pierozzi,430,ACF Fiorentina,2721,US Alessandria Calcio 1912,430,ACF Fiorentina,LOAN_RETURN_OR_END_OF_LOAN,End of loan 28/07/2022,TRANSFERMARKT_EXPANDED
2022/23,2022,IN,561150,Vittorio Agostinelli,430,ACF Fiorentina,1386,Reggina 1914,430,ACF Fiorentina,LOAN_RETURN_OR_END_OF_LOAN,End of loan 30/01/2023,TRANSFERMARKT_EXPANDED
2022/23,2022,IN,459707,Eduard Duțu,430,ACF Fiorentina,1386,Reggina 1914,430,ACF Fiorentina,LOAN_RETURN_OR_END_OF_LOAN,End of loan 05/01/2023,TRANSFERMARKT_EXPANDED
2022/23,2022,IN,499830,Samuele Spalluto,430,ACF Fiorentina,1103,Ternana Calcio,430,ACF Fiorentina,LOAN_RETURN_OR_END_OF_LOAN,End of loan 11/01/2023,TRANSFERMARKT_EXPANDED
2022/23,2022,OUT,341092,Federico Chiesa,430,ACF Fiorentina,430,ACF Fiorentina,506,Juventus FC,PERMANENT_OR_OTHER_EXPLICIT,€44.60m,TRANSFERMARKT_EXPANDED
2022/23,2022,OUT,701819,Daniele Ghilardi,430,ACF Fiorentina,430,ACF Fiorentina,276,Hellas Verona,PERMANENT_OR_OTHER_EXPLICIT,€5.63m,TRANSFERMARKT_EXPANDED
2022/23,2022,OUT,215616,Erick Pulgar,430,ACF Fiorentina,430,ACF Fiorentina,614,CR Flamengo,PERMANENT_OR_OTHER_EXPLICIT,€2.80m,TRANSFERMARKT_EXPANDED
2022/23,2022,OUT,208166,Bartłomiej Drągowski,430,ACF Fiorentina,430,ACF Fiorentina,3522,Spezia Calcio,PERMANENT_OR_OTHER_EXPLICIT,€2.45m,TRANSFERMARKT_EXPANDED
2022/23,2022,OUT,324377,Youssef Maleh,430,ACF Fiorentina,430,ACF Fiorentina,1005,US Lecce,LOAN,Loan fee: €500k,TRANSFERMARKT_EXPANDED
2022/23,2022,OUT,565041,Alessandro Lovisa,430,ACF Fiorentina,430,ACF Fiorentina,4271,US Triestina,FREE_TRANSFER,free transfer,TRANSFERMARKT_EXPANDED
2022/23,2022,OUT,357983,Simone Ghidotti,430,ACF Fiorentina,430,ACF Fiorentina,1047,Como 1907,FREE_TRANSFER,free transfer,TRANSFERMARKT_EXPANDED
2022/23,2022,OUT,61253,José Callejón,430,ACF Fiorentina,430,ACF Fiorentina,16795,Granada CF,FREE_TRANSFER,free transfer,TRANSFERMARKT_EXPANDED
2022/23,2022,OUT,610392,Andrea Poggesi,430,ACF Fiorentina,430,ACF Fiorentina,4255,SS Arezzo,FREE_TRANSFER,free transfer,TRANSFERMARKT_EXPANDED
2022/23,2022,OUT,451154,Federico Brancolini,430,ACF Fiorentina,430,ACF Fiorentina,1005,US Lecce,FREE_TRANSFER,free transfer,TRANSFERMARKT_EXPANDED
2022/23,2022,OUT,573979,Tòfol Montiel,430,ACF Fiorentina,430,ACF Fiorentina,8494,RCD Mallorca B,FREE_TRANSFER,free transfer,TRANSFERMARKT_EXPANDED
2022/23,2022,OUT,460658,Christian Koffi,430,ACF Fiorentina,430,ACF Fiorentina,67212,CF Intercity,FREE_TRANSFER,free transfer,TRANSFERMARKT_EXPANDED
2022/23,2022,OUT,143559,Matija Nastasić,430,ACF Fiorentina,430,ACF Fiorentina,237,RCD Mallorca,FREE_TRANSFER,free transfer,TRANSFERMARKT_EXPANDED
2022/23,2022,OUT,561150,Vittorio Agostinelli,430,ACF Fiorentina,430,ACF Fiorentina,4031,Cosenza Calcio,LOAN,loan transfer,TRANSFERMARKT_EXPANDED
2022/23,2022,OUT,315859,Gabriele Gori,430,ACF Fiorentina,430,ACF Fiorentina,1386,Reggina 1914,LOAN,loan transfer,TRANSFERMARKT_EXPANDED
2022/23,2022,OUT,283233,Jacob Rasmussen,430,ACF Fiorentina,430,ACF Fiorentina,234,Feyenoord Rotterdam,LOAN,loan transfer,TRANSFERMARKT_EXPANDED
2022/23,2022,OUT,704176,Destiny Egharevba,430,ACF Fiorentina,430,ACF Fiorentina,4163,US Fiorenzuola 1922,LOAN,loan transfer,TRANSFERMARKT_EXPANDED
2022/23,2022,OUT,534083,Edoardo Pierozzi,430,ACF Fiorentina,430,ACF Fiorentina,1047,Como 1907,LOAN,loan transfer,TRANSFERMARKT_EXPANDED
2022/23,2022,OUT,534083,Edoardo Pierozzi,430,ACF Fiorentina,430,ACF Fiorentina,458,Palermo FC,LOAN,loan transfer,TRANSFERMARKT_EXPANDED
2022/23,2022,OUT,89086,Aleksandr Kokorin,430,ACF Fiorentina,430,ACF Fiorentina,10586,Aris Limassol,LOAN,loan transfer,TRANSFERMARKT_EXPANDED
2022/23,2022,OUT,392033,Gabriele Ferrarini,430,ACF Fiorentina,430,ACF Fiorentina,2919,AC Monza,LOAN,loan transfer,TRANSFERMARKT_EXPANDED
2022/23,2022,OUT,459707,Eduard Duțu,430,ACF Fiorentina,430,ACF Fiorentina,4326,AS Gubbio 1910,LOAN,loan transfer,TRANSFERMARKT_EXPANDED
2022/23,2022,OUT,499830,Samuele Spalluto,430,ACF Fiorentina,430,ACF Fiorentina,6692,Novara FC,LOAN,loan transfer,TRANSFERMARKT_EXPANDED
2022/23,2022,OUT,459707,Eduard Duțu,430,ACF Fiorentina,430,ACF Fiorentina,1386,Reggina 1914,LOAN,loan transfer,TRANSFERMARKT_EXPANDED
2022/23,2022,OUT,499830,Samuele Spalluto,430,ACF Fiorentina,430,ACF Fiorentina,1103,Ternana Calcio,LOAN,loan transfer,TRANSFERMARKT_EXPANDED
2022/23,2022,OUT,201040,Marco Benassi,430,ACF Fiorentina,430,ACF Fiorentina,2239,US Cremonese,LOAN,loan transfer,TRANSFERMARKT_EXPANDED
2022/23,2022,OUT,534084,Niccolò Pierozzi,430,ACF Fiorentina,430,ACF Fiorentina,1386,Reggina 1914,LOAN,loan transfer,TRANSFERMARKT_EXPANDED
2022/23,2022,OUT,340394,Abdelhamid Sabiri,430,ACF Fiorentina,430,ACF Fiorentina,1038,UC Sampdoria,LOAN,loan transfer,TRANSFERMARKT_EXPANDED
2022/23,2022,OUT,387234,Szymon Żurkowski,430,ACF Fiorentina,430,ACF Fiorentina,3522,Spezia Calcio,LOAN,loan transfer,TRANSFERMARKT_EXPANDED
2022/23,2022,OUT,487829,Christian Dalle Mura,430,ACF Fiorentina,430,ACF Fiorentina,2722,SPAL,LOAN,loan transfer,TRANSFERMARKT_EXPANDED
2022/23,2022,OUT,610395,Andrea Milani,430,ACF Fiorentina,430,ACF Fiorentina,515,Without Club,FREE_AGENT_OR_END_OF_CONTRACT,-,TRANSFERMARKT_EXPANDED
2022/23,2022,OUT,6442,Antonio Rosati,430,ACF Fiorentina,430,ACF Fiorentina,,Retired,RETIREMENT,-,TRANSFERMARKT_EXPANDED
2022/23,2022,OUT,280730,Álvaro Odriozola,430,ACF Fiorentina,430,ACF Fiorentina,418,Real Madrid,LOAN_RETURN_OR_END_OF_LOAN,End of loan 30/06/2022,TRANSFERMARKT_EXPANDED
2022/23,2022,OUT,318077,Lucas Torreira,430,ACF Fiorentina,430,ACF Fiorentina,11,Arsenal FC,LOAN_RETURN_OR_END_OF_LOAN,End of loan 30/06/2022,TRANSFERMARKT_EXPANDED
2022/23,2022,OUT,272261,Antonín Barák,430,ACF Fiorentina,430,ACF Fiorentina,276,Hellas Verona,LOAN_RETURN_OR_END_OF_LOAN,End of loan 30/01/2023,TRANSFERMARKT_EXPANDED
2022/23,2022,OUT,327757,Krzysztof Piatek,430,ACF Fiorentina,430,ACF Fiorentina,44,Hertha BSC,LOAN_RETURN_OR_END_OF_LOAN,End of loan 30/06/2022,TRANSFERMARKT_EXPANDED
2022/23,2022,OUT,244192,Pierluigi Gollini,430,ACF Fiorentina,430,ACF Fiorentina,800,Atalanta BC,LOAN_RETURN_OR_END_OF_LOAN,End of loan 24/01/2023,TRANSFERMARKT_EXPANDED
2022/23,2022,IN,607854,Éderson,800,Atalanta BC,380,US Salernitana 1919,800,Atalanta BC,PERMANENT_OR_OTHER_EXPLICIT,€22.90m,TRANSFERMARKT_EXPANDED
2022/23,2022,IN,216569,Jérémie Boga,800,Atalanta BC,6574,US Sassuolo,800,Atalanta BC,PERMANENT_OR_OTHER_EXPLICIT,€22.00m,TRANSFERMARKT_EXPANDED
2022/23,2022,IN,340879,Merih Demiral,800,Atalanta BC,506,Juventus FC,800,Atalanta BC,PERMANENT_OR_OTHER_EXPLICIT,€21.00m,TRANSFERMARKT_EXPANDED
2022/23,2022,IN,610442,Rasmus Højlund,800,Atalanta BC,122,SK Sturm Graz,800,Atalanta BC,PERMANENT_OR_OTHER_EXPLICIT,€21.00m,TRANSFERMARKT_EXPANDED
2022/23,2022,IN,406040,Ademola Lookman,800,Atalanta BC,23826,RB Leipzig,800,Atalanta BC,PERMANENT_OR_OTHER_EXPLICIT,€16.10m,TRANSFERMARKT_EXPANDED
2022/23,2022,IN,546880,Brandon Soppy,800,Atalanta BC,410,Udinese Calcio,800,Atalanta BC,PERMANENT_OR_OTHER_EXPLICIT,€9.90m,TRANSFERMARKT_EXPANDED
2022/23,2022,IN,432092,Roberto Piccoli,800,Atalanta BC,252,Genoa CFC,800,Atalanta BC,LOAN_RETURN_OR_END_OF_LOAN,End of loan 30/06/2022 €800k,TRANSFERMARKT_EXPANDED
2022/23,2022,IN,616638,Alassane Sidibe,800,Atalanta BC,11998,Atalanta Primavera,800,Atalanta BC,PERMANENT_OR_OTHER_EXPLICIT,-,TRANSFERMARKT_EXPANDED
2022/23,2022,IN,988862,Moustapha Cissé,800,Atalanta BC,11998,Atalanta Primavera,800,Atalanta BC,PERMANENT_OR_OTHER_EXPLICIT,-,TRANSFERMARKT_EXPANDED
2022/23,2022,IN,552059,Lukas Vorlicky,800,Atalanta BC,11998,Atalanta Primavera,800,Atalanta BC,PERMANENT_OR_OTHER_EXPLICIT,-,TRANSFERMARKT_EXPANDED
2022/23,2022,IN,567470,Samuel Giovane,800,Atalanta BC,11998,Atalanta Primavera,800,Atalanta BC,PERMANENT_OR_OTHER_EXPLICIT,-,TRANSFERMARKT_EXPANDED
2022/23,2022,IN,616628,Giorgio Cittadini,800,Atalanta BC,11998,Atalanta Primavera,800,Atalanta BC,PERMANENT_OR_OTHER_EXPLICIT,-,TRANSFERMARKT_EXPANDED
2022/23,2022,IN,663900,Giovanni Bonfanti,800,Atalanta BC,76091,Atalanta Under 18,800,Atalanta BC,PERMANENT_OR_OTHER_EXPLICIT,-,TRANSFERMARKT_EXPANDED
2022/23,2022,IN,287663,Luca Valzania,800,Atalanta BC,2239,US Cremonese,800,Atalanta BC,LOAN_RETURN_OR_END_OF_LOAN,End of loan 30/06/2022,TRANSFERMARKT_EXPANDED
2022/23,2022,IN,392959,Andrea Colpani,800,Atalanta BC,2919,AC Monza,800,Atalanta BC,LOAN_RETURN_OR_END_OF_LOAN,End of loan 30/06/2022,TRANSFERMARKT_EXPANDED
2022/23,2022,IN,346528,Stefano Mazzini,800,Atalanta BC,4159,Carrarese Calcio 1908,800,Atalanta BC,LOAN_RETURN_OR_END_OF_LOAN,End of loan 30/06/2022,TRANSFERMARKT_EXPANDED
2022/23,2022,IN,357995,Davide Bettella,800,Atalanta BC,2919,AC Monza,800,Atalanta BC,LOAN_RETURN_OR_END_OF_LOAN,End of loan 30/06/2022,TRANSFERMARKT_EXPANDED
2022/23,2022,IN,315862,Filippo Melegoni,800,Atalanta BC,252,Genoa CFC,800,Atalanta BC,LOAN_RETURN_OR_END_OF_LOAN,End of loan 30/06/2022,TRANSFERMARKT_EXPANDED
2022/23,2022,IN,459763,Marco Carnesecchi,800,Atalanta BC,2239,US Cremonese,800,Atalanta BC,LOAN_RETURN_OR_END_OF_LOAN,End of loan 30/06/2022,TRANSFERMARKT_EXPANDED
2022/23,2022,IN,459149,Lorenzo Peli,800,Atalanta BC,1047,Como 1907,800,Atalanta BC,LOAN_RETURN_OR_END_OF_LOAN,End of loan 30/06/2022,TRANSFERMARKT_EXPANDED
2022/23,2022,IN,362981,Marco Varnier,800,Atalanta BC,1047,Como 1907,800,Atalanta BC,LOAN_RETURN_OR_END_OF_LOAN,End of loan 30/06/2022,TRANSFERMARKT_EXPANDED
2022/23,2022,IN,392953,Alberto Alari,800,Atalanta BC,4553,US Pergolettese 1932,800,Atalanta BC,LOAN_RETURN_OR_END_OF_LOAN,End of loan 30/06/2022,TRANSFERMARKT_EXPANDED
2022/23,2022,IN,392964,Emmanuel Latte Lath,800,Atalanta BC,2722,SPAL,800,Atalanta BC,LOAN_RETURN_OR_END_OF_LOAN,End of loan 30/06/2022,TRANSFERMARKT_EXPANDED
2022/23,2022,IN,264514,Luca Vido,800,Atalanta BC,2239,US Cremonese,800,Atalanta BC,LOAN_RETURN_OR_END_OF_LOAN,End of loan 30/06/2022,TRANSFERMARKT_EXPANDED
2022/23,2022,IN,461833,Caleb Okoli,800,Atalanta BC,2239,US Cremonese,800,Atalanta BC,LOAN_RETURN_OR_END_OF_LOAN,End of loan 30/06/2022,TRANSFERMARKT_EXPANDED
2022/23,2022,IN,392958,Enrico Zanoni,800,Atalanta BC,4096,FC Turris 1944,800,Atalanta BC,LOAN_RETURN_OR_END_OF_LOAN,End of loan 30/06/2022,TRANSFERMARKT_EXPANDED
2022/23,2022,IN,459152,Matteo Pedrini,800,Atalanta BC,2581,Mantova 1911,800,Atalanta BC,LOAN_RETURN_OR_END_OF_LOAN,End of loan 30/06/2022,TRANSFERMARKT_EXPANDED
2022/23,2022,IN,337809,Simone Mazzocchi,800,Atalanta BC,1103,Ternana Calcio,800,Atalanta BC,LOAN_RETURN_OR_END_OF_LOAN,End of loan 30/06/2022,TRANSFERMARKT_EXPANDED
2022/23,2022,IN,459151,Nicolò Cambiaghi,800,Atalanta BC,21331,Pordenone Calcio,800,Atalanta BC,LOAN_RETURN_OR_END_OF_LOAN,End of loan 30/06/2022,TRANSFERMARKT_EXPANDED
2022/23,2022,IN,432089,Emmanuel Gyabuaa,800,Atalanta BC,839,AC Perugia Calcio,800,Atalanta BC,LOAN_RETURN_OR_END_OF_LOAN,End of loan 30/06/2022,TRANSFERMARKT_EXPANDED
2022/23,2022,IN,226080,Anton Kresic,800,Atalanta BC,144,HNK Rijeka,800,Atalanta BC,LOAN_RETURN_OR_END_OF_LOAN,End of loan 30/06/2022,TRANSFERMARKT_EXPANDED
2022/23,2022,IN,487845,Antonio Reda,800,Atalanta BC,5514,Calcio Lecco 1912,800,Atalanta BC,LOAN_RETURN_OR_END_OF_LOAN,End of loan 30/06/2022,TRANSFERMARKT_EXPANDED
2022/23,2022,IN,287710,Gabriel Lunetta,800,Atalanta BC,2721,US Alessandria Calcio 1912,800,Atalanta BC,LOAN_RETURN_OR_END_OF_LOAN,End of loan 30/06/2022,TRANSFERMARKT_EXPANDED
2022/23,2022,IN,392966,Nadir Zortea,800,Atalanta BC,380,US Salernitana 1919,800,Atalanta BC,LOAN_RETURN_OR_END_OF_LOAN,End of loan 30/06/2022,TRANSFERMARKT_EXPANDED
2022/23,2022,IN,392963,Salvatore Elia,800,Atalanta BC,4171,Benevento Calcio,800,Atalanta BC,LOAN_RETURN_OR_END_OF_LOAN,End of loan 30/06/2022,TRANSFERMARKT_EXPANDED
2022/23,2022,IN,492313,Rodrigo Guth,800,Atalanta BC,467,NEC Nijmegen,800,Atalanta BC,LOAN_RETURN_OR_END_OF_LOAN,End of loan 30/06/2022,TRANSFERMARKT_EXPANDED
2022/23,2022,IN,458096,Matteo Salvi,800,Atalanta BC,4333,US Grosseto 1912,800,Atalanta BC,LOAN_RETURN_OR_END_OF_LOAN,End of loan 30/06/2022,TRANSFERMARKT_EXPANDED
2022/23,2022,IN,244192,Pierluigi Gollini,800,Atalanta BC,148,Tottenham Hotspur,800,Atalanta BC,LOAN_RETURN_OR_END_OF_LOAN,End of loan 30/06/2022,TRANSFERMARKT_EXPANDED
2022/23,2022,IN,459147,Erdis Kraja,800,Atalanta BC,5514,Calcio Lecco 1912,800,Atalanta BC,LOAN_RETURN_OR_END_OF_LOAN,End of loan 30/06/2022,TRANSFERMARKT_EXPANDED
2022/23,2022,IN,315856,Christian Capone,800,Atalanta BC,1103,Ternana Calcio,800,Atalanta BC,LOAN_RETURN_OR_END_OF_LOAN,End of loan 30/06/2022,TRANSFERMARKT_EXPANDED
2022/23,2022,IN,616631,Matteo Ruggeri,800,Atalanta BC,380,US Salernitana 1919,800,Atalanta BC,LOAN_RETURN_OR_END_OF_LOAN,End of loan 30/06/2022,TRANSFERMARKT_EXPANDED
2022/23,2022,IN,536814,Daniele Solcia,800,Atalanta BC,4167,1913 Seregno Calcio,800,Atalanta BC,LOAN_RETURN_OR_END_OF_LOAN,End of loan 30/06/2022,TRANSFERMARKT_EXPANDED
2022/23,2022,IN,416665,Edoardo Scanagatta,800,Atalanta BC,19164,Paganese Calcio 1926,800,Atalanta BC,LOAN_RETURN_OR_END_OF_LOAN,End of loan 30/06/2022,TRANSFERMARKT_EXPANDED
2022/23,2022,IN,355915,Cristian Romero,800,Atalanta BC,148,Tottenham Hotspur,800,Atalanta BC,LOAN_RETURN_OR_END_OF_LOAN,End of loan 29/08/2022,TRANSFERMARKT_EXPANDED
2022/23,2022,IN,567217,Ebrima Colley,800,Atalanta BC,3522,Spezia Calcio,800,Atalanta BC,LOAN_RETURN_OR_END_OF_LOAN,End of loan 30/06/2022,TRANSFERMARKT_EXPANDED
2022/23,2022,IN,203842,Viktor Kovalenko,800,Atalanta BC,3522,Spezia Calcio,800,Atalanta BC,LOAN_RETURN_OR_END_OF_LOAN,End of loan 30/06/2022,TRANSFERMARKT_EXPANDED
2022/23,2022,IN,420513,Lorenzo Babbi,800,Atalanta BC,1253,Lucchese Calcio,800,Atalanta BC,LOAN_RETURN_OR_END_OF_LOAN,End of loan 30/06/2022,TRANSFERMARKT_EXPANDED
2022/23,2022,IN,389581,Eyob Zambataro,800,Atalanta BC,5514,Calcio Lecco 1912,800,Atalanta BC,LOAN_RETURN_OR_END_OF_LOAN,End of loan 30/06/2022,TRANSFERMARKT_EXPANDED
2022/23,2022,IN,487840,Andrea Viviani,800,Atalanta BC,49430,AZ Picerno,800,Atalanta BC,LOAN_RETURN_OR_END_OF_LOAN,End of loan 30/06/2022,TRANSFERMARKT_EXPANDED
2022/23,2022,IN,315850,Marco Tumminello,800,Atalanta BC,1386,Reggina 1914,800,Atalanta BC,LOAN_RETURN_OR_END_OF_LOAN,End of loan 30/06/2022,TRANSFERMARKT_EXPANDED
2022/23,2022,IN,297630,Marco Carraro,800,Atalanta BC,4031,Cosenza Calcio,800,Atalanta BC,LOAN_RETURN_OR_END_OF_LOAN,End of loan 30/06/2022,TRANSFERMARKT_EXPANDED
2022/23,2022,IN,421769,Davide Ghislandi,800,Atalanta BC,4096,FC Turris 1944,800,Atalanta BC,LOAN_RETURN_OR_END_OF_LOAN,End of loan 30/06/2022,TRANSFERMARKT_EXPANDED
2022/23,2022,IN,473887,David Heidenreich,800,Atalanta BC,2722,SPAL,800,Atalanta BC,LOAN_RETURN_OR_END_OF_LOAN,End of loan 30/06/2022,TRANSFERMARKT_EXPANDED
2022/23,2022,IN,430503,Jacopo Da Riva,800,Atalanta BC,2722,SPAL,800,Atalanta BC,LOAN_RETURN_OR_END_OF_LOAN,End of loan 30/06/2022,TRANSFERMARKT_EXPANDED
2022/23,2022,IN,431698,Bosko Sutalo,800,Atalanta BC,276,Hellas Verona,800,Atalanta BC,LOAN_RETURN_OR_END_OF_LOAN,End of loan 30/06/2022,TRANSFERMARKT_EXPANDED
2022/23,2022,IN,268178,Arkadiusz Reca,800,Atalanta BC,3522,Spezia Calcio,800,Atalanta BC,LOAN_RETURN_OR_END_OF_LOAN,End of loan 30/06/2022,TRANSFERMARKT_EXPANDED
2022/23,2022,IN,421768,Alessandro Cortinovis,800,Atalanta BC,1386,Reggina 1914,800,Atalanta BC,LOAN_RETURN_OR_END_OF_LOAN,End of loan 30/06/2022,TRANSFERMARKT_EXPANDED
2022/23,2022,IN,392956,Enrico Delprato,800,Atalanta BC,130,Parma Calcio 1913,800,Atalanta BC,LOAN_RETURN_OR_END_OF_LOAN,End of loan 30/06/2022,TRANSFERMARKT_EXPANDED
2022/23,2022,IN,386914,Sam Lammers,800,Atalanta BC,24,Eintracht Frankfurt,800,Atalanta BC,LOAN_RETURN_OR_END_OF_LOAN,End of loan 30/06/2022,TRANSFERMARKT_EXPANDED
2022/23,2022,IN,297648,Simone Muratore,800,Atalanta BC,7179,CD Tondela,800,Atalanta BC,LOAN_RETURN_OR_END_OF_LOAN,End of loan 30/06/2022,TRANSFERMARKT_EXPANDED
2022/23,2022,IN,459655,Matteo Lovato,800,Atalanta BC,1390,Cagliari Calcio,800,Atalanta BC,LOAN_RETURN_OR_END_OF_LOAN,End of loan 30/06/2022,TRANSFERMARKT_EXPANDED
2022/23,2022,IN,465667,Giorgio Brogni,800,Atalanta BC,19164,Paganese Calcio 1926,800,Atalanta BC,LOAN_RETURN_OR_END_OF_LOAN,End of loan 30/06/2022,TRANSFERMARKT_EXPANDED
2022/23,2022,IN,401648,Alessio Girgi,800,Atalanta BC,9439,Feralpisalò,800,Atalanta BC,LOAN_RETURN_OR_END_OF_LOAN,End of loan 30/06/2022,TRANSFERMARKT_EXPANDED
2022/23,2022,IN,650254,Jonathan Italeng,800,Atalanta BC,5514,Calcio Lecco 1912,800,Atalanta BC,LOAN_RETURN_OR_END_OF_LOAN,End of loan 30/06/2022,TRANSFERMARKT_EXPANDED
2022/23,2022,IN,537546,Riccardo Burgio,800,Atalanta BC,1104,ACR Messina,800,Atalanta BC,LOAN_RETURN_OR_END_OF_LOAN,End of loan 30/06/2022,TRANSFERMARKT_EXPANDED
2022/23,2022,IN,421766,Ludovico Gelmi,800,Atalanta BC,26789,FC Pro Vercelli 1892,800,Atalanta BC,LOAN_RETURN_OR_END_OF_LOAN,End of loan 30/06/2022,TRANSFERMARKT_EXPANDED
2022/23,2022,IN,200194,Federico Mattiello,800,Atalanta BC,2721,US Alessandria Calcio 1912,800,Atalanta BC,LOAN_RETURN_OR_END_OF_LOAN,End of loan 30/06/2022,TRANSFERMARKT_EXPANDED
2022/23,2022,IN,623851,Khadim Ndiaye,800,Atalanta BC,55555,Tsarsko Selo (-2022),800,Atalanta BC,LOAN_RETURN_OR_END_OF_LOAN,End of loan 30/06/2022,TRANSFERMARKT_EXPANDED
2022/23,2022,IN,432092,Roberto Piccoli,800,Atalanta BC,276,Hellas Verona,800,Atalanta BC,LOAN_RETURN_OR_END_OF_LOAN,End of loan 30/01/2023,TRANSFERMARKT_EXPANDED
2022/23,2022,IN,244192,Pierluigi Gollini,800,Atalanta BC,430,ACF Fiorentina,800,Atalanta BC,LOAN_RETURN_OR_END_OF_LOAN,End of loan 24/01/2023,TRANSFERMARKT_EXPANDED
2022/23,2022,IN,623851,Khadim Ndiaye,800,Atalanta BC,26563,Hebar,800,Atalanta BC,LOAN_RETURN_OR_END_OF_LOAN,End of loan 04/01/2023,TRANSFERMARKT_EXPANDED
2022/23,2022,IN,459149,Lorenzo Peli,800,Atalanta BC,6692,Novara FC,800,Atalanta BC,LOAN_RETURN_OR_END_OF_LOAN,End of loan 31/01/2023,TRANSFERMARKT_EXPANDED
2022/23,2022,IN,315856,Christian Capone,800,Atalanta BC,4554,FC Südtirol,800,Atalanta BC,LOAN_RETURN_OR_END_OF_LOAN,End of loan 04/01/2023,TRANSFERMARKT_EXPANDED
2022/23,2022,IN,988862,Moustapha Cissé,800,Atalanta BC,4172,Pisa Sporting Club,800,Atalanta BC,LOAN_RETURN_OR_END_OF_LOAN,End of loan 29/01/2023,TRANSFERMARKT_EXPANDED
2022/23,2022,IN,616638,Alassane Sidibe,800,Atalanta BC,4031,Cosenza Calcio,800,Atalanta BC,LOAN_RETURN_OR_END_OF_LOAN,End of loan 30/01/2023,TRANSFERMARKT_EXPANDED
2022/23,2022,IN,273132,Robin Gosens,800,Atalanta BC,46,Inter Milan,800,Atalanta BC,LOAN_RETURN_OR_END_OF_LOAN,End of loan 30/06/2022,TRANSFERMARKT_EXPANDED
2022/23,2022,IN,487846,Guillaume Renault,800,Atalanta BC,26789,FC Pro Vercelli 1892,800,Atalanta BC,LOAN_RETURN_OR_END_OF_LOAN,End of loan 30/01/2023,TRANSFERMARKT_EXPANDED
2022/23,2022,OUT,355915,Cristian Romero,800,Atalanta BC,800,Atalanta BC,148,Tottenham Hotspur,PERMANENT_OR_OTHER_EXPLICIT,€53.80m,TRANSFERMARKT_EXPANDED
2022/23,2022,OUT,273132,Robin Gosens,800,Atalanta BC,800,Atalanta BC,46,Inter Milan,PERMANENT_OR_OTHER_EXPLICIT,€27.40m,TRANSFERMARKT_EXPANDED
2022/23,2022,OUT,392959,Andrea Colpani,800,Atalanta BC,800,Atalanta BC,2919,AC Monza,PERMANENT_OR_OTHER_EXPLICIT,€11.00m,TRANSFERMARKT_EXPANDED
2022/23,2022,OUT,148252,Remo Freuler,800,Atalanta BC,800,Atalanta BC,703,Nottingham Forest,PERMANENT_OR_OTHER_EXPLICIT,€8.30m,TRANSFERMARKT_EXPANDED
2022/23,2022,OUT,459655,Matteo Lovato,800,Atalanta BC,800,Atalanta BC,380,US Salernitana 1919,PERMANENT_OR_OTHER_EXPLICIT,€7.00m,TRANSFERMARKT_EXPANDED
2022/23,2022,OUT,357995,Davide Bettella,800,Atalanta BC,800,Atalanta BC,2919,AC Monza,PERMANENT_OR_OTHER_EXPLICIT,€5.00m,TRANSFERMARKT_EXPANDED
2022/23,2022,OUT,431698,Bosko Sutalo,800,Atalanta BC,800,Atalanta BC,419,GNK Dinamo Zagreb,PERMANENT_OR_OTHER_EXPLICIT,€4.05m,TRANSFERMARKT_EXPANDED
2022/23,2022,OUT,315862,Filippo Melegoni,800,Atalanta BC,800,Atalanta BC,252,Genoa CFC,PERMANENT_OR_OTHER_EXPLICIT,€4.00m,TRANSFERMARKT_EXPANDED
2022/23,2022,OUT,268178,Arkadiusz Reca,800,Atalanta BC,800,Atalanta BC,3522,Spezia Calcio,PERMANENT_OR_OTHER_EXPLICIT,€3.90m,TRANSFERMARKT_EXPANDED
2022/23,2022,OUT,332179,Matteo Pessina,800,Atalanta BC,800,Atalanta BC,2919,AC Monza,LOAN,Loan fee: €3.20m,TRANSFERMARKT_EXPANDED
2022/23,2022,OUT,287663,Luca Valzania,800,Atalanta BC,800,Atalanta BC,2239,US Cremonese,PERMANENT_OR_OTHER_EXPLICIT,€3.00m,TRANSFERMARKT_EXPANDED
2022/23,2022,OUT,392956,Enrico Delprato,800,Atalanta BC,800,Atalanta BC,130,Parma Calcio 1913,PERMANENT_OR_OTHER_EXPLICIT,€2.75m,TRANSFERMARKT_EXPANDED
2022/23,2022,OUT,492313,Rodrigo Guth,800,Atalanta BC,800,Atalanta BC,385,Fortuna Sittard,PERMANENT_OR_OTHER_EXPLICIT,€1.10m,TRANSFERMARKT_EXPANDED
2022/23,2022,OUT,255450,Aleksey Miranchuk,800,Atalanta BC,800,Atalanta BC,416,Torino FC,LOAN,Loan fee: €980k,TRANSFERMARKT_EXPANDED
2022/23,2022,OUT,459151,Nicolò Cambiaghi,800,Atalanta BC,800,Atalanta BC,749,FC Empoli,LOAN,Loan fee: €500k,TRANSFERMARKT_EXPANDED
2022/23,2022,OUT,988862,Moustapha Cissé,800,Atalanta BC,800,Atalanta BC,4172,Pisa Sporting Club,LOAN,Loan fee: €500k,TRANSFERMARKT_EXPANDED
2022/23,2022,OUT,386914,Sam Lammers,800,Atalanta BC,800,Atalanta BC,749,FC Empoli,LOAN,Loan fee: €500k,TRANSFERMARKT_EXPANDED
2022/23,2022,OUT,392966,Nadir Zortea,800,Atalanta BC,800,Atalanta BC,6574,US Sassuolo,LOAN,Loan fee: €500k,TRANSFERMARKT_EXPANDED
2022/23,2022,OUT,244192,Pierluigi Gollini,800,Atalanta BC,800,Atalanta BC,430,ACF Fiorentina,LOAN,Loan fee: €490k,TRANSFERMARKT_EXPANDED
2022/23,2022,OUT,244192,Pierluigi Gollini,800,Atalanta BC,800,Atalanta BC,6195,SSC Napoli,LOAN,Loan fee: €400k,TRANSFERMARKT_EXPANDED
2022/23,2022,OUT,407734,Olaf Kobacki,800,Atalanta BC,800,Atalanta BC,6107,Arka Gdynia,PERMANENT_OR_OTHER_EXPLICIT,€180k,TRANSFERMARKT_EXPANDED
2022/23,2022,OUT,226080,Anton Kresic,800,Atalanta BC,800,Atalanta BC,144,HNK Rijeka,PERMANENT_OR_OTHER_EXPLICIT,€150k,TRANSFERMARKT_EXPANDED
2022/23,2022,OUT,616628,Giorgio Cittadini,800,Atalanta BC,800,Atalanta BC,1385,Modena FC,LOAN,Loan fee: €150k,TRANSFERMARKT_EXPANDED
2022/23,2022,OUT,392963,Salvatore Elia,800,Atalanta BC,800,Atalanta BC,458,Palermo FC,LOAN,Loan fee: €150k,TRANSFERMARKT_EXPANDED
2022/23,2022,OUT,203842,Viktor Kovalenko,800,Atalanta BC,800,Atalanta BC,3522,Spezia Calcio,LOAN,Loan fee: €100k,TRANSFERMARKT_EXPANDED
2022/23,2022,OUT,567217,Ebrima Colley,800,Atalanta BC,800,Atalanta BC,6646,Fatih Karagümrük,LOAN,Loan fee: €50k,TRANSFERMARKT_EXPANDED
2022/23,2022,OUT,392958,Enrico Zanoni,800,Atalanta BC,800,Atalanta BC,36137,Costa Orientale Sarda,FREE_TRANSFER,free transfer,TRANSFERMARKT_EXPANDED
2022/23,2022,OUT,459152,Matteo Pedrini,800,Atalanta BC,800,Atalanta BC,2581,Mantova 1911,FREE_TRANSFER,free transfer,TRANSFERMARKT_EXPANDED
2022/23,2022,OUT,487845,Antonio Reda,800,Atalanta BC,800,Atalanta BC,50047,Fossano Calcio,FREE_TRANSFER,free transfer,TRANSFERMARKT_EXPANDED
2022/23,2022,OUT,416665,Edoardo Scanagatta,800,Atalanta BC,800,Atalanta BC,9818,Giugliano Calcio 1928,FREE_TRANSFER,free transfer,TRANSFERMARKT_EXPANDED
2022/23,2022,OUT,392953,Alberto Alari,800,Atalanta BC,800,Atalanta BC,91510,Dolomiti Bellunesi,FREE_TRANSFER,free transfer,TRANSFERMARKT_EXPANDED
2022/23,2022,OUT,537546,Riccardo Burgio,800,Atalanta BC,800,Atalanta BC,45894,Monterosi Tuscia FC,FREE_TRANSFER,free transfer,TRANSFERMARKT_EXPANDED
2022/23,2022,OUT,389581,Eyob Zambataro,800,Atalanta BC,800,Atalanta BC,5514,Calcio Lecco 1912,FREE_TRANSFER,free transfer,TRANSFERMARKT_EXPANDED
2022/23,2022,OUT,536816,Niccolò Ghisleni,800,Atalanta BC,800,Atalanta BC,4337,Acireale Calcio,FREE_TRANSFER,free transfer,TRANSFERMARKT_EXPANDED
2022/23,2022,OUT,420513,Lorenzo Babbi,800,Atalanta BC,800,Atalanta BC,9826,Olbia Calcio 1905,LOAN,loan transfer,TRANSFERMARKT_EXPANDED
2022/23,2022,OUT,337809,Simone Mazzocchi,800,Atalanta BC,800,Atalanta BC,4554,FC Südtirol,LOAN,loan transfer,TRANSFERMARKT_EXPANDED
2022/23,2022,OUT,465667,Giorgio Brogni,800,Atalanta BC,800,Atalanta BC,1388,Ancona Calcio,LOAN,loan transfer,TRANSFERMARKT_EXPANDED
2022/23,2022,OUT,421766,Ludovico Gelmi,800,Atalanta BC,800,Atalanta BC,9826,Olbia Calcio 1905,LOAN,loan transfer,TRANSFERMARKT_EXPANDED
2022/23,2022,OUT,650254,Jonathan Italeng,800,Atalanta BC,800,Atalanta BC,4339,Aquila Montevarchi 1902,LOAN,loan transfer,TRANSFERMARKT_EXPANDED
2022/23,2022,OUT,346528,Stefano Mazzini,800,Atalanta BC,800,Atalanta BC,4339,Aquila Montevarchi 1902,LOAN,loan transfer,TRANSFERMARKT_EXPANDED
2022/23,2022,OUT,459149,Lorenzo Peli,800,Atalanta BC,800,Atalanta BC,6692,Novara FC,LOAN,loan transfer,TRANSFERMARKT_EXPANDED
2022/23,2022,OUT,432089,Emmanuel Gyabuaa,800,Atalanta BC,800,Atalanta BC,2921,Delfino Pescara 1936,LOAN,loan transfer,TRANSFERMARKT_EXPANDED
2022/23,2022,OUT,315856,Christian Capone,800,Atalanta BC,800,Atalanta BC,4554,FC Südtirol,LOAN,loan transfer,TRANSFERMARKT_EXPANDED
2022/23,2022,OUT,567470,Samuel Giovane,800,Atalanta BC,800,Atalanta BC,408,Ascoli Calcio,LOAN,loan transfer,TRANSFERMARKT_EXPANDED
2022/23,2022,OUT,459147,Erdis Kraja,800,Atalanta BC,800,Atalanta BC,2921,Delfino Pescara 1936,LOAN,loan transfer,TRANSFERMARKT_EXPANDED
2022/23,2022,OUT,297630,Marco Carraro,800,Atalanta BC,800,Atalanta BC,4083,FC Crotone,LOAN,loan transfer,TRANSFERMARKT_EXPANDED
2022/23,2022,OUT,487840,Andrea Viviani,800,Atalanta BC,800,Atalanta BC,39818,San Donato Tavarnelle,LOAN,loan transfer,TRANSFERMARKT_EXPANDED
2022/23,2022,OUT,315856,Christian Capone,800,Atalanta BC,800,Atalanta BC,5621,AC Reggiana 1919,LOAN,loan transfer,TRANSFERMARKT_EXPANDED
2022/23,2022,OUT,459149,Lorenzo Peli,800,Atalanta BC,800,Atalanta BC,14888,US Città di Pontedera,LOAN,loan transfer,TRANSFERMARKT_EXPANDED
2022/23,2022,OUT,487846,Guillaume Renault,800,Atalanta BC,800,Atalanta BC,2721,US Alessandria Calcio 1912,LOAN,loan transfer,TRANSFERMARKT_EXPANDED
2022/23,2022,OUT,401648,Alessio Girgi,800,Atalanta BC,800,Atalanta BC,2253,SEF Torres 1903,PERMANENT_OR_OTHER_EXPLICIT,?,TRANSFERMARKT_EXPANDED
2022/23,2022,OUT,315850,Marco Tumminello,800,Atalanta BC,800,Atalanta BC,4083,FC Crotone,PERMANENT_OR_OTHER_EXPLICIT,?,TRANSFERMARKT_EXPANDED
2022/23,2022,OUT,287710,Gabriel Lunetta,800,Atalanta BC,800,Atalanta BC,144,HNK Rijeka,PERMANENT_OR_OTHER_EXPLICIT,?,TRANSFERMARKT_EXPANDED
2022/23,2022,OUT,432092,Roberto Piccoli,800,Atalanta BC,800,Atalanta BC,276,Hellas Verona,LOAN,loan transfer,TRANSFERMARKT_EXPANDED
2022/23,2022,OUT,392964,Emmanuel Latte Lath,800,Atalanta BC,800,Atalanta BC,257,FC St. Gallen 1879,LOAN,loan transfer,TRANSFERMARKT_EXPANDED
2022/23,2022,OUT,362981,Marco Varnier,800,Atalanta BC,800,Atalanta BC,2722,SPAL,LOAN,loan transfer,TRANSFERMARKT_EXPANDED
2022/23,2022,OUT,536814,Daniele Solcia,800,Atalanta BC,800,Atalanta BC,49939,Virtus Francavilla Calcio,LOAN,loan transfer,TRANSFERMARKT_EXPANDED
2022/23,2022,OUT,421769,Davide Ghislandi,800,Atalanta BC,800,Atalanta BC,4271,US Triestina,LOAN,loan transfer,TRANSFERMARKT_EXPANDED
2022/23,2022,OUT,623851,Khadim Ndiaye,800,Atalanta BC,800,Atalanta BC,26563,Hebar,LOAN,loan transfer,TRANSFERMARKT_EXPANDED
2022/23,2022,OUT,663900,Giovanni Bonfanti,800,Atalanta BC,800,Atalanta BC,14888,US Città di Pontedera,LOAN,loan transfer,TRANSFERMARKT_EXPANDED
2022/23,2022,OUT,473887,David Heidenreich,800,Atalanta BC,800,Atalanta BC,1322,FK Jablonec,LOAN,loan transfer,TRANSFERMARKT_EXPANDED
2022/23,2022,OUT,421768,Alessandro Cortinovis,800,Atalanta BC,800,Atalanta BC,276,Hellas Verona,LOAN,loan transfer,TRANSFERMARKT_EXPANDED
2022/23,2022,OUT,616638,Alassane Sidibe,800,Atalanta BC,800,Atalanta BC,4031,Cosenza Calcio,LOAN,loan transfer,TRANSFERMARKT_EXPANDED
2022/23,2022,OUT,459763,Marco Carnesecchi,800,Atalanta BC,800,Atalanta BC,2239,US Cremonese,LOAN,loan transfer,TRANSFERMARKT_EXPANDED
2022/23,2022,OUT,264514,Luca Vido,800,Atalanta BC,800,Atalanta BC,458,Palermo FC,LOAN,loan transfer,TRANSFERMARKT_EXPANDED
2022/23,2022,OUT,430503,Jacopo Da Riva,800,Atalanta BC,800,Atalanta BC,1047,Como 1907,LOAN,loan transfer,TRANSFERMARKT_EXPANDED
2022/23,2022,OUT,207877,Ruslan Malinovskyi,800,Atalanta BC,800,Atalanta BC,244,Olympique Marseille,LOAN,loan transfer,TRANSFERMARKT_EXPANDED
2022/23,2022,OUT,432092,Roberto Piccoli,800,Atalanta BC,800,Atalanta BC,749,FC Empoli,LOAN,loan transfer,TRANSFERMARKT_EXPANDED
2022/23,2022,OUT,616638,Alassane Sidibe,800,Atalanta BC,800,Atalanta BC,408,Ascoli Calcio,LOAN,loan transfer,TRANSFERMARKT_EXPANDED
2022/23,2022,OUT,312735,Bryan Cabezas,800,Atalanta BC,800,Atalanta BC,515,Without Club,FREE_AGENT_OR_END_OF_CONTRACT,-,TRANSFERMARKT_EXPANDED
2022/23,2022,OUT,80351,Josip Ilicic,800,Atalanta BC,800,Atalanta BC,515,Without Club,FREE_AGENT_OR_END_OF_CONTRACT,-,TRANSFERMARKT_EXPANDED
2022/23,2022,OUT,200194,Federico Mattiello,800,Atalanta BC,800,Atalanta BC,515,Without Club,FREE_AGENT_OR_END_OF_CONTRACT,-,TRANSFERMARKT_EXPANDED
2022/23,2022,OUT,458096,Matteo Salvi,800,Atalanta BC,800,Atalanta BC,515,Without Club,FREE_AGENT_OR_END_OF_CONTRACT,-,TRANSFERMARKT_EXPANDED
2022/23,2022,OUT,988862,Moustapha Cissé,800,Atalanta BC,800,Atalanta BC,4554,FC Südtirol,LOAN,loan transfer,TRANSFERMARKT_EXPANDED
2022/23,2022,OUT,336960,Giuseppe Pezzella,800,Atalanta BC,800,Atalanta BC,130,Parma Calcio 1913,LOAN_RETURN_OR_END_OF_LOAN,End of loan 30/06/2022,TRANSFERMARKT_EXPANDED
2022/23,2022,OUT,340879,Merih Demiral,800,Atalanta BC,800,Atalanta BC,506,Juventus FC,LOAN_RETURN_OR_END_OF_LOAN,End of loan 30/06/2022,TRANSFERMARKT_EXPANDED
2022/23,2022,OUT,216569,Jérémie Boga,800,Atalanta BC,800,Atalanta BC,6574,US Sassuolo,LOAN_RETURN_OR_END_OF_LOAN,End of loan 30/06/2022,TRANSFERMARKT_EXPANDED
2022/23,2022,OUT,535469,Valentin Mihăilă,800,Atalanta BC,800,Atalanta BC,130,Parma Calcio 1913,LOAN_RETURN_OR_END_OF_LOAN,End of loan 30/06/2022,TRANSFERMARKT_EXPANDED
2022/23,2022,IN,282388,Giovanni Simeone,276,Hellas Verona,1390,Cagliari Calcio,276,Hellas Verona,PERMANENT_OR_OTHER_EXPLICIT,€10.50m,TRANSFERMARKT_EXPANDED
2022/23,2022,IN,701819,Daniele Ghilardi,276,Hellas Verona,430,ACF Fiorentina,276,Hellas Verona,PERMANENT_OR_OTHER_EXPLICIT,€5.63m,TRANSFERMARKT_EXPANDED
2022/23,2022,IN,412513,Thomas Henry,276,Hellas Verona,607,Venezia FC,276,Hellas Verona,PERMANENT_OR_OTHER_EXPLICIT,€5.23m,TRANSFERMARKT_EXPANDED
2022/23,2022,IN,146752,Gianluca Caprari,276,Hellas Verona,1038,UC Sampdoria,276,Hellas Verona,PERMANENT_OR_OTHER_EXPLICIT,€5.00m,TRANSFERMARKT_EXPANDED
2022/23,2022,IN,503075,Isak Hien,276,Hellas Verona,1044,Djurgårdens IF,276,Hellas Verona,PERMANENT_OR_OTHER_EXPLICIT,€4.60m,TRANSFERMARKT_EXPANDED
2022/23,2022,IN,398808,Martin Hongla,276,Hellas Verona,1096,Royal Antwerp FC,276,Hellas Verona,PERMANENT_OR_OTHER_EXPLICIT,€3.70m,TRANSFERMARKT_EXPANDED
2022/23,2022,IN,686965,Juan Cabal,276,Hellas Verona,8172,Atlético Nacional,276,Hellas Verona,PERMANENT_OR_OTHER_EXPLICIT,€3.50m,TRANSFERMARKT_EXPANDED
2022/23,2022,IN,567129,Josh Doig,276,Hellas Verona,903,Hibernian FC,276,Hellas Verona,PERMANENT_OR_OTHER_EXPLICIT,€3.40m,TRANSFERMARKT_EXPANDED
2022/23,2022,IN,374418,Mateusz Praszelik,276,Hellas Verona,759,Slask Wroclaw,276,Hellas Verona,PERMANENT_OR_OTHER_EXPLICIT,€2.00m,TRANSFERMARKT_EXPANDED
2022/23,2022,IN,241923,Lorenzo Montipò,276,Hellas Verona,4171,Benevento Calcio,276,Hellas Verona,PERMANENT_OR_OTHER_EXPLICIT,€1.10m,TRANSFERMARKT_EXPANDED
2022/23,2022,IN,358032,Cyril Ngonge,276,Hellas Verona,202,FC Groningen,276,Hellas Verona,PERMANENT_OR_OTHER_EXPLICIT,€550k,TRANSFERMARKT_EXPANDED
2022/23,2022,IN,265625,Ajdin Hrustic,276,Hellas Verona,24,Eintracht Frankfurt,276,Hellas Verona,PERMANENT_OR_OTHER_EXPLICIT,€500k,TRANSFERMARKT_EXPANDED
2022/23,2022,IN,608469,Adolfo Gaich,276,Hellas Verona,2410,CSKA Moscow,276,Hellas Verona,LOAN,Loan fee: €300k,TRANSFERMARKT_EXPANDED
2022/23,2022,IN,623040,Yayah Kallon,276,Hellas Verona,252,Genoa CFC,276,Hellas Verona,LOAN,Loan fee: €200k,TRANSFERMARKT_EXPANDED
2022/23,2022,IN,325993,Oliver Abildgaard,276,Hellas Verona,2698,Rubin Kazan,276,Hellas Verona,LOAN,Loan fee: €150k,TRANSFERMARKT_EXPANDED
2022/23,2022,IN,572443,Bruno Conti,276,Hellas Verona,11676,Cagliari Primavera,276,Hellas Verona,PERMANENT_OR_OTHER_EXPLICIT,€100k,TRANSFERMARKT_EXPANDED
2022/23,2022,IN,240094,Dramane Konaté,276,Hellas Verona,19164,Paganese Calcio 1926,276,Hellas Verona,FREE_TRANSFER,free transfer,TRANSFERMARKT_EXPANDED
2022/23,2022,IN,240675,Simone Perilli,276,Hellas Verona,19,Brescia Calcio (- 2025),276,Hellas Verona,FREE_TRANSFER,free transfer,TRANSFERMARKT_EXPANDED
2022/23,2022,IN,67556,Milan Djuric,276,Hellas Verona,380,US Salernitana 1919,276,Hellas Verona,FREE_TRANSFER,free transfer,TRANSFERMARKT_EXPANDED
2022/23,2022,IN,130360,Simone Verdi,276,Hellas Verona,416,Torino FC,276,Hellas Verona,LOAN,loan transfer,TRANSFERMARKT_EXPANDED
2022/23,2022,IN,324282,Fabio Depaoli,276,Hellas Verona,1038,UC Sampdoria,276,Hellas Verona,LOAN,loan transfer,TRANSFERMARKT_EXPANDED
2022/23,2022,IN,432092,Roberto Piccoli,276,Hellas Verona,800,Atalanta BC,276,Hellas Verona,LOAN,loan transfer,TRANSFERMARKT_EXPANDED
2022/23,2022,IN,421768,Alessandro Cortinovis,276,Hellas Verona,800,Atalanta BC,276,Hellas Verona,LOAN,loan transfer,TRANSFERMARKT_EXPANDED
2022/23,2022,IN,338032,Deyovaisio Zeefuik,276,Hellas Verona,44,Hertha BSC,276,Hellas Verona,LOAN,loan transfer,TRANSFERMARKT_EXPANDED
2022/23,2022,IN,470391,Jayden Braaf,276,Hellas Verona,17,Borussia Dortmund II,276,Hellas Verona,LOAN,loan transfer,TRANSFERMARKT_EXPANDED
2022/23,2022,IN,232418,Ondrej Duda,276,Hellas Verona,3,1.FC Köln,276,Hellas Verona,LOAN,loan transfer,TRANSFERMARKT_EXPANDED
2022/23,2022,IN,310458,Giangiacomo Magnani,276,Hellas Verona,1038,UC Sampdoria,276,Hellas Verona,LOAN_RETURN_OR_END_OF_LOAN,End of loan 30/06/2022,TRANSFERMARKT_EXPANDED
2022/23,2022,IN,982267,Ibrahim Sulemana,276,Hellas Verona,16996,Hellas Verona Primavera,276,Hellas Verona,PERMANENT_OR_OTHER_EXPLICIT,-,TRANSFERMARKT_EXPANDED
2022/23,2022,IN,506941,David Flakus Bosilj,276,Hellas Verona,16996,Hellas Verona Primavera,276,Hellas Verona,PERMANENT_OR_OTHER_EXPLICIT,-,TRANSFERMARKT_EXPANDED
2022/23,2022,IN,631007,Filippo Terracciano,276,Hellas Verona,16996,Hellas Verona Primavera,276,Hellas Verona,PERMANENT_OR_OTHER_EXPLICIT,-,TRANSFERMARKT_EXPANDED
2022/23,2022,IN,272261,Antonín Barák,276,Hellas Verona,430,ACF Fiorentina,276,Hellas Verona,LOAN_RETURN_OR_END_OF_LOAN,End of loan 30/01/2023,TRANSFERMARKT_EXPANDED
2022/23,2022,IN,556385,Destiny Udogie,276,Hellas Verona,410,Udinese Calcio,276,Hellas Verona,LOAN_RETURN_OR_END_OF_LOAN,End of loan 30/06/2022,TRANSFERMARKT_EXPANDED
2022/23,2022,IN,704234,Diego Fornari,276,Hellas Verona,46293,Caldiero Terme,276,Hellas Verona,LOAN_RETURN_OR_END_OF_LOAN,End of loan 30/06/2022,TRANSFERMARKT_EXPANDED
2022/23,2022,IN,210363,Mariusz Stępiński,276,Hellas Verona,10586,Aris Limassol,276,Hellas Verona,LOAN_RETURN_OR_END_OF_LOAN,End of loan 30/06/2022,TRANSFERMARKT_EXPANDED
2022/23,2022,IN,344806,Lubomir Tupta,276,Hellas Verona,697,FC Slovan Liberec,276,Hellas Verona,LOAN_RETURN_OR_END_OF_LOAN,End of loan 30/06/2022,TRANSFERMARKT_EXPANDED
2022/23,2022,IN,459644,Adama Sane,276,Hellas Verona,22045,Latina Calcio 1932,276,Hellas Verona,LOAN_RETURN_OR_END_OF_LOAN,End of loan 30/06/2022,TRANSFERMARKT_EXPANDED
2022/23,2022,IN,537668,Nunzio Brandi,276,Hellas Verona,1253,Lucchese Calcio,276,Hellas Verona,LOAN_RETURN_OR_END_OF_LOAN,End of loan 30/06/2022,TRANSFERMARKT_EXPANDED
2022/23,2022,IN,415801,Nicola Borghetto,276,Hellas Verona,45894,Monterosi Tuscia FC,276,Hellas Verona,LOAN_RETURN_OR_END_OF_LOAN,End of loan 30/06/2022,TRANSFERMARKT_EXPANDED
2022/23,2022,IN,644676,Bruno Amione,276,Hellas Verona,1386,Reggina 1914,276,Hellas Verona,LOAN_RETURN_OR_END_OF_LOAN,End of loan 30/06/2022,TRANSFERMARKT_EXPANDED
2022/23,2022,IN,283735,Mattia Zaccagni,276,Hellas Verona,398,SS Lazio,276,Hellas Verona,LOAN_RETURN_OR_END_OF_LOAN,End of loan 30/06/2022,TRANSFERMARKT_EXPANDED
2022/23,2022,IN,391498,Mert Çetin,276,Hellas Verona,3205,Kayserispor,276,Hellas Verona,LOAN_RETURN_OR_END_OF_LOAN,End of loan 30/06/2022,TRANSFERMARKT_EXPANDED
2022/23,2022,IN,574669,Bogdan Jocic,276,Hellas Verona,26789,FC Pro Vercelli 1892,276,Hellas Verona,LOAN_RETURN_OR_END_OF_LOAN,End of loan 30/06/2022,TRANSFERMARKT_EXPANDED
2022/23,2022,IN,290032,Kevin Rüegg,276,Hellas Verona,2790,FC Lugano,276,Hellas Verona,LOAN_RETURN_OR_END_OF_LOAN,End of loan 30/06/2022,TRANSFERMARKT_EXPANDED
2022/23,2022,IN,240094,Dramane Konaté,276,Hellas Verona,12469,KF Skënderbeu,276,Hellas Verona,LOAN_RETURN_OR_END_OF_LOAN,End of loan 22/08/2022,TRANSFERMARKT_EXPANDED
2022/23,2022,IN,391498,Mert Çetin,276,Hellas Verona,1005,US Lecce,276,Hellas Verona,LOAN_RETURN_OR_END_OF_LOAN,End of loan 17/01/2023,TRANSFERMARKT_EXPANDED
2022/23,2022,OUT,389837,Nicolò Casale,276,Hellas Verona,276,Hellas Verona,398,SS Lazio,PERMANENT_OR_OTHER_EXPLICIT,€8.00m,TRANSFERMARKT_EXPANDED
2022/23,2022,OUT,272261,Antonín Barák,276,Hellas Verona,276,Hellas Verona,430,ACF Fiorentina,PERMANENT_OR_OTHER_EXPLICIT,€7.86m,TRANSFERMARKT_EXPANDED
2022/23,2022,OUT,283735,Mattia Zaccagni,276,Hellas Verona,276,Hellas Verona,398,SS Lazio,PERMANENT_OR_OTHER_EXPLICIT,€7.10m,TRANSFERMARKT_EXPANDED
2022/23,2022,OUT,556385,Destiny Udogie,276,Hellas Verona,276,Hellas Verona,410,Udinese Calcio,PERMANENT_OR_OTHER_EXPLICIT,€5.20m,TRANSFERMARKT_EXPANDED
2022/23,2022,OUT,146752,Gianluca Caprari,276,Hellas Verona,276,Hellas Verona,2919,AC Monza,LOAN,Loan fee: €3.20m,TRANSFERMARKT_EXPANDED
2022/23,2022,OUT,282388,Giovanni Simeone,276,Hellas Verona,276,Hellas Verona,6195,SSC Napoli,LOAN,Loan fee: €3.10m,TRANSFERMARKT_EXPANDED
2022/23,2022,OUT,272261,Antonín Barák,276,Hellas Verona,276,Hellas Verona,430,ACF Fiorentina,LOAN,Loan fee: €1.46m,TRANSFERMARKT_EXPANDED
2022/23,2022,OUT,371013,Ivor Pandur,276,Hellas Verona,276,Hellas Verona,385,Fortuna Sittard,LOAN,Loan fee: €190k,TRANSFERMARKT_EXPANDED
2022/23,2022,OUT,210363,Mariusz Stępiński,276,Hellas Verona,276,Hellas Verona,10586,Aris Limassol,PERMANENT_OR_OTHER_EXPLICIT,€150k,TRANSFERMARKT_EXPANDED
2022/23,2022,OUT,290032,Kevin Rüegg,276,Hellas Verona,276,Hellas Verona,452,BSC Young Boys,LOAN,Loan fee: €150k,TRANSFERMARKT_EXPANDED
2022/23,2022,OUT,115763,Koray Günter,276,Hellas Verona,276,Hellas Verona,1038,UC Sampdoria,LOAN,Loan fee: €95k,TRANSFERMARKT_EXPANDED
2022/23,2022,OUT,391498,Mert Çetin,276,Hellas Verona,276,Hellas Verona,3840,Adana Demirspor,LOAN,Loan fee: €50k,TRANSFERMARKT_EXPANDED
2022/23,2022,OUT,537668,Nunzio Brandi,276,Hellas Verona,276,Hellas Verona,4093,Taranto SS,FREE_TRANSFER,free transfer,TRANSFERMARKT_EXPANDED
2022/23,2022,OUT,415801,Nicola Borghetto,276,Hellas Verona,276,Hellas Verona,4033,Fermana FC,FREE_TRANSFER,free transfer,TRANSFERMARKT_EXPANDED
2022/23,2022,OUT,574669,Bogdan Jocic,276,Hellas Verona,276,Hellas Verona,4634,FK Vozdovac,FREE_TRANSFER,free transfer,TRANSFERMARKT_EXPANDED
2022/23,2022,OUT,240094,Dramane Konaté,276,Hellas Verona,276,Hellas Verona,4562,Aglianese Calcio 1923,FREE_TRANSFER,free transfer,TRANSFERMARKT_EXPANDED
2022/23,2022,OUT,140757,Daniel Bessa,276,Hellas Verona,276,Hellas Verona,38040,Kalba FC,FREE_TRANSFER,free transfer,TRANSFERMARKT_EXPANDED
2022/23,2022,OUT,344806,Lubomir Tupta,276,Hellas Verona,276,Hellas Verona,2921,Delfino Pescara 1936,FREE_TRANSFER,free transfer,TRANSFERMARKT_EXPANDED
2022/23,2022,OUT,459644,Adama Sane,276,Hellas Verona,276,Hellas Verona,30326,Gelbison,LOAN,loan transfer,TRANSFERMARKT_EXPANDED
2022/23,2022,OUT,391498,Mert Çetin,276,Hellas Verona,276,Hellas Verona,1005,US Lecce,LOAN,loan transfer,TRANSFERMARKT_EXPANDED
2022/23,2022,OUT,324351,Panagiotis Retsos,276,Hellas Verona,276,Hellas Verona,683,Olympiacos Piraeus,LOAN,loan transfer,TRANSFERMARKT_EXPANDED
2022/23,2022,OUT,704234,Diego Fornari,276,Hellas Verona,276,Hellas Verona,9816,Forlì FC,LOAN,loan transfer,TRANSFERMARKT_EXPANDED
2022/23,2022,OUT,506941,David Flakus Bosilj,276,Hellas Verona,276,Hellas Verona,26985,NK Bravo,LOAN,loan transfer,TRANSFERMARKT_EXPANDED
2022/23,2022,OUT,572443,Bruno Conti,276,Hellas Verona,276,Hellas Verona,2581,Mantova 1911,LOAN,loan transfer,TRANSFERMARKT_EXPANDED
2022/23,2022,OUT,701819,Daniele Ghilardi,276,Hellas Verona,276,Hellas Verona,2581,Mantova 1911,LOAN,loan transfer,TRANSFERMARKT_EXPANDED
2022/23,2022,OUT,550106,Matteo Cancellieri,276,Hellas Verona,276,Hellas Verona,398,SS Lazio,LOAN,loan transfer,TRANSFERMARKT_EXPANDED
2022/23,2022,OUT,644676,Bruno Amione,276,Hellas Verona,276,Hellas Verona,1038,UC Sampdoria,LOAN,loan transfer,TRANSFERMARKT_EXPANDED
2022/23,2022,OUT,398808,Martin Hongla,276,Hellas Verona,276,Hellas Verona,366,Real Valladolid CF,LOAN,loan transfer,TRANSFERMARKT_EXPANDED
2022/23,2022,OUT,421768,Alessandro Cortinovis,276,Hellas Verona,276,Hellas Verona,4031,Cosenza Calcio,LOAN,loan transfer,TRANSFERMARKT_EXPANDED
2022/23,2022,OUT,374418,Mateusz Praszelik,276,Hellas Verona,276,Hellas Verona,4031,Cosenza Calcio,LOAN,loan transfer,TRANSFERMARKT_EXPANDED
2022/23,2022,OUT,470794,Ivan Ilić,276,Hellas Verona,276,Hellas Verona,416,Torino FC,LOAN,loan transfer,TRANSFERMARKT_EXPANDED
2022/23,2022,OUT,535881,Mattia Chiesa,276,Hellas Verona,276,Hellas Verona,2581,Mantova 1911,LOAN,loan transfer,TRANSFERMARKT_EXPANDED
2022/23,2022,OUT,240094,Dramane Konaté,276,Hellas Verona,276,Hellas Verona,12469,KF Skënderbeu,LOAN,loan transfer,TRANSFERMARKT_EXPANDED
2022/23,2022,OUT,398808,Martin Hongla,276,Hellas Verona,276,Hellas Verona,1096,Royal Antwerp FC,LOAN_RETURN_OR_END_OF_LOAN,End of loan 30/06/2022,TRANSFERMARKT_EXPANDED
2022/23,2022,OUT,241923,Lorenzo Montipò,276,Hellas Verona,276,Hellas Verona,4171,Benevento Calcio,LOAN_RETURN_OR_END_OF_LOAN,End of loan 30/06/2022,TRANSFERMARKT_EXPANDED
2022/23,2022,OUT,386755,Gianluca Frabotta,276,Hellas Verona,276,Hellas Verona,506,Juventus FC,LOAN_RETURN_OR_END_OF_LOAN,End of loan 30/06/2022,TRANSFERMARKT_EXPANDED
2022/23,2022,OUT,431698,Bosko Sutalo,276,Hellas Verona,276,Hellas Verona,800,Atalanta BC,LOAN_RETURN_OR_END_OF_LOAN,End of loan 30/06/2022,TRANSFERMARKT_EXPANDED
2022/23,2022,OUT,282388,Giovanni Simeone,276,Hellas Verona,276,Hellas Verona,1390,Cagliari Calcio,LOAN_RETURN_OR_END_OF_LOAN,End of loan 30/06/2022,TRANSFERMARKT_EXPANDED
2022/23,2022,OUT,146752,Gianluca Caprari,276,Hellas Verona,276,Hellas Verona,1038,UC Sampdoria,LOAN_RETURN_OR_END_OF_LOAN,End of loan 30/06/2022,TRANSFERMARKT_EXPANDED
2022/23,2022,OUT,324282,Fabio Depaoli,276,Hellas Verona,276,Hellas Verona,1038,UC Sampdoria,LOAN_RETURN_OR_END_OF_LOAN,End of loan 30/06/2022,TRANSFERMARKT_EXPANDED
2022/23,2022,OUT,374418,Mateusz Praszelik,276,Hellas Verona,276,Hellas Verona,759,Slask Wroclaw,LOAN_RETURN_OR_END_OF_LOAN,End of loan 31/12/2022,TRANSFERMARKT_EXPANDED
2022/23,2022,OUT,432092,Roberto Piccoli,276,Hellas Verona,276,Hellas Verona,800,Atalanta BC,LOAN_RETURN_OR_END_OF_LOAN,End of loan 30/01/2023,TRANSFERMARKT_EXPANDED
2022/23,2022,IN,467992,Samuele Ricci,416,Torino FC,749,FC Empoli,416,Torino FC,PERMANENT_OR_OTHER_EXPLICIT,€10.80m,TRANSFERMARKT_EXPANDED
2022/23,2022,IN,418543,Perr Schuurs,416,Torino FC,610,Ajax Amsterdam,416,Torino FC,PERMANENT_OR_OTHER_EXPLICIT,€9.40m,TRANSFERMARKT_EXPANDED
2022/23,2022,IN,743091,Emirhan İlkhan,416,Torino FC,114,Besiktas JK,416,Torino FC,PERMANENT_OR_OTHER_EXPLICIT,€4.90m,TRANSFERMARKT_EXPANDED
2022/23,2022,IN,364133,Pietro Pellegri,416,Torino FC,162,AS Monaco,416,Torino FC,PERMANENT_OR_OTHER_EXPLICIT,€4.20m,TRANSFERMARKT_EXPANDED
2022/23,2022,IN,324804,Yann Karamoh,416,Torino FC,130,Parma Calcio 1913,416,Torino FC,PERMANENT_OR_OTHER_EXPLICIT,€1.00m,TRANSFERMARKT_EXPANDED
2022/23,2022,IN,255450,Aleksey Miranchuk,416,Torino FC,800,Atalanta BC,416,Torino FC,LOAN,Loan fee: €980k,TRANSFERMARKT_EXPANDED
2022/23,2022,IN,715470,Brian Bayeye,416,Torino FC,4097,US Catanzaro,416,Torino FC,PERMANENT_OR_OTHER_EXPLICIT,€700k,TRANSFERMARKT_EXPANDED
2022/23,2022,IN,395083,Andreaw Gravillon,416,Torino FC,1421,Stade Reims,416,Torino FC,LOAN,Loan fee: €400k,TRANSFERMARKT_EXPANDED
2022/23,2022,IN,77825,Etrit Berisha,416,Torino FC,2722,SPAL,416,Torino FC,PERMANENT_OR_OTHER_EXPLICIT,€300k,TRANSFERMARKT_EXPANDED
2022/23,2022,IN,434676,Ronaldo Vieira,416,Torino FC,1038,UC Sampdoria,416,Torino FC,LOAN,loan transfer,TRANSFERMARKT_EXPANDED
2022/23,2022,IN,186368,Valentino Lazaro,416,Torino FC,46,Inter Milan,416,Torino FC,LOAN,loan transfer,TRANSFERMARKT_EXPANDED
2022/23,2022,IN,470794,Ivan Ilić,416,Torino FC,276,Hellas Verona,416,Torino FC,LOAN,loan transfer,TRANSFERMARKT_EXPANDED
2022/23,2022,IN,245078,Nemanja Radonjic,416,Torino FC,244,Olympique Marseille,416,Torino FC,LOAN,loan transfer,TRANSFERMARKT_EXPANDED
2022/23,2022,IN,658586,Matteo Fiorenza,416,Torino FC,12130,Torino Primavera,416,Torino FC,PERMANENT_OR_OTHER_EXPLICIT,-,TRANSFERMARKT_EXPANDED
2022/23,2022,IN,706380,Lado Akhalaia,416,Torino FC,12130,Torino Primavera,416,Torino FC,PERMANENT_OR_OTHER_EXPLICIT,-,TRANSFERMARKT_EXPANDED
2022/23,2022,IN,798929,Gvidas Gineitis,416,Torino FC,12130,Torino Primavera,416,Torino FC,PERMANENT_OR_OTHER_EXPLICIT,-,TRANSFERMARKT_EXPANDED
2022/23,2022,IN,617019,Matthew Garbett,416,Torino FC,12130,Torino Primavera,416,Torino FC,PERMANENT_OR_OTHER_EXPLICIT,-,TRANSFERMARKT_EXPANDED
2022/23,2022,IN,293200,Nikola Vlašić,416,Torino FC,379,West Ham United,416,Torino FC,LOAN,loan transfer,TRANSFERMARKT_EXPANDED
2022/23,2022,IN,564305,Michel Adopo,416,Torino FC,22294,US Viterbese 1908,416,Torino FC,LOAN_RETURN_OR_END_OF_LOAN,End of loan 30/06/2022,TRANSFERMARKT_EXPANDED
2022/23,2022,IN,631420,Thomas Fimognari,416,Torino FC,41470,Borgaro Nobis 1965,416,Torino FC,LOAN_RETURN_OR_END_OF_LOAN,End of loan 30/06/2022,TRANSFERMARKT_EXPANDED
2022/23,2022,IN,373899,Jacopo Segre,416,Torino FC,839,AC Perugia Calcio,416,Torino FC,LOAN_RETURN_OR_END_OF_LOAN,End of loan 30/06/2022,TRANSFERMARKT_EXPANDED
2022/23,2022,IN,538072,Ibrahim Karamoko,416,Torino FC,1199,Royal Excelsior Virton,416,Torino FC,LOAN_RETURN_OR_END_OF_LOAN,End of loan 30/06/2022,TRANSFERMARKT_EXPANDED
2022/23,2022,IN,534174,Samuele Vianni,416,Torino FC,4095,AC Trento,416,Torino FC,LOAN_RETURN_OR_END_OF_LOAN,End of loan 30/06/2022,TRANSFERMARKT_EXPANDED
2022/23,2022,IN,390159,Vincenzo Millico,416,Torino FC,4031,Cosenza Calcio,416,Torino FC,LOAN_RETURN_OR_END_OF_LOAN,End of loan 30/06/2022,TRANSFERMARKT_EXPANDED
2022/23,2022,IN,417896,Nicola Rauti,416,Torino FC,2921,Delfino Pescara 1936,416,Torino FC,LOAN_RETURN_OR_END_OF_LOAN,End of loan 30/06/2022,TRANSFERMARKT_EXPANDED
2022/23,2022,IN,543736,Krisztofer Horváth,416,Torino FC,30660,Szeged-Csanád - GA,416,Torino FC,LOAN_RETURN_OR_END_OF_LOAN,End of loan 30/06/2022,TRANSFERMARKT_EXPANDED
2022/23,2022,IN,75942,Tomás Rincón,416,Torino FC,1038,UC Sampdoria,416,Torino FC,LOAN_RETURN_OR_END_OF_LOAN,End of loan 30/06/2022,TRANSFERMARKT_EXPANDED
2022/23,2022,IN,562287,Christian Celesia,416,Torino FC,7197,Potenza Calcio,416,Torino FC,LOAN_RETURN_OR_END_OF_LOAN,End of loan 25/01/2023,TRANSFERMARKT_EXPANDED
2022/23,2022,IN,707303,Samuele Lovaglio,416,Torino FC,61604,Nuova Florida Calcio,416,Torino FC,LOAN_RETURN_OR_END_OF_LOAN,End of loan 30/06/2022,TRANSFERMARKT_EXPANDED
2022/23,2022,IN,562287,Christian Celesia,416,Torino FC,19164,Paganese Calcio 1926,416,Torino FC,LOAN_RETURN_OR_END_OF_LOAN,End of loan 30/06/2022,TRANSFERMARKT_EXPANDED
2022/23,2022,IN,522681,Ben Lhassine Kone,416,Torino FC,4083,FC Crotone,416,Torino FC,LOAN_RETURN_OR_END_OF_LOAN,End of loan 30/06/2022,TRANSFERMARKT_EXPANDED
2022/23,2022,IN,130360,Simone Verdi,416,Torino FC,380,US Salernitana 1919,416,Torino FC,LOAN_RETURN_OR_END_OF_LOAN,End of loan 30/06/2022,TRANSFERMARKT_EXPANDED
2022/23,2022,IN,637117,Altin Kryeziu,416,Torino FC,20656,NK Tabor Sezana,416,Torino FC,LOAN_RETURN_OR_END_OF_LOAN,End of loan 30/06/2022,TRANSFERMARKT_EXPANDED
2022/23,2022,IN,543736,Krisztofer Horváth,416,Torino FC,84,Debreceni VSC,416,Torino FC,LOAN_RETURN_OR_END_OF_LOAN,End of loan 10/01/2023,TRANSFERMARKT_EXPANDED
2022/23,2022,OUT,516716,Bremer,416,Torino FC,416,Torino FC,506,Juventus FC,PERMANENT_OR_OTHER_EXPLICIT,€51.30m,TRANSFERMARKT_EXPANDED
2022/23,2022,OUT,245056,Saša Lukić,416,Torino FC,416,Torino FC,931,Fulham FC,PERMANENT_OR_OTHER_EXPLICIT,€9.80m,TRANSFERMARKT_EXPANDED
2022/23,2022,OUT,373899,Jacopo Segre,416,Torino FC,416,Torino FC,458,Palermo FC,PERMANENT_OR_OTHER_EXPLICIT,€500k,TRANSFERMARKT_EXPANDED
2022/23,2022,OUT,390159,Vincenzo Millico,416,Torino FC,416,Torino FC,1390,Cagliari Calcio,PERMANENT_OR_OTHER_EXPLICIT,€18k,TRANSFERMARKT_EXPANDED
2022/23,2022,OUT,167727,Andrea Belotti,416,Torino FC,416,Torino FC,12,AS Roma,FREE_TRANSFER,free transfer,TRANSFERMARKT_EXPANDED
2022/23,2022,OUT,707303,Samuele Lovaglio,416,Torino FC,416,Torino FC,22188,AC Crema 1908,FREE_TRANSFER,free transfer,TRANSFERMARKT_EXPANDED
2022/23,2022,OUT,75942,Tomás Rincón,416,Torino FC,416,Torino FC,1038,UC Sampdoria,FREE_TRANSFER,free transfer,TRANSFERMARKT_EXPANDED
2022/23,2022,OUT,55854,Cristian Ansaldi,416,Torino FC,416,Torino FC,130,Parma Calcio 1913,FREE_TRANSFER,free transfer,TRANSFERMARKT_EXPANDED
2022/23,2022,OUT,631420,Thomas Fimognari,416,Torino FC,416,Torino FC,52075,ASD Stresa Vergante,FREE_TRANSFER,free transfer,TRANSFERMARKT_EXPANDED
2022/23,2022,OUT,637117,Altin Kryeziu,416,Torino FC,416,Torino FC,790,NK Maribor,FREE_TRANSFER,free transfer,TRANSFERMARKT_EXPANDED
2022/23,2022,OUT,543736,Krisztofer Horváth,416,Torino FC,416,Torino FC,84,Debreceni VSC,LOAN,loan transfer,TRANSFERMARKT_EXPANDED
2022/23,2022,OUT,706380,Lado Akhalaia,416,Torino FC,416,Torino FC,9284,Swift Hesperange,LOAN,loan transfer,TRANSFERMARKT_EXPANDED
2022/23,2022,OUT,543736,Krisztofer Horváth,416,Torino FC,416,Torino FC,12423,Kecskeméti TE,LOAN,loan transfer,TRANSFERMARKT_EXPANDED
2022/23,2022,OUT,562287,Christian Celesia,416,Torino FC,416,Torino FC,1104,ACR Messina,LOAN,loan transfer,TRANSFERMARKT_EXPANDED
2022/23,2022,OUT,562287,Christian Celesia,416,Torino FC,416,Torino FC,7197,Potenza Calcio,LOAN,loan transfer,TRANSFERMARKT_EXPANDED
2022/23,2022,OUT,538072,Ibrahim Karamoko,416,Torino FC,416,Torino FC,12748,EA Guingamp B,PERMANENT_OR_OTHER_EXPLICIT,?,TRANSFERMARKT_EXPANDED
2022/23,2022,OUT,340070,Simone Edera,416,Torino FC,416,Torino FC,21331,Pordenone Calcio,PERMANENT_OR_OTHER_EXPLICIT,?,TRANSFERMARKT_EXPANDED
2022/23,2022,OUT,130360,Simone Verdi,416,Torino FC,416,Torino FC,276,Hellas Verona,LOAN,loan transfer,TRANSFERMARKT_EXPANDED
2022/23,2022,OUT,743091,Emirhan İlkhan,416,Torino FC,416,Torino FC,1038,UC Sampdoria,LOAN,loan transfer,TRANSFERMARKT_EXPANDED
2022/23,2022,OUT,522681,Ben Lhassine Kone,416,Torino FC,416,Torino FC,8970,Frosinone Calcio,LOAN,loan transfer,TRANSFERMARKT_EXPANDED
2022/23,2022,OUT,617019,Matthew Garbett,416,Torino FC,416,Torino FC,132,NAC Breda,LOAN,loan transfer,TRANSFERMARKT_EXPANDED
2022/23,2022,OUT,417896,Nicola Rauti,416,Torino FC,416,Torino FC,2722,SPAL,LOAN,loan transfer,TRANSFERMARKT_EXPANDED
2022/23,2022,OUT,482107,Magnus Warming,416,Torino FC,416,Torino FC,105,SV Darmstadt 98,LOAN,loan transfer,TRANSFERMARKT_EXPANDED
2022/23,2022,OUT,32113,Armando Izzo,416,Torino FC,416,Torino FC,2919,AC Monza,LOAN,loan transfer,TRANSFERMARKT_EXPANDED
2022/23,2022,OUT,205940,Marko Pjaca,416,Torino FC,416,Torino FC,506,Juventus FC,LOAN_RETURN_OR_END_OF_LOAN,End of loan 30/06/2022,TRANSFERMARKT_EXPANDED
2022/23,2022,OUT,96828,Simone Zaza,416,Torino FC,416,Torino FC,515,Without Club,FREE_AGENT_OR_END_OF_CONTRACT,-,TRANSFERMARKT_EXPANDED
2022/23,2022,OUT,534174,Samuele Vianni,416,Torino FC,416,Torino FC,1408,Piacenza Calcio 1919,LOAN,loan transfer,TRANSFERMARKT_EXPANDED
2022/23,2022,OUT,308279,Rolando Mandragora,416,Torino FC,416,Torino FC,506,Juventus FC,LOAN_RETURN_OR_END_OF_LOAN,End of loan 30/06/2022,TRANSFERMARKT_EXPANDED
2022/23,2022,OUT,392538,Tommaso Pobega,416,Torino FC,416,Torino FC,5,AC Milan,LOAN_RETURN_OR_END_OF_LOAN,End of loan 30/06/2022,TRANSFERMARKT_EXPANDED
2022/23,2022,OUT,129588,Dennis Praet,416,Torino FC,416,Torino FC,1003,Leicester City,LOAN_RETURN_OR_END_OF_LOAN,End of loan 30/06/2022,TRANSFERMARKT_EXPANDED
2022/23,2022,OUT,293169,Josip Brekalo,416,Torino FC,416,Torino FC,82,VfL Wolfsburg,LOAN_RETURN_OR_END_OF_LOAN,End of loan 30/06/2022,TRANSFERMARKT_EXPANDED
2022/23,2022,OUT,287700,Mohamed Fares,416,Torino FC,416,Torino FC,398,SS Lazio,LOAN_RETURN_OR_END_OF_LOAN,End of loan 30/06/2022,TRANSFERMARKT_EXPANDED
2022/23,2022,OUT,364133,Pietro Pellegri,416,Torino FC,416,Torino FC,162,AS Monaco,LOAN_RETURN_OR_END_OF_LOAN,End of loan 30/06/2022,TRANSFERMARKT_EXPANDED
2022/23,2022,OUT,467992,Samuele Ricci,416,Torino FC,416,Torino FC,749,FC Empoli,LOAN_RETURN_OR_END_OF_LOAN,End of loan 30/06/2022,TRANSFERMARKT_EXPANDED
2022/23,2022,OUT,77825,Etrit Berisha,416,Torino FC,416,Torino FC,2722,SPAL,LOAN_RETURN_OR_END_OF_LOAN,End of loan 30/06/2022,TRANSFERMARKT_EXPANDED
2022/23,2022,IN,812625,Agustín Álvarez,6574,US Sassuolo,861,CA Peñarol,6574,US Sassuolo,PERMANENT_OR_OTHER_EXPLICIT,€12.00m,TRANSFERMARKT_EXPANDED
2022/23,2022,IN,564785,Kristian Thorstvedt,6574,US Sassuolo,1184,KRC Genk,6574,US Sassuolo,PERMANENT_OR_OTHER_EXPLICIT,€10.15m,TRANSFERMARKT_EXPANDED
2022/23,2022,IN,579930,Armand Laurienté,6574,US Sassuolo,1158,FC Lorient,6574,US Sassuolo,PERMANENT_OR_OTHER_EXPLICIT,€10.10m,TRANSFERMARKT_EXPANDED
2022/23,2022,IN,552549,Matheus Henrique,6574,US Sassuolo,210,Grêmio Foot-Ball Porto Alegrense,6574,US Sassuolo,PERMANENT_OR_OTHER_EXPLICIT,€7.00m,TRANSFERMARKT_EXPANDED
2022/23,2022,IN,538974,Janis Antiste,6574,US Sassuolo,3522,Spezia Calcio,6574,US Sassuolo,PERMANENT_OR_OTHER_EXPLICIT,€5.68m,TRANSFERMARKT_EXPANDED
2022/23,2022,IN,508371,Emil Konradsen Ceide,6574,US Sassuolo,195,Rosenborg BK,6574,US Sassuolo,PERMANENT_OR_OTHER_EXPLICIT,€2.85m,TRANSFERMARKT_EXPANDED
2022/23,2022,IN,628558,Riccardo Ciervo,6574,US Sassuolo,12,AS Roma,6574,US Sassuolo,PERMANENT_OR_OTHER_EXPLICIT,€2.00m,TRANSFERMARKT_EXPANDED
2022/23,2022,IN,416386,Abdou Harroui,6574,US Sassuolo,468,Sparta Rotterdam,6574,US Sassuolo,PERMANENT_OR_OTHER_EXPLICIT,€1.00m,TRANSFERMARKT_EXPANDED
2022/23,2022,IN,392966,Nadir Zortea,6574,US Sassuolo,800,Atalanta BC,6574,US Sassuolo,LOAN,Loan fee: €500k,TRANSFERMARKT_EXPANDED
2022/23,2022,IN,315865,Andrea Pinamonti,6574,US Sassuolo,46,Inter Milan,6574,US Sassuolo,LOAN,loan transfer,TRANSFERMARKT_EXPANDED
2022/23,2022,IN,390177,Nedim Bajrami,6574,US Sassuolo,749,FC Empoli,6574,US Sassuolo,LOAN,loan transfer,TRANSFERMARKT_EXPANDED
2022/23,2022,IN,725242,Luca D'Andrea,6574,US Sassuolo,19114,Sassuolo Primavera,6574,US Sassuolo,PERMANENT_OR_OTHER_EXPLICIT,-,TRANSFERMARKT_EXPANDED
2022/23,2022,IN,586429,Ryan Flamingo,6574,US Sassuolo,19114,Sassuolo Primavera,6574,US Sassuolo,PERMANENT_OR_OTHER_EXPLICIT,-,TRANSFERMARKT_EXPANDED
2022/23,2022,IN,655525,Yeferson Paz,6574,US Sassuolo,19114,Sassuolo Primavera,6574,US Sassuolo,PERMANENT_OR_OTHER_EXPLICIT,-,TRANSFERMARKT_EXPANDED
2022/23,2022,IN,457440,Alessandro Pilati,6574,US Sassuolo,2581,Mantova 1911,6574,US Sassuolo,LOAN_RETURN_OR_END_OF_LOAN,End of loan 30/06/2022,TRANSFERMARKT_EXPANDED
2022/23,2022,IN,131731,Mehdi Bourabia,6574,US Sassuolo,3522,Spezia Calcio,6574,US Sassuolo,LOAN_RETURN_OR_END_OF_LOAN,End of loan 30/06/2022,TRANSFERMARKT_EXPANDED
2022/23,2022,IN,392570,Marco Sala,6574,US Sassuolo,4083,FC Crotone,6574,US Sassuolo,LOAN_RETURN_OR_END_OF_LOAN,End of loan 30/06/2022,TRANSFERMARKT_EXPANDED
2022/23,2022,IN,690204,Davide Manarelli,6574,US Sassuolo,24898,AC Renate,6574,US Sassuolo,LOAN_RETURN_OR_END_OF_LOAN,End of loan 30/06/2022,TRANSFERMARKT_EXPANDED
2022/23,2022,IN,567469,Alessandro Barbetta,6574,US Sassuolo,6089,Casarano Calcio,6574,US Sassuolo,LOAN_RETURN_OR_END_OF_LOAN,End of loan 02/01/2023,TRANSFERMARKT_EXPANDED
2022/23,2022,IN,337716,Claud Adjapong,6574,US Sassuolo,1386,Reggina 1914,6574,US Sassuolo,LOAN_RETURN_OR_END_OF_LOAN,End of loan 30/06/2022,TRANSFERMARKT_EXPANDED
2022/23,2022,IN,497312,Federico Artioli,6574,US Sassuolo,4333,US Grosseto 1912,6574,US Sassuolo,LOAN_RETURN_OR_END_OF_LOAN,End of loan 30/06/2022,TRANSFERMARKT_EXPANDED
2022/23,2022,IN,297645,Riccardo Marchizza,6574,US Sassuolo,749,FC Empoli,6574,US Sassuolo,LOAN_RETURN_OR_END_OF_LOAN,End of loan 30/06/2022,TRANSFERMARKT_EXPANDED
2022/23,2022,IN,604579,Alessandro Mercati,6574,US Sassuolo,4339,Aquila Montevarchi 1902,6574,US Sassuolo,LOAN_RETURN_OR_END_OF_LOAN,End of loan 30/06/2022,TRANSFERMARKT_EXPANDED
2022/23,2022,IN,337149,Andrea Meroni,6574,US Sassuolo,2239,US Cremonese,6574,US Sassuolo,LOAN_RETURN_OR_END_OF_LOAN,End of loan 30/06/2022,TRANSFERMARKT_EXPANDED
2022/23,2022,IN,345590,Jens Odgaard,6574,US Sassuolo,235,RKC Waalwijk,6574,US Sassuolo,LOAN_RETURN_OR_END_OF_LOAN,End of loan 30/06/2022,TRANSFERMARKT_EXPANDED
2022/23,2022,IN,546627,Jacopo Pellegrini,6574,US Sassuolo,21331,Pordenone Calcio,6574,US Sassuolo,LOAN_RETURN_OR_END_OF_LOAN,End of loan 30/06/2022,TRANSFERMARKT_EXPANDED
2022/23,2022,IN,340707,Leonardo Sernicola,6574,US Sassuolo,2239,US Cremonese,6574,US Sassuolo,LOAN_RETURN_OR_END_OF_LOAN,End of loan 30/06/2022,TRANSFERMARKT_EXPANDED
2022/23,2022,IN,557132,Matteo Saccani,6574,US Sassuolo,7030,Vis Pesaro 1898,6574,US Sassuolo,LOAN_RETURN_OR_END_OF_LOAN,End of loan 30/06/2022,TRANSFERMARKT_EXPANDED
2022/23,2022,IN,476066,Matteo Pinelli,6574,US Sassuolo,17136,NK Krsko,6574,US Sassuolo,LOAN_RETURN_OR_END_OF_LOAN,End of loan 30/06/2022,TRANSFERMARKT_EXPANDED
2022/23,2022,IN,602607,Stefano Piccinini,6574,US Sassuolo,7030,Vis Pesaro 1898,6574,US Sassuolo,LOAN_RETURN_OR_END_OF_LOAN,End of loan 30/06/2022,TRANSFERMARKT_EXPANDED
2022/23,2022,IN,457444,Giuseppe Aurelio,6574,US Sassuolo,4326,AS Gubbio 1910,6574,US Sassuolo,LOAN_RETURN_OR_END_OF_LOAN,End of loan 30/06/2022,TRANSFERMARKT_EXPANDED
2022/23,2022,IN,481344,Alessandro Russo,6574,US Sassuolo,475,Sint-Truidense VV,6574,US Sassuolo,LOAN_RETURN_OR_END_OF_LOAN,End of loan 30/06/2022,TRANSFERMARKT_EXPANDED
2022/23,2022,IN,557132,Matteo Saccani,6574,US Sassuolo,2921,Delfino Pescara 1936,6574,US Sassuolo,LOAN_RETURN_OR_END_OF_LOAN,End of loan 31/01/2023,TRANSFERMARKT_EXPANDED
2022/23,2022,IN,613098,Mattia Poligani,6574,US Sassuolo,20406,Reggiana Primavera,6574,US Sassuolo,LOAN_RETURN_OR_END_OF_LOAN,End of loan 30/06/2022,TRANSFERMARKT_EXPANDED
2022/23,2022,IN,543666,Stefano Turati,6574,US Sassuolo,1386,Reggina 1914,6574,US Sassuolo,LOAN_RETURN_OR_END_OF_LOAN,End of loan 30/06/2022,TRANSFERMARKT_EXPANDED
2022/23,2022,IN,613134,Edoardo Operato,6574,US Sassuolo,75882,GS Bagnolese,6574,US Sassuolo,LOAN_RETURN_OR_END_OF_LOAN,End of loan 30/06/2022,TRANSFERMARKT_EXPANDED
2022/23,2022,IN,628558,Riccardo Ciervo,6574,US Sassuolo,8970,Frosinone Calcio,6574,US Sassuolo,LOAN_RETURN_OR_END_OF_LOAN,End of loan 26/01/2023,TRANSFERMARKT_EXPANDED
2022/23,2022,IN,216569,Jérémie Boga,6574,US Sassuolo,800,Atalanta BC,6574,US Sassuolo,LOAN_RETURN_OR_END_OF_LOAN,End of loan 30/06/2022,TRANSFERMARKT_EXPANDED
2022/23,2022,IN,658244,Luigi Samele,6574,US Sassuolo,4159,Carrarese Calcio 1908,6574,US Sassuolo,LOAN_RETURN_OR_END_OF_LOAN,End of loan 19/01/2023,TRANSFERMARKT_EXPANDED
2022/23,2022,IN,239941,Lukas Haraslin,6574,US Sassuolo,197,AC Sparta Prague,6574,US Sassuolo,LOAN_RETURN_OR_END_OF_LOAN,End of loan 30/06/2022,TRANSFERMARKT_EXPANDED
2022/23,2022,IN,357003,Martin Erlić,6574,US Sassuolo,3522,Spezia Calcio,6574,US Sassuolo,LOAN_RETURN_OR_END_OF_LOAN,End of loan 30/06/2022,TRANSFERMARKT_EXPANDED
2022/23,2022,IN,547827,Andrei Mărginean,6574,US Sassuolo,1104,ACR Messina,6574,US Sassuolo,LOAN_RETURN_OR_END_OF_LOAN,End of loan 30/06/2022,TRANSFERMARKT_EXPANDED
2022/23,2022,IN,84765,Francesco Caputo,6574,US Sassuolo,1038,UC Sampdoria,6574,US Sassuolo,LOAN_RETURN_OR_END_OF_LOAN,End of loan 30/06/2022,TRANSFERMARKT_EXPANDED
2022/23,2022,IN,323147,Enrico Brignola,6574,US Sassuolo,4171,Benevento Calcio,6574,US Sassuolo,LOAN_RETURN_OR_END_OF_LOAN,End of loan 30/06/2022,TRANSFERMARKT_EXPANDED
2022/23,2022,IN,164020,Marco Pinato,6574,US Sassuolo,21331,Pordenone Calcio,6574,US Sassuolo,LOAN_RETURN_OR_END_OF_LOAN,End of loan 30/06/2022,TRANSFERMARKT_EXPANDED
2022/23,2022,IN,390163,Andrea Ghion,6574,US Sassuolo,839,AC Perugia Calcio,6574,US Sassuolo,LOAN_RETURN_OR_END_OF_LOAN,End of loan 24/08/2022,TRANSFERMARKT_EXPANDED
2022/23,2022,OUT,315867,Gianluca Scamacca,6574,US Sassuolo,6574,US Sassuolo,379,West Ham United,PERMANENT_OR_OTHER_EXPLICIT,€38.60m,TRANSFERMARKT_EXPANDED
2022/23,2022,OUT,216569,Jérémie Boga,6574,US Sassuolo,6574,US Sassuolo,800,Atalanta BC,PERMANENT_OR_OTHER_EXPLICIT,€22.00m,TRANSFERMARKT_EXPANDED
2022/23,2022,OUT,405885,Giacomo Raspadori,6574,US Sassuolo,6574,US Sassuolo,6195,SSC Napoli,LOAN,Loan fee: €5.00m,TRANSFERMARKT_EXPANDED
2022/23,2022,OUT,84765,Francesco Caputo,6574,US Sassuolo,6574,US Sassuolo,1038,UC Sampdoria,PERMANENT_OR_OTHER_EXPLICIT,€4.00m,TRANSFERMARKT_EXPANDED
2022/23,2022,OUT,345590,Jens Odgaard,6574,US Sassuolo,6574,US Sassuolo,1090,AZ Alkmaar,PERMANENT_OR_OTHER_EXPLICIT,€3.59m,TRANSFERMARKT_EXPANDED
2022/23,2022,OUT,123261,Vlad Chiricheș,6574,US Sassuolo,6574,US Sassuolo,2239,US Cremonese,PERMANENT_OR_OTHER_EXPLICIT,€2.00m,TRANSFERMARKT_EXPANDED
2022/23,2022,OUT,131731,Mehdi Bourabia,6574,US Sassuolo,6574,US Sassuolo,3522,Spezia Calcio,PERMANENT_OR_OTHER_EXPLICIT,€1.65m,TRANSFERMARKT_EXPANDED
2022/23,2022,OUT,239941,Lukas Haraslin,6574,US Sassuolo,6574,US Sassuolo,197,AC Sparta Prague,PERMANENT_OR_OTHER_EXPLICIT,€1.50m,TRANSFERMARKT_EXPANDED
2022/23,2022,OUT,119031,Kaan Ayhan,6574,US Sassuolo,6574,US Sassuolo,141,Galatasaray,LOAN,Loan fee: €400k,TRANSFERMARKT_EXPANDED
2022/23,2022,OUT,538974,Janis Antiste,6574,US Sassuolo,6574,US Sassuolo,1416,Amiens SC,LOAN,Loan fee: €390k,TRANSFERMARKT_EXPANDED
2022/23,2022,OUT,311178,Georgios Kyriakopoulos,6574,US Sassuolo,6574,US Sassuolo,1025,Bologna FC 1909,LOAN,Loan fee: €200k,TRANSFERMARKT_EXPANDED
2022/23,2022,OUT,457440,Alessandro Pilati,6574,US Sassuolo,6574,US Sassuolo,9439,Feralpisalò,PERMANENT_OR_OTHER_EXPLICIT,€25k,TRANSFERMARKT_EXPANDED
2022/23,2022,OUT,323147,Enrico Brignola,6574,US Sassuolo,6574,US Sassuolo,4171,Benevento Calcio,PERMANENT_OR_OTHER_EXPLICIT,€1,TRANSFERMARKT_EXPANDED
2022/23,2022,OUT,613098,Mattia Poligani,6574,US Sassuolo,6574,US Sassuolo,46933,Castelvetro Calcio,FREE_TRANSFER,free transfer,TRANSFERMARKT_EXPANDED
2022/23,2022,OUT,94307,Filip Djuricic,6574,US Sassuolo,6574,US Sassuolo,1038,UC Sampdoria,FREE_TRANSFER,free transfer,TRANSFERMARKT_EXPANDED
2022/23,2022,OUT,345473,Nicolás Schiappacasse,6574,US Sassuolo,6574,US Sassuolo,7477,Miramar Misiones,FREE_TRANSFER,free transfer,TRANSFERMARKT_EXPANDED
2022/23,2022,OUT,337149,Andrea Meroni,6574,US Sassuolo,6574,US Sassuolo,4031,Cosenza Calcio,FREE_TRANSFER,free transfer,TRANSFERMARKT_EXPANDED
2022/23,2022,OUT,690204,Davide Manarelli,6574,US Sassuolo,6574,US Sassuolo,22294,US Viterbese 1908,FREE_TRANSFER,free transfer,TRANSFERMARKT_EXPANDED
2022/23,2022,OUT,613134,Edoardo Operato,6574,US Sassuolo,6574,US Sassuolo,46933,Castelvetro Calcio,FREE_TRANSFER,free transfer,TRANSFERMARKT_EXPANDED
2022/23,2022,OUT,164020,Marco Pinato,6574,US Sassuolo,6574,US Sassuolo,21331,Pordenone Calcio,FREE_TRANSFER,free transfer,TRANSFERMARKT_EXPANDED
2022/23,2022,OUT,340707,Leonardo Sernicola,6574,US Sassuolo,6574,US Sassuolo,2239,US Cremonese,FREE_TRANSFER,free transfer,TRANSFERMARKT_EXPANDED
2022/23,2022,OUT,546627,Jacopo Pellegrini,6574,US Sassuolo,6574,US Sassuolo,5621,AC Reggiana 1919,LOAN,loan transfer,TRANSFERMARKT_EXPANDED
2022/23,2022,OUT,557132,Matteo Saccani,6574,US Sassuolo,6574,US Sassuolo,2921,Delfino Pescara 1936,LOAN,loan transfer,TRANSFERMARKT_EXPANDED
2022/23,2022,OUT,600936,Luca Moro,6574,US Sassuolo,6574,US Sassuolo,8970,Frosinone Calcio,LOAN,loan transfer,TRANSFERMARKT_EXPANDED
2022/23,2022,OUT,543666,Stefano Turati,6574,US Sassuolo,6574,US Sassuolo,8970,Frosinone Calcio,LOAN,loan transfer,TRANSFERMARKT_EXPANDED
2022/23,2022,OUT,655525,Yeferson Paz,6574,US Sassuolo,6574,US Sassuolo,839,AC Perugia Calcio,LOAN,loan transfer,TRANSFERMARKT_EXPANDED
2022/23,2022,OUT,392570,Marco Sala,6574,US Sassuolo,6574,US Sassuolo,458,Palermo FC,LOAN,loan transfer,TRANSFERMARKT_EXPANDED
2022/23,2022,OUT,604579,Alessandro Mercati,6574,US Sassuolo,6574,US Sassuolo,4159,Carrarese Calcio 1908,LOAN,loan transfer,TRANSFERMARKT_EXPANDED
2022/23,2022,OUT,323255,Giacomo Satalino,6574,US Sassuolo,6574,US Sassuolo,4159,Carrarese Calcio 1908,LOAN,loan transfer,TRANSFERMARKT_EXPANDED
2022/23,2022,OUT,557132,Matteo Saccani,6574,US Sassuolo,6574,US Sassuolo,4553,US Pergolettese 1932,LOAN,loan transfer,TRANSFERMARKT_EXPANDED
2022/23,2022,OUT,390163,Andrea Ghion,6574,US Sassuolo,6574,US Sassuolo,4097,US Catanzaro,LOAN,loan transfer,TRANSFERMARKT_EXPANDED
2022/23,2022,OUT,337716,Claud Adjapong,6574,US Sassuolo,6574,US Sassuolo,408,Ascoli Calcio,PERMANENT_OR_OTHER_EXPLICIT,?,TRANSFERMARKT_EXPANDED
2022/23,2022,OUT,457444,Giuseppe Aurelio,6574,US Sassuolo,6574,US Sassuolo,14888,US Città di Pontedera,PERMANENT_OR_OTHER_EXPLICIT,?,TRANSFERMARKT_EXPANDED
2022/23,2022,OUT,586429,Ryan Flamingo,6574,US Sassuolo,6574,US Sassuolo,499,Vitesse Arnhem,LOAN,loan transfer,TRANSFERMARKT_EXPANDED
2022/23,2022,OUT,546176,Brian Oddei,6574,US Sassuolo,6574,US Sassuolo,11083,NK Rudes,LOAN,loan transfer,TRANSFERMARKT_EXPANDED
2022/23,2022,OUT,391065,Hamed Traoré,6574,US Sassuolo,6574,US Sassuolo,989,AFC Bournemouth,LOAN,loan transfer,TRANSFERMARKT_EXPANDED
2022/23,2022,OUT,628558,Riccardo Ciervo,6574,US Sassuolo,6574,US Sassuolo,607,Venezia FC,LOAN,loan transfer,TRANSFERMARKT_EXPANDED
2022/23,2022,OUT,658244,Luigi Samele,6574,US Sassuolo,6574,US Sassuolo,22249,Audace Cerignola,LOAN,loan transfer,TRANSFERMARKT_EXPANDED
2022/23,2022,OUT,567469,Alessandro Barbetta,6574,US Sassuolo,6574,US Sassuolo,34499,US Pianese,LOAN,loan transfer,TRANSFERMARKT_EXPANDED
2022/23,2022,OUT,628558,Riccardo Ciervo,6574,US Sassuolo,6574,US Sassuolo,8970,Frosinone Calcio,LOAN,loan transfer,TRANSFERMARKT_EXPANDED
2022/23,2022,OUT,476066,Matteo Pinelli,6574,US Sassuolo,6574,US Sassuolo,4085,Fidelis Andria 2018,LOAN,loan transfer,TRANSFERMARKT_EXPANDED
2022/23,2022,OUT,602607,Stefano Piccinini,6574,US Sassuolo,6574,US Sassuolo,4553,US Pergolettese 1932,LOAN,loan transfer,TRANSFERMARKT_EXPANDED
2022/23,2022,OUT,547827,Andrei Mărginean,6574,US Sassuolo,6574,US Sassuolo,6692,Novara FC,LOAN,loan transfer,TRANSFERMARKT_EXPANDED
2022/23,2022,OUT,497312,Federico Artioli,6574,US Sassuolo,6574,US Sassuolo,4553,US Pergolettese 1932,LOAN,loan transfer,TRANSFERMARKT_EXPANDED
2022/23,2022,OUT,287638,Leonardo Fontanesi,6574,US Sassuolo,6574,US Sassuolo,,Retired,RETIREMENT,-,TRANSFERMARKT_EXPANDED
2022/23,2022,OUT,21763,Federico Peluso,6574,US Sassuolo,6574,US Sassuolo,515,Without Club,FREE_AGENT_OR_END_OF_CONTRACT,-,TRANSFERMARKT_EXPANDED
2022/23,2022,OUT,7093,Francesco Magnanelli,6574,US Sassuolo,6574,US Sassuolo,,Retired,RETIREMENT,-,TRANSFERMARKT_EXPANDED
2022/23,2022,OUT,552549,Matheus Henrique,6574,US Sassuolo,6574,US Sassuolo,210,Grêmio Foot-Ball Porto Alegrense,LOAN_RETURN_OR_END_OF_LOAN,End of loan 30/06/2022,TRANSFERMARKT_EXPANDED
2022/23,2022,OUT,628558,Riccardo Ciervo,6574,US Sassuolo,6574,US Sassuolo,12,AS Roma,LOAN_RETURN_OR_END_OF_LOAN,End of loan 30/06/2022,TRANSFERMARKT_EXPANDED
2022/23,2022,OUT,508371,Emil Konradsen Ceide,6574,US Sassuolo,6574,US Sassuolo,195,Rosenborg BK,LOAN_RETURN_OR_END_OF_LOAN,End of loan 30/06/2022,TRANSFERMARKT_EXPANDED
2022/23,2022,OUT,416386,Abdou Harroui,6574,US Sassuolo,6574,US Sassuolo,468,Sparta Rotterdam,LOAN_RETURN_OR_END_OF_LOAN,End of loan 30/06/2022,TRANSFERMARKT_EXPANDED
2022/23,2022,IN,290017,Hassane Kamara,410,Udinese Calcio,1010,Watford FC,410,Udinese Calcio,PERMANENT_OR_OTHER_EXPLICIT,€19.00m,TRANSFERMARKT_EXPANDED
2022/23,2022,IN,595809,Beto,410,Udinese Calcio,7378,Portimonense SAD,410,Udinese Calcio,PERMANENT_OR_OTHER_EXPLICIT,€15.00m,TRANSFERMARKT_EXPANDED
2022/23,2022,IN,491693,Nehuén Pérez,410,Udinese Calcio,13,Atlético de Madrid,410,Udinese Calcio,PERMANENT_OR_OTHER_EXPLICIT,€8.00m,TRANSFERMARKT_EXPANDED
2022/23,2022,IN,668228,Matheus Martins,410,Udinese Calcio,2462,Fluminense Football Club,410,Udinese Calcio,PERMANENT_OR_OTHER_EXPLICIT,€6.00m,TRANSFERMARKT_EXPANDED
2022/23,2022,IN,371851,Jaka Bijol,410,Udinese Calcio,2410,CSKA Moscow,410,Udinese Calcio,PERMANENT_OR_OTHER_EXPLICIT,€5.76m,TRANSFERMARKT_EXPANDED
2022/23,2022,IN,556385,Destiny Udogie,410,Udinese Calcio,276,Hellas Verona,410,Udinese Calcio,PERMANENT_OR_OTHER_EXPLICIT,€5.20m,TRANSFERMARKT_EXPANDED
2022/23,2022,IN,286949,Adam Masina,410,Udinese Calcio,1010,Watford FC,410,Udinese Calcio,PERMANENT_OR_OTHER_EXPLICIT,€5.00m,TRANSFERMARKT_EXPANDED
2022/23,2022,IN,342877,Enzo Ebosse,410,Udinese Calcio,1420,Angers SCO,410,Udinese Calcio,PERMANENT_OR_OTHER_EXPLICIT,€4.00m,TRANSFERMARKT_EXPANDED
2022/23,2022,IN,653415,Leonardo Buta,410,Udinese Calcio,10789,SC Braga B,410,Udinese Calcio,PERMANENT_OR_OTHER_EXPLICIT,€2.00m,TRANSFERMARKT_EXPANDED
2022/23,2022,IN,272812,Kingsley Ehizibue,410,Udinese Calcio,3,1.FC Köln,410,Udinese Calcio,PERMANENT_OR_OTHER_EXPLICIT,€1.50m,TRANSFERMARKT_EXPANDED
2022/23,2022,IN,268429,Sandi Lovrić,410,Udinese Calcio,2790,FC Lugano,410,Udinese Calcio,FREE_TRANSFER,free transfer,TRANSFERMARKT_EXPANDED
2022/23,2022,IN,925584,Axel Guessand,410,Udinese Calcio,10840,AS Nancy-Lorraine B,410,Udinese Calcio,FREE_TRANSFER,free transfer,TRANSFERMARKT_EXPANDED
2022/23,2022,IN,586756,Festy Ebosele,410,Udinese Calcio,22,Derby County,410,Udinese Calcio,FREE_TRANSFER,free transfer,TRANSFERMARKT_EXPANDED
2022/23,2022,IN,184892,Florian Thauvin,410,Udinese Calcio,7055,Tigres UANL,410,Udinese Calcio,FREE_TRANSFER,free transfer,TRANSFERMARKT_EXPANDED
2022/23,2022,IN,556385,Destiny Udogie,410,Udinese Calcio,148,Tottenham Hotspur,410,Udinese Calcio,LOAN,loan transfer,TRANSFERMARKT_EXPANDED
2022/23,2022,IN,612059,Edoardo Piana,410,Udinese Calcio,10959,Udinese Primavera,410,Udinese Calcio,PERMANENT_OR_OTHER_EXPLICIT,-,TRANSFERMARKT_EXPANDED
2022/23,2022,IN,876400,Simone Pafundi,410,Udinese Calcio,10959,Udinese Primavera,410,Udinese Calcio,PERMANENT_OR_OTHER_EXPLICIT,-,TRANSFERMARKT_EXPANDED
2022/23,2022,IN,1014243,Vivaldo Semedo,410,Udinese Calcio,10959,Udinese Primavera,410,Udinese Calcio,PERMANENT_OR_OTHER_EXPLICIT,-,TRANSFERMARKT_EXPANDED
2022/23,2022,IN,92899,Marvin Zeegelaar,410,Udinese Calcio,515,Without Club,410,Udinese Calcio,FREE_AGENT_OR_END_OF_CONTRACT,-,TRANSFERMARKT_EXPANDED
2022/23,2022,IN,574889,Simone Ianesi,410,Udinese Calcio,4095,AC Trento,410,Udinese Calcio,LOAN_RETURN_OR_END_OF_LOAN,End of loan 16/01/2023,TRANSFERMARKT_EXPANDED
2022/23,2022,IN,472161,Mamadou Coulibaly,410,Udinese Calcio,380,US Salernitana 1919,410,Udinese Calcio,LOAN_RETURN_OR_END_OF_LOAN,End of loan 30/06/2022,TRANSFERMARKT_EXPANDED
2022/23,2022,IN,263267,Riad Bajic,410,Udinese Calcio,19,Brescia Calcio (- 2025),410,Udinese Calcio,LOAN_RETURN_OR_END_OF_LOAN,End of loan 30/06/2022,TRANSFERMARKT_EXPANDED
2022/23,2022,IN,473871,Thomas Battistella,410,Udinese Calcio,4159,Carrarese Calcio 1908,410,Udinese Calcio,LOAN_RETURN_OR_END_OF_LOAN,End of loan 30/06/2022,TRANSFERMARKT_EXPANDED
2022/23,2022,IN,425462,Felipe Vizeu,410,Udinese Calcio,943,Yokohama FC,410,Udinese Calcio,LOAN_RETURN_OR_END_OF_LOAN,End of loan 30/06/2022,TRANSFERMARKT_EXPANDED
2022/23,2022,IN,565162,Giacomo Fedel,410,Udinese Calcio,26237,Molfetta Calcio,410,Udinese Calcio,LOAN_RETURN_OR_END_OF_LOAN,End of loan 30/06/2022,TRANSFERMARKT_EXPANDED
2022/23,2022,IN,487828,Manuel Gasparini,410,Udinese Calcio,30066,FC Legnago Salus,410,Udinese Calcio,LOAN_RETURN_OR_END_OF_LOAN,End of loan 31/01/2022,TRANSFERMARKT_EXPANDED
2022/23,2022,IN,617170,Martin Palumbo,410,Udinese Calcio,41101,Juventus Next Gen,410,Udinese Calcio,LOAN_RETURN_OR_END_OF_LOAN,End of loan 30/06/2022,TRANSFERMARKT_EXPANDED
2022/23,2022,IN,339707,Cristo,410,Udinese Calcio,366,Real Valladolid CF,410,Udinese Calcio,LOAN_RETURN_OR_END_OF_LOAN,End of loan 30/06/2022,TRANSFERMARKT_EXPANDED
2022/23,2022,IN,343963,Petar Micin,410,Udinese Calcio,31297,SKF Sered,410,Udinese Calcio,LOAN_RETURN_OR_END_OF_LOAN,End of loan 30/06/2022,TRANSFERMARKT_EXPANDED
2022/23,2022,IN,648032,James Abankwah,410,Udinese Calcio,1189,St. Patrick's Athletic,410,Udinese Calcio,LOAN_RETURN_OR_END_OF_LOAN,End of loan 30/06/2022,TRANSFERMARKT_EXPANDED
2022/23,2022,OUT,424042,Nahuel Molina,410,Udinese Calcio,410,Udinese Calcio,13,Atlético de Madrid,PERMANENT_OR_OTHER_EXPLICIT,€20.00m,TRANSFERMARKT_EXPANDED
2022/23,2022,OUT,556385,Destiny Udogie,410,Udinese Calcio,410,Udinese Calcio,148,Tottenham Hotspur,PERMANENT_OR_OTHER_EXPLICIT,€18.00m,TRANSFERMARKT_EXPANDED
2022/23,2022,OUT,322305,Jean-Victor Makengo,410,Udinese Calcio,410,Udinese Calcio,1158,FC Lorient,PERMANENT_OR_OTHER_EXPLICIT,€11.00m,TRANSFERMARKT_EXPANDED
2022/23,2022,OUT,546880,Brandon Soppy,410,Udinese Calcio,410,Udinese Calcio,800,Atalanta BC,PERMANENT_OR_OTHER_EXPLICIT,€9.90m,TRANSFERMARKT_EXPANDED
2022/23,2022,OUT,472161,Mamadou Coulibaly,410,Udinese Calcio,410,Udinese Calcio,380,US Salernitana 1919,PERMANENT_OR_OTHER_EXPLICIT,€3.00m,TRANSFERMARKT_EXPANDED
2022/23,2022,OUT,473871,Thomas Battistella,410,Udinese Calcio,410,Udinese Calcio,1385,Modena FC,PERMANENT_OR_OTHER_EXPLICIT,€700k,TRANSFERMARKT_EXPANDED
2022/23,2022,OUT,263267,Riad Bajic,410,Udinese Calcio,410,Udinese Calcio,11688,Giresunspor,FREE_TRANSFER,free transfer,TRANSFERMARKT_EXPANDED
2022/23,2022,OUT,487828,Manuel Gasparini,410,Udinese Calcio,410,Udinese Calcio,7197,Potenza Calcio,FREE_TRANSFER,free transfer,TRANSFERMARKT_EXPANDED
2022/23,2022,OUT,69646,Jens Stryger,410,Udinese Calcio,410,Udinese Calcio,449,Trabzonspor,FREE_TRANSFER,free transfer,TRANSFERMARKT_EXPANDED
2022/23,2022,OUT,565162,Giacomo Fedel,410,Udinese Calcio,410,Udinese Calcio,22344,AC Nardò,FREE_TRANSFER,free transfer,TRANSFERMARKT_EXPANDED
2022/23,2022,OUT,104597,Bram Nuytinck,410,Udinese Calcio,410,Udinese Calcio,1038,UC Sampdoria,FREE_TRANSFER,free transfer,TRANSFERMARKT_EXPANDED
2022/23,2022,OUT,339707,Cristo,410,Udinese Calcio,410,Udinese Calcio,2448,Sporting Gijón,LOAN,loan transfer,TRANSFERMARKT_EXPANDED
2022/23,2022,OUT,465279,Marco Ballarini,410,Udinese Calcio,410,Udinese Calcio,4095,AC Trento,LOAN,loan transfer,TRANSFERMARKT_EXPANDED
2022/23,2022,OUT,574889,Simone Ianesi,410,Udinese Calcio,410,Udinese Calcio,14888,US Città di Pontedera,LOAN,loan transfer,TRANSFERMARKT_EXPANDED
2022/23,2022,OUT,47513,Mato Jajalo,410,Udinese Calcio,410,Udinese Calcio,607,Venezia FC,PERMANENT_OR_OTHER_EXPLICIT,?,TRANSFERMARKT_EXPANDED
2022/23,2022,OUT,343963,Petar Micin,410,Udinese Calcio,410,Udinese Calcio,788,FK Napredak Krusevac,PERMANENT_OR_OTHER_EXPLICIT,?,TRANSFERMARKT_EXPANDED
2022/23,2022,OUT,425462,Felipe Vizeu,410,Udinese Calcio,410,Udinese Calcio,2481,FC Sheriff Tiraspol,PERMANENT_OR_OTHER_EXPLICIT,?,TRANSFERMARKT_EXPANDED
2022/23,2022,OUT,290017,Hassane Kamara,410,Udinese Calcio,410,Udinese Calcio,1010,Watford FC,LOAN,loan transfer,TRANSFERMARKT_EXPANDED
2022/23,2022,OUT,293168,Filip Benkovic,410,Udinese Calcio,410,Udinese Calcio,23,Eintracht Braunschweig,LOAN,loan transfer,TRANSFERMARKT_EXPANDED
2022/23,2022,OUT,491693,Nehuén Pérez,410,Udinese Calcio,410,Udinese Calcio,13,Atlético de Madrid,LOAN_RETURN_OR_END_OF_LOAN,End of loan 30/06/2022,TRANSFERMARKT_EXPANDED
2022/23,2022,OUT,130388,Antonio Santurro,410,Udinese Calcio,410,Udinese Calcio,515,Without Club,FREE_AGENT_OR_END_OF_CONTRACT,-,TRANSFERMARKT_EXPANDED
2022/23,2022,OUT,92899,Marvin Zeegelaar,410,Udinese Calcio,410,Udinese Calcio,515,Without Club,FREE_AGENT_OR_END_OF_CONTRACT,-,TRANSFERMARKT_EXPANDED
2022/23,2022,OUT,617170,Martin Palumbo,410,Udinese Calcio,410,Udinese Calcio,41101,Juventus Next Gen,LOAN,loan transfer,TRANSFERMARKT_EXPANDED
2022/23,2022,OUT,668228,Matheus Martins,410,Udinese Calcio,410,Udinese Calcio,1010,Watford FC,LOAN,loan transfer,TRANSFERMARKT_EXPANDED
2022/23,2022,OUT,283528,Ignacio Pussetto,410,Udinese Calcio,410,Udinese Calcio,1010,Watford FC,LOAN_RETURN_OR_END_OF_LOAN,End of loan 30/06/2022,TRANSFERMARKT_EXPANDED
2022/23,2022,OUT,556385,Destiny Udogie,410,Udinese Calcio,410,Udinese Calcio,276,Hellas Verona,LOAN_RETURN_OR_END_OF_LOAN,End of loan 30/06/2022,TRANSFERMARKT_EXPANDED
2022/23,2022,OUT,595809,Beto,410,Udinese Calcio,410,Udinese Calcio,7378,Portimonense SAD,LOAN_RETURN_OR_END_OF_LOAN,End of loan 30/06/2022,TRANSFERMARKT_EXPANDED
2022/23,2022,OUT,210178,Pablo Marí,410,Udinese Calcio,410,Udinese Calcio,11,Arsenal FC,LOAN_RETURN_OR_END_OF_LOAN,End of loan 30/06/2022,TRANSFERMARKT_EXPANDED
2022/23,2022,IN,435648,Joshua Zirkzee,1025,Bologna FC 1909,27,Bayern Munich,1025,Bologna FC 1909,PERMANENT_OR_OTHER_EXPLICIT,€27.50m,TRANSFERMARKT_EXPANDED
2022/23,2022,IN,413565,Jhon Lucumí,1025,Bologna FC 1909,1184,KRC Genk,1025,Bologna FC 1909,PERMANENT_OR_OTHER_EXPLICIT,€10.40m,TRANSFERMARKT_EXPANDED
2022/23,2022,IN,368891,Arthur Theate,1025,Bologna FC 1909,2861,KV Oostende (-2024),1025,Bologna FC 1909,PERMANENT_OR_OTHER_EXPLICIT,€6.75m,TRANSFERMARKT_EXPANDED
2022/23,2022,IN,237658,Michel Aebischer,1025,Bologna FC 1909,452,BSC Young Boys,1025,Bologna FC 1909,PERMANENT_OR_OTHER_EXPLICIT,€3.00m,TRANSFERMARKT_EXPANDED
2022/23,2022,IN,428563,Lewis Ferguson,1025,Bologna FC 1909,370,Aberdeen FC,1025,Bologna FC 1909,PERMANENT_OR_OTHER_EXPLICIT,€2.00m,TRANSFERMARKT_EXPANDED
2022/23,2022,IN,459658,Andrea Cambiaso,1025,Bologna FC 1909,506,Juventus FC,1025,Bologna FC 1909,LOAN,Loan fee: €2.00m,TRANSFERMARKT_EXPANDED
2022/23,2022,IN,316934,Nikola Moro,1025,Bologna FC 1909,121,Dynamo Moscow,1025,Bologna FC 1909,LOAN,Loan fee: €1.50m,TRANSFERMARKT_EXPANDED
2022/23,2022,IN,657742,Joaquín Sosa,1025,Bologna FC 1909,866,Club Nacional,1025,Bologna FC 1909,PERMANENT_OR_OTHER_EXPLICIT,€950k,TRANSFERMARKT_EXPANDED
2022/23,2022,IN,223974,Stefan Posch,1025,Bologna FC 1909,533,TSG 1899 Hoffenheim,1025,Bologna FC 1909,LOAN,Loan fee: €350k,TRANSFERMARKT_EXPANDED
2022/23,2022,IN,311178,Georgios Kyriakopoulos,1025,Bologna FC 1909,6574,US Sassuolo,1025,Bologna FC 1909,LOAN,Loan fee: €200k,TRANSFERMARKT_EXPANDED
2022/23,2022,IN,621122,Matteo Angeli,1025,Bologna FC 1909,4324,Imolese Calcio 1919,1025,Bologna FC 1909,PERMANENT_OR_OTHER_EXPLICIT,€50k,TRANSFERMARKT_EXPANDED
2022/23,2022,IN,136514,Charalabos Lykogiannis,1025,Bologna FC 1909,1390,Cagliari Calcio,1025,Bologna FC 1909,FREE_TRANSFER,free transfer,TRANSFERMARKT_EXPANDED
2022/23,2022,IN,818878,Wisdom Amey,1025,Bologna FC 1909,14848,Bologna Primavera,1025,Bologna FC 1909,PERMANENT_OR_OTHER_EXPLICIT,-,TRANSFERMARKT_EXPANDED
2022/23,2022,IN,818888,Antonio Raimondo,1025,Bologna FC 1909,14848,Bologna Primavera,1025,Bologna FC 1909,PERMANENT_OR_OTHER_EXPLICIT,-,TRANSFERMARKT_EXPANDED
2022/23,2022,IN,818892,Nicola Bagnolini,1025,Bologna FC 1909,14848,Bologna Primavera,1025,Bologna FC 1909,PERMANENT_OR_OTHER_EXPLICIT,-,TRANSFERMARKT_EXPANDED
2022/23,2022,IN,699442,Kacper Urbański,1025,Bologna FC 1909,14848,Bologna Primavera,1025,Bologna FC 1909,PERMANENT_OR_OTHER_EXPLICIT,-,TRANSFERMARKT_EXPANDED
2022/23,2022,IN,679754,Niklas Pyyhtiä,1025,Bologna FC 1909,14848,Bologna Primavera,1025,Bologna FC 1909,PERMANENT_OR_OTHER_EXPLICIT,-,TRANSFERMARKT_EXPANDED
2022/23,2022,IN,537488,Dion Ruffo Luci,1025,Bologna FC 1909,4095,AC Trento,1025,Bologna FC 1909,LOAN_RETURN_OR_END_OF_LOAN,End of loan 30/01/2023,TRANSFERMARKT_EXPANDED
2022/23,2022,IN,459842,Sébastian Breza,1025,Bologna FC 1909,4078,CF Montréal,1025,Bologna FC 1909,LOAN_RETURN_OR_END_OF_LOAN,End of loan 31/12/2022,TRANSFERMARKT_EXPANDED
2022/23,2022,IN,390304,Federico Ravaglia,1025,Bologna FC 1909,8970,Frosinone Calcio,1025,Bologna FC 1909,LOAN_RETURN_OR_END_OF_LOAN,End of loan 30/06/2022,TRANSFERMARKT_EXPANDED
2022/23,2022,IN,401935,Orji Okwonkwo,1025,Bologna FC 1909,4084,AS Cittadella,1025,Bologna FC 1909,LOAN_RETURN_OR_END_OF_LOAN,End of loan 30/06/2022,TRANSFERMARKT_EXPANDED
2022/23,2022,IN,464446,Andri Fannar Baldursson,1025,Bologna FC 1909,190,FC Copenhagen,1025,Bologna FC 1909,LOAN_RETURN_OR_END_OF_LOAN,End of loan 30/06/2022,TRANSFERMARKT_EXPANDED
2022/23,2022,IN,218306,César Falletti,1025,Bologna FC 1909,1103,Ternana Calcio,1025,Bologna FC 1909,LOAN_RETURN_OR_END_OF_LOAN,End of loan 30/06/2022,TRANSFERMARKT_EXPANDED
2022/23,2022,IN,182923,Stefano Denswil,1025,Bologna FC 1909,449,Trabzonspor,1025,Bologna FC 1909,LOAN_RETURN_OR_END_OF_LOAN,End of loan 30/06/2022,TRANSFERMARKT_EXPANDED
2022/23,2022,IN,482792,Simone Rabbi,1025,Bologna FC 1909,1408,Piacenza Calcio 1919,1025,Bologna FC 1909,LOAN_RETURN_OR_END_OF_LOAN,End of loan 30/06/2022,TRANSFERMARKT_EXPANDED
2022/23,2022,IN,556173,Omar Khailoti,1025,Bologna FC 1909,4159,Carrarese Calcio 1908,1025,Bologna FC 1909,LOAN_RETURN_OR_END_OF_LOAN,End of loan 30/06/2022,TRANSFERMARKT_EXPANDED
2022/23,2022,IN,401920,Kingsley Michael,1025,Bologna FC 1909,266,SV Ried,1025,Bologna FC 1909,LOAN_RETURN_OR_END_OF_LOAN,End of loan 30/04/2023,TRANSFERMARKT_EXPANDED
2022/23,2022,IN,423614,Gabriele Corbo,1025,Bologna FC 1909,4078,CF Montréal,1025,Bologna FC 1909,LOAN_RETURN_OR_END_OF_LOAN,End of loan 31/12/2022,TRANSFERMARKT_EXPANDED
2022/23,2022,IN,390304,Federico Ravaglia,1025,Bologna FC 1909,1386,Reggina 1914,1025,Bologna FC 1909,LOAN_RETURN_OR_END_OF_LOAN,End of loan 13/01/2023,TRANSFERMARKT_EXPANDED
2022/23,2022,IN,628308,Flavio Di Dio,1025,Bologna FC 1909,49430,AZ Picerno,1025,Bologna FC 1909,LOAN_RETURN_OR_END_OF_LOAN,End of loan 30/06/2022,TRANSFERMARKT_EXPANDED
2022/23,2022,IN,496270,Gianmarco Cangiano,1025,Bologna FC 1909,4083,FC Crotone,1025,Bologna FC 1909,LOAN_RETURN_OR_END_OF_LOAN,End of loan 30/06/2022,TRANSFERMARKT_EXPANDED
2022/23,2022,IN,496270,Gianmarco Cangiano,1025,Bologna FC 1909,332,SSC Bari,1025,Bologna FC 1909,LOAN_RETURN_OR_END_OF_LOAN,End of loan 10/01/2023,TRANSFERMARKT_EXPANDED
2022/23,2022,IN,607187,Emanuele Acampora,1025,Bologna FC 1909,63520,Sona Calcio,1025,Bologna FC 1909,LOAN_RETURN_OR_END_OF_LOAN,End of loan 30/06/2022,TRANSFERMARKT_EXPANDED
2022/23,2022,IN,616667,Mattia Pagliuca,1025,Bologna FC 1909,4324,Imolese Calcio 1919,1025,Bologna FC 1909,LOAN_RETURN_OR_END_OF_LOAN,End of loan 12/01/2023,TRANSFERMARKT_EXPANDED
2022/23,2022,OUT,368891,Arthur Theate,1025,Bologna FC 1909,1025,Bologna FC 1909,273,Stade Rennais FC,PERMANENT_OR_OTHER_EXPLICIT,€19.00m,TRANSFERMARKT_EXPANDED
2022/23,2022,OUT,591949,Aaron Hickey,1025,Bologna FC 1909,1025,Bologna FC 1909,1148,Brentford FC,PERMANENT_OR_OTHER_EXPLICIT,€14.25m,TRANSFERMARKT_EXPANDED
2022/23,2022,OUT,342405,Mattias Svanberg,1025,Bologna FC 1909,1025,Bologna FC 1909,82,VfL Wolfsburg,PERMANENT_OR_OTHER_EXPLICIT,€9.50m,TRANSFERMARKT_EXPANDED
2022/23,2022,OUT,218306,César Falletti,1025,Bologna FC 1909,1025,Bologna FC 1909,1103,Ternana Calcio,PERMANENT_OR_OTHER_EXPLICIT,€1.20m,TRANSFERMARKT_EXPANDED
2022/23,2022,OUT,119115,Diego Falcinelli,1025,Bologna FC 1909,1025,Bologna FC 1909,1385,Modena FC,FREE_TRANSFER,free transfer,TRANSFERMARKT_EXPANDED
2022/23,2022,OUT,423614,Gabriele Corbo,1025,Bologna FC 1909,1025,Bologna FC 1909,4078,CF Montréal,FREE_TRANSFER,free transfer,TRANSFERMARKT_EXPANDED
2022/23,2022,OUT,85393,Nicolas Viola,1025,Bologna FC 1909,1025,Bologna FC 1909,1390,Cagliari Calcio,FREE_TRANSFER,free transfer,TRANSFERMARKT_EXPANDED
2022/23,2022,OUT,628308,Flavio Di Dio,1025,Bologna FC 1909,1025,Bologna FC 1909,9818,Giugliano Calcio 1928,FREE_TRANSFER,free transfer,TRANSFERMARKT_EXPANDED
2022/23,2022,OUT,99180,Federico Santander,1025,Bologna FC 1909,1025,Bologna FC 1909,1386,Reggina 1914,FREE_TRANSFER,free transfer,TRANSFERMARKT_EXPANDED
2022/23,2022,OUT,607187,Emanuele Acampora,1025,Bologna FC 1909,1025,Bologna FC 1909,12944,Sant'Antonio Abate,FREE_TRANSFER,free transfer,TRANSFERMARKT_EXPANDED
2022/23,2022,OUT,207715,Ibrahima Mbaye,1025,Bologna FC 1909,1025,Bologna FC 1909,7769,CFR Cluj,FREE_TRANSFER,free transfer,TRANSFERMARKT_EXPANDED
2022/23,2022,OUT,482792,Simone Rabbi,1025,Bologna FC 1909,1025,Bologna FC 1909,2722,SPAL,FREE_TRANSFER,free transfer,TRANSFERMARKT_EXPANDED
2022/23,2022,OUT,182923,Stefano Denswil,1025,Bologna FC 1909,1025,Bologna FC 1909,449,Trabzonspor,FREE_TRANSFER,free transfer,TRANSFERMARKT_EXPANDED
2022/23,2022,OUT,496270,Gianmarco Cangiano,1025,Bologna FC 1909,1025,Bologna FC 1909,385,Fortuna Sittard,LOAN,loan transfer,TRANSFERMARKT_EXPANDED
2022/23,2022,OUT,496270,Gianmarco Cangiano,1025,Bologna FC 1909,1025,Bologna FC 1909,332,SSC Bari,LOAN,loan transfer,TRANSFERMARKT_EXPANDED
2022/23,2022,OUT,537488,Dion Ruffo Luci,1025,Bologna FC 1909,1025,Bologna FC 1909,4096,FC Turris 1944,LOAN,loan transfer,TRANSFERMARKT_EXPANDED
2022/23,2022,OUT,459842,Sébastian Breza,1025,Bologna FC 1909,1025,Bologna FC 1909,4159,Carrarese Calcio 1908,LOAN,loan transfer,TRANSFERMARKT_EXPANDED
2022/23,2022,OUT,556173,Omar Khailoti,1025,Bologna FC 1909,1025,Bologna FC 1909,6692,Novara FC,PERMANENT_OR_OTHER_EXPLICIT,?,TRANSFERMARKT_EXPANDED
2022/23,2022,OUT,471004,Luis Binks,1025,Bologna FC 1909,1025,Bologna FC 1909,1047,Como 1907,LOAN,loan transfer,TRANSFERMARKT_EXPANDED
2022/23,2022,OUT,621122,Matteo Angeli,1025,Bologna FC 1909,1025,Bologna FC 1909,24898,AC Renate,LOAN,loan transfer,TRANSFERMARKT_EXPANDED
2022/23,2022,OUT,401920,Kingsley Michael,1025,Bologna FC 1909,1025,Bologna FC 1909,266,SV Ried,LOAN,loan transfer,TRANSFERMARKT_EXPANDED
2022/23,2022,OUT,390304,Federico Ravaglia,1025,Bologna FC 1909,1025,Bologna FC 1909,1386,Reggina 1914,LOAN,loan transfer,TRANSFERMARKT_EXPANDED
2022/23,2022,OUT,577394,Denso Kasius,1025,Bologna FC 1909,1025,Bologna FC 1909,170,Rapid Vienna,LOAN,loan transfer,TRANSFERMARKT_EXPANDED
2022/23,2022,OUT,394346,Emanuel Vignato,1025,Bologna FC 1909,1025,Bologna FC 1909,749,FC Empoli,LOAN,loan transfer,TRANSFERMARKT_EXPANDED
2022/23,2022,OUT,464446,Andri Fannar Baldursson,1025,Bologna FC 1909,1025,Bologna FC 1909,467,NEC Nijmegen,LOAN,loan transfer,TRANSFERMARKT_EXPANDED
2022/23,2022,OUT,187245,Mitchell Dijks,1025,Bologna FC 1909,1025,Bologna FC 1909,515,Without Club,FREE_AGENT_OR_END_OF_CONTRACT,-,TRANSFERMARKT_EXPANDED
2022/23,2022,OUT,562030,Musa Juwara,1025,Bologna FC 1909,1025,Bologna FC 1909,173,Odense Boldklub,LOAN,loan transfer,TRANSFERMARKT_EXPANDED
2022/23,2022,OUT,574164,Marco Molla,1025,Bologna FC 1909,1025,Bologna FC 1909,4324,Imolese Calcio 1919,LOAN,loan transfer,TRANSFERMARKT_EXPANDED
2022/23,2022,OUT,368891,Arthur Theate,1025,Bologna FC 1909,1025,Bologna FC 1909,2861,KV Oostende (-2024),LOAN_RETURN_OR_END_OF_LOAN,End of loan 30/06/2022,TRANSFERMARKT_EXPANDED
2022/23,2022,OUT,237658,Michel Aebischer,1025,Bologna FC 1909,1025,Bologna FC 1909,452,BSC Young Boys,LOAN_RETURN_OR_END_OF_LOAN,End of loan 30/06/2022,TRANSFERMARKT_EXPANDED
2022/23,2022,OUT,662752,Luis Rojas,1025,Bologna FC 1909,1025,Bologna FC 1909,4083,FC Crotone,LOAN_RETURN_OR_END_OF_LOAN,End of loan 30/06/2022,TRANSFERMARKT_EXPANDED
2022/23,2022,IN,286047,Guglielmo Vicario,749,FC Empoli,1390,Cagliari Calcio,749,FC Empoli,PERMANENT_OR_OTHER_EXPLICIT,€8.50m,TRANSFERMARKT_EXPANDED
2022/23,2022,IN,469211,Liberato Cacace,749,FC Empoli,475,Sint-Truidense VV,749,FC Empoli,PERMANENT_OR_OTHER_EXPLICIT,€3.00m,TRANSFERMARKT_EXPANDED
2022/23,2022,IN,183841,Petar Stojanović,749,FC Empoli,419,GNK Dinamo Zagreb,749,FC Empoli,PERMANENT_OR_OTHER_EXPLICIT,€1.20m,TRANSFERMARKT_EXPANDED
2022/23,2022,IN,295183,Răzvan Marin,749,FC Empoli,1390,Cagliari Calcio,749,FC Empoli,LOAN,Loan fee: €1.00m,TRANSFERMARKT_EXPANDED
2022/23,2022,IN,301240,Samuele Perisan,749,FC Empoli,21331,Pordenone Calcio,749,FC Empoli,PERMANENT_OR_OTHER_EXPLICIT,€650k,TRANSFERMARKT_EXPANDED
2022/23,2022,IN,278531,Sebastiano Luperto,749,FC Empoli,6195,SSC Napoli,749,FC Empoli,LOAN,Loan fee: €500k,TRANSFERMARKT_EXPANDED
2022/23,2022,IN,459151,Nicolò Cambiaghi,749,FC Empoli,800,Atalanta BC,749,FC Empoli,LOAN,Loan fee: €500k,TRANSFERMARKT_EXPANDED
2022/23,2022,IN,386914,Sam Lammers,749,FC Empoli,800,Atalanta BC,749,FC Empoli,LOAN,Loan fee: €500k,TRANSFERMARKT_EXPANDED
2022/23,2022,IN,88683,Mattia Destro,749,FC Empoli,252,Genoa CFC,749,FC Empoli,FREE_TRANSFER,free transfer,TRANSFERMARKT_EXPANDED
2022/23,2022,IN,309944,Tyronne Ebuehi,749,FC Empoli,10330,SL Benfica B,749,FC Empoli,FREE_TRANSFER,free transfer,TRANSFERMARKT_EXPANDED
2022/23,2022,IN,728516,Lovro Stubljar,749,FC Empoli,18030,NK Domzale U19,749,FC Empoli,PERMANENT_OR_OTHER_EXPLICIT,?,TRANSFERMARKT_EXPANDED
2022/23,2022,IN,640109,Martín Satriano,749,FC Empoli,46,Inter Milan,749,FC Empoli,LOAN,loan transfer,TRANSFERMARKT_EXPANDED
2022/23,2022,IN,490384,Koni De Winter,749,FC Empoli,41101,Juventus Next Gen,749,FC Empoli,LOAN,loan transfer,TRANSFERMARKT_EXPANDED
2022/23,2022,IN,197473,Alberto Grassi,749,FC Empoli,130,Parma Calcio 1913,749,FC Empoli,LOAN,loan transfer,TRANSFERMARKT_EXPANDED
2022/23,2022,IN,205940,Marko Pjaca,749,FC Empoli,506,Juventus FC,749,FC Empoli,LOAN,loan transfer,TRANSFERMARKT_EXPANDED
2022/23,2022,IN,345458,Sebastian Walukiewicz,749,FC Empoli,1390,Cagliari Calcio,749,FC Empoli,LOAN,loan transfer,TRANSFERMARKT_EXPANDED
2022/23,2022,IN,170481,Jean-Daniel Akpa Akpro,749,FC Empoli,398,SS Lazio,749,FC Empoli,LOAN,loan transfer,TRANSFERMARKT_EXPANDED
2022/23,2022,IN,84765,Francesco Caputo,749,FC Empoli,1038,UC Sampdoria,749,FC Empoli,LOAN,loan transfer,TRANSFERMARKT_EXPANDED
2022/23,2022,IN,432092,Roberto Piccoli,749,FC Empoli,800,Atalanta BC,749,FC Empoli,LOAN,loan transfer,TRANSFERMARKT_EXPANDED
2022/23,2022,IN,394346,Emanuel Vignato,749,FC Empoli,1025,Bologna FC 1909,749,FC Empoli,LOAN,loan transfer,TRANSFERMARKT_EXPANDED
2022/23,2022,IN,691482,Jacopo Fazzini,749,FC Empoli,8492,Empoli Primavera,749,FC Empoli,PERMANENT_OR_OTHER_EXPLICIT,-,TRANSFERMARKT_EXPANDED
2022/23,2022,IN,616169,Duccio Degli Innocenti,749,FC Empoli,8492,Empoli Primavera,749,FC Empoli,PERMANENT_OR_OTHER_EXPLICIT,-,TRANSFERMARKT_EXPANDED
2022/23,2022,IN,745427,Gabriele Guarino,749,FC Empoli,8492,Empoli Primavera,749,FC Empoli,PERMANENT_OR_OTHER_EXPLICIT,-,TRANSFERMARKT_EXPANDED
2022/23,2022,IN,358002,Emanuele Matteucci,749,FC Empoli,14888,US Città di Pontedera,749,FC Empoli,LOAN_RETURN_OR_END_OF_LOAN,End of loan 30/06/2022,TRANSFERMARKT_EXPANDED
2022/23,2022,IN,484160,Alex Sposito,749,FC Empoli,14888,US Città di Pontedera,749,FC Empoli,LOAN_RETURN_OR_END_OF_LOAN,End of loan 30/06/2022,TRANSFERMARKT_EXPANDED
2022/23,2022,IN,390120,Davide Zappella,749,FC Empoli,2921,Delfino Pescara 1936,749,FC Empoli,LOAN_RETURN_OR_END_OF_LOAN,End of loan 30/06/2022,TRANSFERMARKT_EXPANDED
2022/23,2022,IN,525660,Francesco Donati,749,FC Empoli,5587,SS Juve Stabia,749,FC Empoli,LOAN_RETURN_OR_END_OF_LOAN,End of loan 30/06/2022,TRANSFERMARKT_EXPANDED
2022/23,2022,IN,432088,Giacomo Siniega,749,FC Empoli,4333,US Grosseto 1912,749,FC Empoli,LOAN_RETURN_OR_END_OF_LOAN,End of loan 30/06/2022,TRANSFERMARKT_EXPANDED
2022/23,2022,IN,357998,Davide Merola,749,FC Empoli,704,Calcio Foggia 1920,749,FC Empoli,LOAN_RETURN_OR_END_OF_LOAN,End of loan 30/06/2022,TRANSFERMARKT_EXPANDED
2022/23,2022,IN,391049,Gabriel Meli,749,FC Empoli,4554,FC Südtirol,749,FC Empoli,LOAN_RETURN_OR_END_OF_LOAN,End of loan 30/06/2022,TRANSFERMARKT_EXPANDED
2022/23,2022,IN,459697,Niccolò Chiorra,749,FC Empoli,4093,Taranto SS,749,FC Empoli,LOAN_RETURN_OR_END_OF_LOAN,End of loan 30/06/2022,TRANSFERMARKT_EXPANDED
2022/23,2022,IN,291522,Tommaso Fantacci,749,FC Empoli,4326,AS Gubbio 1910,749,FC Empoli,LOAN_RETURN_OR_END_OF_LOAN,End of loan 30/06/2022,TRANSFERMARKT_EXPANDED
2022/23,2022,IN,279823,Stefano Moreo,749,FC Empoli,19,Brescia Calcio (- 2025),749,FC Empoli,LOAN_RETURN_OR_END_OF_LOAN,End of loan 30/06/2022,TRANSFERMARKT_EXPANDED
2022/23,2022,IN,603695,Leandro Pratelli,749,FC Empoli,1408,Piacenza Calcio 1919,749,FC Empoli,LOAN_RETURN_OR_END_OF_LOAN,End of loan 30/06/2022,TRANSFERMARKT_EXPANDED
2022/23,2022,IN,467994,Luca Belardinelli,749,FC Empoli,26789,FC Pro Vercelli 1892,749,FC Empoli,LOAN_RETURN_OR_END_OF_LOAN,End of loan 30/06/2022,TRANSFERMARKT_EXPANDED
2022/23,2022,IN,556397,Luca Lombardi,749,FC Empoli,4324,Imolese Calcio 1919,749,FC Empoli,LOAN_RETURN_OR_END_OF_LOAN,End of loan 30/06/2022,TRANSFERMARKT_EXPANDED
2022/23,2022,IN,358003,Simone Canestrelli,749,FC Empoli,4083,FC Crotone,749,FC Empoli,LOAN_RETURN_OR_END_OF_LOAN,End of loan 30/06/2022,TRANSFERMARKT_EXPANDED
2022/23,2022,IN,291400,Giovanni Crociata,749,FC Empoli,2722,SPAL,749,FC Empoli,LOAN_RETURN_OR_END_OF_LOAN,End of loan 30/06/2022,TRANSFERMARKT_EXPANDED
2022/23,2022,IN,250781,Roberto Pirrello,749,FC Empoli,4031,Cosenza Calcio,749,FC Empoli,LOAN_RETURN_OR_END_OF_LOAN,End of loan 30/06/2022,TRANSFERMARKT_EXPANDED
2022/23,2022,IN,391066,Giuseppe Montaperto,749,FC Empoli,1415,Teramo Calcio 1913,749,FC Empoli,LOAN_RETURN_OR_END_OF_LOAN,End of loan 30/06/2022,TRANSFERMARKT_EXPANDED
2022/23,2022,IN,395739,Kevin Piscopo,749,FC Empoli,24898,AC Renate,749,FC Empoli,LOAN_RETURN_OR_END_OF_LOAN,End of loan 30/06/2022,TRANSFERMARKT_EXPANDED
2022/23,2022,IN,160344,Leonardo Mancuso,749,FC Empoli,2919,AC Monza,749,FC Empoli,LOAN_RETURN_OR_END_OF_LOAN,End of loan 30/06/2022,TRANSFERMARKT_EXPANDED
2022/23,2022,IN,390117,Samuele Damiani,749,FC Empoli,458,Palermo FC,749,FC Empoli,LOAN_RETURN_OR_END_OF_LOAN,End of loan 30/06/2022,TRANSFERMARKT_EXPANDED
2022/23,2022,IN,467992,Samuele Ricci,749,FC Empoli,416,Torino FC,749,FC Empoli,LOAN_RETURN_OR_END_OF_LOAN,End of loan 30/06/2022,TRANSFERMARKT_EXPANDED
2022/23,2022,IN,530848,Andrea Adamoli,749,FC Empoli,2254,Pro Sesto 1913,749,FC Empoli,LOAN_RETURN_OR_END_OF_LOAN,End of loan 30/06/2022,TRANSFERMARKT_EXPANDED
2022/23,2022,IN,459277,Antonino Fradella,749,FC Empoli,39818,San Donato Tavarnelle,749,FC Empoli,LOAN_RETURN_OR_END_OF_LOAN,End of loan 30/06/2022,TRANSFERMARKT_EXPANDED
2022/23,2022,IN,291522,Tommaso Fantacci,749,FC Empoli,14888,US Città di Pontedera,749,FC Empoli,LOAN_RETURN_OR_END_OF_LOAN,End of loan 30/01/2023,TRANSFERMARKT_EXPANDED
2022/23,2022,IN,814439,Duccio Lazzeri,749,FC Empoli,2250,AC Prato,749,FC Empoli,LOAN_RETURN_OR_END_OF_LOAN,End of loan 31/12/2022,TRANSFERMARKT_EXPANDED
2022/23,2022,IN,391049,Gabriel Meli,749,FC Empoli,8699,Apollon Larisa,749,FC Empoli,LOAN_RETURN_OR_END_OF_LOAN,End of loan 31/12/2022,TRANSFERMARKT_EXPANDED
2022/23,2022,IN,357998,Davide Merola,749,FC Empoli,4031,Cosenza Calcio,749,FC Empoli,LOAN_RETURN_OR_END_OF_LOAN,End of loan 30/01/2023,TRANSFERMARKT_EXPANDED
2022/23,2022,IN,291400,Giovanni Crociata,749,FC Empoli,4554,FC Südtirol,749,FC Empoli,LOAN_RETURN_OR_END_OF_LOAN,End of loan 09/01/2023,TRANSFERMARKT_EXPANDED
2022/23,2022,IN,358003,Simone Canestrelli,749,FC Empoli,4172,Pisa Sporting Club,749,FC Empoli,LOAN_RETURN_OR_END_OF_LOAN,End of loan 29/01/2023,TRANSFERMARKT_EXPANDED
2022/23,2022,OUT,493702,Mattia Viti,749,FC Empoli,749,FC Empoli,417,OGC Nice,PERMANENT_OR_OTHER_EXPLICIT,€13.00m,TRANSFERMARKT_EXPANDED
2022/23,2022,OUT,467992,Samuele Ricci,749,FC Empoli,749,FC Empoli,416,Torino FC,PERMANENT_OR_OTHER_EXPLICIT,€10.80m,TRANSFERMARKT_EXPANDED
2022/23,2022,OUT,160344,Leonardo Mancuso,749,FC Empoli,749,FC Empoli,2919,AC Monza,PERMANENT_OR_OTHER_EXPLICIT,€2.79m,TRANSFERMARKT_EXPANDED
2022/23,2022,OUT,358003,Simone Canestrelli,749,FC Empoli,749,FC Empoli,4172,Pisa Sporting Club,PERMANENT_OR_OTHER_EXPLICIT,€2.60m,TRANSFERMARKT_EXPANDED
2022/23,2022,OUT,279823,Stefano Moreo,749,FC Empoli,749,FC Empoli,19,Brescia Calcio (- 2025),PERMANENT_OR_OTHER_EXPLICIT,€800k,TRANSFERMARKT_EXPANDED
2022/23,2022,OUT,390117,Samuele Damiani,749,FC Empoli,749,FC Empoli,458,Palermo FC,PERMANENT_OR_OTHER_EXPLICIT,€300k,TRANSFERMARKT_EXPANDED
2022/23,2022,OUT,163652,Jacopo Furlan,749,FC Empoli,749,FC Empoli,839,AC Perugia Calcio,PERMANENT_OR_OTHER_EXPLICIT,€300k,TRANSFERMARKT_EXPANDED
2022/23,2022,OUT,390120,Davide Zappella,749,FC Empoli,749,FC Empoli,20519,Virtus Entella,PERMANENT_OR_OTHER_EXPLICIT,€20k,TRANSFERMARKT_EXPANDED
2022/23,2022,OUT,88706,Simone Romagnoli,749,FC Empoli,749,FC Empoli,130,Parma Calcio 1913,FREE_TRANSFER,free transfer,TRANSFERMARKT_EXPANDED
2022/23,2022,OUT,250781,Roberto Pirrello,749,FC Empoli,749,FC Empoli,21331,Pordenone Calcio,FREE_TRANSFER,free transfer,TRANSFERMARKT_EXPANDED
2022/23,2022,OUT,358002,Emanuele Matteucci,749,FC Empoli,749,FC Empoli,2581,Mantova 1911,FREE_TRANSFER,free transfer,TRANSFERMARKT_EXPANDED
2022/23,2022,OUT,556397,Luca Lombardi,749,FC Empoli,749,FC Empoli,1388,Ancona Calcio,FREE_TRANSFER,free transfer,TRANSFERMARKT_EXPANDED
2022/23,2022,OUT,530848,Andrea Adamoli,749,FC Empoli,749,FC Empoli,26955,USD Brianza Olginatese,FREE_TRANSFER,free transfer,TRANSFERMARKT_EXPANDED
2022/23,2022,OUT,391066,Giuseppe Montaperto,749,FC Empoli,749,FC Empoli,22249,Audace Cerignola,FREE_TRANSFER,free transfer,TRANSFERMARKT_EXPANDED
2022/23,2022,OUT,459277,Antonino Fradella,749,FC Empoli,749,FC Empoli,39818,San Donato Tavarnelle,FREE_TRANSFER,free transfer,TRANSFERMARKT_EXPANDED
2022/23,2022,OUT,543771,Kristjan Asllani,749,FC Empoli,749,FC Empoli,46,Inter Milan,LOAN,loan transfer,TRANSFERMARKT_EXPANDED
2022/23,2022,OUT,291522,Tommaso Fantacci,749,FC Empoli,749,FC Empoli,14888,US Città di Pontedera,LOAN,loan transfer,TRANSFERMARKT_EXPANDED
2022/23,2022,OUT,525660,Francesco Donati,749,FC Empoli,749,FC Empoli,408,Ascoli Calcio,LOAN,loan transfer,TRANSFERMARKT_EXPANDED
2022/23,2022,OUT,459697,Niccolò Chiorra,749,FC Empoli,749,FC Empoli,2581,Mantova 1911,LOAN,loan transfer,TRANSFERMARKT_EXPANDED
2022/23,2022,OUT,432088,Giacomo Siniega,749,FC Empoli,749,FC Empoli,39818,San Donato Tavarnelle,LOAN,loan transfer,TRANSFERMARKT_EXPANDED
2022/23,2022,OUT,391049,Gabriel Meli,749,FC Empoli,749,FC Empoli,8699,Apollon Larisa,LOAN,loan transfer,TRANSFERMARKT_EXPANDED
2022/23,2022,OUT,603676,Leonardo Pezzola,749,FC Empoli,749,FC Empoli,39818,San Donato Tavarnelle,LOAN,loan transfer,TRANSFERMARKT_EXPANDED
2022/23,2022,OUT,391049,Gabriel Meli,749,FC Empoli,749,FC Empoli,27624,US Recanatese,LOAN,loan transfer,TRANSFERMARKT_EXPANDED
2022/23,2022,OUT,291522,Tommaso Fantacci,749,FC Empoli,749,FC Empoli,46619,Arzignano Valchiampo,LOAN,loan transfer,TRANSFERMARKT_EXPANDED
2022/23,2022,OUT,395739,Kevin Piscopo,749,FC Empoli,749,FC Empoli,21331,Pordenone Calcio,PERMANENT_OR_OTHER_EXPLICIT,?,TRANSFERMARKT_EXPANDED
2022/23,2022,OUT,484160,Alex Sposito,749,FC Empoli,749,FC Empoli,74951,Sangiuliano City,PERMANENT_OR_OTHER_EXPLICIT,?,TRANSFERMARKT_EXPANDED
2022/23,2022,OUT,603695,Leandro Pratelli,749,FC Empoli,749,FC Empoli,4541,UC AlbinoLeffe,PERMANENT_OR_OTHER_EXPLICIT,?,TRANSFERMARKT_EXPANDED
2022/23,2022,OUT,467994,Luca Belardinelli,749,FC Empoli,749,FC Empoli,4554,FC Südtirol,LOAN,loan transfer,TRANSFERMARKT_EXPANDED
2022/23,2022,OUT,358003,Simone Canestrelli,749,FC Empoli,749,FC Empoli,4172,Pisa Sporting Club,LOAN,loan transfer,TRANSFERMARKT_EXPANDED
2022/23,2022,OUT,171159,Leo Stulac,749,FC Empoli,749,FC Empoli,458,Palermo FC,LOAN,loan transfer,TRANSFERMARKT_EXPANDED
2022/23,2022,OUT,357998,Davide Merola,749,FC Empoli,749,FC Empoli,4031,Cosenza Calcio,LOAN,loan transfer,TRANSFERMARKT_EXPANDED
2022/23,2022,OUT,291400,Giovanni Crociata,749,FC Empoli,749,FC Empoli,4554,FC Südtirol,LOAN,loan transfer,TRANSFERMARKT_EXPANDED
2022/23,2022,OUT,386914,Sam Lammers,749,FC Empoli,749,FC Empoli,1038,UC Sampdoria,LOAN,loan transfer,TRANSFERMARKT_EXPANDED
2022/23,2022,OUT,814439,Duccio Lazzeri,749,FC Empoli,749,FC Empoli,80892,Polisportiva Firenze Ovest,LOAN,loan transfer,TRANSFERMARKT_EXPANDED
2022/23,2022,OUT,291400,Giovanni Crociata,749,FC Empoli,749,FC Empoli,4084,AS Cittadella,LOAN,loan transfer,TRANSFERMARKT_EXPANDED
2022/23,2022,OUT,603891,Emmanuel Ekong,749,FC Empoli,749,FC Empoli,839,AC Perugia Calcio,LOAN,loan transfer,TRANSFERMARKT_EXPANDED
2022/23,2022,OUT,357998,Davide Merola,749,FC Empoli,749,FC Empoli,2921,Delfino Pescara 1936,LOAN,loan transfer,TRANSFERMARKT_EXPANDED
2022/23,2022,OUT,390177,Nedim Bajrami,749,FC Empoli,749,FC Empoli,6574,US Sassuolo,LOAN,loan transfer,TRANSFERMARKT_EXPANDED
2022/23,2022,OUT,197745,Riccardo Fiamozzi,749,FC Empoli,749,FC Empoli,515,Without Club,FREE_AGENT_OR_END_OF_CONTRACT,-,TRANSFERMARKT_EXPANDED
2022/23,2022,OUT,134983,Andrea La Mantia,749,FC Empoli,749,FC Empoli,2722,SPAL,LOAN,loan transfer,TRANSFERMARKT_EXPANDED
2022/23,2022,OUT,387234,Szymon Żurkowski,749,FC Empoli,749,FC Empoli,430,ACF Fiorentina,LOAN_RETURN_OR_END_OF_LOAN,End of loan 30/06/2022,TRANSFERMARKT_EXPANDED
2022/23,2022,OUT,286047,Guglielmo Vicario,749,FC Empoli,749,FC Empoli,1390,Cagliari Calcio,LOAN_RETURN_OR_END_OF_LOAN,End of loan 30/06/2022,TRANSFERMARKT_EXPANDED
2022/23,2022,OUT,183841,Petar Stojanović,749,FC Empoli,749,FC Empoli,419,GNK Dinamo Zagreb,LOAN_RETURN_OR_END_OF_LOAN,End of loan 30/06/2022,TRANSFERMARKT_EXPANDED
2022/23,2022,OUT,297645,Riccardo Marchizza,749,FC Empoli,749,FC Empoli,6574,US Sassuolo,LOAN_RETURN_OR_END_OF_LOAN,End of loan 30/06/2022,TRANSFERMARKT_EXPANDED
2022/23,2022,OUT,265078,Patrick Cutrone,749,FC Empoli,749,FC Empoli,543,Wolverhampton Wanderers,LOAN_RETURN_OR_END_OF_LOAN,End of loan 30/06/2022,TRANSFERMARKT_EXPANDED
2022/23,2022,OUT,278531,Sebastiano Luperto,749,FC Empoli,749,FC Empoli,6195,SSC Napoli,LOAN_RETURN_OR_END_OF_LOAN,End of loan 30/06/2022,TRANSFERMARKT_EXPANDED
2022/23,2022,OUT,315865,Andrea Pinamonti,749,FC Empoli,749,FC Empoli,46,Inter Milan,LOAN_RETURN_OR_END_OF_LOAN,End of loan 30/06/2022,TRANSFERMARKT_EXPANDED
2022/23,2022,OUT,38607,Federico Di Francesco,749,FC Empoli,749,FC Empoli,2722,SPAL,LOAN_RETURN_OR_END_OF_LOAN,End of loan 30/06/2022,TRANSFERMARKT_EXPANDED
2022/23,2022,OUT,201040,Marco Benassi,749,FC Empoli,749,FC Empoli,430,ACF Fiorentina,LOAN_RETURN_OR_END_OF_LOAN,End of loan 30/06/2022,TRANSFERMARKT_EXPANDED
2022/23,2022,OUT,162961,Valerio Verre,749,FC Empoli,749,FC Empoli,1038,UC Sampdoria,LOAN_RETURN_OR_END_OF_LOAN,End of loan 30/06/2022,TRANSFERMARKT_EXPANDED
2022/23,2022,OUT,469211,Liberato Cacace,749,FC Empoli,749,FC Empoli,475,Sint-Truidense VV,LOAN_RETURN_OR_END_OF_LOAN,End of loan 30/06/2022,TRANSFERMARKT_EXPANDED
2022/23,2022,IN,84765,Francesco Caputo,1038,UC Sampdoria,6574,US Sassuolo,1038,UC Sampdoria,PERMANENT_OR_OTHER_EXPLICIT,€4.00m,TRANSFERMARKT_EXPANDED
2022/23,2022,IN,899543,Marco Delle Monache,1038,UC Sampdoria,2921,Delfino Pescara 1936,1038,UC Sampdoria,PERMANENT_OR_OTHER_EXPLICIT,€1.50m,TRANSFERMARKT_EXPANDED
2022/23,2022,IN,340394,Abdelhamid Sabiri,1038,UC Sampdoria,408,Ascoli Calcio,1038,UC Sampdoria,PERMANENT_OR_OTHER_EXPLICIT,€1.00m,TRANSFERMARKT_EXPANDED
2022/23,2022,IN,451310,Maxime Leverbe,1038,UC Sampdoria,4172,Pisa Sporting Club,1038,UC Sampdoria,LOAN,Loan fee: €125k,TRANSFERMARKT_EXPANDED
2022/23,2022,IN,115763,Koray Günter,1038,UC Sampdoria,276,Hellas Verona,1038,UC Sampdoria,LOAN,Loan fee: €95k,TRANSFERMARKT_EXPANDED
2022/23,2022,IN,250683,Nikita Contini,1038,UC Sampdoria,6195,SSC Napoli,1038,UC Sampdoria,LOAN,Loan fee: €50k,TRANSFERMARKT_EXPANDED
2022/23,2022,IN,75942,Tomás Rincón,1038,UC Sampdoria,416,Torino FC,1038,UC Sampdoria,FREE_TRANSFER,free transfer,TRANSFERMARKT_EXPANDED
2022/23,2022,IN,469018,Antonio Metlika,1038,UC Sampdoria,29251,Virtus Verona,1038,UC Sampdoria,FREE_TRANSFER,free transfer,TRANSFERMARKT_EXPANDED
2022/23,2022,IN,94307,Filip Djuricic,1038,UC Sampdoria,6574,US Sassuolo,1038,UC Sampdoria,FREE_TRANSFER,free transfer,TRANSFERMARKT_EXPANDED
2022/23,2022,IN,536948,Ertijon Gega,1038,UC Sampdoria,6266,Cavese 1919,1038,UC Sampdoria,FREE_TRANSFER,free transfer,TRANSFERMARKT_EXPANDED
2022/23,2022,IN,104597,Bram Nuytinck,1038,UC Sampdoria,410,Udinese Calcio,1038,UC Sampdoria,FREE_TRANSFER,free transfer,TRANSFERMARKT_EXPANDED
2022/23,2022,IN,398163,Gonzalo Villar,1038,UC Sampdoria,12,AS Roma,1038,UC Sampdoria,LOAN,loan transfer,TRANSFERMARKT_EXPANDED
2022/23,2022,IN,249126,Harry Winks,1038,UC Sampdoria,148,Tottenham Hotspur,1038,UC Sampdoria,LOAN,loan transfer,TRANSFERMARKT_EXPANDED
2022/23,2022,IN,283528,Ignacio Pussetto,1038,UC Sampdoria,1010,Watford FC,1038,UC Sampdoria,LOAN,loan transfer,TRANSFERMARKT_EXPANDED
2022/23,2022,IN,644676,Bruno Amione,1038,UC Sampdoria,276,Hellas Verona,1038,UC Sampdoria,LOAN,loan transfer,TRANSFERMARKT_EXPANDED
2022/23,2022,IN,386914,Sam Lammers,1038,UC Sampdoria,749,FC Empoli,1038,UC Sampdoria,LOAN,loan transfer,TRANSFERMARKT_EXPANDED
2022/23,2022,IN,397225,Alessandro Zanoli,1038,UC Sampdoria,6195,SSC Napoli,1038,UC Sampdoria,LOAN,loan transfer,TRANSFERMARKT_EXPANDED
2022/23,2022,IN,700643,Martin Turk,1038,UC Sampdoria,130,Parma Calcio 1913,1038,UC Sampdoria,LOAN,loan transfer,TRANSFERMARKT_EXPANDED
2022/23,2022,IN,344600,Michaël Cuisance,1038,UC Sampdoria,607,Venezia FC,1038,UC Sampdoria,LOAN,loan transfer,TRANSFERMARKT_EXPANDED
2022/23,2022,IN,743091,Emirhan İlkhan,1038,UC Sampdoria,416,Torino FC,1038,UC Sampdoria,LOAN,loan transfer,TRANSFERMARKT_EXPANDED
2022/23,2022,IN,340394,Abdelhamid Sabiri,1038,UC Sampdoria,430,ACF Fiorentina,1038,UC Sampdoria,LOAN,loan transfer,TRANSFERMARKT_EXPANDED
2022/23,2022,IN,624436,Gerard Yepes,1038,UC Sampdoria,12001,Sampdoria Primavera,1038,UC Sampdoria,PERMANENT_OR_OTHER_EXPLICIT,-,TRANSFERMARKT_EXPANDED
2022/23,2022,IN,567445,Marco Somma,1038,UC Sampdoria,12001,Sampdoria Primavera,1038,UC Sampdoria,PERMANENT_OR_OTHER_EXPLICIT,-,TRANSFERMARKT_EXPANDED
2022/23,2022,IN,698110,Lorenzo Malagrida,1038,UC Sampdoria,12001,Sampdoria Primavera,1038,UC Sampdoria,PERMANENT_OR_OTHER_EXPLICIT,-,TRANSFERMARKT_EXPANDED
2022/23,2022,IN,678441,Daniele Montevago,1038,UC Sampdoria,12001,Sampdoria Primavera,1038,UC Sampdoria,PERMANENT_OR_OTHER_EXPLICIT,-,TRANSFERMARKT_EXPANDED
2022/23,2022,IN,622801,Flavio Paoletti,1038,UC Sampdoria,12001,Sampdoria Primavera,1038,UC Sampdoria,PERMANENT_OR_OTHER_EXPLICIT,-,TRANSFERMARKT_EXPANDED
2022/23,2022,IN,134936,Jesé,1038,UC Sampdoria,515,Without Club,1038,UC Sampdoria,FREE_AGENT_OR_END_OF_CONTRACT,-,TRANSFERMARKT_EXPANDED
2022/23,2022,IN,174488,Marios Ikonomou,1038,UC Sampdoria,515,Without Club,1038,UC Sampdoria,FREE_AGENT_OR_END_OF_CONTRACT,-,TRANSFERMARKT_EXPANDED
2022/23,2022,IN,480046,Simone Giordano,1038,UC Sampdoria,1408,Piacenza Calcio 1919,1038,UC Sampdoria,LOAN_RETURN_OR_END_OF_LOAN,End of loan 30/06/2022,TRANSFERMARKT_EXPANDED
2022/23,2022,IN,392500,Felice D'Amico,1038,UC Sampdoria,4326,AS Gubbio 1910,1038,UC Sampdoria,LOAN_RETURN_OR_END_OF_LOAN,End of loan 30/06/2022,TRANSFERMARKT_EXPANDED
2022/23,2022,IN,564793,Michael Brentan,1038,UC Sampdoria,2254,Pro Sesto 1913,1038,UC Sampdoria,LOAN_RETURN_OR_END_OF_LOAN,End of loan 30/06/2022,TRANSFERMARKT_EXPANDED
2022/23,2022,IN,419890,Nicolò Francofonte,1038,UC Sampdoria,4326,AS Gubbio 1910,1038,UC Sampdoria,LOAN_RETURN_OR_END_OF_LOAN,End of loan 30/06/2022,TRANSFERMARKT_EXPANDED
2022/23,2022,IN,391899,Matteo Stoppa,1038,UC Sampdoria,5587,SS Juve Stabia,1038,UC Sampdoria,LOAN_RETURN_OR_END_OF_LOAN,End of loan 30/06/2022,TRANSFERMARKT_EXPANDED
2022/23,2022,IN,423615,Leonardo Benedetti,1038,UC Sampdoria,4324,Imolese Calcio 1919,1038,UC Sampdoria,LOAN_RETURN_OR_END_OF_LOAN,End of loan 30/06/2022,TRANSFERMARKT_EXPANDED
2022/23,2022,IN,241527,Federico Bonazzoli,1038,UC Sampdoria,380,US Salernitana 1919,1038,UC Sampdoria,LOAN_RETURN_OR_END_OF_LOAN,End of loan 30/06/2022,TRANSFERMARKT_EXPANDED
2022/23,2022,IN,394855,Tommaso Farabegoli,1038,UC Sampdoria,1388,Ancona Calcio,1038,UC Sampdoria,LOAN_RETURN_OR_END_OF_LOAN,End of loan 30/06/2022,TRANSFERMARKT_EXPANDED
2022/23,2022,IN,567444,Emanuel Ercolano,1038,UC Sampdoria,22045,Latina Calcio 1932,1038,UC Sampdoria,LOAN_RETURN_OR_END_OF_LOAN,End of loan 30/06/2022,TRANSFERMARKT_EXPANDED
2022/23,2022,IN,557556,Lorenzo Sabattini,1038,UC Sampdoria,1388,Ancona Calcio,1038,UC Sampdoria,LOAN_RETURN_OR_END_OF_LOAN,End of loan 30/06/2022,TRANSFERMARKT_EXPANDED
2022/23,2022,IN,287876,Antonino La Gumina,1038,UC Sampdoria,1047,Como 1907,1038,UC Sampdoria,LOAN_RETURN_OR_END_OF_LOAN,End of loan 30/06/2022,TRANSFERMARKT_EXPANDED
2022/23,2022,IN,348601,Mehdi Léris,1038,UC Sampdoria,19,Brescia Calcio (- 2025),1038,UC Sampdoria,LOAN_RETURN_OR_END_OF_LOAN,End of loan 30/06/2022,TRANSFERMARKT_EXPANDED
2022/23,2022,IN,704671,Lorenzo Campaner,1038,UC Sampdoria,4255,SS Arezzo,1038,UC Sampdoria,LOAN_RETURN_OR_END_OF_LOAN,End of loan 30/06/2022,TRANSFERMARKT_EXPANDED
2022/23,2022,IN,375816,Manuel De Luca,1038,UC Sampdoria,839,AC Perugia Calcio,1038,UC Sampdoria,LOAN_RETURN_OR_END_OF_LOAN,End of loan 30/06/2022,TRANSFERMARKT_EXPANDED
2022/23,2022,IN,633377,Kaique Rocha,1038,UC Sampdoria,6600,Sport Club Internacional,1038,UC Sampdoria,LOAN_RETURN_OR_END_OF_LOAN,End of loan 31/12/2022,TRANSFERMARKT_EXPANDED
2022/23,2022,IN,146752,Gianluca Caprari,1038,UC Sampdoria,276,Hellas Verona,1038,UC Sampdoria,LOAN_RETURN_OR_END_OF_LOAN,End of loan 30/06/2022,TRANSFERMARKT_EXPANDED
2022/23,2022,IN,131102,Jeison Murillo,1038,UC Sampdoria,940,Celta de Vigo,1038,UC Sampdoria,LOAN_RETURN_OR_END_OF_LOAN,End of loan 30/06/2022,TRANSFERMARKT_EXPANDED
2022/23,2022,IN,410305,Erik Gerbi,1038,UC Sampdoria,39835,SSU Politehnica Timisoara,1038,UC Sampdoria,LOAN_RETURN_OR_END_OF_LOAN,End of loan 30/06/2022,TRANSFERMARKT_EXPANDED
2022/23,2022,IN,324282,Fabio Depaoli,1038,UC Sampdoria,276,Hellas Verona,1038,UC Sampdoria,LOAN_RETURN_OR_END_OF_LOAN,End of loan 30/06/2022,TRANSFERMARKT_EXPANDED
2022/23,2022,IN,162961,Valerio Verre,1038,UC Sampdoria,749,FC Empoli,1038,UC Sampdoria,LOAN_RETURN_OR_END_OF_LOAN,End of loan 30/06/2022,TRANSFERMARKT_EXPANDED
2022/23,2022,IN,469690,Nik Prelec,1038,UC Sampdoria,4772,NK Olimpija Ljubljana,1038,UC Sampdoria,LOAN_RETURN_OR_END_OF_LOAN,End of loan 30/06/2022,TRANSFERMARKT_EXPANDED
2022/23,2022,IN,552751,Luigi Aquino,1038,UC Sampdoria,4096,FC Turris 1944,1038,UC Sampdoria,LOAN_RETURN_OR_END_OF_LOAN,End of loan 10/01/2023,TRANSFERMARKT_EXPANDED
2022/23,2022,IN,650255,Lorenzo Di Stefano,1038,UC Sampdoria,1386,Reggina 1914,1038,UC Sampdoria,LOAN_RETURN_OR_END_OF_LOAN,End of loan 31/08/2022,TRANSFERMARKT_EXPANDED
2022/23,2022,IN,159883,Ernesto Torregrossa,1038,UC Sampdoria,4172,Pisa Sporting Club,1038,UC Sampdoria,LOAN_RETURN_OR_END_OF_LOAN,End of loan 30/01/2023,TRANSFERMARKT_EXPANDED
2022/23,2022,IN,663320,Marco Bontempi,1038,UC Sampdoria,46619,Arzignano Valchiampo,1038,UC Sampdoria,LOAN_RETURN_OR_END_OF_LOAN,End of loan 30/01/2023,TRANSFERMARKT_EXPANDED
2022/23,2022,OUT,540941,Mikkel Damsgaard,1038,UC Sampdoria,1038,UC Sampdoria,1148,Brentford FC,PERMANENT_OR_OTHER_EXPLICIT,€15.00m,TRANSFERMARKT_EXPANDED
2022/23,2022,OUT,146752,Gianluca Caprari,1038,UC Sampdoria,1038,UC Sampdoria,276,Hellas Verona,PERMANENT_OR_OTHER_EXPLICIT,€5.00m,TRANSFERMARKT_EXPANDED
2022/23,2022,OUT,241527,Federico Bonazzoli,1038,UC Sampdoria,1038,UC Sampdoria,380,US Salernitana 1919,PERMANENT_OR_OTHER_EXPLICIT,€5.00m,TRANSFERMARKT_EXPANDED
2022/23,2022,OUT,226524,Morten Thorsby,1038,UC Sampdoria,1038,UC Sampdoria,89,1.FC Union Berlin,PERMANENT_OR_OTHER_EXPLICIT,€3.00m,TRANSFERMARKT_EXPANDED
2022/23,2022,OUT,340394,Abdelhamid Sabiri,1038,UC Sampdoria,1038,UC Sampdoria,430,ACF Fiorentina,PERMANENT_OR_OTHER_EXPLICIT,€2.50m,TRANSFERMARKT_EXPANDED
2022/23,2022,OUT,174733,Omar Colley,1038,UC Sampdoria,1038,UC Sampdoria,114,Besiktas JK,PERMANENT_OR_OTHER_EXPLICIT,€2.30m,TRANSFERMARKT_EXPANDED
2022/23,2022,OUT,159883,Ernesto Torregrossa,1038,UC Sampdoria,1038,UC Sampdoria,4172,Pisa Sporting Club,PERMANENT_OR_OTHER_EXPLICIT,€1.80m,TRANSFERMARKT_EXPANDED
2022/23,2022,OUT,25488,Antonio Candreva,1038,UC Sampdoria,1038,UC Sampdoria,380,US Salernitana 1919,LOAN,Loan fee: €1.00m,TRANSFERMARKT_EXPANDED
2022/23,2022,OUT,81789,Maya Yoshida,1038,UC Sampdoria,1038,UC Sampdoria,33,FC Schalke 04,FREE_TRANSFER,free transfer,TRANSFERMARKT_EXPANDED
2022/23,2022,OUT,469690,Nik Prelec,1038,UC Sampdoria,1038,UC Sampdoria,2446,WSG Tirol,FREE_TRANSFER,free transfer,TRANSFERMARKT_EXPANDED
2022/23,2022,OUT,49275,Albin Ekdal,1038,UC Sampdoria,1038,UC Sampdoria,3522,Spezia Calcio,FREE_TRANSFER,free transfer,TRANSFERMARKT_EXPANDED
2022/23,2022,OUT,419890,Nicolò Francofonte,1038,UC Sampdoria,1038,UC Sampdoria,4326,AS Gubbio 1910,FREE_TRANSFER,free transfer,TRANSFERMARKT_EXPANDED
2022/23,2022,OUT,557556,Lorenzo Sabattini,1038,UC Sampdoria,1038,UC Sampdoria,23051,Flaminia Civita Castellana,FREE_TRANSFER,free transfer,TRANSFERMARKT_EXPANDED
2022/23,2022,OUT,633377,Kaique Rocha,1038,UC Sampdoria,1038,UC Sampdoria,679,Club Athletico Paranaense,FREE_TRANSFER,free transfer,TRANSFERMARKT_EXPANDED
2022/23,2022,OUT,469018,Antonio Metlika,1038,UC Sampdoria,1038,UC Sampdoria,74951,Sangiuliano City,LOAN,loan transfer,TRANSFERMARKT_EXPANDED
2022/23,2022,OUT,567445,Marco Somma,1038,UC Sampdoria,1038,UC Sampdoria,14888,US Città di Pontedera,LOAN,loan transfer,TRANSFERMARKT_EXPANDED
2022/23,2022,OUT,410305,Erik Gerbi,1038,UC Sampdoria,1038,UC Sampdoria,2254,Pro Sesto 1913,LOAN,loan transfer,TRANSFERMARKT_EXPANDED
2022/23,2022,OUT,650255,Lorenzo Di Stefano,1038,UC Sampdoria,1038,UC Sampdoria,4326,AS Gubbio 1910,LOAN,loan transfer,TRANSFERMARKT_EXPANDED
2022/23,2022,OUT,536948,Ertijon Gega,1038,UC Sampdoria,1038,UC Sampdoria,7030,Vis Pesaro 1898,LOAN,loan transfer,TRANSFERMARKT_EXPANDED
2022/23,2022,OUT,663320,Marco Bontempi,1038,UC Sampdoria,1038,UC Sampdoria,4163,US Fiorenzuola 1922,LOAN,loan transfer,TRANSFERMARKT_EXPANDED
2022/23,2022,OUT,394855,Tommaso Farabegoli,1038,UC Sampdoria,1038,UC Sampdoria,74951,Sangiuliano City,PERMANENT_OR_OTHER_EXPLICIT,?,TRANSFERMARKT_EXPANDED
2022/23,2022,OUT,564793,Michael Brentan,1038,UC Sampdoria,1038,UC Sampdoria,4541,UC AlbinoLeffe,PERMANENT_OR_OTHER_EXPLICIT,?,TRANSFERMARKT_EXPANDED
2022/23,2022,OUT,480046,Simone Giordano,1038,UC Sampdoria,1038,UC Sampdoria,408,Ascoli Calcio,LOAN,loan transfer,TRANSFERMARKT_EXPANDED
2022/23,2022,OUT,567444,Emanuel Ercolano,1038,UC Sampdoria,1038,UC Sampdoria,4096,FC Turris 1944,LOAN,loan transfer,TRANSFERMARKT_EXPANDED
2022/23,2022,OUT,392500,Felice D'Amico,1038,UC Sampdoria,1038,UC Sampdoria,2254,Pro Sesto 1913,LOAN,loan transfer,TRANSFERMARKT_EXPANDED
2022/23,2022,OUT,423615,Leonardo Benedetti,1038,UC Sampdoria,1038,UC Sampdoria,332,SSC Bari,LOAN,loan transfer,TRANSFERMARKT_EXPANDED
2022/23,2022,OUT,552751,Luigi Aquino,1038,UC Sampdoria,1038,UC Sampdoria,4096,FC Turris 1944,LOAN,loan transfer,TRANSFERMARKT_EXPANDED
2022/23,2022,OUT,574495,Kristoffer Askildsen,1038,UC Sampdoria,1038,UC Sampdoria,1005,US Lecce,LOAN,loan transfer,TRANSFERMARKT_EXPANDED
2022/23,2022,OUT,238537,Wladimiro Falcone,1038,UC Sampdoria,1038,UC Sampdoria,1005,US Lecce,LOAN,loan transfer,TRANSFERMARKT_EXPANDED
2022/23,2022,OUT,704671,Lorenzo Campaner,1038,UC Sampdoria,1038,UC Sampdoria,2250,AC Prato,LOAN,loan transfer,TRANSFERMARKT_EXPANDED
2022/23,2022,OUT,287876,Antonino La Gumina,1038,UC Sampdoria,1038,UC Sampdoria,4171,Benevento Calcio,LOAN,loan transfer,TRANSFERMARKT_EXPANDED
2022/23,2022,OUT,391899,Matteo Stoppa,1038,UC Sampdoria,1038,UC Sampdoria,458,Palermo FC,LOAN,loan transfer,TRANSFERMARKT_EXPANDED
2022/23,2022,OUT,324282,Fabio Depaoli,1038,UC Sampdoria,1038,UC Sampdoria,276,Hellas Verona,LOAN,loan transfer,TRANSFERMARKT_EXPANDED
2022/23,2022,OUT,451310,Maxime Leverbe,1038,UC Sampdoria,1038,UC Sampdoria,4171,Benevento Calcio,LOAN,loan transfer,TRANSFERMARKT_EXPANDED
2022/23,2022,OUT,84765,Francesco Caputo,1038,UC Sampdoria,1038,UC Sampdoria,749,FC Empoli,LOAN,loan transfer,TRANSFERMARKT_EXPANDED
2022/23,2022,OUT,197491,Alex Ferrari,1038,UC Sampdoria,1038,UC Sampdoria,2239,US Cremonese,LOAN,loan transfer,TRANSFERMARKT_EXPANDED
2022/23,2022,OUT,162961,Valerio Verre,1038,UC Sampdoria,1038,UC Sampdoria,458,Palermo FC,LOAN,loan transfer,TRANSFERMARKT_EXPANDED
2022/23,2022,OUT,434676,Ronaldo Vieira,1038,UC Sampdoria,1038,UC Sampdoria,416,Torino FC,LOAN,loan transfer,TRANSFERMARKT_EXPANDED
2022/23,2022,OUT,487839,Simone Trimboli,1038,UC Sampdoria,1038,UC Sampdoria,24029,Ferencvárosi TC II,LOAN,loan transfer,TRANSFERMARKT_EXPANDED
2022/23,2022,OUT,310458,Giangiacomo Magnani,1038,UC Sampdoria,1038,UC Sampdoria,276,Hellas Verona,LOAN_RETURN_OR_END_OF_LOAN,End of loan 30/06/2022,TRANSFERMARKT_EXPANDED
2022/23,2022,OUT,52312,Sebastian Giovinco,1038,UC Sampdoria,1038,UC Sampdoria,515,Without Club,FREE_AGENT_OR_END_OF_CONTRACT,-,TRANSFERMARKT_EXPANDED
2022/23,2022,OUT,899543,Marco Delle Monache,1038,UC Sampdoria,1038,UC Sampdoria,2921,Delfino Pescara 1936,LOAN,loan transfer,TRANSFERMARKT_EXPANDED
2022/23,2022,OUT,144143,Bartosz Bereszyński,1038,UC Sampdoria,1038,UC Sampdoria,6195,SSC Napoli,LOAN,loan transfer,TRANSFERMARKT_EXPANDED
2022/23,2022,OUT,84765,Francesco Caputo,1038,UC Sampdoria,1038,UC Sampdoria,6574,US Sassuolo,LOAN_RETURN_OR_END_OF_LOAN,End of loan 30/06/2022,TRANSFERMARKT_EXPANDED
2022/23,2022,OUT,75942,Tomás Rincón,1038,UC Sampdoria,1038,UC Sampdoria,416,Torino FC,LOAN_RETURN_OR_END_OF_LOAN,End of loan 30/06/2022,TRANSFERMARKT_EXPANDED
2022/23,2022,OUT,216179,Stefano Sensi,1038,UC Sampdoria,1038,UC Sampdoria,46,Inter Milan,LOAN_RETURN_OR_END_OF_LOAN,End of loan 30/06/2022,TRANSFERMARKT_EXPANDED
2022/23,2022,OUT,340394,Abdelhamid Sabiri,1038,UC Sampdoria,1038,UC Sampdoria,408,Ascoli Calcio,LOAN_RETURN_OR_END_OF_LOAN,End of loan 30/06/2022,TRANSFERMARKT_EXPANDED
2022/23,2022,OUT,419061,Vladyslav Supryaga,1038,UC Sampdoria,1038,UC Sampdoria,338,Dynamo Kyiv,LOAN_RETURN_OR_END_OF_LOAN,End of loan 30/06/2022,TRANSFERMARKT_EXPANDED
2022/23,2022,OUT,398163,Gonzalo Villar,1038,UC Sampdoria,1038,UC Sampdoria,12,AS Roma,LOAN_RETURN_OR_END_OF_LOAN,End of loan 12/01/2023,TRANSFERMARKT_EXPANDED
2022/23,2022,OUT,250683,Nikita Contini,1038,UC Sampdoria,1038,UC Sampdoria,6195,SSC Napoli,LOAN_RETURN_OR_END_OF_LOAN,End of loan 12/01/2023,TRANSFERMARKT_EXPANDED
2022/23,2022,IN,268178,Arkadiusz Reca,3522,Spezia Calcio,800,Atalanta BC,3522,Spezia Calcio,PERMANENT_OR_OTHER_EXPLICIT,€3.90m,TRANSFERMARKT_EXPANDED
2022/23,2022,IN,386967,Przemysław Wiśniewski,3522,Spezia Calcio,607,Venezia FC,3522,Spezia Calcio,PERMANENT_OR_OTHER_EXPLICIT,€3.81m,TRANSFERMARKT_EXPANDED
2022/23,2022,IN,587458,Kevin Agudelo,3522,Spezia Calcio,252,Genoa CFC,3522,Spezia Calcio,PERMANENT_OR_OTHER_EXPLICIT,€2.50m,TRANSFERMARKT_EXPANDED
2022/23,2022,IN,208166,Bartłomiej Drągowski,3522,Spezia Calcio,430,ACF Fiorentina,3522,Spezia Calcio,PERMANENT_OR_OTHER_EXPLICIT,€2.45m,TRANSFERMARKT_EXPANDED
2022/23,2022,IN,131731,Mehdi Bourabia,3522,Spezia Calcio,6574,US Sassuolo,3522,Spezia Calcio,PERMANENT_OR_OTHER_EXPLICIT,€1.65m,TRANSFERMARKT_EXPANDED
2022/23,2022,IN,594505,Raimonds Krollis,3522,Spezia Calcio,5084,Valmiera FC,3522,Spezia Calcio,PERMANENT_OR_OTHER_EXPLICIT,€1.52m,TRANSFERMARKT_EXPANDED
2022/23,2022,IN,358166,Eldor Shomurodov,3522,Spezia Calcio,12,AS Roma,3522,Spezia Calcio,LOAN,Loan fee: €1.33m,TRANSFERMARKT_EXPANDED
2022/23,2022,IN,795431,Tio Cipot,3522,Spezia Calcio,4059,NS Mura,3522,Spezia Calcio,PERMANENT_OR_OTHER_EXPLICIT,€1.06m,TRANSFERMARKT_EXPANDED
2022/23,2022,IN,203842,Viktor Kovalenko,3522,Spezia Calcio,800,Atalanta BC,3522,Spezia Calcio,LOAN,Loan fee: €100k,TRANSFERMARKT_EXPANDED
2022/23,2022,IN,461906,João Moutinho,3522,Spezia Calcio,45604,Orlando City SC,3522,Spezia Calcio,FREE_TRANSFER,free transfer,TRANSFERMARKT_EXPANDED
2022/23,2022,IN,49275,Albin Ekdal,3522,Spezia Calcio,1038,UC Sampdoria,3522,Spezia Calcio,FREE_TRANSFER,free transfer,TRANSFERMARKT_EXPANDED
2022/23,2022,IN,500164,Laurens Serpe,3522,Spezia Calcio,252,Genoa CFC,3522,Spezia Calcio,PERMANENT_OR_OTHER_EXPLICIT,?,TRANSFERMARKT_EXPANDED
2022/23,2022,IN,539134,Daniel Maldini,3522,Spezia Calcio,5,AC Milan,3522,Spezia Calcio,LOAN,loan transfer,TRANSFERMARKT_EXPANDED
2022/23,2022,IN,197470,Mattia Caldara,3522,Spezia Calcio,5,AC Milan,3522,Spezia Calcio,LOAN,loan transfer,TRANSFERMARKT_EXPANDED
2022/23,2022,IN,387234,Szymon Żurkowski,3522,Spezia Calcio,430,ACF Fiorentina,3522,Spezia Calcio,LOAN,loan transfer,TRANSFERMARKT_EXPANDED
2022/23,2022,IN,392771,Ethan Ampadu,3522,Spezia Calcio,631,Chelsea FC,3522,Spezia Calcio,LOAN,loan transfer,TRANSFERMARKT_EXPANDED
2022/23,2022,IN,802512,Julius Beck,3522,Spezia Calcio,14893,Spezia Primavera,3522,Spezia Calcio,PERMANENT_OR_OTHER_EXPLICIT,-,TRANSFERMARKT_EXPANDED
2022/23,2022,IN,22318,Federico Marchetti,3522,Spezia Calcio,515,Without Club,3522,Spezia Calcio,FREE_AGENT_OR_END_OF_CONTRACT,-,TRANSFERMARKT_EXPANDED
2022/23,2022,IN,390160,Salvatore Esposito,3522,Spezia Calcio,2722,SPAL,3522,Spezia Calcio,LOAN,loan transfer,TRANSFERMARKT_EXPANDED
2022/23,2022,IN,496745,Emil Holm,3522,Spezia Calcio,5817,Sönderjyske Fodbold,3522,Spezia Calcio,LOAN_RETURN_OR_END_OF_LOAN,End of loan 30/06/2022,TRANSFERMARKT_EXPANDED
2022/23,2022,IN,455068,Emil Kornvig,3522,Spezia Calcio,5817,Sönderjyske Fodbold,3522,Spezia Calcio,LOAN_RETURN_OR_END_OF_LOAN,End of loan 30/06/2022,TRANSFERMARKT_EXPANDED
2022/23,2022,IN,221421,Kleis Bozhanaj,3522,Spezia Calcio,4159,Carrarese Calcio 1908,3522,Spezia Calcio,LOAN_RETURN_OR_END_OF_LOAN,End of loan 04/01/2023,TRANSFERMARKT_EXPANDED
2022/23,2022,IN,457420,Matteo Figoli,3522,Spezia Calcio,4159,Carrarese Calcio 1908,3522,Spezia Calcio,LOAN_RETURN_OR_END_OF_LOAN,End of loan 30/06/2022,TRANSFERMARKT_EXPANDED
2022/23,2022,IN,243225,Samuel Mráz,3522,Spezia Calcio,540,Slovan Bratislava,3522,Spezia Calcio,LOAN_RETURN_OR_END_OF_LOAN,End of loan 30/06/2022,TRANSFERMARKT_EXPANDED
2022/23,2022,IN,238947,Elio Capradossi,3522,Spezia Calcio,2722,SPAL,3522,Spezia Calcio,LOAN_RETURN_OR_END_OF_LOAN,End of loan 30/06/2022,TRANSFERMARKT_EXPANDED
2022/23,2022,IN,426244,Lorenzo Colombini,3522,Spezia Calcio,44223,AS Giana Erminio,3522,Spezia Calcio,LOAN_RETURN_OR_END_OF_LOAN,End of loan 30/06/2022,TRANSFERMARKT_EXPANDED
2022/23,2022,IN,399907,Ognjen Stijepovic,3522,Spezia Calcio,4324,Imolese Calcio 1919,3522,Spezia Calcio,LOAN_RETURN_OR_END_OF_LOAN,End of loan 16/01/2023,TRANSFERMARKT_EXPANDED
2022/23,2022,IN,221421,Kleis Bozhanaj,3522,Spezia Calcio,3268,Casa Pia AC,3522,Spezia Calcio,LOAN_RETURN_OR_END_OF_LOAN,End of loan 30/06/2022,TRANSFERMARKT_EXPANDED
2022/23,2022,IN,399907,Ognjen Stijepovic,3522,Spezia Calcio,1307,US Pistoiese 1921,3522,Spezia Calcio,LOAN_RETURN_OR_END_OF_LOAN,End of loan 30/06/2022,TRANSFERMARKT_EXPANDED
2022/23,2022,IN,566615,Mikael Egill Ellertsson,3522,Spezia Calcio,2722,SPAL,3522,Spezia Calcio,LOAN_RETURN_OR_END_OF_LOAN,End of loan 30/06/2022,TRANSFERMARKT_EXPANDED
2022/23,2022,IN,243225,Samuel Mráz,3522,Spezia Calcio,13222,CD Mirandés,3522,Spezia Calcio,LOAN_RETURN_OR_END_OF_LOAN,End of loan 23/01/2023,TRANSFERMARKT_EXPANDED
2022/23,2022,IN,539154,Leandro Sanca,3522,Spezia Calcio,3268,Casa Pia AC,3522,Spezia Calcio,LOAN_RETURN_OR_END_OF_LOAN,End of loan 30/06/2022,TRANSFERMARKT_EXPANDED
2022/23,2022,IN,287367,Luca Vignali,3522,Spezia Calcio,1047,Como 1907,3522,Spezia Calcio,LOAN_RETURN_OR_END_OF_LOAN,End of loan 30/06/2022,TRANSFERMARKT_EXPANDED
2022/23,2022,OUT,425918,Jakub Kiwior,3522,Spezia Calcio,3522,Spezia Calcio,11,Arsenal FC,PERMANENT_OR_OTHER_EXPLICIT,€19.50m,TRANSFERMARKT_EXPANDED
2022/23,2022,OUT,538974,Janis Antiste,3522,Spezia Calcio,3522,Spezia Calcio,6574,US Sassuolo,PERMANENT_OR_OTHER_EXPLICIT,€5.68m,TRANSFERMARKT_EXPANDED
2022/23,2022,OUT,353796,Giulio Maggiore,3522,Spezia Calcio,3522,Spezia Calcio,380,US Salernitana 1919,PERMANENT_OR_OTHER_EXPLICIT,€3.50m,TRANSFERMARKT_EXPANDED
2022/23,2022,OUT,197929,Ivan Provedel,3522,Spezia Calcio,3522,Spezia Calcio,398,SS Lazio,PERMANENT_OR_OTHER_EXPLICIT,€2.55m,TRANSFERMARKT_EXPANDED
2022/23,2022,OUT,566615,Mikael Egill Ellertsson,3522,Spezia Calcio,3522,Spezia Calcio,607,Venezia FC,PERMANENT_OR_OTHER_EXPLICIT,€1.50m,TRANSFERMARKT_EXPANDED
2022/23,2022,OUT,238947,Elio Capradossi,3522,Spezia Calcio,3522,Spezia Calcio,1390,Cagliari Calcio,PERMANENT_OR_OTHER_EXPLICIT,€200k,TRANSFERMARKT_EXPANDED
2022/23,2022,OUT,221421,Kleis Bozhanaj,3522,Spezia Calcio,3522,Spezia Calcio,4159,Carrarese Calcio 1908,PERMANENT_OR_OTHER_EXPLICIT,€40k,TRANSFERMARKT_EXPANDED
2022/23,2022,OUT,399907,Ognjen Stijepovic,3522,Spezia Calcio,3522,Spezia Calcio,4059,NS Mura,FREE_TRANSFER,free transfer,TRANSFERMARKT_EXPANDED
2022/23,2022,OUT,457420,Matteo Figoli,3522,Spezia Calcio,3522,Spezia Calcio,4553,US Pergolettese 1932,FREE_TRANSFER,free transfer,TRANSFERMARKT_EXPANDED
2022/23,2022,OUT,287367,Luca Vignali,3522,Spezia Calcio,3522,Spezia Calcio,1047,Como 1907,FREE_TRANSFER,free transfer,TRANSFERMARKT_EXPANDED
2022/23,2022,OUT,435213,Léo Sena,3522,Spezia Calcio,3522,Spezia Calcio,3197,Goiás EC,FREE_TRANSFER,free transfer,TRANSFERMARKT_EXPANDED
2022/23,2022,OUT,632831,Nicolò Bertola,3522,Spezia Calcio,3522,Spezia Calcio,4339,Aquila Montevarchi 1902,LOAN,loan transfer,TRANSFERMARKT_EXPANDED
2022/23,2022,OUT,482836,David Strelec,3522,Spezia Calcio,3522,Spezia Calcio,1386,Reggina 1914,LOAN,loan transfer,TRANSFERMARKT_EXPANDED
2022/23,2022,OUT,500164,Laurens Serpe,3522,Spezia Calcio,3522,Spezia Calcio,4324,Imolese Calcio 1919,LOAN,loan transfer,TRANSFERMARKT_EXPANDED
2022/23,2022,OUT,579294,Aimar Sher,3522,Spezia Calcio,3522,Spezia Calcio,202,FC Groningen,LOAN,loan transfer,TRANSFERMARKT_EXPANDED
2022/23,2022,OUT,344595,Aurélien Nguiamba,3522,Spezia Calcio,3522,Spezia Calcio,2300,Jagiellonia Bialystok,LOAN,loan transfer,TRANSFERMARKT_EXPANDED
2022/23,2022,OUT,539154,Leandro Sanca,3522,Spezia Calcio,3522,Spezia Calcio,3329,FC Famalicão,LOAN,loan transfer,TRANSFERMARKT_EXPANDED
2022/23,2022,OUT,399907,Ognjen Stijepovic,3522,Spezia Calcio,3522,Spezia Calcio,4324,Imolese Calcio 1919,LOAN,loan transfer,TRANSFERMARKT_EXPANDED
2022/23,2022,OUT,243225,Samuel Mráz,3522,Spezia Calcio,3522,Spezia Calcio,13222,CD Mirandés,LOAN,loan transfer,TRANSFERMARKT_EXPANDED
2022/23,2022,OUT,455068,Emil Kornvig,3522,Spezia Calcio,3522,Spezia Calcio,4031,Cosenza Calcio,LOAN,loan transfer,TRANSFERMARKT_EXPANDED
2022/23,2022,OUT,540827,Suf Podgoreanu,3522,Spezia Calcio,3522,Spezia Calcio,1064,Maccabi Haifa,LOAN,loan transfer,TRANSFERMARKT_EXPANDED
2022/23,2022,OUT,221421,Kleis Bozhanaj,3522,Spezia Calcio,3522,Spezia Calcio,4159,Carrarese Calcio 1908,LOAN,loan transfer,TRANSFERMARKT_EXPANDED
2022/23,2022,OUT,372809,Petko Hristov,3522,Spezia Calcio,3522,Spezia Calcio,607,Venezia FC,LOAN,loan transfer,TRANSFERMARKT_EXPANDED
2022/23,2022,OUT,243225,Samuel Mráz,3522,Spezia Calcio,3522,Spezia Calcio,3899,Anorthosis Famagusta,LOAN,loan transfer,TRANSFERMARKT_EXPANDED
2022/23,2022,OUT,426244,Lorenzo Colombini,3522,Spezia Calcio,3522,Spezia Calcio,24898,AC Renate,LOAN,loan transfer,TRANSFERMARKT_EXPANDED
2022/23,2022,OUT,459661,Eddie Salcedo,3522,Spezia Calcio,3522,Spezia Calcio,252,Genoa CFC,LOAN_RETURN_OR_END_OF_LOAN,End of loan 29/06/2022,TRANSFERMARKT_EXPANDED
2022/23,2022,OUT,567217,Ebrima Colley,3522,Spezia Calcio,3522,Spezia Calcio,800,Atalanta BC,LOAN_RETURN_OR_END_OF_LOAN,End of loan 30/06/2022,TRANSFERMARKT_EXPANDED
2022/23,2022,OUT,203842,Viktor Kovalenko,3522,Spezia Calcio,3522,Spezia Calcio,800,Atalanta BC,LOAN_RETURN_OR_END_OF_LOAN,End of loan 30/06/2022,TRANSFERMARKT_EXPANDED
2022/23,2022,OUT,357003,Martin Erlić,3522,Spezia Calcio,3522,Spezia Calcio,6574,US Sassuolo,LOAN_RETURN_OR_END_OF_LOAN,End of loan 30/06/2022,TRANSFERMARKT_EXPANDED
2022/23,2022,OUT,268178,Arkadiusz Reca,3522,Spezia Calcio,3522,Spezia Calcio,800,Atalanta BC,LOAN_RETURN_OR_END_OF_LOAN,End of loan 30/06/2022,TRANSFERMARKT_EXPANDED
2022/23,2022,OUT,131731,Mehdi Bourabia,3522,Spezia Calcio,3522,Spezia Calcio,6574,US Sassuolo,LOAN_RETURN_OR_END_OF_LOAN,End of loan 30/06/2022,TRANSFERMARKT_EXPANDED
2022/23,2022,OUT,587458,Kevin Agudelo,3522,Spezia Calcio,3522,Spezia Calcio,252,Genoa CFC,LOAN_RETURN_OR_END_OF_LOAN,End of loan 30/06/2022,TRANSFERMARKT_EXPANDED
2022/23,2022,OUT,308278,Rey Manaj,3522,Spezia Calcio,3522,Spezia Calcio,131,FC Barcelona,LOAN_RETURN_OR_END_OF_LOAN,End of loan 30/06/2022,TRANSFERMARKT_EXPANDED
2022/23,2022,IN,459655,Matteo Lovato,380,US Salernitana 1919,800,Atalanta BC,380,US Salernitana 1919,PERMANENT_OR_OTHER_EXPLICIT,€7.00m,TRANSFERMARKT_EXPANDED
2022/23,2022,IN,322655,Flavius Daniliuc,380,US Salernitana 1919,417,OGC Nice,380,US Salernitana 1919,PERMANENT_OR_OTHER_EXPLICIT,€5.80m,TRANSFERMARKT_EXPANDED
2022/23,2022,IN,241527,Federico Bonazzoli,380,US Salernitana 1919,1038,UC Sampdoria,380,US Salernitana 1919,PERMANENT_OR_OTHER_EXPLICIT,€5.00m,TRANSFERMARKT_EXPANDED
2022/23,2022,IN,357796,Domagoj Bradarić,380,US Salernitana 1919,1082,LOSC Lille,380,US Salernitana 1919,PERMANENT_OR_OTHER_EXPLICIT,€5.00m,TRANSFERMARKT_EXPANDED
2022/23,2022,IN,406806,Emil Bohinen,380,US Salernitana 1919,2410,CSKA Moscow,380,US Salernitana 1919,PERMANENT_OR_OTHER_EXPLICIT,€3.85m,TRANSFERMARKT_EXPANDED
2022/23,2022,IN,353796,Giulio Maggiore,380,US Salernitana 1919,3522,Spezia Calcio,380,US Salernitana 1919,PERMANENT_OR_OTHER_EXPLICIT,€3.50m,TRANSFERMARKT_EXPANDED
2022/23,2022,IN,642689,Mikael,380,US Salernitana 1919,8718,Sport Club do Recife,380,US Salernitana 1919,PERMANENT_OR_OTHER_EXPLICIT,€3.28m,TRANSFERMARKT_EXPANDED
2022/23,2022,IN,472161,Mamadou Coulibaly,380,US Salernitana 1919,410,Udinese Calcio,380,US Salernitana 1919,PERMANENT_OR_OTHER_EXPLICIT,€3.00m,TRANSFERMARKT_EXPANDED
2022/23,2022,IN,491648,Diego Valencia,380,US Salernitana 1919,3277,CD Universidad Católica,380,US Salernitana 1919,PERMANENT_OR_OTHER_EXPLICIT,€2.50m,TRANSFERMARKT_EXPANDED
2022/23,2022,IN,450417,Dylan Bronn,380,US Salernitana 1919,347,FC Metz,380,US Salernitana 1919,PERMANENT_OR_OTHER_EXPLICIT,€1.56m,TRANSFERMARKT_EXPANDED
2022/23,2022,IN,287600,Paweł Jaroszyński,380,US Salernitana 1919,252,Genoa CFC,380,US Salernitana 1919,PERMANENT_OR_OTHER_EXPLICIT,€1.45m,TRANSFERMARKT_EXPANDED
2022/23,2022,IN,250153,Pasquale Mazzocchi,380,US Salernitana 1919,607,Venezia FC,380,US Salernitana 1919,PERMANENT_OR_OTHER_EXPLICIT,€1.00m,TRANSFERMARKT_EXPANDED
2022/23,2022,IN,327757,Krzysztof Piatek,380,US Salernitana 1919,44,Hertha BSC,380,US Salernitana 1919,LOAN,Loan fee: €1.00m,TRANSFERMARKT_EXPANDED
2022/23,2022,IN,626913,Boulaye Dia,380,US Salernitana 1919,1050,Villarreal CF,380,US Salernitana 1919,LOAN,Loan fee: €1.00m,TRANSFERMARKT_EXPANDED
2022/23,2022,IN,25488,Antonio Candreva,380,US Salernitana 1919,1038,UC Sampdoria,380,US Salernitana 1919,LOAN,Loan fee: €1.00m,TRANSFERMARKT_EXPANDED
2022/23,2022,IN,487834,Lorenzo Pirola,380,US Salernitana 1919,46,Inter Milan,380,US Salernitana 1919,LOAN,Loan fee: €900k,TRANSFERMARKT_EXPANDED
2022/23,2022,IN,192875,William Troost-Ekong,380,US Salernitana 1919,1010,Watford FC,380,US Salernitana 1919,LOAN,Loan fee: €500k,TRANSFERMARKT_EXPANDED
2022/23,2022,IN,216599,Domen Crnigoj,380,US Salernitana 1919,607,Venezia FC,380,US Salernitana 1919,LOAN,Loan fee: €350k,TRANSFERMARKT_EXPANDED
2022/23,2022,IN,298635,Grigoris Kastanos,380,US Salernitana 1919,41101,Juventus Next Gen,380,US Salernitana 1919,PERMANENT_OR_OTHER_EXPLICIT,€300k,TRANSFERMARKT_EXPANDED
2022/23,2022,IN,182581,Tonny Vilhena,380,US Salernitana 1919,714,RCD Espanyol Barcelona,380,US Salernitana 1919,LOAN,Loan fee: €300k,TRANSFERMARKT_EXPANDED
2022/23,2022,IN,430280,Hans Nicolussi Caviglia,380,US Salernitana 1919,41101,Juventus Next Gen,380,US Salernitana 1919,LOAN,Loan fee: €80k,TRANSFERMARKT_EXPANDED
2022/23,2022,IN,418559,Erik Botheim,380,US Salernitana 1919,16704,FC Krasnodar,380,US Salernitana 1919,FREE_TRANSFER,free transfer,TRANSFERMARKT_EXPANDED
2022/23,2022,IN,335147,Junior Sambia,380,US Salernitana 1919,969,Montpellier HSC,380,US Salernitana 1919,FREE_TRANSFER,free transfer,TRANSFERMARKT_EXPANDED
2022/23,2022,IN,29559,Guillermo Ochoa,380,US Salernitana 1919,3631,CF América,380,US Salernitana 1919,FREE_TRANSFER,free transfer,TRANSFERMARKT_EXPANDED
2022/23,2022,IN,808224,Andres Sfait,380,US Salernitana 1919,10131,SV Grödig,380,US Salernitana 1919,FREE_TRANSFER,free transfer,TRANSFERMARKT_EXPANDED
2022/23,2022,IN,99254,Luigi Sepe,380,US Salernitana 1919,130,Parma Calcio 1913,380,US Salernitana 1919,FREE_TRANSFER,free transfer,TRANSFERMARKT_EXPANDED
2022/23,2022,IN,704347,Antonio Pio Iervolino,380,US Salernitana 1919,14968,Salernitana Primavera,380,US Salernitana 1919,PERMANENT_OR_OTHER_EXPLICIT,-,TRANSFERMARKT_EXPANDED
2022/23,2022,IN,606614,Jacopo De Matteis,380,US Salernitana 1919,14968,Salernitana Primavera,380,US Salernitana 1919,PERMANENT_OR_OTHER_EXPLICIT,-,TRANSFERMARKT_EXPANDED
2022/23,2022,IN,816930,Andrei Motoc,380,US Salernitana 1919,14968,Salernitana Primavera,380,US Salernitana 1919,PERMANENT_OR_OTHER_EXPLICIT,-,TRANSFERMARKT_EXPANDED
2022/23,2022,IN,287636,Mirko Esposito,380,US Salernitana 1919,2581,Mantova 1911,380,US Salernitana 1919,LOAN_RETURN_OR_END_OF_LOAN,End of loan 30/06/2022,TRANSFERMARKT_EXPANDED
2022/23,2022,IN,360516,Reda Boultam,380,US Salernitana 1919,4031,Cosenza Calcio,380,US Salernitana 1919,LOAN_RETURN_OR_END_OF_LOAN,End of loan 30/06/2022,TRANSFERMARKT_EXPANDED
2022/23,2022,IN,397721,Gioacchino Galeotafiore,380,US Salernitana 1919,4167,1913 Seregno Calcio,380,US Salernitana 1919,LOAN_RETURN_OR_END_OF_LOAN,End of loan 30/06/2022,TRANSFERMARKT_EXPANDED
2022/23,2022,IN,615180,Gaetano Vitale,380,US Salernitana 1919,4167,1913 Seregno Calcio,380,US Salernitana 1919,LOAN_RETURN_OR_END_OF_LOAN,End of loan 30/06/2022,TRANSFERMARKT_EXPANDED
2022/23,2022,IN,334341,Francesco Orlando,380,US Salernitana 1919,2721,US Alessandria Calcio 1912,380,US Salernitana 1919,LOAN_RETURN_OR_END_OF_LOAN,End of loan 30/06/2022,TRANSFERMARKT_EXPANDED
2022/23,2022,IN,324378,Valerio Mantovani,380,US Salernitana 1919,2721,US Alessandria Calcio 1912,380,US Salernitana 1919,LOAN_RETURN_OR_END_OF_LOAN,End of loan 30/06/2022,TRANSFERMARKT_EXPANDED
2022/23,2022,IN,199896,Giuseppe Fella,380,US Salernitana 1919,458,Palermo FC,380,US Salernitana 1919,LOAN_RETURN_OR_END_OF_LOAN,End of loan 30/06/2022,TRANSFERMARKT_EXPANDED
2022/23,2022,IN,700053,Edoardo Iannoni,380,US Salernitana 1919,1388,Ancona Calcio,380,US Salernitana 1919,LOAN_RETURN_OR_END_OF_LOAN,End of loan 30/06/2022,TRANSFERMARKT_EXPANDED
2022/23,2022,IN,167685,Alessandro Micai,380,US Salernitana 1919,1386,Reggina 1914,380,US Salernitana 1919,LOAN_RETURN_OR_END_OF_LOAN,End of loan 30/06/2022,TRANSFERMARKT_EXPANDED
2022/23,2022,IN,642689,Mikael,380,US Salernitana 1919,6600,Sport Club Internacional,380,US Salernitana 1919,LOAN_RETURN_OR_END_OF_LOAN,End of loan 31/01/2023,TRANSFERMARKT_EXPANDED
2022/23,2022,IN,805338,Clemente Crisci,380,US Salernitana 1919,22275,AS Bisceglie 1913,380,US Salernitana 1919,LOAN_RETURN_OR_END_OF_LOAN,End of loan 30/06/2022,TRANSFERMARKT_EXPANDED
2022/23,2022,IN,606451,Sanasi Sy,380,US Salernitana 1919,4031,Cosenza Calcio,380,US Salernitana 1919,LOAN_RETURN_OR_END_OF_LOAN,End of loan 30/06/2022,TRANSFERMARKT_EXPANDED
2022/23,2022,IN,267614,Julian Kristoffersen,380,US Salernitana 1919,4031,Cosenza Calcio,380,US Salernitana 1919,LOAN_RETURN_OR_END_OF_LOAN,End of loan 30/06/2022,TRANSFERMARKT_EXPANDED
2022/23,2022,IN,724437,Kaleb Jiménez,380,US Salernitana 1919,4167,1913 Seregno Calcio,380,US Salernitana 1919,LOAN_RETURN_OR_END_OF_LOAN,End of loan 30/06/2022,TRANSFERMARKT_EXPANDED
2022/23,2022,IN,459892,Filippo D'Andrea,380,US Salernitana 1919,1415,Teramo Calcio 1913,380,US Salernitana 1919,LOAN_RETURN_OR_END_OF_LOAN,End of loan 30/06/2022,TRANSFERMARKT_EXPANDED
2022/23,2022,IN,199971,Michele Cavion,380,US Salernitana 1919,2655,LR Vicenza,380,US Salernitana 1919,LOAN_RETURN_OR_END_OF_LOAN,End of loan 30/06/2022,TRANSFERMARKT_EXPANDED
2022/23,2022,IN,194549,Simy,380,US Salernitana 1919,130,Parma Calcio 1913,380,US Salernitana 1919,LOAN_RETURN_OR_END_OF_LOAN,End of loan 30/06/2022,TRANSFERMARKT_EXPANDED
2022/23,2022,OUT,607854,Éderson,380,US Salernitana 1919,380,US Salernitana 1919,800,Atalanta BC,PERMANENT_OR_OTHER_EXPLICIT,€22.90m,TRANSFERMARKT_EXPANDED
2022/23,2022,OUT,240786,Riccardo Gagliolo,380,US Salernitana 1919,380,US Salernitana 1919,1386,Reggina 1914,PERMANENT_OR_OTHER_EXPLICIT,€1.20m,TRANSFERMARKT_EXPANDED
2022/23,2022,OUT,199896,Giuseppe Fella,380,US Salernitana 1919,380,US Salernitana 1919,458,Palermo FC,PERMANENT_OR_OTHER_EXPLICIT,€320k,TRANSFERMARKT_EXPANDED
2022/23,2022,OUT,472161,Mamadou Coulibaly,380,US Salernitana 1919,380,US Salernitana 1919,1103,Ternana Calcio,LOAN,Loan fee: €100k,TRANSFERMARKT_EXPANDED
2022/23,2022,OUT,67556,Milan Djuric,380,US Salernitana 1919,380,US Salernitana 1919,276,Hellas Verona,FREE_TRANSFER,free transfer,TRANSFERMARKT_EXPANDED
2022/23,2022,OUT,805338,Clemente Crisci,380,US Salernitana 1919,380,US Salernitana 1919,4093,Taranto SS,FREE_TRANSFER,free transfer,TRANSFERMARKT_EXPANDED
2022/23,2022,OUT,615180,Gaetano Vitale,380,US Salernitana 1919,380,US Salernitana 1919,33734,SS Monopoli 1966,FREE_TRANSFER,free transfer,TRANSFERMARKT_EXPANDED
2022/23,2022,OUT,45581,Joel Obi,380,US Salernitana 1919,380,US Salernitana 1919,1386,Reggina 1914,FREE_TRANSFER,free transfer,TRANSFERMARKT_EXPANDED
2022/23,2022,OUT,50617,Stefan Strandberg,380,US Salernitana 1919,380,US Salernitana 1919,76,Vålerenga Fotball Elite,FREE_TRANSFER,free transfer,TRANSFERMARKT_EXPANDED
2022/23,2022,OUT,459892,Filippo D'Andrea,380,US Salernitana 1919,380,US Salernitana 1919,22249,Audace Cerignola,FREE_TRANSFER,free transfer,TRANSFERMARKT_EXPANDED
2022/23,2022,OUT,606451,Sanasi Sy,380,US Salernitana 1919,380,US Salernitana 1919,1160,Nîmes Olympique,FREE_TRANSFER,free transfer,TRANSFERMARKT_EXPANDED
2022/23,2022,OUT,167685,Alessandro Micai,380,US Salernitana 1919,380,US Salernitana 1919,4031,Cosenza Calcio,FREE_TRANSFER,free transfer,TRANSFERMARKT_EXPANDED
2022/23,2022,OUT,136133,Andrea Schiavone,380,US Salernitana 1919,380,US Salernitana 1919,4554,FC Südtirol,FREE_TRANSFER,free transfer,TRANSFERMARKT_EXPANDED
2022/23,2022,OUT,421780,Edoardo Vergani,380,US Salernitana 1919,380,US Salernitana 1919,2921,Delfino Pescara 1936,FREE_TRANSFER,free transfer,TRANSFERMARKT_EXPANDED
2022/23,2022,OUT,407885,Wajdi Kechrida,380,US Salernitana 1919,380,US Salernitana 1919,3060,Atromitos Athens,FREE_TRANSFER,free transfer,TRANSFERMARKT_EXPANDED
2022/23,2022,OUT,287600,Paweł Jaroszyński,380,US Salernitana 1919,380,US Salernitana 1919,5689,Cracovia,LOAN,loan transfer,TRANSFERMARKT_EXPANDED
2022/23,2022,OUT,606614,Jacopo De Matteis,380,US Salernitana 1919,380,US Salernitana 1919,4033,Fermana FC,LOAN,loan transfer,TRANSFERMARKT_EXPANDED
2022/23,2022,OUT,267614,Julian Kristoffersen,380,US Salernitana 1919,380,US Salernitana 1919,29251,Virtus Verona,LOAN,loan transfer,TRANSFERMARKT_EXPANDED
2022/23,2022,OUT,334341,Francesco Orlando,380,US Salernitana 1919,380,US Salernitana 1919,1387,ACR Siena 1904,LOAN,loan transfer,TRANSFERMARKT_EXPANDED
2022/23,2022,OUT,816930,Andrei Motoc,380,US Salernitana 1919,380,US Salernitana 1919,1387,ACR Siena 1904,LOAN,loan transfer,TRANSFERMARKT_EXPANDED
2022/23,2022,OUT,541282,Antonio Russo,380,US Salernitana 1919,380,US Salernitana 1919,4093,Taranto SS,PERMANENT_OR_OTHER_EXPLICIT,?,TRANSFERMARKT_EXPANDED
2022/23,2022,OUT,84442,Leonardo Capezzi,380,US Salernitana 1919,380,US Salernitana 1919,839,AC Perugia Calcio,PERMANENT_OR_OTHER_EXPLICIT,?,TRANSFERMARKT_EXPANDED
2022/23,2022,OUT,84766,Francesco Di Tacchio,380,US Salernitana 1919,380,US Salernitana 1919,1103,Ternana Calcio,PERMANENT_OR_OTHER_EXPLICIT,?,TRANSFERMARKT_EXPANDED
2022/23,2022,OUT,199971,Michele Cavion,380,US Salernitana 1919,380,US Salernitana 1919,2655,LR Vicenza,PERMANENT_OR_OTHER_EXPLICIT,?,TRANSFERMARKT_EXPANDED
2022/23,2022,OUT,111433,Frédéric Veseli,380,US Salernitana 1919,380,US Salernitana 1919,4171,Benevento Calcio,PERMANENT_OR_OTHER_EXPLICIT,?,TRANSFERMARKT_EXPANDED
2022/23,2022,OUT,73090,Vid Belec,380,US Salernitana 1919,380,US Salernitana 1919,2784,APOEL Nicosia,PERMANENT_OR_OTHER_EXPLICIT,?,TRANSFERMARKT_EXPANDED
2022/23,2022,OUT,724437,Kaleb Jiménez,380,US Salernitana 1919,380,US Salernitana 1919,2655,LR Vicenza,LOAN,loan transfer,TRANSFERMARKT_EXPANDED
2022/23,2022,OUT,360516,Reda Boultam,380,US Salernitana 1919,380,US Salernitana 1919,999,NK Istra 1961,LOAN,loan transfer,TRANSFERMARKT_EXPANDED
2022/23,2022,OUT,194549,Simy,380,US Salernitana 1919,380,US Salernitana 1919,4171,Benevento Calcio,LOAN,loan transfer,TRANSFERMARKT_EXPANDED
2022/23,2022,OUT,642689,Mikael,380,US Salernitana 1919,380,US Salernitana 1919,6600,Sport Club Internacional,LOAN,loan transfer,TRANSFERMARKT_EXPANDED
2022/23,2022,OUT,642689,Mikael,380,US Salernitana 1919,380,US Salernitana 1919,2863,América Futebol Clube (MG),LOAN,loan transfer,TRANSFERMARKT_EXPANDED
2022/23,2022,OUT,22068,Franck Ribéry,380,US Salernitana 1919,380,US Salernitana 1919,,Retired,RETIREMENT,-,TRANSFERMARKT_EXPANDED
2022/23,2022,OUT,46105,Ivan Radovanovic,380,US Salernitana 1919,380,US Salernitana 1919,515,Without Club,FREE_AGENT_OR_END_OF_CONTRACT,-,TRANSFERMARKT_EXPANDED
2022/23,2022,OUT,54984,Diego Perotti,380,US Salernitana 1919,380,US Salernitana 1919,515,Without Club,FREE_AGENT_OR_END_OF_CONTRACT,-,TRANSFERMARKT_EXPANDED
2022/23,2022,OUT,287636,Mirko Esposito,380,US Salernitana 1919,380,US Salernitana 1919,515,Without Club,FREE_AGENT_OR_END_OF_CONTRACT,-,TRANSFERMARKT_EXPANDED
2022/23,2022,OUT,700053,Edoardo Iannoni,380,US Salernitana 1919,380,US Salernitana 1919,839,AC Perugia Calcio,LOAN,loan transfer,TRANSFERMARKT_EXPANDED
2022/23,2022,OUT,324378,Valerio Mantovani,380,US Salernitana 1919,380,US Salernitana 1919,1103,Ternana Calcio,LOAN,loan transfer,TRANSFERMARKT_EXPANDED
2022/23,2022,OUT,298635,Grigoris Kastanos,380,US Salernitana 1919,380,US Salernitana 1919,41101,Juventus Next Gen,LOAN_RETURN_OR_END_OF_LOAN,End of loan 30/06/2022,TRANSFERMARKT_EXPANDED
2022/23,2022,OUT,241527,Federico Bonazzoli,380,US Salernitana 1919,380,US Salernitana 1919,1038,UC Sampdoria,LOAN_RETURN_OR_END_OF_LOAN,End of loan 30/06/2022,TRANSFERMARKT_EXPANDED
2022/23,2022,OUT,616631,Matteo Ruggeri,380,US Salernitana 1919,380,US Salernitana 1919,800,Atalanta BC,LOAN_RETURN_OR_END_OF_LOAN,End of loan 30/06/2022,TRANSFERMARKT_EXPANDED
2022/23,2022,OUT,392966,Nadir Zortea,380,US Salernitana 1919,380,US Salernitana 1919,800,Atalanta BC,LOAN_RETURN_OR_END_OF_LOAN,End of loan 30/06/2022,TRANSFERMARKT_EXPANDED
2022/23,2022,OUT,287600,Paweł Jaroszyński,380,US Salernitana 1919,380,US Salernitana 1919,252,Genoa CFC,LOAN_RETURN_OR_END_OF_LOAN,End of loan 30/06/2022,TRANSFERMARKT_EXPANDED
2022/23,2022,OUT,472161,Mamadou Coulibaly,380,US Salernitana 1919,380,US Salernitana 1919,410,Udinese Calcio,LOAN_RETURN_OR_END_OF_LOAN,End of loan 30/06/2022,TRANSFERMARKT_EXPANDED
2022/23,2022,OUT,393904,Filippo Delli Carri,380,US Salernitana 1919,380,US Salernitana 1919,41101,Juventus Next Gen,LOAN_RETURN_OR_END_OF_LOAN,End of loan 30/06/2022,TRANSFERMARKT_EXPANDED
2022/23,2022,OUT,346561,Luca Ranieri,380,US Salernitana 1919,380,US Salernitana 1919,430,ACF Fiorentina,LOAN_RETURN_OR_END_OF_LOAN,End of loan 30/06/2022,TRANSFERMARKT_EXPANDED
2022/23,2022,OUT,99254,Luigi Sepe,380,US Salernitana 1919,380,US Salernitana 1919,130,Parma Calcio 1913,LOAN_RETURN_OR_END_OF_LOAN,End of loan 30/06/2022,TRANSFERMARKT_EXPANDED
2022/23,2022,OUT,250153,Pasquale Mazzocchi,380,US Salernitana 1919,380,US Salernitana 1919,607,Venezia FC,LOAN_RETURN_OR_END_OF_LOAN,End of loan 30/06/2022,TRANSFERMARKT_EXPANDED
2022/23,2022,OUT,130360,Simone Verdi,380,US Salernitana 1919,380,US Salernitana 1919,416,Torino FC,LOAN_RETURN_OR_END_OF_LOAN,End of loan 30/06/2022,TRANSFERMARKT_EXPANDED
2022/23,2022,OUT,406806,Emil Bohinen,380,US Salernitana 1919,380,US Salernitana 1919,2410,CSKA Moscow,LOAN_RETURN_OR_END_OF_LOAN,End of loan 30/06/2022,TRANSFERMARKT_EXPANDED
2022/23,2022,OUT,568559,Radu Drăgușin,380,US Salernitana 1919,380,US Salernitana 1919,506,Juventus FC,LOAN_RETURN_OR_END_OF_LOAN,End of loan 30/06/2022,TRANSFERMARKT_EXPANDED
2022/23,2022,OUT,291422,Lys Mousset,380,US Salernitana 1919,380,US Salernitana 1919,350,Sheffield United,LOAN_RETURN_OR_END_OF_LOAN,End of loan 30/06/2022,TRANSFERMARKT_EXPANDED
2022/23,2022,OUT,642689,Mikael,380,US Salernitana 1919,380,US Salernitana 1919,8718,Sport Club do Recife,LOAN_RETURN_OR_END_OF_LOAN,End of loan 30/06/2022,TRANSFERMARKT_EXPANDED
2022/23,2022,IN,671542,Daniel Samek,1005,US Lecce,62,SK Slavia Prague,1005,US Lecce,PERMANENT_OR_OTHER_EXPLICIT,€2.00m,TRANSFERMARKT_EXPANDED
2022/23,2022,IN,545538,Lameck Banda,1005,US Lecce,3785,Maccabi Petah Tikva,1005,US Lecce,PERMANENT_OR_OTHER_EXPLICIT,€2.00m,TRANSFERMARKT_EXPANDED
2022/23,2022,IN,38607,Federico Di Francesco,1005,US Lecce,2722,SPAL,1005,US Lecce,PERMANENT_OR_OTHER_EXPLICIT,€800k,TRANSFERMARKT_EXPANDED
2022/23,2022,IN,126540,Samuel Umtiti,1005,US Lecce,131,FC Barcelona,1005,US Lecce,LOAN,Loan fee: €500k,TRANSFERMARKT_EXPANDED
2022/23,2022,IN,324377,Youssef Maleh,1005,US Lecce,430,ACF Fiorentina,1005,US Lecce,LOAN,Loan fee: €500k,TRANSFERMARKT_EXPANDED
2022/23,2022,IN,375857,Kristijan Bistrovic,1005,US Lecce,2410,CSKA Moscow,1005,US Lecce,LOAN,Loan fee: €300k,TRANSFERMARKT_EXPANDED
2022/23,2022,IN,351955,Federico Baschirotto,1005,US Lecce,408,Ascoli Calcio,1005,US Lecce,PERMANENT_OR_OTHER_EXPLICIT,€280k,TRANSFERMARKT_EXPANDED
2022/23,2022,IN,412649,Tommaso Cassandro,1005,US Lecce,4084,AS Cittadella,1005,US Lecce,PERMANENT_OR_OTHER_EXPLICIT,€250k,TRANSFERMARKT_EXPANDED
2022/23,2022,IN,388382,Assan Ceesay,1005,US Lecce,260,FC Zürich,1005,US Lecce,FREE_TRANSFER,free transfer,TRANSFERMARKT_EXPANDED
2022/23,2022,IN,647534,Joel Voelkerling Persson,1005,US Lecce,11997,Roma U19,1005,US Lecce,FREE_TRANSFER,free transfer,TRANSFERMARKT_EXPANDED
2022/23,2022,IN,451154,Federico Brancolini,1005,US Lecce,430,ACF Fiorentina,1005,US Lecce,FREE_TRANSFER,free transfer,TRANSFERMARKT_EXPANDED
2022/23,2022,IN,712911,Jasper Samooja,1005,US Lecce,23075,FC Honka II,1005,US Lecce,PERMANENT_OR_OTHER_EXPLICIT,?,TRANSFERMARKT_EXPANDED
2022/23,2022,IN,88706,Simone Romagnoli,1005,US Lecce,130,Parma Calcio 1913,1005,US Lecce,PERMANENT_OR_OTHER_EXPLICIT,?,TRANSFERMARKT_EXPANDED
2022/23,2022,IN,282144,Marin Pongracic,1005,US Lecce,82,VfL Wolfsburg,1005,US Lecce,LOAN,loan transfer,TRANSFERMARKT_EXPANDED
2022/23,2022,IN,391498,Mert Çetin,1005,US Lecce,276,Hellas Verona,1005,US Lecce,LOAN,loan transfer,TRANSFERMARKT_EXPANDED
2022/23,2022,IN,336960,Giuseppe Pezzella,1005,US Lecce,130,Parma Calcio 1913,1005,US Lecce,LOAN,loan transfer,TRANSFERMARKT_EXPANDED
2022/23,2022,IN,399543,Rémi Oudin,1005,US Lecce,40,FC Girondins Bordeaux,1005,US Lecce,LOAN,loan transfer,TRANSFERMARKT_EXPANDED
2022/23,2022,IN,238537,Wladimiro Falcone,1005,US Lecce,1038,UC Sampdoria,1005,US Lecce,LOAN,loan transfer,TRANSFERMARKT_EXPANDED
2022/23,2022,IN,574495,Kristoffer Askildsen,1005,US Lecce,1038,UC Sampdoria,1005,US Lecce,LOAN,loan transfer,TRANSFERMARKT_EXPANDED
2022/23,2022,IN,487843,Lorenzo Colombo,1005,US Lecce,5,AC Milan,1005,US Lecce,LOAN,loan transfer,TRANSFERMARKT_EXPANDED
2022/23,2022,IN,386755,Gianluca Frabotta,1005,US Lecce,506,Juventus FC,1005,US Lecce,LOAN,loan transfer,TRANSFERMARKT_EXPANDED
2022/23,2022,IN,239099,Pietro Ceccaroni,1005,US Lecce,607,Venezia FC,1005,US Lecce,LOAN,loan transfer,TRANSFERMARKT_EXPANDED
2022/23,2022,IN,642967,Brayan Vera,1005,US Lecce,2352,CD América de Cali,1005,US Lecce,LOAN_RETURN_OR_END_OF_LOAN,End of loan 31/12/2022,TRANSFERMARKT_EXPANDED
2022/23,2022,IN,583046,Medon Berisha,1005,US Lecce,5618,Lecce Primavera,1005,US Lecce,PERMANENT_OR_OTHER_EXPLICIT,-,TRANSFERMARKT_EXPANDED
2022/23,2022,IN,667640,Alexandru Borbei,1005,US Lecce,5618,Lecce Primavera,1005,US Lecce,PERMANENT_OR_OTHER_EXPLICIT,-,TRANSFERMARKT_EXPANDED
2022/23,2022,IN,592879,Eetu Mömmö,1005,US Lecce,5618,Lecce Primavera,1005,US Lecce,PERMANENT_OR_OTHER_EXPLICIT,-,TRANSFERMARKT_EXPANDED
2022/23,2022,IN,692209,Joan González,1005,US Lecce,5618,Lecce Primavera,1005,US Lecce,PERMANENT_OR_OTHER_EXPLICIT,-,TRANSFERMARKT_EXPANDED
2022/23,2022,IN,805696,Mats Lemmens,1005,US Lecce,5618,Lecce Primavera,1005,US Lecce,PERMANENT_OR_OTHER_EXPLICIT,-,TRANSFERMARKT_EXPANDED
2022/23,2022,IN,621277,Silvio Colella,1005,US Lecce,26237,Molfetta Calcio,1005,US Lecce,LOAN_RETURN_OR_END_OF_LOAN,End of loan 30/06/2022,TRANSFERMARKT_EXPANDED
2022/23,2022,IN,550116,Ilario Monterisi,1005,US Lecce,4085,Fidelis Andria 2018,1005,US Lecce,LOAN_RETURN_OR_END_OF_LOAN,End of loan 30/06/2022,TRANSFERMARKT_EXPANDED
2022/23,2022,IN,600041,Mattia Felici,1005,US Lecce,458,Palermo FC,1005,US Lecce,LOAN_RETURN_OR_END_OF_LOAN,End of loan 21/07/2022,TRANSFERMARKT_EXPANDED
2022/23,2022,IN,621284,Gianmarco Mancarella,1005,US Lecce,22344,AC Nardò,1005,US Lecce,LOAN_RETURN_OR_END_OF_LOAN,End of loan 30/06/2022,TRANSFERMARKT_EXPANDED
2022/23,2022,IN,542572,Sergio Maselli,1005,US Lecce,704,Calcio Foggia 1920,1005,US Lecce,LOAN_RETURN_OR_END_OF_LOAN,End of loan 30/06/2022,TRANSFERMARKT_EXPANDED
2022/23,2022,OUT,33763,Massimo Coda,1005,US Lecce,1005,US Lecce,252,Genoa CFC,PERMANENT_OR_OTHER_EXPLICIT,€1.50m,TRANSFERMARKT_EXPANDED
2022/23,2022,OUT,238950,Francesco Di Mariano,1005,US Lecce,1005,US Lecce,458,Palermo FC,PERMANENT_OR_OTHER_EXPLICIT,€1.00m,TRANSFERMARKT_EXPANDED
2022/23,2022,OUT,242469,Mario Gargiulo,1005,US Lecce,1005,US Lecce,1385,Modena FC,PERMANENT_OR_OTHER_EXPLICIT,€800k,TRANSFERMARKT_EXPANDED
2022/23,2022,OUT,642967,Brayan Vera,1005,US Lecce,1005,US Lecce,2352,CD América de Cali,PERMANENT_OR_OTHER_EXPLICIT,€300k,TRANSFERMARKT_EXPANDED
2022/23,2022,OUT,621277,Silvio Colella,1005,US Lecce,1005,US Lecce,22408,Altamura S.S.,FREE_TRANSFER,free transfer,TRANSFERMARKT_EXPANDED
2022/23,2022,OUT,600041,Mattia Felici,1005,US Lecce,1005,US Lecce,4271,US Triestina,FREE_TRANSFER,free transfer,TRANSFERMARKT_EXPANDED
2022/23,2022,OUT,621284,Gianmarco Mancarella,1005,US Lecce,1005,US Lecce,22249,Audace Cerignola,FREE_TRANSFER,free transfer,TRANSFERMARKT_EXPANDED
2022/23,2022,OUT,542572,Sergio Maselli,1005,US Lecce,1005,US Lecce,5587,SS Juve Stabia,FREE_TRANSFER,free transfer,TRANSFERMARKT_EXPANDED
2022/23,2022,OUT,180805,Zan Majer,1005,US Lecce,1005,US Lecce,1386,Reggina 1914,FREE_TRANSFER,free transfer,TRANSFERMARKT_EXPANDED
2022/23,2022,OUT,164231,Romario Benzar,1005,US Lecce,1005,US Lecce,29831,FCV Farul Constanta,FREE_TRANSFER,free transfer,TRANSFERMARKT_EXPANDED
2022/23,2022,OUT,340260,Raúl Asencio,1005,US Lecce,1005,US Lecce,4084,AS Cittadella,FREE_TRANSFER,free transfer,TRANSFERMARKT_EXPANDED
2022/23,2022,OUT,79242,Gabriel,1005,US Lecce,1005,US Lecce,776,Coritiba Foot Ball Club,FREE_TRANSFER,free transfer,TRANSFERMARKT_EXPANDED
2022/23,2022,OUT,673148,Alessio Piazza,1005,US Lecce,1005,US Lecce,1104,ACR Messina,LOAN,loan transfer,TRANSFERMARKT_EXPANDED
2022/23,2022,OUT,240897,Arturo Calabresi,1005,US Lecce,1005,US Lecce,4172,Pisa Sporting Club,PERMANENT_OR_OTHER_EXPLICIT,?,TRANSFERMARKT_EXPANDED
2022/23,2022,OUT,226093,Lorenco Simic,1005,US Lecce,1005,US Lecce,408,Ascoli Calcio,PERMANENT_OR_OTHER_EXPLICIT,?,TRANSFERMARKT_EXPANDED
2022/23,2022,OUT,386755,Gianluca Frabotta,1005,US Lecce,1005,US Lecce,8970,Frosinone Calcio,LOAN,loan transfer,TRANSFERMARKT_EXPANDED
2022/23,2022,OUT,550116,Ilario Monterisi,1005,US Lecce,1005,US Lecce,8970,Frosinone Calcio,LOAN,loan transfer,TRANSFERMARKT_EXPANDED
2022/23,2022,OUT,160561,Fabio Lucioni,1005,US Lecce,1005,US Lecce,8970,Frosinone Calcio,LOAN,loan transfer,TRANSFERMARKT_EXPANDED
2022/23,2022,OUT,413942,John Björkengren,1005,US Lecce,1005,US Lecce,19,Brescia Calcio (- 2025),LOAN,loan transfer,TRANSFERMARKT_EXPANDED
2022/23,2022,OUT,537765,Pablo Rodríguez,1005,US Lecce,1005,US Lecce,19,Brescia Calcio (- 2025),LOAN,loan transfer,TRANSFERMARKT_EXPANDED
2022/23,2022,OUT,291276,Marcin Listkowski,1005,US Lecce,1005,US Lecce,19,Brescia Calcio (- 2025),LOAN,loan transfer,TRANSFERMARKT_EXPANDED
2022/23,2022,OUT,592879,Eetu Mömmö,1005,US Lecce,1005,US Lecce,1185,FH Hafnarfjördur,LOAN,loan transfer,TRANSFERMARKT_EXPANDED
2022/23,2022,OUT,102470,Antonino Ragusa,1005,US Lecce,1005,US Lecce,515,Without Club,FREE_AGENT_OR_END_OF_CONTRACT,-,TRANSFERMARKT_EXPANDED
2022/23,2022,OUT,391498,Mert Çetin,1005,US Lecce,1005,US Lecce,276,Hellas Verona,LOAN_RETURN_OR_END_OF_LOAN,End of loan 17/01/2023,TRANSFERMARKT_EXPANDED
2022/23,2022,OUT,375857,Kristijan Bistrovic,1005,US Lecce,1005,US Lecce,2410,CSKA Moscow,LOAN_RETURN_OR_END_OF_LOAN,End of loan 17/01/2023,TRANSFERMARKT_EXPANDED
2022/23,2022,OUT,357991,Alessandro Plizzari,1005,US Lecce,1005,US Lecce,5,AC Milan,LOAN_RETURN_OR_END_OF_LOAN,End of loan 30/06/2022,TRANSFERMARKT_EXPANDED
2022/23,2022,OUT,167796,Paolo Faragò,1005,US Lecce,1005,US Lecce,1390,Cagliari Calcio,LOAN_RETURN_OR_END_OF_LOAN,End of loan 30/06/2022,TRANSFERMARKT_EXPANDED
2022/23,2022,OUT,241889,Antonio Barreca,1005,US Lecce,1005,US Lecce,162,AS Monaco,LOAN_RETURN_OR_END_OF_LOAN,End of loan 30/06/2022,TRANSFERMARKT_EXPANDED
2022/23,2022,IN,317806,Cyriel Dessers,2239,US Cremonese,1184,KRC Genk,2239,US Cremonese,PERMANENT_OR_OTHER_EXPLICIT,€6.50m,TRANSFERMARKT_EXPANDED
2022/23,2022,IN,872380,Felix Afena-Gyan,2239,US Cremonese,12,AS Roma,2239,US Cremonese,PERMANENT_OR_OTHER_EXPLICIT,€6.00m,TRANSFERMARKT_EXPANDED
2022/23,2022,IN,243879,Charles Pickel,2239,US Cremonese,3329,FC Famalicão,2239,US Cremonese,PERMANENT_OR_OTHER_EXPLICIT,€3.80m,TRANSFERMARKT_EXPANDED
2022/23,2022,IN,394152,Emanuel Aiwu,2239,US Cremonese,170,Rapid Vienna,2239,US Cremonese,PERMANENT_OR_OTHER_EXPLICIT,€3.50m,TRANSFERMARKT_EXPANDED
2022/23,2022,IN,407265,Luca Zanimacchia,2239,US Cremonese,41101,Juventus Next Gen,2239,US Cremonese,PERMANENT_OR_OTHER_EXPLICIT,€3.00m,TRANSFERMARKT_EXPANDED
2022/23,2022,IN,287663,Luca Valzania,2239,US Cremonese,800,Atalanta BC,2239,US Cremonese,PERMANENT_OR_OTHER_EXPLICIT,€3.00m,TRANSFERMARKT_EXPANDED
2022/23,2022,IN,413605,David Okereke,2239,US Cremonese,2282,Club Brugge KV,2239,US Cremonese,PERMANENT_OR_OTHER_EXPLICIT,€2.50m,TRANSFERMARKT_EXPANDED
2022/23,2022,IN,458777,Giacomo Quagliata,2239,US Cremonese,1304,Heracles Almelo,2239,US Cremonese,PERMANENT_OR_OTHER_EXPLICIT,€2.00m,TRANSFERMARKT_EXPANDED
2022/23,2022,IN,123261,Vlad Chiricheș,2239,US Cremonese,6574,US Sassuolo,2239,US Cremonese,PERMANENT_OR_OTHER_EXPLICIT,€2.00m,TRANSFERMARKT_EXPANDED
2022/23,2022,IN,345189,Luka Lochoshvili,2239,US Cremonese,4441,Wolfsberger AC,2239,US Cremonese,PERMANENT_OR_OTHER_EXPLICIT,€1.60m,TRANSFERMARKT_EXPANDED
2022/23,2022,IN,538569,Tommaso Milanese,2239,US Cremonese,12,AS Roma,2239,US Cremonese,PERMANENT_OR_OTHER_EXPLICIT,€750k,TRANSFERMARKT_EXPANDED
2022/23,2022,IN,363223,Jack Hendry,2239,US Cremonese,2282,Club Brugge KV,2239,US Cremonese,LOAN,Loan fee: €600k,TRANSFERMARKT_EXPANDED
2022/23,2022,IN,532937,Johan Vásquez,2239,US Cremonese,252,Genoa CFC,2239,US Cremonese,LOAN,Loan fee: €500k,TRANSFERMARKT_EXPANDED
2022/23,2022,IN,392545,Frank Tsadjout,2239,US Cremonese,5,AC Milan,2239,US Cremonese,PERMANENT_OR_OTHER_EXPLICIT,€400k,TRANSFERMARKT_EXPANDED
2022/23,2022,IN,313477,Paolo Ghiglione,2239,US Cremonese,252,Genoa CFC,2239,US Cremonese,PERMANENT_OR_OTHER_EXPLICIT,€300k,TRANSFERMARKT_EXPANDED
2022/23,2022,IN,527180,Joshua Tenkorang,2239,US Cremonese,18642,US Campobasso 1919,2239,US Cremonese,PERMANENT_OR_OTHER_EXPLICIT,€200k,TRANSFERMARKT_EXPANDED
2022/23,2022,IN,340707,Leonardo Sernicola,2239,US Cremonese,6574,US Sassuolo,2239,US Cremonese,FREE_TRANSFER,free transfer,TRANSFERMARKT_EXPANDED
2022/23,2022,IN,716411,Maissa Ndiaye,2239,US Cremonese,11997,Roma U19,2239,US Cremonese,PERMANENT_OR_OTHER_EXPLICIT,?,TRANSFERMARKT_EXPANDED
2022/23,2022,IN,420179,Gianluca Saro,2239,US Cremonese,4083,FC Crotone,2239,US Cremonese,PERMANENT_OR_OTHER_EXPLICIT,?,TRANSFERMARKT_EXPANDED
2022/23,2022,IN,197491,Alex Ferrari,2239,US Cremonese,1038,UC Sampdoria,2239,US Cremonese,LOAN,loan transfer,TRANSFERMARKT_EXPANDED
2022/23,2022,IN,459763,Marco Carnesecchi,2239,US Cremonese,800,Atalanta BC,2239,US Cremonese,LOAN,loan transfer,TRANSFERMARKT_EXPANDED
2022/23,2022,IN,164913,Soualiho Meïté,2239,US Cremonese,294,SL Benfica,2239,US Cremonese,LOAN,loan transfer,TRANSFERMARKT_EXPANDED
2022/23,2022,IN,266795,Gonzalo Escalante,2239,US Cremonese,398,SS Lazio,2239,US Cremonese,LOAN,loan transfer,TRANSFERMARKT_EXPANDED
2022/23,2022,IN,201040,Marco Benassi,2239,US Cremonese,430,ACF Fiorentina,2239,US Cremonese,LOAN,loan transfer,TRANSFERMARKT_EXPANDED
2022/23,2022,IN,303657,Ionuț Radu,2239,US Cremonese,46,Inter Milan,2239,US Cremonese,LOAN,loan transfer,TRANSFERMARKT_EXPANDED
2022/23,2022,IN,313830,Pablo Galdames,2239,US Cremonese,252,Genoa CFC,2239,US Cremonese,LOAN,loan transfer,TRANSFERMARKT_EXPANDED
2022/23,2022,IN,423436,Santiago Ascacíbar,2239,US Cremonese,44,Hertha BSC,2239,US Cremonese,LOAN,loan transfer,TRANSFERMARKT_EXPANDED
2022/23,2022,IN,610881,Christian Acella,2239,US Cremonese,44223,AS Giana Erminio,2239,US Cremonese,LOAN_RETURN_OR_END_OF_LOAN,End of loan 30/06/2022,TRANSFERMARKT_EXPANDED
2022/23,2022,IN,577594,Blue Mamona,2239,US Cremonese,4163,US Fiorenzuola 1922,2239,US Cremonese,LOAN_RETURN_OR_END_OF_LOAN,End of loan 14/01/2023,TRANSFERMARKT_EXPANDED
2022/23,2022,IN,470152,Dennis Politic,2239,US Cremonese,1211,Port Vale FC,2239,US Cremonese,LOAN_RETURN_OR_END_OF_LOAN,End of loan 31/05/2023,TRANSFERMARKT_EXPANDED
2022/23,2022,IN,619323,Fausto Perseu,2239,US Cremonese,9826,Olbia Calcio 1905,2239,US Cremonese,LOAN_RETURN_OR_END_OF_LOAN,End of loan 30/06/2022,TRANSFERMARKT_EXPANDED
2022/23,2022,IN,604630,Matteo Ghisolfi,2239,US Cremonese,4163,US Fiorenzuola 1922,2239,US Cremonese,LOAN_RETURN_OR_END_OF_LOAN,End of loan 30/06/2022,TRANSFERMARKT_EXPANDED
2022/23,2022,IN,264514,Luca Vido,2239,US Cremonese,2722,SPAL,2239,US Cremonese,LOAN_RETURN_OR_END_OF_LOAN,End of loan 29/06/2022,TRANSFERMARKT_EXPANDED
2022/23,2022,IN,404969,Filippo Nardi,2239,US Cremonese,1047,Como 1907,2239,US Cremonese,LOAN_RETURN_OR_END_OF_LOAN,End of loan 30/06/2022,TRANSFERMARKT_EXPANDED
2022/23,2022,IN,288896,Francesco Deli,2239,US Cremonese,21331,Pordenone Calcio,2239,US Cremonese,LOAN_RETURN_OR_END_OF_LOAN,End of loan 30/06/2022,TRANSFERMARKT_EXPANDED
2022/23,2022,IN,459231,Francesco Cerretelli,2239,US Cremonese,2254,Pro Sesto 1913,2239,US Cremonese,LOAN_RETURN_OR_END_OF_LOAN,End of loan 30/06/2022,TRANSFERMARKT_EXPANDED
2022/23,2022,IN,479158,Marco Zunno,2239,US Cremonese,4163,US Fiorenzuola 1922,2239,US Cremonese,LOAN_RETURN_OR_END_OF_LOAN,End of loan 30/06/2022,TRANSFERMARKT_EXPANDED
2022/23,2022,IN,394373,Riccardo Collodel,2239,US Cremonese,1253,Lucchese Calcio,2239,US Cremonese,LOAN_RETURN_OR_END_OF_LOAN,End of loan 30/06/2022,TRANSFERMARKT_EXPANDED
2022/23,2022,IN,155802,Luca Strizzolo,2239,US Cremonese,839,AC Perugia Calcio,2239,US Cremonese,LOAN_RETURN_OR_END_OF_LOAN,End of loan 09/01/2023,TRANSFERMARKT_EXPANDED
2022/23,2022,IN,61770,Emanuele Terranova,2239,US Cremonese,332,SSC Bari,2239,US Cremonese,LOAN_RETURN_OR_END_OF_LOAN,End of loan 30/06/2022,TRANSFERMARKT_EXPANDED
2022/23,2022,IN,533321,Stefano Girelli,2239,US Cremonese,4553,US Pergolettese 1932,2239,US Cremonese,LOAN_RETURN_OR_END_OF_LOAN,End of loan 30/06/2022,TRANSFERMARKT_EXPANDED
2022/23,2022,OUT,363223,Jack Hendry,2239,US Cremonese,2239,US Cremonese,2282,Club Brugge KV,LOAN_RETURN_OR_END_OF_LOAN,End of loan 26/01/2023 €500k,TRANSFERMARKT_EXPANDED
2022/23,2022,OUT,45389,Samuel Di Carmine,2239,US Cremonese,2239,US Cremonese,839,AC Perugia Calcio,FREE_TRANSFER,free transfer,TRANSFERMARKT_EXPANDED
2022/23,2022,OUT,281900,Paolo Bartolomei,2239,US Cremonese,2239,US Cremonese,839,AC Perugia Calcio,FREE_TRANSFER,free transfer,TRANSFERMARKT_EXPANDED
2022/23,2022,OUT,394373,Riccardo Collodel,2239,US Cremonese,2239,US Cremonese,1387,ACR Siena 1904,FREE_TRANSFER,free transfer,TRANSFERMARKT_EXPANDED
2022/23,2022,OUT,288896,Francesco Deli,2239,US Cremonese,2239,US Cremonese,21331,Pordenone Calcio,FREE_TRANSFER,free transfer,TRANSFERMARKT_EXPANDED
2022/23,2022,OUT,479158,Marco Zunno,2239,US Cremonese,2239,US Cremonese,1408,Piacenza Calcio 1919,LOAN,loan transfer,TRANSFERMARKT_EXPANDED
2022/23,2022,OUT,577594,Blue Mamona,2239,US Cremonese,2239,US Cremonese,4324,Imolese Calcio 1919,LOAN,loan transfer,TRANSFERMARKT_EXPANDED
2022/23,2022,OUT,459231,Francesco Cerretelli,2239,US Cremonese,2239,US Cremonese,4159,Carrarese Calcio 1908,LOAN,loan transfer,TRANSFERMARKT_EXPANDED
2022/23,2022,OUT,527180,Joshua Tenkorang,2239,US Cremonese,2239,US Cremonese,20519,Virtus Entella,LOAN,loan transfer,TRANSFERMARKT_EXPANDED
2022/23,2022,OUT,604630,Matteo Ghisolfi,2239,US Cremonese,2239,US Cremonese,9818,Giugliano Calcio 1928,LOAN,loan transfer,TRANSFERMARKT_EXPANDED
2022/23,2022,OUT,623441,Daniel Frey,2239,US Cremonese,2239,US Cremonese,4159,Carrarese Calcio 1908,LOAN,loan transfer,TRANSFERMARKT_EXPANDED
2022/23,2022,OUT,538569,Tommaso Milanese,2239,US Cremonese,2239,US Cremonese,607,Venezia FC,LOAN,loan transfer,TRANSFERMARKT_EXPANDED
2022/23,2022,OUT,619323,Fausto Perseu,2239,US Cremonese,2239,US Cremonese,2721,US Alessandria Calcio 1912,LOAN,loan transfer,TRANSFERMARKT_EXPANDED
2022/23,2022,OUT,404969,Filippo Nardi,2239,US Cremonese,2239,US Cremonese,5621,AC Reggiana 1919,LOAN,loan transfer,TRANSFERMARKT_EXPANDED
2022/23,2022,OUT,386447,Alessandro Fiordaliso,2239,US Cremonese,2239,US Cremonese,2722,SPAL,PERMANENT_OR_OTHER_EXPLICIT,?,TRANSFERMARKT_EXPANDED
2022/23,2022,OUT,61770,Emanuele Terranova,2239,US Cremonese,2239,US Cremonese,332,SSC Bari,PERMANENT_OR_OTHER_EXPLICIT,?,TRANSFERMARKT_EXPANDED
2022/23,2022,OUT,238654,Jaime Báez,2239,US Cremonese,2239,US Cremonese,8970,Frosinone Calcio,PERMANENT_OR_OTHER_EXPLICIT,?,TRANSFERMARKT_EXPANDED
2022/23,2022,OUT,312341,Luca Ravanelli,2239,US Cremonese,2239,US Cremonese,8970,Frosinone Calcio,LOAN,loan transfer,TRANSFERMARKT_EXPANDED
2022/23,2022,OUT,287663,Luca Valzania,2239,US Cremonese,2239,US Cremonese,2722,SPAL,LOAN,loan transfer,TRANSFERMARKT_EXPANDED
2022/23,2022,OUT,155802,Luca Strizzolo,2239,US Cremonese,2239,US Cremonese,839,AC Perugia Calcio,LOAN,loan transfer,TRANSFERMARKT_EXPANDED
2022/23,2022,OUT,213854,Cedric Gondo,2239,US Cremonese,2239,US Cremonese,408,Ascoli Calcio,LOAN,loan transfer,TRANSFERMARKT_EXPANDED
2022/23,2022,OUT,470152,Dennis Politic,2239,US Cremonese,2239,US Cremonese,1211,Port Vale FC,LOAN,loan transfer,TRANSFERMARKT_EXPANDED
2022/23,2022,OUT,407265,Luca Zanimacchia,2239,US Cremonese,2239,US Cremonese,130,Parma Calcio 1913,LOAN,loan transfer,TRANSFERMARKT_EXPANDED
2022/23,2022,OUT,533321,Stefano Girelli,2239,US Cremonese,2239,US Cremonese,5514,Calcio Lecco 1912,LOAN,loan transfer,TRANSFERMARKT_EXPANDED
2022/23,2022,OUT,155802,Luca Strizzolo,2239,US Cremonese,2239,US Cremonese,1385,Modena FC,LOAN,loan transfer,TRANSFERMARKT_EXPANDED
2022/23,2022,OUT,716411,Maissa Ndiaye,2239,US Cremonese,2239,US Cremonese,2655,LR Vicenza,LOAN,loan transfer,TRANSFERMARKT_EXPANDED
2022/23,2022,OUT,96758,Alessandro Crescenzi,2239,US Cremonese,2239,US Cremonese,515,Without Club,FREE_AGENT_OR_END_OF_CONTRACT,-,TRANSFERMARKT_EXPANDED
2022/23,2022,OUT,461833,Caleb Okoli,2239,US Cremonese,2239,US Cremonese,800,Atalanta BC,LOAN_RETURN_OR_END_OF_LOAN,End of loan 30/06/2022,TRANSFERMARKT_EXPANDED
2022/23,2022,OUT,340707,Leonardo Sernicola,2239,US Cremonese,2239,US Cremonese,6574,US Sassuolo,LOAN_RETURN_OR_END_OF_LOAN,End of loan 30/06/2022,TRANSFERMARKT_EXPANDED
2022/23,2022,OUT,264514,Luca Vido,2239,US Cremonese,2239,US Cremonese,800,Atalanta BC,LOAN_RETURN_OR_END_OF_LOAN,End of loan 30/06/2022,TRANSFERMARKT_EXPANDED
2022/23,2022,OUT,459763,Marco Carnesecchi,2239,US Cremonese,2239,US Cremonese,800,Atalanta BC,LOAN_RETURN_OR_END_OF_LOAN,End of loan 30/06/2022,TRANSFERMARKT_EXPANDED
2022/23,2022,OUT,287663,Luca Valzania,2239,US Cremonese,2239,US Cremonese,800,Atalanta BC,LOAN_RETURN_OR_END_OF_LOAN,End of loan 30/06/2022,TRANSFERMARKT_EXPANDED
2022/23,2022,OUT,303657,Ionuț Radu,2239,US Cremonese,2239,US Cremonese,46,Inter Milan,LOAN_RETURN_OR_END_OF_LOAN,End of loan 24/01/2023,TRANSFERMARKT_EXPANDED
2022/23,2022,OUT,407265,Luca Zanimacchia,2239,US Cremonese,2239,US Cremonese,41101,Juventus Next Gen,LOAN_RETURN_OR_END_OF_LOAN,End of loan 30/06/2022,TRANSFERMARKT_EXPANDED
2022/23,2022,OUT,418571,Hamza Rafia,2239,US Cremonese,2239,US Cremonese,41101,Juventus Next Gen,LOAN_RETURN_OR_END_OF_LOAN,End of loan 30/06/2022,TRANSFERMARKT_EXPANDED
2022/23,2022,OUT,423436,Santiago Ascacíbar,2239,US Cremonese,2239,US Cremonese,44,Hertha BSC,LOAN_RETURN_OR_END_OF_LOAN,End of loan 15/01/2023,TRANSFERMARKT_EXPANDED
2022/23,2022,OUT,224044,Tiago Casasola,2239,US Cremonese,2239,US Cremonese,8970,Frosinone Calcio,LOAN_RETURN_OR_END_OF_LOAN,End of loan 29/06/2022,TRANSFERMARKT_EXPANDED
2022/23,2022,OUT,266795,Gonzalo Escalante,2239,US Cremonese,2239,US Cremonese,398,SS Lazio,LOAN_RETURN_OR_END_OF_LOAN,End of loan 24/01/2023,TRANSFERMARKT_EXPANDED
2022/23,2022,OUT,358008,Gianluca Gaetano,2239,US Cremonese,2239,US Cremonese,6195,SSC Napoli,LOAN_RETURN_OR_END_OF_LOAN,End of loan 30/06/2022,TRANSFERMARKT_EXPANDED
2022/23,2022,OUT,337149,Andrea Meroni,2239,US Cremonese,2239,US Cremonese,6574,US Sassuolo,LOAN_RETURN_OR_END_OF_LOAN,End of loan 30/06/2022,TRANSFERMARKT_EXPANDED
2022/23,2022,OUT,432090,Nicolò Fagioli,2239,US Cremonese,2239,US Cremonese,506,Juventus FC,LOAN_RETURN_OR_END_OF_LOAN,End of loan 30/06/2022,TRANSFERMARKT_EXPANDED
2022/23,2022,IN,392959,Andrea Colpani,2919,AC Monza,800,Atalanta BC,2919,AC Monza,PERMANENT_OR_OTHER_EXPLICIT,€11.00m,TRANSFERMARKT_EXPANDED
2022/23,2022,IN,301238,Michele Di Gregorio,2919,AC Monza,46,Inter Milan,2919,AC Monza,PERMANENT_OR_OTHER_EXPLICIT,€5.90m,TRANSFERMARKT_EXPANDED
2022/23,2022,IN,357995,Davide Bettella,2919,AC Monza,800,Atalanta BC,2919,AC Monza,PERMANENT_OR_OTHER_EXPLICIT,€5.00m,TRANSFERMARKT_EXPANDED
2022/23,2022,IN,481834,Andrea Carboni,2919,AC Monza,1390,Cagliari Calcio,2919,AC Monza,PERMANENT_OR_OTHER_EXPLICIT,€4.00m,TRANSFERMARKT_EXPANDED
2022/23,2022,IN,227347,Valentin Antov,2919,AC Monza,208,CSKA-Sofia,2919,AC Monza,PERMANENT_OR_OTHER_EXPLICIT,€3.90m,TRANSFERMARKT_EXPANDED
2022/23,2022,IN,146752,Gianluca Caprari,2919,AC Monza,276,Hellas Verona,2919,AC Monza,LOAN,Loan fee: €3.20m,TRANSFERMARKT_EXPANDED
2022/23,2022,IN,332179,Matteo Pessina,2919,AC Monza,800,Atalanta BC,2919,AC Monza,LOAN,Loan fee: €3.20m,TRANSFERMARKT_EXPANDED
2022/23,2022,IN,314965,Pedro Pereira,2919,AC Monza,294,SL Benfica,2919,AC Monza,PERMANENT_OR_OTHER_EXPLICIT,€2.87m,TRANSFERMARKT_EXPANDED
2022/23,2022,IN,160344,Leonardo Mancuso,2919,AC Monza,749,FC Empoli,2919,AC Monza,PERMANENT_OR_OTHER_EXPLICIT,€2.79m,TRANSFERMARKT_EXPANDED
2022/23,2022,IN,167741,Mattia Valoti,2919,AC Monza,2722,SPAL,2919,AC Monza,PERMANENT_OR_OTHER_EXPLICIT,€2.75m,TRANSFERMARKT_EXPANDED
2022/23,2022,IN,199258,Andrea Petagna,2919,AC Monza,6195,SSC Napoli,2919,AC Monza,LOAN,Loan fee: €2.50m,TRANSFERMARKT_EXPANDED
2022/23,2022,IN,461019,Samuele Birindelli,2919,AC Monza,4172,Pisa Sporting Club,2919,AC Monza,PERMANENT_OR_OTHER_EXPLICIT,€1.60m,TRANSFERMARKT_EXPANDED
2022/23,2022,IN,542588,Alessandro Sorrentino,2919,AC Monza,2921,Delfino Pescara 1936,2919,AC Monza,PERMANENT_OR_OTHER_EXPLICIT,€800k,TRANSFERMARKT_EXPANDED
2022/23,2022,IN,489611,Filippo Ranocchia,2919,AC Monza,506,Juventus FC,2919,AC Monza,LOAN,Loan fee: €500k,TRANSFERMARKT_EXPANDED
2022/23,2022,IN,525704,Nicolò Rovella,2919,AC Monza,506,Juventus FC,2919,AC Monza,LOAN,Loan fee: €490k,TRANSFERMARKT_EXPANDED
2022/23,2022,IN,12907,Alessio Cragno,2919,AC Monza,1390,Cagliari Calcio,2919,AC Monza,LOAN,Loan fee: €400k,TRANSFERMARKT_EXPANDED
2022/23,2022,IN,44327,Andrea Ranocchia,2919,AC Monza,46,Inter Milan,2919,AC Monza,FREE_TRANSFER,free transfer,TRANSFERMARKT_EXPANDED
2022/23,2022,IN,659516,Warren Bondo,2919,AC Monza,1159,AS Nancy-Lorraine,2919,AC Monza,FREE_TRANSFER,free transfer,TRANSFERMARKT_EXPANDED
2022/23,2022,IN,392033,Gabriele Ferrarini,2919,AC Monza,430,ACF Fiorentina,2919,AC Monza,LOAN,loan transfer,TRANSFERMARKT_EXPANDED
2022/23,2022,IN,210178,Pablo Marí,2919,AC Monza,11,Arsenal FC,2919,AC Monza,LOAN,loan transfer,TRANSFERMARKT_EXPANDED
2022/23,2022,IN,731491,Franco Carboni,2919,AC Monza,46,Inter Milan,2919,AC Monza,LOAN,loan transfer,TRANSFERMARKT_EXPANDED
2022/23,2022,IN,216179,Stefano Sensi,2919,AC Monza,46,Inter Milan,2919,AC Monza,LOAN,loan transfer,TRANSFERMARKT_EXPANDED
2022/23,2022,IN,32113,Armando Izzo,2919,AC Monza,416,Torino FC,2919,AC Monza,LOAN,loan transfer,TRANSFERMARKT_EXPANDED
2022/23,2022,IN,273236,Marlon,2919,AC Monza,660,Shakhtar Donetsk,2919,AC Monza,LOAN,loan transfer,TRANSFERMARKT_EXPANDED
2022/23,2022,IN,630812,Stefano Rubbi,2919,AC Monza,5514,Calcio Lecco 1912,2919,AC Monza,LOAN_RETURN_OR_END_OF_LOAN,End of loan 28/07/2022,TRANSFERMARKT_EXPANDED
2022/23,2022,IN,404995,Davide Diaw,2919,AC Monza,2655,LR Vicenza,2919,AC Monza,LOAN_RETURN_OR_END_OF_LOAN,End of loan 30/06/2022,TRANSFERMARKT_EXPANDED
2022/23,2022,IN,302497,Nicola Mosti,2919,AC Monza,1385,Modena FC,2919,AC Monza,LOAN_RETURN_OR_END_OF_LOAN,End of loan 30/06/2022,TRANSFERMARKT_EXPANDED
2022/23,2022,IN,644156,Luca Lombardi,2919,AC Monza,7030,Vis Pesaro 1898,2919,AC Monza,LOAN_RETURN_OR_END_OF_LOAN,End of loan 30/06/2022,TRANSFERMARKT_EXPANDED
2022/23,2022,IN,215649,Mirko Marić,2919,AC Monza,4083,FC Crotone,2919,AC Monza,LOAN_RETURN_OR_END_OF_LOAN,End of loan 30/06/2022,TRANSFERMARKT_EXPANDED
2022/23,2022,IN,134383,Tommaso Morosini,2919,AC Monza,5514,Calcio Lecco 1912,2919,AC Monza,LOAN_RETURN_OR_END_OF_LOAN,End of loan 30/06/2022,TRANSFERMARKT_EXPANDED
2022/23,2022,IN,61757,Nicola Rigoni,2919,AC Monza,1429,Cesena FC,2919,AC Monza,LOAN_RETURN_OR_END_OF_LOAN,End of loan 30/06/2022,TRANSFERMARKT_EXPANDED
2022/23,2022,IN,57354,Giuseppe Bellusci,2919,AC Monza,408,Ascoli Calcio,2919,AC Monza,LOAN_RETURN_OR_END_OF_LOAN,End of loan 30/06/2022,TRANSFERMARKT_EXPANDED
2022/23,2022,IN,286275,Armando Anastasio,2919,AC Monza,21331,Pordenone Calcio,2919,AC Monza,LOAN_RETURN_OR_END_OF_LOAN,End of loan 30/06/2022,TRANSFERMARKT_EXPANDED
2022/23,2022,OUT,226025,Luca Mazzitelli,2919,AC Monza,2919,AC Monza,8970,Frosinone Calcio,LOAN,Loan fee: €185k,TRANSFERMARKT_EXPANDED
2022/23,2022,OUT,57354,Giuseppe Bellusci,2919,AC Monza,2919,AC Monza,408,Ascoli Calcio,FREE_TRANSFER,free transfer,TRANSFERMARKT_EXPANDED
2022/23,2022,OUT,312773,Daniele Sommariva,2919,AC Monza,2919,AC Monza,2921,Delfino Pescara 1936,FREE_TRANSFER,free transfer,TRANSFERMARKT_EXPANDED
2022/23,2022,OUT,554397,Antonis Siatounis,2919,AC Monza,2919,AC Monza,20519,Virtus Entella,FREE_TRANSFER,free transfer,TRANSFERMARKT_EXPANDED
2022/23,2022,OUT,286275,Armando Anastasio,2919,AC Monza,2919,AC Monza,26789,FC Pro Vercelli 1892,LOAN,loan transfer,TRANSFERMARKT_EXPANDED
2022/23,2022,OUT,302497,Nicola Mosti,2919,AC Monza,2919,AC Monza,1385,Modena FC,PERMANENT_OR_OTHER_EXPLICIT,?,TRANSFERMARKT_EXPANDED
2022/23,2022,OUT,163582,Salvatore Molina,2919,AC Monza,2919,AC Monza,332,SSC Bari,PERMANENT_OR_OTHER_EXPLICIT,?,TRANSFERMARKT_EXPANDED
2022/23,2022,OUT,644156,Luca Lombardi,2919,AC Monza,2919,AC Monza,2921,Delfino Pescara 1936,PERMANENT_OR_OTHER_EXPLICIT,?,TRANSFERMARKT_EXPANDED
2022/23,2022,OUT,357995,Davide Bettella,2919,AC Monza,2919,AC Monza,458,Palermo FC,LOAN,loan transfer,TRANSFERMARKT_EXPANDED
2022/23,2022,OUT,160344,Leonardo Mancuso,2919,AC Monza,2919,AC Monza,1047,Como 1907,LOAN,loan transfer,TRANSFERMARKT_EXPANDED
2022/23,2022,OUT,404995,Davide Diaw,2919,AC Monza,2919,AC Monza,1385,Modena FC,LOAN,loan transfer,TRANSFERMARKT_EXPANDED
2022/23,2022,OUT,134383,Tommaso Morosini,2919,AC Monza,2919,AC Monza,74951,Sangiuliano City,LOAN,loan transfer,TRANSFERMARKT_EXPANDED
2022/23,2022,OUT,630812,Stefano Rubbi,2919,AC Monza,2919,AC Monza,4553,US Pergolettese 1932,LOAN,loan transfer,TRANSFERMARKT_EXPANDED
2022/23,2022,OUT,630812,Stefano Rubbi,2919,AC Monza,2919,AC Monza,5514,Calcio Lecco 1912,LOAN,loan transfer,TRANSFERMARKT_EXPANDED
2022/23,2022,OUT,481834,Andrea Carboni,2919,AC Monza,2919,AC Monza,607,Venezia FC,LOAN,loan transfer,TRANSFERMARKT_EXPANDED
2022/23,2022,OUT,659516,Warren Bondo,2919,AC Monza,2919,AC Monza,1386,Reggina 1914,LOAN,loan transfer,TRANSFERMARKT_EXPANDED
2022/23,2022,OUT,160357,Mario Sampirisi,2919,AC Monza,2919,AC Monza,8970,Frosinone Calcio,LOAN,loan transfer,TRANSFERMARKT_EXPANDED
2022/23,2022,OUT,314965,Pedro Pereira,2919,AC Monza,2919,AC Monza,11282,Alanyaspor,LOAN,loan transfer,TRANSFERMARKT_EXPANDED
2022/23,2022,OUT,61757,Nicola Rigoni,2919,AC Monza,2919,AC Monza,515,Without Club,FREE_AGENT_OR_END_OF_CONTRACT,-,TRANSFERMARKT_EXPANDED
2022/23,2022,OUT,44327,Andrea Ranocchia,2919,AC Monza,2919,AC Monza,,Retired,RETIREMENT,-,TRANSFERMARKT_EXPANDED
2022/23,2022,OUT,85208,Matteo Scozzarella,2919,AC Monza,2919,AC Monza,515,Without Club,FREE_AGENT_OR_END_OF_CONTRACT,-,TRANSFERMARKT_EXPANDED
2022/23,2022,OUT,30767,Gabriel Paletta,2919,AC Monza,2919,AC Monza,,Retired,RETIREMENT,-,TRANSFERMARKT_EXPANDED
2022/23,2022,OUT,123742,Gastón Ramírez,2919,AC Monza,2919,AC Monza,515,Without Club,FREE_AGENT_OR_END_OF_CONTRACT,-,TRANSFERMARKT_EXPANDED
2022/23,2022,OUT,392033,Gabriele Ferrarini,2919,AC Monza,2919,AC Monza,1385,Modena FC,LOAN,loan transfer,TRANSFERMARKT_EXPANDED
2022/23,2022,OUT,392959,Andrea Colpani,2919,AC Monza,2919,AC Monza,800,Atalanta BC,LOAN_RETURN_OR_END_OF_LOAN,End of loan 30/06/2022,TRANSFERMARKT_EXPANDED
2022/23,2022,OUT,301238,Michele Di Gregorio,2919,AC Monza,2919,AC Monza,46,Inter Milan,LOAN_RETURN_OR_END_OF_LOAN,End of loan 30/06/2022,TRANSFERMARKT_EXPANDED
2022/23,2022,OUT,357995,Davide Bettella,2919,AC Monza,2919,AC Monza,800,Atalanta BC,LOAN_RETURN_OR_END_OF_LOAN,End of loan 30/06/2022,TRANSFERMARKT_EXPANDED
2022/23,2022,OUT,487834,Lorenzo Pirola,2919,AC Monza,2919,AC Monza,46,Inter Milan,LOAN_RETURN_OR_END_OF_LOAN,End of loan 30/06/2022,TRANSFERMARKT_EXPANDED
2022/23,2022,OUT,459128,Marco Brescianini,2919,AC Monza,2919,AC Monza,5,AC Milan,LOAN_RETURN_OR_END_OF_LOAN,End of loan 30/06/2022,TRANSFERMARKT_EXPANDED
2022/23,2022,OUT,167741,Mattia Valoti,2919,AC Monza,2919,AC Monza,2722,SPAL,LOAN_RETURN_OR_END_OF_LOAN,End of loan 30/06/2022,TRANSFERMARKT_EXPANDED
2022/23,2022,OUT,314965,Pedro Pereira,2919,AC Monza,2919,AC Monza,294,SL Benfica,LOAN_RETURN_OR_END_OF_LOAN,End of loan 30/06/2022,TRANSFERMARKT_EXPANDED
2022/23,2022,OUT,227347,Valentin Antov,2919,AC Monza,2919,AC Monza,208,CSKA-Sofia,LOAN_RETURN_OR_END_OF_LOAN,End of loan 30/06/2022,TRANSFERMARKT_EXPANDED
2022/23,2022,OUT,340151,Andrea Favilli,2919,AC Monza,2919,AC Monza,252,Genoa CFC,LOAN_RETURN_OR_END_OF_LOAN,End of loan 30/06/2022,TRANSFERMARKT_EXPANDED
2022/23,2022,OUT,160344,Leonardo Mancuso,2919,AC Monza,2919,AC Monza,749,FC Empoli,LOAN_RETURN_OR_END_OF_LOAN,End of loan 30/06/2022,TRANSFERMARKT_EXPANDED
