season,season_start,movement,player_id,player_name,current_club_id,current_club,from_club_id,from_club,to_club_id,to_club,semantic_type,fee_text,source
2025/26,2025,IN,433984,Sam Beukema,6195,SSC Napoli,1025,Bologna FC 1909,6195,SSC Napoli,PERMANENT_OR_OTHER_EXPLICIT,€31.00m,TRANSFERMARKT_EXPANDED
2025/26,2025,IN,572265,Lorenzo Lucca,6195,SSC Napoli,410,Udinese Calcio,6195,SSC Napoli,PERMANENT_OR_OTHER_EXPLICIT,€26.00m,TRANSFERMARKT_EXPANDED
2025/26,2025,IN,339332,Noa Lang,6195,SSC Napoli,383,PSV Eindhoven,6195,SSC Napoli,PERMANENT_OR_OTHER_EXPLICIT,€25.00m,TRANSFERMARKT_EXPANDED
2025/26,2025,IN,525299,Miguel Gutiérrez,6195,SSC Napoli,12321,Girona FC,6195,SSC Napoli,PERMANENT_OR_OTHER_EXPLICIT,€20.00m,TRANSFERMARKT_EXPANDED
2025/26,2025,IN,257474,Vanja Milinković-Savić,6195,SSC Napoli,416,Torino FC,6195,SSC Napoli,LOAN,Loan fee: €15.00m,TRANSFERMARKT_EXPANDED
2025/26,2025,IN,814446,Luca Marianucci,6195,SSC Napoli,749,FC Empoli,6195,SSC Napoli,PERMANENT_OR_OTHER_EXPLICIT,€9.90m,TRANSFERMARKT_EXPANDED
2025/26,2025,IN,572265,Lorenzo Lucca,6195,SSC Napoli,410,Udinese Calcio,6195,SSC Napoli,LOAN,Loan fee: €9.00m,TRANSFERMARKT_EXPANDED
2025/26,2025,IN,610442,Rasmus Højlund,6195,SSC Napoli,985,Manchester United,6195,SSC Napoli,LOAN,Loan fee: €6.00m,TRANSFERMARKT_EXPANDED
2025/26,2025,IN,830365,Alisson Santos,6195,SSC Napoli,336,Sporting CP,6195,SSC Napoli,LOAN,Loan fee: €3.50m,TRANSFERMARKT_EXPANDED
2025/26,2025,IN,1005165,Giovane,6195,SSC Napoli,276,Hellas Verona,6195,SSC Napoli,PERMANENT_OR_OTHER_EXPLICIT,€2.00m,TRANSFERMARKT_EXPANDED
2025/26,2025,IN,400489,Eljif Elmas,6195,SSC Napoli,23826,RB Leipzig,6195,SSC Napoli,LOAN,Loan fee: €2.00m,TRANSFERMARKT_EXPANDED
2025/26,2025,IN,1195798,Mathias Ferrante,6195,SSC Napoli,55434,SSD NovaRomentin,6195,SSC Napoli,PERMANENT_OR_OTHER_EXPLICIT,€100k,TRANSFERMARKT_EXPANDED
2025/26,2025,IN,936229,Emanuele Rao,6195,SSC Napoli,2722,SPAL,6195,SSC Napoli,FREE_TRANSFER,free transfer,TRANSFERMARKT_EXPANDED
2025/26,2025,IN,88755,Kevin De Bruyne,6195,SSC Napoli,281,Manchester City,6195,SSC Napoli,FREE_TRANSFER,free transfer,TRANSFERMARKT_EXPANDED
2025/26,2025,IN,820633,Coli Saco,6195,SSC Napoli,332,SSC Bari,6195,SSC Napoli,LOAN_RETURN_OR_END_OF_LOAN,End of loan 30/06/2025,TRANSFERMARKT_EXPANDED
2025/26,2025,IN,703245,Antonio Vergara,6195,SSC Napoli,5621,AC Reggiana 1919,6195,SSC Napoli,LOAN_RETURN_OR_END_OF_LOAN,End of loan 30/06/2025,TRANSFERMARKT_EXPANDED
2025/26,2025,IN,395190,Francesco Mezzoni,6195,SSC Napoli,839,AC Perugia Calcio,6195,SSC Napoli,LOAN_RETURN_OR_END_OF_LOAN,End of loan 30/06/2025,TRANSFERMARKT_EXPANDED
2025/26,2025,IN,820633,Coli Saco,6195,SSC Napoli,322,Yverdon Sport FC,6195,SSC Napoli,LOAN_RETURN_OR_END_OF_LOAN,End of loan 25/01/2026,TRANSFERMARKT_EXPANDED
2025/26,2025,IN,358008,Gianluca Gaetano,6195,SSC Napoli,1390,Cagliari Calcio,6195,SSC Napoli,LOAN_RETURN_OR_END_OF_LOAN,End of loan 30/06/2025,TRANSFERMARKT_EXPANDED
2025/26,2025,IN,521407,Walid Cheddira,6195,SSC Napoli,714,RCD Espanyol Barcelona,6195,SSC Napoli,LOAN_RETURN_OR_END_OF_LOAN,End of loan 30/06/2025,TRANSFERMARKT_EXPANDED
2025/26,2025,IN,468066,Jens Cajuste,6195,SSC Napoli,677,Ipswich Town,6195,SSC Napoli,LOAN_RETURN_OR_END_OF_LOAN,End of loan 30/06/2025,TRANSFERMARKT_EXPANDED
2025/26,2025,IN,735568,Natan,6195,SSC Napoli,150,Real Betis Balompié,6195,SSC Napoli,LOAN_RETURN_OR_END_OF_LOAN,End of loan 30/06/2025,TRANSFERMARKT_EXPANDED
2025/26,2025,IN,818581,Matteo Marchisano,6195,SSC Napoli,6266,Cavese 1919,6195,SSC Napoli,LOAN_RETURN_OR_END_OF_LOAN,End of loan 30/06/2025,TRANSFERMARKT_EXPANDED
2025/26,2025,IN,513245,Jesper Lindstrøm,6195,SSC Napoli,29,Everton FC,6195,SSC Napoli,LOAN_RETURN_OR_END_OF_LOAN,End of loan 30/06/2025,TRANSFERMARKT_EXPANDED
2025/26,2025,IN,930623,Gianluca Vigliotti,6195,SSC Napoli,6266,Cavese 1919,6195,SSC Napoli,LOAN_RETURN_OR_END_OF_LOAN,End of loan 30/06/2025,TRANSFERMARKT_EXPANDED
2025/26,2025,IN,707295,Giuseppe Ambrosino,6195,SSC Napoli,8970,Frosinone Calcio,6195,SSC Napoli,LOAN_RETURN_OR_END_OF_LOAN,End of loan 30/06/2025,TRANSFERMARKT_EXPANDED
2025/26,2025,IN,566936,Antonio Cioffi,6195,SSC Napoli,4111,Rimini FC,6195,SSC Napoli,LOAN_RETURN_OR_END_OF_LOAN,End of loan 30/06/2025,TRANSFERMARKT_EXPANDED
2025/26,2025,IN,662562,Giuseppe D'Agostino,6195,SSC Napoli,9818,Giugliano Calcio 1928,6195,SSC Napoli,LOAN_RETURN_OR_END_OF_LOAN,End of loan 30/06/2025,TRANSFERMARKT_EXPANDED
2025/26,2025,IN,397225,Alessandro Zanoli,6195,SSC Napoli,252,Genoa CFC,6195,SSC Napoli,LOAN_RETURN_OR_END_OF_LOAN,End of loan 30/06/2025,TRANSFERMARKT_EXPANDED
2025/26,2025,IN,704456,Nosa Edward Obaretin,6195,SSC Napoli,332,SSC Bari,6195,SSC Napoli,LOAN_RETURN_OR_END_OF_LOAN,End of loan 30/06/2025,TRANSFERMARKT_EXPANDED
2025/26,2025,IN,358032,Cyril Ngonge,6195,SSC Napoli,416,Torino FC,6195,SSC Napoli,LOAN_RETURN_OR_END_OF_LOAN,End of loan 30/01/2026,TRANSFERMARKT_EXPANDED
2025/26,2025,IN,521407,Walid Cheddira,6195,SSC Napoli,6574,US Sassuolo,6195,SSC Napoli,LOAN_RETURN_OR_END_OF_LOAN,End of loan 21/01/2026,TRANSFERMARKT_EXPANDED
2025/26,2025,IN,885235,Luigi D'Avino,6195,SSC Napoli,4326,AS Gubbio 1910,6195,SSC Napoli,LOAN_RETURN_OR_END_OF_LOAN,End of loan 30/06/2025,TRANSFERMARKT_EXPANDED
2025/26,2025,IN,703240,Gennaro Iaccarino,6195,SSC Napoli,4326,AS Gubbio 1910,6195,SSC Napoli,LOAN_RETURN_OR_END_OF_LOAN,End of loan 30/06/2025,TRANSFERMARKT_EXPANDED
2025/26,2025,IN,401923,Victor Osimhen,6195,SSC Napoli,141,Galatasaray,6195,SSC Napoli,LOAN_RETURN_OR_END_OF_LOAN,End of loan 30/06/2025,TRANSFERMARKT_EXPANDED
2025/26,2025,IN,421873,Elia Caprile,6195,SSC Napoli,1390,Cagliari Calcio,6195,SSC Napoli,LOAN_RETURN_OR_END_OF_LOAN,End of loan 30/06/2025,TRANSFERMARKT_EXPANDED
2025/26,2025,IN,535797,Lorenzo Sgarbi,6195,SSC Napoli,5587,SS Juve Stabia,6195,SSC Napoli,LOAN_RETURN_OR_END_OF_LOAN,End of loan 30/06/2025,TRANSFERMARKT_EXPANDED
2025/26,2025,IN,377042,Michael Folorunsho,6195,SSC Napoli,430,ACF Fiorentina,6195,SSC Napoli,LOAN_RETURN_OR_END_OF_LOAN,End of loan 30/06/2025,TRANSFERMARKT_EXPANDED
2025/26,2025,IN,566936,Antonio Cioffi,6195,SSC Napoli,1210,US Livorno 1915,6195,SSC Napoli,LOAN_RETURN_OR_END_OF_LOAN,End of loan 22/01/2026,TRANSFERMARKT_EXPANDED
2025/26,2025,IN,535797,Lorenzo Sgarbi,6195,SSC Napoli,2921,Delfino Pescara 1936,6195,SSC Napoli,LOAN_RETURN_OR_END_OF_LOAN,End of loan 01/02/2026,TRANSFERMARKT_EXPANDED
2025/26,2025,IN,433584,Alessio Zerbin,6195,SSC Napoli,607,Venezia FC,6195,SSC Napoli,LOAN_RETURN_OR_END_OF_LOAN,End of loan 30/06/2025,TRANSFERMARKT_EXPANDED
2025/26,2025,IN,814459,Alessandro Spavone,6195,SSC Napoli,45894,Guidonia Montecelio 1937 FC,6195,SSC Napoli,LOAN_RETURN_OR_END_OF_LOAN,End of loan 30/06/2025,TRANSFERMARKT_EXPANDED
2025/26,2025,IN,815546,Francesco Gioielli,6195,SSC Napoli,22124,Asd Puteolana 1902,6195,SSC Napoli,LOAN_RETURN_OR_END_OF_LOAN,End of loan 30/06/2025,TRANSFERMARKT_EXPANDED
2025/26,2025,OUT,401923,Victor Osimhen,6195,SSC Napoli,6195,SSC Napoli,141,Galatasaray,PERMANENT_OR_OTHER_EXPLICIT,€75.00m,TRANSFERMARKT_EXPANDED
2025/26,2025,OUT,405885,Giacomo Raspadori,6195,SSC Napoli,6195,SSC Napoli,13,Atlético de Madrid,PERMANENT_OR_OTHER_EXPLICIT,€22.00m,TRANSFERMARKT_EXPANDED
2025/26,2025,OUT,735568,Natan,6195,SSC Napoli,6195,SSC Napoli,150,Real Betis Balompié,PERMANENT_OR_OTHER_EXPLICIT,€9.00m,TRANSFERMARKT_EXPANDED
2025/26,2025,OUT,421873,Elia Caprile,6195,SSC Napoli,6195,SSC Napoli,1390,Cagliari Calcio,PERMANENT_OR_OTHER_EXPLICIT,€8.20m,TRANSFERMARKT_EXPANDED
2025/26,2025,OUT,358008,Gianluca Gaetano,6195,SSC Napoli,6195,SSC Napoli,1390,Cagliari Calcio,PERMANENT_OR_OTHER_EXPLICIT,€6.20m,TRANSFERMARKT_EXPANDED
2025/26,2025,OUT,339332,Noa Lang,6195,SSC Napoli,6195,SSC Napoli,141,Galatasaray,LOAN,Loan fee: €2.00m,TRANSFERMARKT_EXPANDED
2025/26,2025,OUT,572265,Lorenzo Lucca,6195,SSC Napoli,6195,SSC Napoli,703,Nottingham Forest,LOAN,Loan fee: €2.00m,TRANSFERMARKT_EXPANDED
2025/26,2025,OUT,513245,Jesper Lindstrøm,6195,SSC Napoli,6195,SSC Napoli,82,VfL Wolfsburg,LOAN,Loan fee: €1.50m,TRANSFERMARKT_EXPANDED
2025/26,2025,OUT,282388,Giovanni Simeone,6195,SSC Napoli,6195,SSC Napoli,416,Torino FC,LOAN,Loan fee: €1.35m,TRANSFERMARKT_EXPANDED
2025/26,2025,OUT,468066,Jens Cajuste,6195,SSC Napoli,6195,SSC Napoli,677,Ipswich Town,LOAN,Loan fee: €1.20m,TRANSFERMARKT_EXPANDED
2025/26,2025,OUT,358032,Cyril Ngonge,6195,SSC Napoli,6195,SSC Napoli,714,RCD Espanyol Barcelona,LOAN,Loan fee: €1.00m,TRANSFERMARKT_EXPANDED
2025/26,2025,OUT,662261,Rafa Marín,6195,SSC Napoli,6195,SSC Napoli,1050,Villarreal CF,LOAN,Loan fee: €1.00m,TRANSFERMARKT_EXPANDED
2025/26,2025,OUT,358032,Cyril Ngonge,6195,SSC Napoli,6195,SSC Napoli,416,Torino FC,LOAN,Loan fee: €500k,TRANSFERMARKT_EXPANDED
2025/26,2025,OUT,377042,Michael Folorunsho,6195,SSC Napoli,6195,SSC Napoli,1390,Cagliari Calcio,LOAN,Loan fee: €500k,TRANSFERMARKT_EXPANDED
2025/26,2025,OUT,814446,Luca Marianucci,6195,SSC Napoli,6195,SSC Napoli,416,Torino FC,LOAN,Loan fee: €250k,TRANSFERMARKT_EXPANDED
2025/26,2025,OUT,433584,Alessio Zerbin,6195,SSC Napoli,6195,SSC Napoli,2239,US Cremonese,LOAN,Loan fee: €250k,TRANSFERMARKT_EXPANDED
2025/26,2025,OUT,521407,Walid Cheddira,6195,SSC Napoli,6195,SSC Napoli,6574,US Sassuolo,LOAN,Loan fee: €200k,TRANSFERMARKT_EXPANDED
2025/26,2025,OUT,662562,Giuseppe D'Agostino,6195,SSC Napoli,6195,SSC Napoli,9818,Giugliano Calcio 1928,FREE_TRANSFER,free transfer,TRANSFERMARKT_EXPANDED
2025/26,2025,OUT,814459,Alessandro Spavone,6195,SSC Napoli,6195,SSC Napoli,45894,Guidonia Montecelio 1937 FC,FREE_TRANSFER,free transfer,TRANSFERMARKT_EXPANDED
2025/26,2025,OUT,818581,Matteo Marchisano,6195,SSC Napoli,6195,SSC Napoli,2331,US Avellino 1912,FREE_TRANSFER,free transfer,TRANSFERMARKT_EXPANDED
2025/26,2025,OUT,395190,Francesco Mezzoni,6195,SSC Napoli,6195,SSC Napoli,20519,Virtus Entella,FREE_TRANSFER,free transfer,TRANSFERMARKT_EXPANDED
2025/26,2025,OUT,815546,Francesco Gioielli,6195,SSC Napoli,6195,SSC Napoli,56271,AC Afragolese 1944,FREE_TRANSFER,free transfer,TRANSFERMARKT_EXPANDED
2025/26,2025,OUT,566936,Antonio Cioffi,6195,SSC Napoli,6195,SSC Napoli,1210,US Livorno 1915,LOAN,loan transfer,TRANSFERMARKT_EXPANDED
2025/26,2025,OUT,703240,Gennaro Iaccarino,6195,SSC Napoli,6195,SSC Napoli,4255,SS Arezzo,LOAN,loan transfer,TRANSFERMARKT_EXPANDED
2025/26,2025,OUT,724178,Luis Hasa,6195,SSC Napoli,6195,SSC Napoli,4159,Carrarese Calcio 1908,LOAN,loan transfer,TRANSFERMARKT_EXPANDED
2025/26,2025,OUT,724099,Claudio Turi,6195,SSC Napoli,6195,SSC Napoli,22408,Altamura S.S.,LOAN,loan transfer,TRANSFERMARKT_EXPANDED
2025/26,2025,OUT,704456,Nosa Edward Obaretin,6195,SSC Napoli,6195,SSC Napoli,749,FC Empoli,LOAN,loan transfer,TRANSFERMARKT_EXPANDED
2025/26,2025,OUT,535797,Lorenzo Sgarbi,6195,SSC Napoli,6195,SSC Napoli,2331,US Avellino 1912,LOAN,loan transfer,TRANSFERMARKT_EXPANDED
2025/26,2025,OUT,930623,Gianluca Vigliotti,6195,SSC Napoli,6195,SSC Napoli,46337,Pineto Calcio,LOAN,loan transfer,TRANSFERMARKT_EXPANDED
2025/26,2025,OUT,707295,Giuseppe Ambrosino,6195,SSC Napoli,6195,SSC Napoli,1385,Modena FC,LOAN,loan transfer,TRANSFERMARKT_EXPANDED
2025/26,2025,OUT,535797,Lorenzo Sgarbi,6195,SSC Napoli,6195,SSC Napoli,2921,Delfino Pescara 1936,LOAN,loan transfer,TRANSFERMARKT_EXPANDED
2025/26,2025,OUT,820633,Coli Saco,6195,SSC Napoli,6195,SSC Napoli,4106,Casertana FC,LOAN,loan transfer,TRANSFERMARKT_EXPANDED
2025/26,2025,OUT,566936,Antonio Cioffi,6195,SSC Napoli,6195,SSC Napoli,22045,Latina Calcio 1932,LOAN,loan transfer,TRANSFERMARKT_EXPANDED
2025/26,2025,OUT,397225,Alessandro Zanoli,6195,SSC Napoli,6195,SSC Napoli,410,Udinese Calcio,LOAN,loan transfer,TRANSFERMARKT_EXPANDED
2025/26,2025,OUT,521407,Walid Cheddira,6195,SSC Napoli,6195,SSC Napoli,1005,US Lecce,LOAN,loan transfer,TRANSFERMARKT_EXPANDED
2025/26,2025,OUT,820633,Coli Saco,6195,SSC Napoli,6195,SSC Napoli,322,Yverdon Sport FC,LOAN,loan transfer,TRANSFERMARKT_EXPANDED
2025/26,2025,OUT,885235,Luigi D'Avino,6195,SSC Napoli,6195,SSC Napoli,9818,Giugliano Calcio 1928,LOAN,loan transfer,TRANSFERMARKT_EXPANDED
2025/26,2025,OUT,936229,Emanuele Rao,6195,SSC Napoli,6195,SSC Napoli,332,SSC Bari,LOAN,loan transfer,TRANSFERMARKT_EXPANDED
2025/26,2025,OUT,238993,Simone Scuffet,6195,SSC Napoli,6195,SSC Napoli,1390,Cagliari Calcio,LOAN_RETURN_OR_END_OF_LOAN,End of loan 30/06/2025,TRANSFERMARKT_EXPANDED
2025/26,2025,OUT,320411,Philip Billing,6195,SSC Napoli,6195,SSC Napoli,989,AFC Bournemouth,LOAN_RETURN_OR_END_OF_LOAN,End of loan 30/06/2025,TRANSFERMARKT_EXPANDED
2025/26,2025,OUT,346890,Noah Okafor,6195,SSC Napoli,6195,SSC Napoli,5,AC Milan,LOAN_RETURN_OR_END_OF_LOAN,End of loan 30/06/2025,TRANSFERMARKT_EXPANDED
2025/26,2025,OUT,572265,Lorenzo Lucca,6195,SSC Napoli,6195,SSC Napoli,410,Udinese Calcio,LOAN_RETURN_OR_END_OF_LOAN,End of loan 21/01/2026,TRANSFERMARKT_EXPANDED
2025/26,2025,IN,827734,Ange-Yoan Bonny,46,Inter Milan,130,Parma Calcio 1913,46,Inter Milan,PERMANENT_OR_OTHER_EXPLICIT,€23.00m,TRANSFERMARKT_EXPANDED
2025/26,2025,IN,691316,Luis Henrique,46,Inter Milan,244,Olympique Marseille,46,Inter Milan,PERMANENT_OR_OTHER_EXPLICIT,€22.80m,TRANSFERMARKT_EXPANDED
2025/26,2025,IN,711976,Andy Diouf,46,Inter Milan,826,RC Lens,46,Inter Milan,PERMANENT_OR_OTHER_EXPLICIT,€20.00m,TRANSFERMARKT_EXPANDED
2025/26,2025,IN,668207,Petar Sučić,46,Inter Milan,419,GNK Dinamo Zagreb,46,Inter Milan,PERMANENT_OR_OTHER_EXPLICIT,€14.60m,TRANSFERMARKT_EXPANDED
2025/26,2025,IN,550108,Nicola Zalewski,46,Inter Milan,12,AS Roma,46,Inter Milan,PERMANENT_OR_OTHER_EXPLICIT,€8.00m,TRANSFERMARKT_EXPANDED
2025/26,2025,IN,915849,Yanis Massolin,46,Inter Milan,1385,Modena FC,46,Inter Milan,PERMANENT_OR_OTHER_EXPLICIT,€3.50m,TRANSFERMARKT_EXPANDED
2025/26,2025,IN,780136,Aleksandar Stanković,46,Inter Milan,434,FC Luzern,46,Inter Milan,LOAN_RETURN_OR_END_OF_LOAN,End of loan 30/06/2025 €3.20m,TRANSFERMARKT_EXPANDED
2025/26,2025,IN,284730,Manuel Akanji,46,Inter Milan,281,Manchester City,46,Inter Milan,LOAN,Loan fee: €1.00m,TRANSFERMARKT_EXPANDED
2025/26,2025,IN,930781,Pio Esposito,46,Inter Milan,3522,Spezia Calcio,46,Inter Milan,LOAN_RETURN_OR_END_OF_LOAN,End of loan 10/06/2025 €500k,TRANSFERMARKT_EXPANDED
2025/26,2025,IN,543771,Kristjan Asllani,46,Inter Milan,416,Torino FC,46,Inter Milan,LOAN_RETURN_OR_END_OF_LOAN,End of loan 30/01/2026,TRANSFERMARKT_EXPANDED
2025/26,2025,IN,731491,Franco Carboni,46,Inter Milan,749,FC Empoli,46,Inter Milan,LOAN_RETURN_OR_END_OF_LOAN,End of loan 28/01/2026,TRANSFERMARKT_EXPANDED
2025/26,2025,IN,787618,Valentín Carboni,46,Inter Milan,252,Genoa CFC,46,Inter Milan,LOAN_RETURN_OR_END_OF_LOAN,End of loan 07/01/2026,TRANSFERMARKT_EXPANDED
2025/26,2025,IN,538918,Sebastiano Esposito,46,Inter Milan,749,FC Empoli,46,Inter Milan,LOAN_RETURN_OR_END_OF_LOAN,End of loan 10/06/2025,TRANSFERMARKT_EXPANDED
2025/26,2025,IN,993645,Tomás Palacios,46,Inter Milan,2919,AC Monza,46,Inter Milan,LOAN_RETURN_OR_END_OF_LOAN,End of loan 10/06/2025,TRANSFERMARKT_EXPANDED
2025/26,2025,IN,638793,Tajon Buchanan,46,Inter Milan,1050,Villarreal CF,46,Inter Milan,LOAN_RETURN_OR_END_OF_LOAN,End of loan 30/06/2025,TRANSFERMARKT_EXPANDED
2025/26,2025,IN,459661,Eddie Salcedo,46,Inter Milan,653,OFI Crete,46,Inter Milan,LOAN_RETURN_OR_END_OF_LOAN,End of loan 30/06/2025,TRANSFERMARKT_EXPANDED
2025/26,2025,IN,731491,Franco Carboni,46,Inter Milan,607,Venezia FC,46,Inter Milan,LOAN_RETURN_OR_END_OF_LOAN,End of loan 30/06/2025,TRANSFERMARKT_EXPANDED
2025/26,2025,IN,640109,Martín Satriano,46,Inter Milan,826,RC Lens,46,Inter Milan,LOAN_RETURN_OR_END_OF_LOAN,End of loan 30/06/2025,TRANSFERMARKT_EXPANDED
2025/26,2025,IN,552223,Filip Stanković,46,Inter Milan,607,Venezia FC,46,Inter Milan,LOAN_RETURN_OR_END_OF_LOAN,End of loan 30/06/2025,TRANSFERMARKT_EXPANDED
2025/26,2025,IN,338672,Zinho Vanheusden,46,Inter Milan,354,KV Mechelen,46,Inter Milan,LOAN_RETURN_OR_END_OF_LOAN,End of loan 30/06/2025,TRANSFERMARKT_EXPANDED
2025/26,2025,IN,969192,Ebenezer Akinsanmiro,46,Inter Milan,1038,UC Sampdoria,46,Inter Milan,LOAN_RETURN_OR_END_OF_LOAN,End of loan 30/06/2025,TRANSFERMARKT_EXPANDED
2025/26,2025,OUT,550108,Nicola Zalewski,46,Inter Milan,46,Inter Milan,800,Atalanta BC,PERMANENT_OR_OTHER_EXPLICIT,€17.50m,TRANSFERMARKT_EXPANDED
2025/26,2025,OUT,780136,Aleksandar Stanković,46,Inter Milan,46,Inter Milan,2282,Club Brugge KV,PERMANENT_OR_OTHER_EXPLICIT,€9.50m,TRANSFERMARKT_EXPANDED
2025/26,2025,OUT,638793,Tajon Buchanan,46,Inter Milan,46,Inter Milan,1050,Villarreal CF,PERMANENT_OR_OTHER_EXPLICIT,€9.00m,TRANSFERMARKT_EXPANDED
2025/26,2025,OUT,640109,Martín Satriano,46,Inter Milan,46,Inter Milan,826,RC Lens,PERMANENT_OR_OTHER_EXPLICIT,€4.75m,TRANSFERMARKT_EXPANDED
2025/26,2025,OUT,353366,Benjamin Pavard,46,Inter Milan,46,Inter Milan,244,Olympique Marseille,LOAN,Loan fee: €2.50m,TRANSFERMARKT_EXPANDED
2025/26,2025,OUT,307058,Mehdi Taremi,46,Inter Milan,46,Inter Milan,683,Olympiacos Piraeus,PERMANENT_OR_OTHER_EXPLICIT,€2.00m,TRANSFERMARKT_EXPANDED
2025/26,2025,OUT,552223,Filip Stanković,46,Inter Milan,46,Inter Milan,607,Venezia FC,PERMANENT_OR_OTHER_EXPLICIT,€1.50m,TRANSFERMARKT_EXPANDED
2025/26,2025,OUT,543771,Kristjan Asllani,46,Inter Milan,46,Inter Milan,416,Torino FC,LOAN,Loan fee: €1.50m,TRANSFERMARKT_EXPANDED
2025/26,2025,OUT,459661,Eddie Salcedo,46,Inter Milan,46,Inter Milan,653,OFI Crete,FREE_TRANSFER,free transfer,TRANSFERMARKT_EXPANDED
2025/26,2025,OUT,227081,Joaquín Correa,46,Inter Milan,46,Inter Milan,537,Botafogo de Futebol e Regatas,FREE_TRANSFER,free transfer,TRANSFERMARKT_EXPANDED
2025/26,2025,OUT,41384,Marko Arnautovic,46,Inter Milan,46,Inter Milan,159,Red Star Belgrade,FREE_TRANSFER,free transfer,TRANSFERMARKT_EXPANDED
2025/26,2025,OUT,787618,Valentín Carboni,46,Inter Milan,46,Inter Milan,1444,Racing Club,LOAN,loan transfer,TRANSFERMARKT_EXPANDED
2025/26,2025,OUT,993645,Tomás Palacios,46,Inter Milan,46,Inter Milan,288,Club Estudiantes de La Plata,LOAN,loan transfer,TRANSFERMARKT_EXPANDED
2025/26,2025,OUT,543771,Kristjan Asllani,46,Inter Milan,46,Inter Milan,114,Besiktas JK,LOAN,loan transfer,TRANSFERMARKT_EXPANDED
2025/26,2025,OUT,338672,Zinho Vanheusden,46,Inter Milan,46,Inter Milan,12361,Marbella FC,PERMANENT_OR_OTHER_EXPLICIT,?,TRANSFERMARKT_EXPANDED
2025/26,2025,OUT,731491,Franco Carboni,46,Inter Milan,46,Inter Milan,749,FC Empoli,LOAN,loan transfer,TRANSFERMARKT_EXPANDED
2025/26,2025,OUT,787618,Valentín Carboni,46,Inter Milan,46,Inter Milan,252,Genoa CFC,LOAN,loan transfer,TRANSFERMARKT_EXPANDED
2025/26,2025,OUT,969192,Ebenezer Akinsanmiro,46,Inter Milan,46,Inter Milan,4172,Pisa Sporting Club,LOAN,loan transfer,TRANSFERMARKT_EXPANDED
2025/26,2025,OUT,731491,Franco Carboni,46,Inter Milan,46,Inter Milan,130,Parma Calcio 1913,LOAN,loan transfer,TRANSFERMARKT_EXPANDED
2025/26,2025,OUT,538918,Sebastiano Esposito,46,Inter Milan,46,Inter Milan,1390,Cagliari Calcio,LOAN,loan transfer,TRANSFERMARKT_EXPANDED
2025/26,2025,OUT,915849,Yanis Massolin,46,Inter Milan,46,Inter Milan,1385,Modena FC,LOAN,loan transfer,TRANSFERMARKT_EXPANDED
2025/26,2025,OUT,550108,Nicola Zalewski,46,Inter Milan,46,Inter Milan,12,AS Roma,LOAN_RETURN_OR_END_OF_LOAN,End of loan 30/06/2025,TRANSFERMARKT_EXPANDED
2025/26,2025,IN,434433,Nikola Krstović,800,Atalanta BC,1005,US Lecce,800,Atalanta BC,PERMANENT_OR_OTHER_EXPLICIT,€25.00m,TRANSFERMARKT_EXPANDED
2025/26,2025,IN,405885,Giacomo Raspadori,800,Atalanta BC,13,Atlético de Madrid,800,Atalanta BC,PERMANENT_OR_OTHER_EXPLICIT,€22.00m,TRANSFERMARKT_EXPANDED
2025/26,2025,IN,644771,Odilon Kossounou,800,Atalanta BC,15,Bayer 04 Leverkusen,800,Atalanta BC,PERMANENT_OR_OTHER_EXPLICIT,€19.30m,TRANSFERMARKT_EXPANDED
2025/26,2025,IN,746695,Kamaldeen Sulemana,800,Atalanta BC,180,Southampton FC,800,Atalanta BC,PERMANENT_OR_OTHER_EXPLICIT,€17.50m,TRANSFERMARKT_EXPANDED
2025/26,2025,IN,550108,Nicola Zalewski,800,Atalanta BC,46,Inter Milan,800,Atalanta BC,PERMANENT_OR_OTHER_EXPLICIT,€17.50m,TRANSFERMARKT_EXPANDED
2025/26,2025,IN,528833,Lazar Samardžić,800,Atalanta BC,410,Udinese Calcio,800,Atalanta BC,PERMANENT_OR_OTHER_EXPLICIT,€16.60m,TRANSFERMARKT_EXPANDED
2025/26,2025,IN,1077175,Honest Ahanor,800,Atalanta BC,252,Genoa CFC,800,Atalanta BC,PERMANENT_OR_OTHER_EXPLICIT,€16.00m,TRANSFERMARKT_EXPANDED
2025/26,2025,IN,459128,Marco Brescianini,800,Atalanta BC,8970,Frosinone Calcio,800,Atalanta BC,PERMANENT_OR_OTHER_EXPLICIT,€10.00m,TRANSFERMARKT_EXPANDED
2025/26,2025,IN,503991,Yunus Musah,800,Atalanta BC,5,AC Milan,800,Atalanta BC,LOAN,Loan fee: €4.00m,TRANSFERMARKT_EXPANDED
2025/26,2025,IN,199976,Marco Sportiello,800,Atalanta BC,5,AC Milan,800,Atalanta BC,PERMANENT_OR_OTHER_EXPLICIT,€800k,TRANSFERMARKT_EXPANDED
2025/26,2025,IN,708635,Lorenzo Bernasconi,800,Atalanta BC,41110,Atalanta U23,800,Atalanta BC,PERMANENT_OR_OTHER_EXPLICIT,-,TRANSFERMARKT_EXPANDED
2025/26,2025,IN,343475,Ben Godfrey,800,Atalanta BC,350,Sheffield United,800,Atalanta BC,LOAN_RETURN_OR_END_OF_LOAN,End of loan 02/01/2026,TRANSFERMARKT_EXPANDED
2025/26,2025,IN,982267,Ibrahim Sulemana,800,Atalanta BC,1025,Bologna FC 1909,800,Atalanta BC,LOAN_RETURN_OR_END_OF_LOAN,End of loan 20/01/2026,TRANSFERMARKT_EXPANDED
2025/26,2025,IN,432092,Roberto Piccoli,800,Atalanta BC,1390,Cagliari Calcio,800,Atalanta BC,LOAN_RETURN_OR_END_OF_LOAN,End of loan 30/06/2025,TRANSFERMARKT_EXPANDED
2025/26,2025,IN,616628,Giorgio Cittadini,800,Atalanta BC,8970,Frosinone Calcio,800,Atalanta BC,LOAN_RETURN_OR_END_OF_LOAN,End of loan 30/06/2025,TRANSFERMARKT_EXPANDED
2025/26,2025,IN,663900,Giovanni Bonfanti,800,Atalanta BC,4172,Pisa Sporting Club,800,Atalanta BC,LOAN_RETURN_OR_END_OF_LOAN,End of loan 28/01/2026,TRANSFERMARKT_EXPANDED
2025/26,2025,IN,564305,Michel Adopo,800,Atalanta BC,1390,Cagliari Calcio,800,Atalanta BC,LOAN_RETURN_OR_END_OF_LOAN,End of loan 30/06/2025,TRANSFERMARKT_EXPANDED
2025/26,2025,IN,343475,Ben Godfrey,800,Atalanta BC,677,Ipswich Town,800,Atalanta BC,LOAN_RETURN_OR_END_OF_LOAN,End of loan 30/06/2025,TRANSFERMARKT_EXPANDED
2025/26,2025,IN,361065,Mitchel Bakker,800,Atalanta BC,1082,LOSC Lille,800,Atalanta BC,LOAN_RETURN_OR_END_OF_LOAN,End of loan 30/06/2025,TRANSFERMARKT_EXPANDED
2025/26,2025,IN,242359,Juan Musso,800,Atalanta BC,13,Atlético de Madrid,800,Atalanta BC,LOAN_RETURN_OR_END_OF_LOAN,End of loan 09/06/2025,TRANSFERMARKT_EXPANDED
2025/26,2025,IN,649016,El Bilal Touré,800,Atalanta BC,79,VfB Stuttgart,800,Atalanta BC,LOAN_RETURN_OR_END_OF_LOAN,End of loan 30/06/2025,TRANSFERMARKT_EXPANDED
2025/26,2025,IN,663900,Giovanni Bonfanti,800,Atalanta BC,4172,Pisa Sporting Club,800,Atalanta BC,LOAN_RETURN_OR_END_OF_LOAN,End of loan 30/06/2025,TRANSFERMARKT_EXPANDED
2025/26,2025,OUT,554903,Mateo Retegui,800,Atalanta BC,800,Atalanta BC,26069,Al-Qadsiah FC,PERMANENT_OR_OTHER_EXPLICIT,€61.75m,TRANSFERMARKT_EXPANDED
2025/26,2025,OUT,406040,Ademola Lookman,800,Atalanta BC,800,Atalanta BC,13,Atlético de Madrid,PERMANENT_OR_OTHER_EXPLICIT,€35.00m,TRANSFERMARKT_EXPANDED
2025/26,2025,OUT,616631,Matteo Ruggeri,800,Atalanta BC,800,Atalanta BC,13,Atlético de Madrid,PERMANENT_OR_OTHER_EXPLICIT,€17.00m,TRANSFERMARKT_EXPANDED
2025/26,2025,OUT,432092,Roberto Piccoli,800,Atalanta BC,800,Atalanta BC,1390,Cagliari Calcio,PERMANENT_OR_OTHER_EXPLICIT,€12.50m,TRANSFERMARKT_EXPANDED
2025/26,2025,OUT,564305,Michel Adopo,800,Atalanta BC,800,Atalanta BC,1390,Cagliari Calcio,PERMANENT_OR_OTHER_EXPLICIT,€3.80m,TRANSFERMARKT_EXPANDED
2025/26,2025,OUT,649016,El Bilal Touré,800,Atalanta BC,800,Atalanta BC,114,Besiktas JK,LOAN,Loan fee: €3.36m,TRANSFERMARKT_EXPANDED
2025/26,2025,OUT,242359,Juan Musso,800,Atalanta BC,800,Atalanta BC,13,Atlético de Madrid,PERMANENT_OR_OTHER_EXPLICIT,€3.00m,TRANSFERMARKT_EXPANDED
2025/26,2025,OUT,895937,Marco Palestra,800,Atalanta BC,800,Atalanta BC,1390,Cagliari Calcio,LOAN,Loan fee: €1.10m,TRANSFERMARKT_EXPANDED
2025/26,2025,OUT,459128,Marco Brescianini,800,Atalanta BC,800,Atalanta BC,430,ACF Fiorentina,LOAN,Loan fee: €1.00m,TRANSFERMARKT_EXPANDED
2025/26,2025,OUT,539134,Daniel Maldini,800,Atalanta BC,800,Atalanta BC,398,SS Lazio,LOAN,Loan fee: €1.00m,TRANSFERMARKT_EXPANDED
2025/26,2025,OUT,982267,Ibrahim Sulemana,800,Atalanta BC,800,Atalanta BC,1025,Bologna FC 1909,LOAN,Loan fee: €500k,TRANSFERMARKT_EXPANDED
2025/26,2025,OUT,663900,Giovanni Bonfanti,800,Atalanta BC,800,Atalanta BC,4172,Pisa Sporting Club,LOAN,Loan fee: €300k,TRANSFERMARKT_EXPANDED
2025/26,2025,OUT,343475,Ben Godfrey,800,Atalanta BC,800,Atalanta BC,350,Sheffield United,LOAN,Loan fee: €110k,TRANSFERMARKT_EXPANDED
2025/26,2025,OUT,616628,Giorgio Cittadini,800,Atalanta BC,800,Atalanta BC,8970,Frosinone Calcio,LOAN,Loan fee: €50k,TRANSFERMARKT_EXPANDED
2025/26,2025,OUT,45026,Rui Patrício,800,Atalanta BC,800,Atalanta BC,2150,Al-Ain FC,FREE_TRANSFER,free transfer,TRANSFERMARKT_EXPANDED
2025/26,2025,OUT,91970,Juan Cuadrado,800,Atalanta BC,800,Atalanta BC,4172,Pisa Sporting Club,FREE_TRANSFER,free transfer,TRANSFERMARKT_EXPANDED
2025/26,2025,OUT,72441,Rafael Tolói,800,Atalanta BC,800,Atalanta BC,585,São Paulo Futebol Clube,FREE_TRANSFER,free transfer,TRANSFERMARKT_EXPANDED
2025/26,2025,OUT,343475,Ben Godfrey,800,Atalanta BC,800,Atalanta BC,206,Bröndby IF,LOAN,loan transfer,TRANSFERMARKT_EXPANDED
2025/26,2025,OUT,982267,Ibrahim Sulemana,800,Atalanta BC,800,Atalanta BC,1390,Cagliari Calcio,LOAN,loan transfer,TRANSFERMARKT_EXPANDED
2025/26,2025,OUT,663900,Giovanni Bonfanti,800,Atalanta BC,800,Atalanta BC,3522,Spezia Calcio,LOAN,loan transfer,TRANSFERMARKT_EXPANDED
2025/26,2025,OUT,223974,Stefan Posch,800,Atalanta BC,800,Atalanta BC,1025,Bologna FC 1909,LOAN_RETURN_OR_END_OF_LOAN,End of loan 30/06/2025,TRANSFERMARKT_EXPANDED
2025/26,2025,OUT,644771,Odilon Kossounou,800,Atalanta BC,800,Atalanta BC,15,Bayer 04 Leverkusen,LOAN_RETURN_OR_END_OF_LOAN,End of loan 30/06/2025,TRANSFERMARKT_EXPANDED
2025/26,2025,OUT,528833,Lazar Samardžić,800,Atalanta BC,800,Atalanta BC,410,Udinese Calcio,LOAN_RETURN_OR_END_OF_LOAN,End of loan 30/06/2025,TRANSFERMARKT_EXPANDED
2025/26,2025,OUT,459128,Marco Brescianini,800,Atalanta BC,800,Atalanta BC,8970,Frosinone Calcio,LOAN_RETURN_OR_END_OF_LOAN,End of loan 30/06/2025,TRANSFERMARKT_EXPANDED
2025/26,2025,IN,487474,Francisco Conceição,506,Juventus FC,720,FC Porto,506,Juventus FC,PERMANENT_OR_OTHER_EXPLICIT,€32.00m,TRANSFERMARKT_EXPANDED
2025/26,2025,IN,486031,Nico González,506,Juventus FC,430,ACF Fiorentina,506,Juventus FC,PERMANENT_OR_OTHER_EXPLICIT,€28.10m,TRANSFERMARKT_EXPANDED
2025/26,2025,IN,480116,Lloyd Kelly,506,Juventus FC,762,Newcastle United,506,Juventus FC,PERMANENT_OR_OTHER_EXPLICIT,€17.20m,TRANSFERMARKT_EXPANDED
2025/26,2025,IN,496857,Edon Zhegrova,506,Juventus FC,1082,LOSC Lille,506,Juventus FC,PERMANENT_OR_OTHER_EXPLICIT,€15.50m,TRANSFERMARKT_EXPANDED
2025/26,2025,IN,301238,Michele Di Gregorio,506,Juventus FC,2919,AC Monza,506,Juventus FC,PERMANENT_OR_OTHER_EXPLICIT,€14.30m,TRANSFERMARKT_EXPANDED
2025/26,2025,IN,585949,Pierre Kalulu,506,Juventus FC,5,AC Milan,506,Juventus FC,PERMANENT_OR_OTHER_EXPLICIT,€14.30m,TRANSFERMARKT_EXPANDED
2025/26,2025,IN,537602,João Mário,506,Juventus FC,720,FC Porto,506,Juventus FC,PERMANENT_OR_OTHER_EXPLICIT,€12.00m,TRANSFERMARKT_EXPANDED
2025/26,2025,IN,368887,Loïs Openda,506,Juventus FC,23826,RB Leipzig,506,Juventus FC,LOAN,Loan fee: €3.25m,TRANSFERMARKT_EXPANDED
2025/26,2025,IN,571607,Fabio Miretti,506,Juventus FC,252,Genoa CFC,506,Juventus FC,LOAN_RETURN_OR_END_OF_LOAN,End of loan 30/06/2025 €500k,TRANSFERMARKT_EXPANDED
2025/26,2025,IN,533738,Jonathan David,506,Juventus FC,1082,LOSC Lille,506,Juventus FC,FREE_TRANSFER,free transfer,TRANSFERMARKT_EXPANDED
2025/26,2025,IN,216569,Jérémie Boga,506,Juventus FC,417,OGC Nice,506,Juventus FC,LOAN,loan transfer,TRANSFERMARKT_EXPANDED
2025/26,2025,IN,496745,Emil Holm,506,Juventus FC,1025,Bologna FC 1909,506,Juventus FC,LOAN,loan transfer,TRANSFERMARKT_EXPANDED
2025/26,2025,IN,244491,Stefano Gori,506,Juventus FC,3522,Spezia Calcio,506,Juventus FC,LOAN_RETURN_OR_END_OF_LOAN,End of loan 30/06/2025,TRANSFERMARKT_EXPANDED
2025/26,2025,IN,525704,Nicolò Rovella,506,Juventus FC,398,SS Lazio,506,Juventus FC,LOAN_RETURN_OR_END_OF_LOAN,End of loan 30/06/2025,TRANSFERMARKT_EXPANDED
2025/26,2025,IN,346567,Luca Pellegrini,506,Juventus FC,398,SS Lazio,506,Juventus FC,LOAN_RETURN_OR_END_OF_LOAN,End of loan 30/06/2025,TRANSFERMARKT_EXPANDED
2025/26,2025,IN,430280,Hans Nicolussi Caviglia,506,Juventus FC,607,Venezia FC,506,Juventus FC,LOAN_RETURN_OR_END_OF_LOAN,End of loan 30/06/2025,TRANSFERMARKT_EXPANDED
2025/26,2025,IN,825199,Facundo González,506,Juventus FC,234,Feyenoord Rotterdam,506,Juventus FC,LOAN_RETURN_OR_END_OF_LOAN,End of loan 30/06/2025,TRANSFERMARKT_EXPANDED
2025/26,2025,IN,88682,Mattia De Sciglio,506,Juventus FC,749,FC Empoli,506,Juventus FC,LOAN_RETURN_OR_END_OF_LOAN,End of loan 30/06/2025,TRANSFERMARKT_EXPANDED
2025/26,2025,IN,420465,Tiago Djaló,506,Juventus FC,720,FC Porto,506,Juventus FC,LOAN_RETURN_OR_END_OF_LOAN,End of loan 30/06/2025,TRANSFERMARKT_EXPANDED
2025/26,2025,IN,161011,Filip Kostic,506,Juventus FC,36,Fenerbahce,506,Juventus FC,LOAN_RETURN_OR_END_OF_LOAN,End of loan 10/06/2025,TRANSFERMARKT_EXPANDED
2025/26,2025,IN,447661,Douglas Luiz,506,Juventus FC,703,Nottingham Forest,506,Juventus FC,LOAN_RETURN_OR_END_OF_LOAN,End of loan 27/01/2026,TRANSFERMARKT_EXPANDED
2025/26,2025,IN,362842,Arthur Melo,506,Juventus FC,12321,Girona FC,506,Juventus FC,LOAN_RETURN_OR_END_OF_LOAN,End of loan 30/06/2025,TRANSFERMARKT_EXPANDED
2025/26,2025,IN,432090,Nicolò Fagioli,506,Juventus FC,430,ACF Fiorentina,506,Juventus FC,LOAN_RETURN_OR_END_OF_LOAN,End of loan 30/06/2025,TRANSFERMARKT_EXPANDED
2025/26,2025,IN,162959,Daniele Rugani,506,Juventus FC,610,Ajax Amsterdam,506,Juventus FC,LOAN_RETURN_OR_END_OF_LOAN,End of loan 10/06/2025,TRANSFERMARKT_EXPANDED
2025/26,2025,OUT,525704,Nicolò Rovella,506,Juventus FC,506,Juventus FC,398,SS Lazio,PERMANENT_OR_OTHER_EXPLICIT,€17.00m,TRANSFERMARKT_EXPANDED
2025/26,2025,OUT,877139,Alberto Costa,506,Juventus FC,506,Juventus FC,720,FC Porto,PERMANENT_OR_OTHER_EXPLICIT,€15.00m,TRANSFERMARKT_EXPANDED
2025/26,2025,OUT,432090,Nicolò Fagioli,506,Juventus FC,506,Juventus FC,430,ACF Fiorentina,PERMANENT_OR_OTHER_EXPLICIT,€13.50m,TRANSFERMARKT_EXPANDED
2025/26,2025,OUT,708072,Nicolò Savona,506,Juventus FC,506,Juventus FC,703,Nottingham Forest,PERMANENT_OR_OTHER_EXPLICIT,€13.00m,TRANSFERMARKT_EXPANDED
2025/26,2025,OUT,654991,Samuel Mbangula,506,Juventus FC,506,Juventus FC,86,SV Werder Bremen,PERMANENT_OR_OTHER_EXPLICIT,€10.00m,TRANSFERMARKT_EXPANDED
2025/26,2025,OUT,430280,Hans Nicolussi Caviglia,506,Juventus FC,506,Juventus FC,607,Venezia FC,PERMANENT_OR_OTHER_EXPLICIT,€4.10m,TRANSFERMARKT_EXPANDED
2025/26,2025,OUT,346567,Luca Pellegrini,506,Juventus FC,506,Juventus FC,398,SS Lazio,PERMANENT_OR_OTHER_EXPLICIT,€4.00m,TRANSFERMARKT_EXPANDED
2025/26,2025,OUT,420465,Tiago Djaló,506,Juventus FC,506,Juventus FC,114,Besiktas JK,PERMANENT_OR_OTHER_EXPLICIT,€3.50m,TRANSFERMARKT_EXPANDED
2025/26,2025,OUT,447661,Douglas Luiz,506,Juventus FC,506,Juventus FC,703,Nottingham Forest,LOAN,Loan fee: €2.85m,TRANSFERMARKT_EXPANDED
2025/26,2025,OUT,447661,Douglas Luiz,506,Juventus FC,506,Juventus FC,405,Aston Villa,LOAN,Loan fee: €2.00m,TRANSFERMARKT_EXPANDED
2025/26,2025,OUT,486031,Nico González,506,Juventus FC,506,Juventus FC,13,Atlético de Madrid,LOAN,Loan fee: €1.95m,TRANSFERMARKT_EXPANDED
2025/26,2025,OUT,370846,Timothy Weah,506,Juventus FC,506,Juventus FC,244,Olympique Marseille,LOAN,Loan fee: €1.00m,TRANSFERMARKT_EXPANDED
2025/26,2025,OUT,162959,Daniele Rugani,506,Juventus FC,506,Juventus FC,430,ACF Fiorentina,LOAN,Loan fee: €500k,TRANSFERMARKT_EXPANDED
2025/26,2025,OUT,244491,Stefano Gori,506,Juventus FC,506,Juventus FC,132806,Union Brescia,FREE_TRANSFER,free transfer,TRANSFERMARKT_EXPANDED
2025/26,2025,OUT,537602,João Mário,506,Juventus FC,506,Juventus FC,1025,Bologna FC 1909,LOAN,loan transfer,TRANSFERMARKT_EXPANDED
2025/26,2025,OUT,362842,Arthur Melo,506,Juventus FC,506,Juventus FC,210,Grêmio Foot-Ball Porto Alegrense,LOAN,loan transfer,TRANSFERMARKT_EXPANDED
2025/26,2025,OUT,825199,Facundo González,506,Juventus FC,506,Juventus FC,630,Racing Santander,LOAN,loan transfer,TRANSFERMARKT_EXPANDED
2025/26,2025,OUT,741090,Jonas Rouhi,506,Juventus FC,506,Juventus FC,4159,Carrarese Calcio 1908,LOAN,loan transfer,TRANSFERMARKT_EXPANDED
2025/26,2025,OUT,88682,Mattia De Sciglio,506,Juventus FC,506,Juventus FC,515,Without Club,FREE_AGENT_OR_END_OF_CONTRACT,-,TRANSFERMARKT_EXPANDED
2025/26,2025,OUT,301238,Michele Di Gregorio,506,Juventus FC,506,Juventus FC,2919,AC Monza,LOAN_RETURN_OR_END_OF_LOAN,End of loan 30/06/2025,TRANSFERMARKT_EXPANDED
2025/26,2025,OUT,585949,Pierre Kalulu,506,Juventus FC,506,Juventus FC,5,AC Milan,LOAN_RETURN_OR_END_OF_LOAN,End of loan 30/06/2025,TRANSFERMARKT_EXPANDED
2025/26,2025,OUT,486031,Nico González,506,Juventus FC,506,Juventus FC,430,ACF Fiorentina,LOAN_RETURN_OR_END_OF_LOAN,End of loan 30/06/2025,TRANSFERMARKT_EXPANDED
2025/26,2025,OUT,487474,Francisco Conceição,506,Juventus FC,506,Juventus FC,720,FC Porto,LOAN_RETURN_OR_END_OF_LOAN,End of loan 30/06/2025,TRANSFERMARKT_EXPANDED
2025/26,2025,OUT,487969,Randal Kolo Muani,506,Juventus FC,506,Juventus FC,583,Paris Saint-Germain,LOAN_RETURN_OR_END_OF_LOAN,End of loan 15/07/2025,TRANSFERMARKT_EXPANDED
2025/26,2025,OUT,480116,Lloyd Kelly,506,Juventus FC,506,Juventus FC,762,Newcastle United,LOAN_RETURN_OR_END_OF_LOAN,End of loan 30/06/2025,TRANSFERMARKT_EXPANDED
2025/26,2025,OUT,805714,Renato Veiga,506,Juventus FC,506,Juventus FC,631,Chelsea FC,LOAN_RETURN_OR_END_OF_LOAN,End of loan 10/06/2025,TRANSFERMARKT_EXPANDED
2025/26,2025,IN,964580,Wesley,12,AS Roma,614,CR Flamengo,12,AS Roma,PERMANENT_OR_OTHER_EXPLICIT,€25.00m,TRANSFERMARKT_EXPANDED
2025/26,2025,IN,901019,Neil El Aynaoui,12,AS Roma,826,RC Lens,12,AS Roma,PERMANENT_OR_OTHER_EXPLICIT,€23.50m,TRANSFERMARKT_EXPANDED
2025/26,2025,IN,1131161,Robinio Vaz,12,AS Roma,244,Olympique Marseille,12,AS Roma,PERMANENT_OR_OTHER_EXPLICIT,€22.00m,TRANSFERMARKT_EXPANDED
2025/26,2025,IN,1046867,Jan Ziolkowski,12,AS Roma,255,Legia Warszawa,12,AS Roma,PERMANENT_OR_OTHER_EXPLICIT,€6.60m,TRANSFERMARKT_EXPANDED
2025/26,2025,IN,387626,Leon Bailey,12,AS Roma,405,Aston Villa,12,AS Roma,LOAN,Loan fee: €3.00m,TRANSFERMARKT_EXPANDED
2025/26,2025,IN,648046,Evan Ferguson,12,AS Roma,1237,Brighton & Hove Albion,12,AS Roma,LOAN,Loan fee: €3.00m,TRANSFERMARKT_EXPANDED
2025/26,2025,IN,701819,Daniele Ghilardi,12,AS Roma,276,Hellas Verona,12,AS Roma,LOAN,Loan fee: €2.50m,TRANSFERMARKT_EXPANDED
2025/26,2025,IN,713644,Bryan Zaragoza,12,AS Roma,27,Bayern Munich,12,AS Roma,LOAN,Loan fee: €2.00m,TRANSFERMARKT_EXPANDED
2025/26,2025,IN,326029,Donyell Malen,12,AS Roma,405,Aston Villa,12,AS Roma,LOAN,Loan fee: €2.00m,TRANSFERMARKT_EXPANDED
2025/26,2025,IN,1073023,Radoslaw Zelezny,12,AS Roma,11008,Juventus Primavera,12,AS Roma,FREE_TRANSFER,free transfer,TRANSFERMARKT_EXPANDED
2025/26,2025,IN,495722,Devis Vásquez,12,AS Roma,5,AC Milan,12,AS Roma,FREE_TRANSFER,free transfer,TRANSFERMARKT_EXPANDED
2025/26,2025,IN,338070,Konstantinos Tsimikas,12,AS Roma,31,Liverpool FC,12,AS Roma,LOAN,loan transfer,TRANSFERMARKT_EXPANDED
2025/26,2025,IN,1061820,Lorenzo Venturino,12,AS Roma,252,Genoa CFC,12,AS Roma,LOAN,loan transfer,TRANSFERMARKT_EXPANDED
2025/26,2025,IN,803005,Mattia Mannini,12,AS Roma,11997,Roma U20,12,AS Roma,PERMANENT_OR_OTHER_EXPLICIT,-,TRANSFERMARKT_EXPANDED
2025/26,2025,IN,647484,Ebrima Darboe,12,AS Roma,8970,Frosinone Calcio,12,AS Roma,LOAN_RETURN_OR_END_OF_LOAN,End of loan 30/06/2025,TRANSFERMARKT_EXPANDED
2025/26,2025,IN,721227,Luigi Cherubini,12,AS Roma,4159,Carrarese Calcio 1908,12,AS Roma,LOAN_RETURN_OR_END_OF_LOAN,End of loan 30/06/2025,TRANSFERMARKT_EXPANDED
2025/26,2025,IN,431811,Ola Solbakken,12,AS Roma,749,FC Empoli,12,AS Roma,LOAN_RETURN_OR_END_OF_LOAN,End of loan 30/06/2025,TRANSFERMARKT_EXPANDED
2025/26,2025,IN,929871,Matteo Plaia,12,AS Roma,839,AC Perugia Calcio,12,AS Roma,LOAN_RETURN_OR_END_OF_LOAN,End of loan 30/06/2025,TRANSFERMARKT_EXPANDED
2025/26,2025,IN,581604,Pietro Boer,12,AS Roma,34499,US Pianese,12,AS Roma,LOAN_RETURN_OR_END_OF_LOAN,End of loan 30/06/2025,TRANSFERMARKT_EXPANDED
2025/26,2025,IN,659415,Riccardo Pagano,12,AS Roma,4097,US Catanzaro,12,AS Roma,LOAN_RETURN_OR_END_OF_LOAN,End of loan 30/06/2025,TRANSFERMARKT_EXPANDED
2025/26,2025,IN,371371,Marash Kumbulla,12,AS Roma,714,RCD Espanyol Barcelona,12,AS Roma,LOAN_RETURN_OR_END_OF_LOAN,End of loan 30/06/2025,TRANSFERMARKT_EXPANDED
2025/26,2025,IN,331726,Tammy Abraham,12,AS Roma,5,AC Milan,12,AS Roma,LOAN_RETURN_OR_END_OF_LOAN,End of loan 30/06/2025,TRANSFERMARKT_EXPANDED
2025/26,2025,IN,562049,Edoardo Bove,12,AS Roma,430,ACF Fiorentina,12,AS Roma,LOAN_RETURN_OR_END_OF_LOAN,End of loan 30/06/2025,TRANSFERMARKT_EXPANDED
2025/26,2025,IN,633992,Enzo Le Fée,12,AS Roma,289,Sunderland AFC,12,AS Roma,LOAN_RETURN_OR_END_OF_LOAN,End of loan 30/06/2025,TRANSFERMARKT_EXPANDED
2025/26,2025,IN,703227,Davide Mastrantonio,12,AS Roma,4271,US Triestina,12,AS Roma,LOAN_RETURN_OR_END_OF_LOAN,End of loan 30/06/2025,TRANSFERMARKT_EXPANDED
2025/26,2025,IN,281769,Mario Hermoso,12,AS Roma,15,Bayer 04 Leverkusen,12,AS Roma,LOAN_RETURN_OR_END_OF_LOAN,End of loan 30/06/2025,TRANSFERMARKT_EXPANDED
2025/26,2025,IN,550108,Nicola Zalewski,12,AS Roma,46,Inter Milan,12,AS Roma,LOAN_RETURN_OR_END_OF_LOAN,End of loan 30/06/2025,TRANSFERMARKT_EXPANDED
2025/26,2025,IN,605396,Samuel Dahl,12,AS Roma,294,SL Benfica,12,AS Roma,LOAN_RETURN_OR_END_OF_LOAN,End of loan 30/06/2025,TRANSFERMARKT_EXPANDED
2025/26,2025,IN,331726,Tammy Abraham,12,AS Roma,114,Besiktas JK,12,AS Roma,LOAN_RETURN_OR_END_OF_LOAN,End of loan 25/01/2026,TRANSFERMARKT_EXPANDED
2025/26,2025,OUT,633992,Enzo Le Fée,12,AS Roma,12,AS Roma,289,Sunderland AFC,PERMANENT_OR_OTHER_EXPLICIT,€23.75m,TRANSFERMARKT_EXPANDED
2025/26,2025,OUT,331726,Tammy Abraham,12,AS Roma,12,AS Roma,114,Besiktas JK,PERMANENT_OR_OTHER_EXPLICIT,€15.00m,TRANSFERMARKT_EXPANDED
2025/26,2025,OUT,605396,Samuel Dahl,12,AS Roma,12,AS Roma,294,SL Benfica,PERMANENT_OR_OTHER_EXPLICIT,€8.55m,TRANSFERMARKT_EXPANDED
2025/26,2025,OUT,550108,Nicola Zalewski,12,AS Roma,12,AS Roma,46,Inter Milan,PERMANENT_OR_OTHER_EXPLICIT,€8.00m,TRANSFERMARKT_EXPANDED
2025/26,2025,OUT,166237,Leandro Paredes,12,AS Roma,12,AS Roma,189,CA Boca Juniors,PERMANENT_OR_OTHER_EXPLICIT,€3.00m,TRANSFERMARKT_EXPANDED
2025/26,2025,OUT,358166,Eldor Shomurodov,12,AS Roma,12,AS Roma,6890,Basaksehir FK,LOAN,Loan fee: €3.00m,TRANSFERMARKT_EXPANDED
2025/26,2025,OUT,331726,Tammy Abraham,12,AS Roma,12,AS Roma,114,Besiktas JK,LOAN,Loan fee: €2.00m,TRANSFERMARKT_EXPANDED
2025/26,2025,OUT,431811,Ola Solbakken,12,AS Roma,12,AS Roma,2778,FC Nordsjaelland,PERMANENT_OR_OTHER_EXPLICIT,€950k,TRANSFERMARKT_EXPANDED
2025/26,2025,OUT,631927,Saud Abdulhamid,12,AS Roma,12,AS Roma,826,RC Lens,LOAN,Loan fee: €500k,TRANSFERMARKT_EXPANDED
2025/26,2025,OUT,929871,Matteo Plaia,12,AS Roma,12,AS Roma,41110,Atalanta U23,PERMANENT_OR_OTHER_EXPLICIT,€400k,TRANSFERMARKT_EXPANDED
2025/26,2025,OUT,703227,Davide Mastrantonio,12,AS Roma,12,AS Roma,22045,Latina Calcio 1932,FREE_TRANSFER,free transfer,TRANSFERMARKT_EXPANDED
2025/26,2025,OUT,1041614,Renato Marin,12,AS Roma,12,AS Roma,583,Paris Saint-Germain,FREE_TRANSFER,free transfer,TRANSFERMARKT_EXPANDED
2025/26,2025,OUT,562049,Edoardo Bove,12,AS Roma,12,AS Roma,1010,Watford FC,FREE_TRANSFER,free transfer,TRANSFERMARKT_EXPANDED
2025/26,2025,OUT,495722,Devis Vásquez,12,AS Roma,12,AS Roma,114,Besiktas JK,LOAN,loan transfer,TRANSFERMARKT_EXPANDED
2025/26,2025,OUT,647484,Ebrima Darboe,12,AS Roma,12,AS Roma,332,SSC Bari,PERMANENT_OR_OTHER_EXPLICIT,?,TRANSFERMARKT_EXPANDED
2025/26,2025,OUT,581604,Pietro Boer,12,AS Roma,12,AS Roma,5587,SS Juve Stabia,PERMANENT_OR_OTHER_EXPLICIT,?,TRANSFERMARKT_EXPANDED
2025/26,2025,OUT,485584,Anass Salah-Eddine,12,AS Roma,12,AS Roma,383,PSV Eindhoven,LOAN,loan transfer,TRANSFERMARKT_EXPANDED
2025/26,2025,OUT,721227,Luigi Cherubini,12,AS Roma,12,AS Roma,1038,UC Sampdoria,LOAN,loan transfer,TRANSFERMARKT_EXPANDED
2025/26,2025,OUT,371371,Marash Kumbulla,12,AS Roma,12,AS Roma,237,RCD Mallorca,LOAN,loan transfer,TRANSFERMARKT_EXPANDED
2025/26,2025,OUT,803005,Mattia Mannini,12,AS Roma,12,AS Roma,5587,SS Juve Stabia,LOAN,loan transfer,TRANSFERMARKT_EXPANDED
2025/26,2025,OUT,641537,Tommaso Baldanzi,12,AS Roma,12,AS Roma,252,Genoa CFC,LOAN,loan transfer,TRANSFERMARKT_EXPANDED
2025/26,2025,OUT,962125,Buba Sangaré,12,AS Roma,12,AS Roma,1531,Elche CF,LOAN,loan transfer,TRANSFERMARKT_EXPANDED
2025/26,2025,OUT,659415,Riccardo Pagano,12,AS Roma,12,AS Roma,332,SSC Bari,LOAN,loan transfer,TRANSFERMARKT_EXPANDED
2025/26,2025,OUT,39728,Mats Hummels,12,AS Roma,12,AS Roma,,Retired,RETIREMENT,-,TRANSFERMARKT_EXPANDED
2025/26,2025,OUT,387626,Leon Bailey,12,AS Roma,12,AS Roma,405,Aston Villa,LOAN_RETURN_OR_END_OF_LOAN,End of loan 21/01/2026,TRANSFERMARKT_EXPANDED
2025/26,2025,OUT,381950,Alexis Saelemaekers,12,AS Roma,12,AS Roma,5,AC Milan,LOAN_RETURN_OR_END_OF_LOAN,End of loan 30/06/2025,TRANSFERMARKT_EXPANDED
2025/26,2025,OUT,422951,Victor Nelsson,12,AS Roma,12,AS Roma,141,Galatasaray,LOAN_RETURN_OR_END_OF_LOAN,End of loan 30/06/2025,TRANSFERMARKT_EXPANDED
2025/26,2025,OUT,620313,Lucas Gourna-Douath,12,AS Roma,12,AS Roma,409,Red Bull Salzburg,LOAN_RETURN_OR_END_OF_LOAN,End of loan 30/06/2025,TRANSFERMARKT_EXPANDED
2025/26,2025,IN,432092,Roberto Piccoli,430,ACF Fiorentina,1390,Cagliari Calcio,430,ACF Fiorentina,PERMANENT_OR_OTHER_EXPLICIT,€25.00m,TRANSFERMARKT_EXPANDED
2025/26,2025,IN,305947,Albert Gudmundsson,430,ACF Fiorentina,252,Genoa CFC,430,ACF Fiorentina,PERMANENT_OR_OTHER_EXPLICIT,€16.80m,TRANSFERMARKT_EXPANDED
2025/26,2025,IN,507486,Simon Sohm,430,ACF Fiorentina,130,Parma Calcio 1913,430,ACF Fiorentina,PERMANENT_OR_OTHER_EXPLICIT,€15.00m,TRANSFERMARKT_EXPANDED
2025/26,2025,IN,432090,Nicolò Fagioli,430,ACF Fiorentina,506,Juventus FC,430,ACF Fiorentina,PERMANENT_OR_OTHER_EXPLICIT,€13.50m,TRANSFERMARKT_EXPANDED
2025/26,2025,IN,691482,Jacopo Fazzini,430,ACF Fiorentina,749,FC Empoli,430,ACF Fiorentina,PERMANENT_OR_OTHER_EXPLICIT,€9.30m,TRANSFERMARKT_EXPANDED
2025/26,2025,IN,273132,Robin Gosens,430,ACF Fiorentina,89,1.FC Union Berlin,430,ACF Fiorentina,PERMANENT_OR_OTHER_EXPLICIT,€7.00m,TRANSFERMARKT_EXPANDED
2025/26,2025,IN,504148,Tariq Lamptey,430,ACF Fiorentina,1237,Brighton & Hove Albion,430,ACF Fiorentina,PERMANENT_OR_OTHER_EXPLICIT,€3.00m,TRANSFERMARKT_EXPANDED
2025/26,2025,IN,430280,Hans Nicolussi Caviglia,430,ACF Fiorentina,607,Venezia FC,430,ACF Fiorentina,LOAN,Loan fee: €1.00m,TRANSFERMARKT_EXPANDED
2025/26,2025,IN,417346,Jack Harrison,430,ACF Fiorentina,399,Leeds United,430,ACF Fiorentina,LOAN,Loan fee: €1.00m,TRANSFERMARKT_EXPANDED
2025/26,2025,IN,459128,Marco Brescianini,430,ACF Fiorentina,800,Atalanta BC,430,ACF Fiorentina,LOAN,Loan fee: €1.00m,TRANSFERMARKT_EXPANDED
2025/26,2025,IN,162959,Daniele Rugani,430,ACF Fiorentina,506,Juventus FC,430,ACF Fiorentina,LOAN,Loan fee: €500k,TRANSFERMARKT_EXPANDED
2025/26,2025,IN,1015822,Eman Košpo,430,ACF Fiorentina,2470,FC Barcelona U19,430,ACF Fiorentina,PERMANENT_OR_OTHER_EXPLICIT,€285k,TRANSFERMARKT_EXPANDED
2025/26,2025,IN,135747,Luca Lezzerini,430,ACF Fiorentina,19,Brescia Calcio (- 2025),430,ACF Fiorentina,FREE_TRANSFER,free transfer,TRANSFERMARKT_EXPANDED
2025/26,2025,IN,28396,Edin Dzeko,430,ACF Fiorentina,36,Fenerbahce,430,ACF Fiorentina,FREE_TRANSFER,free transfer,TRANSFERMARKT_EXPANDED
2025/26,2025,IN,493702,Mattia Viti,430,ACF Fiorentina,417,OGC Nice,430,ACF Fiorentina,LOAN,loan transfer,TRANSFERMARKT_EXPANDED
2025/26,2025,IN,396638,Manor Solomon,430,ACF Fiorentina,148,Tottenham Hotspur,430,ACF Fiorentina,LOAN,loan transfer,TRANSFERMARKT_EXPANDED
2025/26,2025,IN,633668,Giovanni Fabbian,430,ACF Fiorentina,1025,Bologna FC 1909,430,ACF Fiorentina,LOAN,loan transfer,TRANSFERMARKT_EXPANDED
2025/26,2025,IN,957822,Eddy Kouadio,430,ACF Fiorentina,8505,Fiorentina Primavera,430,ACF Fiorentina,PERMANENT_OR_OTHER_EXPLICIT,-,TRANSFERMARKT_EXPANDED
2025/26,2025,IN,1012731,Luis Balbo,430,ACF Fiorentina,8505,Fiorentina Primavera,430,ACF Fiorentina,PERMANENT_OR_OTHER_EXPLICIT,-,TRANSFERMARKT_EXPANDED
2025/26,2025,IN,934514,Riccardo Braschi,430,ACF Fiorentina,8505,Fiorentina Primavera,430,ACF Fiorentina,PERMANENT_OR_OTHER_EXPLICIT,-,TRANSFERMARKT_EXPANDED
2025/26,2025,IN,907688,Riccardo Spaggiari,430,ACF Fiorentina,8505,Fiorentina Primavera,430,ACF Fiorentina,PERMANENT_OR_OTHER_EXPLICIT,-,TRANSFERMARKT_EXPANDED
2025/26,2025,IN,272261,Antonín Barák,430,ACF Fiorentina,10484,Kasimpasa,430,ACF Fiorentina,LOAN_RETURN_OR_END_OF_LOAN,End of loan 30/06/2025,TRANSFERMARKT_EXPANDED
2025/26,2025,IN,820635,Costantino Favasuli,430,ACF Fiorentina,332,SSC Bari,430,ACF Fiorentina,LOAN_RETURN_OR_END_OF_LOAN,End of loan 30/06/2025,TRANSFERMARKT_EXPANDED
2025/26,2025,IN,658612,Dimo Krastev,430,ACF Fiorentina,1103,Ternana Calcio,430,ACF Fiorentina,LOAN_RETURN_OR_END_OF_LOAN,End of loan 30/06/2025,TRANSFERMARKT_EXPANDED
2025/26,2025,IN,984964,Niccolò Fortini,430,ACF Fiorentina,5587,SS Juve Stabia,430,ACF Fiorentina,LOAN_RETURN_OR_END_OF_LOAN,End of loan 30/06/2025,TRANSFERMARKT_EXPANDED
2025/26,2025,IN,602124,Alessandro Bianco,430,ACF Fiorentina,2919,AC Monza,430,ACF Fiorentina,LOAN_RETURN_OR_END_OF_LOAN,End of loan 30/06/2025,TRANSFERMARKT_EXPANDED
2025/26,2025,IN,658612,Dimo Krastev,430,ACF Fiorentina,8373,Siracusa Calcio,430,ACF Fiorentina,LOAN_RETURN_OR_END_OF_LOAN,End of loan 07/01/2026,TRANSFERMARKT_EXPANDED
2025/26,2025,IN,287579,Sofyan Amrabat,430,ACF Fiorentina,36,Fenerbahce,430,ACF Fiorentina,LOAN_RETURN_OR_END_OF_LOAN,End of loan 30/06/2025,TRANSFERMARKT_EXPANDED
2025/26,2025,IN,486031,Nico González,430,ACF Fiorentina,506,Juventus FC,430,ACF Fiorentina,LOAN_RETURN_OR_END_OF_LOAN,End of loan 30/06/2025,TRANSFERMARKT_EXPANDED
2025/26,2025,IN,354814,M'Bala Nzola,430,ACF Fiorentina,826,RC Lens,430,ACF Fiorentina,LOAN_RETURN_OR_END_OF_LOAN,End of loan 30/06/2025,TRANSFERMARKT_EXPANDED
2025/26,2025,IN,534083,Edoardo Pierozzi,430,ACF Fiorentina,2921,Delfino Pescara 1936,430,ACF Fiorentina,LOAN_RETURN_OR_END_OF_LOAN,End of loan 30/06/2025,TRANSFERMARKT_EXPANDED
2025/26,2025,IN,707450,Lorenzo Amatucci,430,ACF Fiorentina,380,US Salernitana 1919,430,ACF Fiorentina,LOAN_RETURN_OR_END_OF_LOAN,End of loan 30/06/2025,TRANSFERMARKT_EXPANDED
2025/26,2025,IN,669915,Filippo Distefano,430,ACF Fiorentina,8970,Frosinone Calcio,430,ACF Fiorentina,LOAN_RETURN_OR_END_OF_LOAN,End of loan 30/06/2025,TRANSFERMARKT_EXPANDED
2025/26,2025,IN,679271,Davide Gentile,430,ACF Fiorentina,380,US Salernitana 1919,430,ACF Fiorentina,LOAN_RETURN_OR_END_OF_LOAN,End of loan 30/06/2025,TRANSFERMARKT_EXPANDED
2025/26,2025,IN,324690,Jonathan Ikoné,430,ACF Fiorentina,1047,Como 1907,430,ACF Fiorentina,LOAN_RETURN_OR_END_OF_LOAN,End of loan 30/06/2025,TRANSFERMARKT_EXPANDED
2025/26,2025,IN,567454,Lorenzo Lucchesi,430,ACF Fiorentina,607,Venezia FC,430,ACF Fiorentina,LOAN_RETURN_OR_END_OF_LOAN,End of loan 30/06/2025,TRANSFERMARKT_EXPANDED
2025/26,2025,IN,724418,Eljon Toci,430,ACF Fiorentina,4146,Aurora Pro Patria,430,ACF Fiorentina,LOAN_RETURN_OR_END_OF_LOAN,End of loan 30/06/2025,TRANSFERMARKT_EXPANDED
2025/26,2025,IN,471936,Oliver Christensen,430,ACF Fiorentina,122,SK Sturm Graz,430,ACF Fiorentina,LOAN_RETURN_OR_END_OF_LOAN,End of loan 31/12/2025,TRANSFERMARKT_EXPANDED
2025/26,2025,IN,386455,Riccardo Sottil,430,ACF Fiorentina,5,AC Milan,430,ACF Fiorentina,LOAN_RETURN_OR_END_OF_LOAN,End of loan 30/06/2025,TRANSFERMARKT_EXPANDED
2025/26,2025,IN,124555,Cristiano Biraghi,430,ACF Fiorentina,416,Torino FC,430,ACF Fiorentina,LOAN_RETURN_OR_END_OF_LOAN,End of loan 30/06/2025,TRANSFERMARKT_EXPANDED
2025/26,2025,IN,354814,M'Bala Nzola,430,ACF Fiorentina,4172,Pisa Sporting Club,430,ACF Fiorentina,LOAN_RETURN_OR_END_OF_LOAN,End of loan 30/01/2026,TRANSFERMARKT_EXPANDED
2025/26,2025,IN,337725,Christian Kouamé,430,ACF Fiorentina,749,FC Empoli,430,ACF Fiorentina,LOAN_RETURN_OR_END_OF_LOAN,End of loan 30/06/2025,TRANSFERMARKT_EXPANDED
2025/26,2025,IN,293169,Josip Brekalo,430,ACF Fiorentina,10484,Kasimpasa,430,ACF Fiorentina,LOAN_RETURN_OR_END_OF_LOAN,End of loan 30/06/2025,TRANSFERMARKT_EXPANDED
2025/26,2025,IN,340394,Abdelhamid Sabiri,430,ACF Fiorentina,28844,Al-Taawoun FC,430,ACF Fiorentina,LOAN_RETURN_OR_END_OF_LOAN,End of loan 30/06/2025,TRANSFERMARKT_EXPANDED
2025/26,2025,IN,459707,Eduard Duțu,430,ACF Fiorentina,704,Calcio Foggia 1920,430,ACF Fiorentina,LOAN_RETURN_OR_END_OF_LOAN,End of loan 30/06/2025,TRANSFERMARKT_EXPANDED
2025/26,2025,IN,823486,Michael Kayode,430,ACF Fiorentina,1148,Brentford FC,430,ACF Fiorentina,LOAN_RETURN_OR_END_OF_LOAN,End of loan 30/06/2025,TRANSFERMARKT_EXPANDED
2025/26,2025,IN,471936,Oliver Christensen,430,ACF Fiorentina,380,US Salernitana 1919,430,ACF Fiorentina,LOAN_RETURN_OR_END_OF_LOAN,End of loan 30/06/2025,TRANSFERMARKT_EXPANDED
2025/26,2025,IN,825499,Niccolò Nardi,430,ACF Fiorentina,34499,US Pianese,430,ACF Fiorentina,LOAN_RETURN_OR_END_OF_LOAN,End of loan 30/06/2025,TRANSFERMARKT_EXPANDED
2025/26,2025,IN,831162,Gino Infantino,430,ACF Fiorentina,2150,Al-Ain FC,430,ACF Fiorentina,LOAN_RETURN_OR_END_OF_LOAN,End of loan 30/06/2025,TRANSFERMARKT_EXPANDED
2025/26,2025,OUT,486031,Nico González,430,ACF Fiorentina,430,ACF Fiorentina,506,Juventus FC,PERMANENT_OR_OTHER_EXPLICIT,€28.10m,TRANSFERMARKT_EXPANDED
2025/26,2025,OUT,823486,Michael Kayode,430,ACF Fiorentina,430,ACF Fiorentina,1148,Brentford FC,PERMANENT_OR_OTHER_EXPLICIT,€17.50m,TRANSFERMARKT_EXPANDED
2025/26,2025,OUT,287579,Sofyan Amrabat,430,ACF Fiorentina,430,ACF Fiorentina,36,Fenerbahce,PERMANENT_OR_OTHER_EXPLICIT,€12.00m,TRANSFERMARKT_EXPANDED
2025/26,2025,OUT,324690,Jonathan Ikoné,430,ACF Fiorentina,430,ACF Fiorentina,10004,Paris FC,PERMANENT_OR_OTHER_EXPLICIT,€2.00m,TRANSFERMARKT_EXPANDED
2025/26,2025,OUT,210178,Pablo Marí,430,ACF Fiorentina,430,ACF Fiorentina,1114,Al-Hilal SFC,PERMANENT_OR_OTHER_EXPLICIT,€2.00m,TRANSFERMARKT_EXPANDED
2025/26,2025,OUT,628366,Lucas Beltrán,430,ACF Fiorentina,430,ACF Fiorentina,1049,Valencia CF,LOAN,Loan fee: €900k,TRANSFERMARKT_EXPANDED
2025/26,2025,OUT,354814,M'Bala Nzola,430,ACF Fiorentina,430,ACF Fiorentina,4172,Pisa Sporting Club,LOAN,Loan fee: €500k,TRANSFERMARKT_EXPANDED
2025/26,2025,OUT,386455,Riccardo Sottil,430,ACF Fiorentina,430,ACF Fiorentina,1005,US Lecce,LOAN,Loan fee: €500k,TRANSFERMARKT_EXPANDED
2025/26,2025,OUT,124555,Cristiano Biraghi,430,ACF Fiorentina,430,ACF Fiorentina,416,Torino FC,PERMANENT_OR_OTHER_EXPLICIT,€260k,TRANSFERMARKT_EXPANDED
2025/26,2025,OUT,567454,Lorenzo Lucchesi,430,ACF Fiorentina,430,ACF Fiorentina,2919,AC Monza,LOAN,Loan fee: €250k,TRANSFERMARKT_EXPANDED
2025/26,2025,OUT,471936,Oliver Christensen,430,ACF Fiorentina,430,ACF Fiorentina,122,SK Sturm Graz,LOAN,Loan fee: €170k,TRANSFERMARKT_EXPANDED
2025/26,2025,OUT,820635,Costantino Favasuli,430,ACF Fiorentina,430,ACF Fiorentina,4097,US Catanzaro,FREE_TRANSFER,free transfer,TRANSFERMARKT_EXPANDED
2025/26,2025,OUT,679271,Davide Gentile,430,ACF Fiorentina,430,ACF Fiorentina,1210,US Livorno 1915,FREE_TRANSFER,free transfer,TRANSFERMARKT_EXPANDED
2025/26,2025,OUT,459707,Eduard Duțu,430,ACF Fiorentina,430,ACF Fiorentina,22045,Latina Calcio 1932,FREE_TRANSFER,free transfer,TRANSFERMARKT_EXPANDED
2025/26,2025,OUT,534083,Edoardo Pierozzi,430,ACF Fiorentina,430,ACF Fiorentina,4171,Benevento Calcio,FREE_TRANSFER,free transfer,TRANSFERMARKT_EXPANDED
2025/26,2025,OUT,724418,Eljon Toci,430,ACF Fiorentina,430,ACF Fiorentina,91510,Dolomiti Bellunesi,FREE_TRANSFER,free transfer,TRANSFERMARKT_EXPANDED
2025/26,2025,OUT,293169,Josip Brekalo,430,ACF Fiorentina,430,ACF Fiorentina,2497,Real Oviedo,FREE_TRANSFER,free transfer,TRANSFERMARKT_EXPANDED
2025/26,2025,OUT,825499,Niccolò Nardi,430,ACF Fiorentina,430,ACF Fiorentina,1387,Siena FC,FREE_TRANSFER,free transfer,TRANSFERMARKT_EXPANDED
2025/26,2025,OUT,658612,Dimo Krastev,430,ACF Fiorentina,430,ACF Fiorentina,9599,Spartak Varna,FREE_TRANSFER,free transfer,TRANSFERMARKT_EXPANDED
2025/26,2025,OUT,28396,Edin Dzeko,430,ACF Fiorentina,430,ACF Fiorentina,33,FC Schalke 04,FREE_TRANSFER,free transfer,TRANSFERMARKT_EXPANDED
2025/26,2025,OUT,96254,Pietro Terracciano,430,ACF Fiorentina,430,ACF Fiorentina,5,AC Milan,FREE_TRANSFER,free transfer,TRANSFERMARKT_EXPANDED
2025/26,2025,OUT,658612,Dimo Krastev,430,ACF Fiorentina,430,ACF Fiorentina,8373,Siracusa Calcio,LOAN,loan transfer,TRANSFERMARKT_EXPANDED
2025/26,2025,OUT,602124,Alessandro Bianco,430,ACF Fiorentina,430,ACF Fiorentina,1091,PAOK Thessaloniki,LOAN,loan transfer,TRANSFERMARKT_EXPANDED
2025/26,2025,OUT,272261,Antonín Barák,430,ACF Fiorentina,430,ACF Fiorentina,1038,UC Sampdoria,LOAN,loan transfer,TRANSFERMARKT_EXPANDED
2025/26,2025,OUT,1144700,Matías Moreno,430,ACF Fiorentina,430,ACF Fiorentina,3368,Levante UD,LOAN,loan transfer,TRANSFERMARKT_EXPANDED
2025/26,2025,OUT,996453,Maat Daniel Caprini,430,ACF Fiorentina,430,ACF Fiorentina,2581,Mantova 1911,LOAN,loan transfer,TRANSFERMARKT_EXPANDED
2025/26,2025,OUT,907688,Riccardo Spaggiari,430,ACF Fiorentina,430,ACF Fiorentina,46619,Arzignano Valchiampo,LOAN,loan transfer,TRANSFERMARKT_EXPANDED
2025/26,2025,OUT,669915,Filippo Distefano,430,ACF Fiorentina,430,ACF Fiorentina,4159,Carrarese Calcio 1908,LOAN,loan transfer,TRANSFERMARKT_EXPANDED
2025/26,2025,OUT,337725,Christian Kouamé,430,ACF Fiorentina,430,ACF Fiorentina,605,Aris Thessaloniki,PERMANENT_OR_OTHER_EXPLICIT,?,TRANSFERMARKT_EXPANDED
2025/26,2025,OUT,707450,Lorenzo Amatucci,430,ACF Fiorentina,430,ACF Fiorentina,472,UD Las Palmas,LOAN,loan transfer,TRANSFERMARKT_EXPANDED
2025/26,2025,OUT,831162,Gino Infantino,430,ACF Fiorentina,430,ACF Fiorentina,1030,AA Argentinos Juniors,LOAN,loan transfer,TRANSFERMARKT_EXPANDED
2025/26,2025,OUT,934159,Tommaso Martinelli,430,ACF Fiorentina,430,ACF Fiorentina,1038,UC Sampdoria,LOAN,loan transfer,TRANSFERMARKT_EXPANDED
2025/26,2025,OUT,507486,Simon Sohm,430,ACF Fiorentina,430,ACF Fiorentina,1025,Bologna FC 1909,LOAN,loan transfer,TRANSFERMARKT_EXPANDED
2025/26,2025,OUT,893675,Amir Richardson,430,ACF Fiorentina,430,ACF Fiorentina,190,FC Copenhagen,LOAN,loan transfer,TRANSFERMARKT_EXPANDED
2025/26,2025,OUT,354814,M'Bala Nzola,430,ACF Fiorentina,430,ACF Fiorentina,6574,US Sassuolo,LOAN,loan transfer,TRANSFERMARKT_EXPANDED
2025/26,2025,OUT,392033,Gabriele Ferrarini,430,ACF Fiorentina,430,ACF Fiorentina,515,Without Club,FREE_AGENT_OR_END_OF_CONTRACT,-,TRANSFERMARKT_EXPANDED
2025/26,2025,OUT,562049,Edoardo Bove,430,ACF Fiorentina,430,ACF Fiorentina,12,AS Roma,LOAN_RETURN_OR_END_OF_LOAN,End of loan 30/06/2025,TRANSFERMARKT_EXPANDED
2025/26,2025,OUT,273132,Robin Gosens,430,ACF Fiorentina,430,ACF Fiorentina,89,1.FC Union Berlin,LOAN_RETURN_OR_END_OF_LOAN,End of loan 30/06/2025,TRANSFERMARKT_EXPANDED
2025/26,2025,OUT,199733,Danilo Cataldi,430,ACF Fiorentina,430,ACF Fiorentina,398,SS Lazio,LOAN_RETURN_OR_END_OF_LOAN,End of loan 30/06/2025,TRANSFERMARKT_EXPANDED
2025/26,2025,OUT,395236,Yacine Adli,430,ACF Fiorentina,430,ACF Fiorentina,5,AC Milan,LOAN_RETURN_OR_END_OF_LOAN,End of loan 30/06/2025,TRANSFERMARKT_EXPANDED
2025/26,2025,OUT,305947,Albert Gudmundsson,430,ACF Fiorentina,430,ACF Fiorentina,252,Genoa CFC,LOAN_RETURN_OR_END_OF_LOAN,End of loan 30/06/2025,TRANSFERMARKT_EXPANDED
2025/26,2025,OUT,392959,Andrea Colpani,430,ACF Fiorentina,430,ACF Fiorentina,2919,AC Monza,LOAN_RETURN_OR_END_OF_LOAN,End of loan 30/06/2025,TRANSFERMARKT_EXPANDED
2025/26,2025,OUT,493702,Mattia Viti,430,ACF Fiorentina,430,ACF Fiorentina,417,OGC Nice,LOAN_RETURN_OR_END_OF_LOAN,End of loan 15/01/2026,TRANSFERMARKT_EXPANDED
2025/26,2025,OUT,432090,Nicolò Fagioli,430,ACF Fiorentina,430,ACF Fiorentina,506,Juventus FC,LOAN_RETURN_OR_END_OF_LOAN,End of loan 30/06/2025,TRANSFERMARKT_EXPANDED
2025/26,2025,OUT,392085,Nicolò Zaniolo,430,ACF Fiorentina,430,ACF Fiorentina,141,Galatasaray,LOAN_RETURN_OR_END_OF_LOAN,End of loan 30/06/2025,TRANSFERMARKT_EXPANDED
2025/26,2025,OUT,430280,Hans Nicolussi Caviglia,430,ACF Fiorentina,430,ACF Fiorentina,607,Venezia FC,LOAN_RETURN_OR_END_OF_LOAN,End of loan 28/01/2026,TRANSFERMARKT_EXPANDED
2025/26,2025,OUT,377042,Michael Folorunsho,430,ACF Fiorentina,430,ACF Fiorentina,6195,SSC Napoli,LOAN_RETURN_OR_END_OF_LOAN,End of loan 30/06/2025,TRANSFERMARKT_EXPANDED
2025/26,2025,IN,525704,Nicolò Rovella,398,SS Lazio,506,Juventus FC,398,SS Lazio,PERMANENT_OR_OTHER_EXPLICIT,€17.00m,TRANSFERMARKT_EXPANDED
2025/26,2025,IN,470394,Kenneth Taylor,398,SS Lazio,610,Ajax Amsterdam,398,SS Lazio,PERMANENT_OR_OTHER_EXPLICIT,€16.85m,TRANSFERMARKT_EXPANDED
2025/26,2025,IN,846254,Petar Ratkov,398,SS Lazio,409,Red Bull Salzburg,398,SS Lazio,PERMANENT_OR_OTHER_EXPLICIT,€13.00m,TRANSFERMARKT_EXPANDED
2025/26,2025,IN,535955,Nuno Tavares,398,SS Lazio,11,Arsenal FC,398,SS Lazio,PERMANENT_OR_OTHER_EXPLICIT,€5.58m,TRANSFERMARKT_EXPANDED
2025/26,2025,IN,1018395,Adrian Przyborek,398,SS Lazio,324,Pogon Szczecin,398,SS Lazio,PERMANENT_OR_OTHER_EXPLICIT,€4.50m,TRANSFERMARKT_EXPANDED
2025/26,2025,IN,276896,Samuel Gigot,398,SS Lazio,244,Olympique Marseille,398,SS Lazio,PERMANENT_OR_OTHER_EXPLICIT,€4.30m,TRANSFERMARKT_EXPANDED
2025/26,2025,IN,346567,Luca Pellegrini,398,SS Lazio,506,Juventus FC,398,SS Lazio,PERMANENT_OR_OTHER_EXPLICIT,€4.00m,TRANSFERMARKT_EXPANDED
2025/26,2025,IN,530742,Fisayo Dele-Bashiru,398,SS Lazio,7775,Hatayspor,398,SS Lazio,PERMANENT_OR_OTHER_EXPLICIT,€3.43m,TRANSFERMARKT_EXPANDED
2025/26,2025,IN,916430,Edoardo Motta,398,SS Lazio,5621,AC Reggiana 1919,398,SS Lazio,PERMANENT_OR_OTHER_EXPLICIT,€1.20m,TRANSFERMARKT_EXPANDED
2025/26,2025,IN,539134,Daniel Maldini,398,SS Lazio,800,Atalanta BC,398,SS Lazio,LOAN,Loan fee: €1.00m,TRANSFERMARKT_EXPANDED
2025/26,2025,IN,748720,Fabio Andrea Ruggeri,398,SS Lazio,380,US Salernitana 1919,398,SS Lazio,LOAN_RETURN_OR_END_OF_LOAN,End of loan 30/06/2025,TRANSFERMARKT_EXPANDED
2025/26,2025,IN,199733,Danilo Cataldi,398,SS Lazio,430,ACF Fiorentina,398,SS Lazio,LOAN_RETURN_OR_END_OF_LOAN,End of loan 30/06/2025,TRANSFERMARKT_EXPANDED
2025/26,2025,IN,550106,Matteo Cancellieri,398,SS Lazio,130,Parma Calcio 1913,398,SS Lazio,LOAN_RETURN_OR_END_OF_LOAN,End of loan 30/06/2025,TRANSFERMARKT_EXPANDED
2025/26,2025,IN,1026255,Saná Fernandes,398,SS Lazio,132,NAC Breda,398,SS Lazio,LOAN_RETURN_OR_END_OF_LOAN,End of loan 30/06/2025,TRANSFERMARKT_EXPANDED
2025/26,2025,IN,613539,Marco Bertini,398,SS Lazio,408,Ascoli Calcio,398,SS Lazio,LOAN_RETURN_OR_END_OF_LOAN,End of loan 30/06/2025,TRANSFERMARKT_EXPANDED
2025/26,2025,IN,708086,Romano Floriani Mussolini,398,SS Lazio,5587,SS Juve Stabia,398,SS Lazio,LOAN_RETURN_OR_END_OF_LOAN,End of loan 30/06/2025,TRANSFERMARKT_EXPANDED
2025/26,2025,IN,465565,Dimitrije Kamenovic,398,SS Lazio,322,Yverdon Sport FC,398,SS Lazio,LOAN_RETURN_OR_END_OF_LOAN,End of loan 30/06/2025,TRANSFERMARKT_EXPANDED
2025/26,2025,IN,287700,Mohamed Fares,398,SS Lazio,3385,Panserraikos,398,SS Lazio,LOAN_RETURN_OR_END_OF_LOAN,End of loan 30/06/2025,TRANSFERMARKT_EXPANDED
2025/26,2025,IN,389837,Nicolò Casale,398,SS Lazio,1025,Bologna FC 1909,398,SS Lazio,LOAN_RETURN_OR_END_OF_LOAN,End of loan 30/06/2025,TRANSFERMARKT_EXPANDED
2025/26,2025,IN,873981,Diego González,398,SS Lazio,8590,Atlas Guadalajara,398,SS Lazio,LOAN_RETURN_OR_END_OF_LOAN,End of loan 31/12/2025,TRANSFERMARKT_EXPANDED
2025/26,2025,IN,170481,Jean-Daniel Akpa Akpro,398,SS Lazio,2919,AC Monza,398,SS Lazio,LOAN_RETURN_OR_END_OF_LOAN,End of loan 30/06/2025,TRANSFERMARKT_EXPANDED
2025/26,2025,IN,604239,Gabriele Artistico,398,SS Lazio,4031,Cosenza Calcio,398,SS Lazio,LOAN_RETURN_OR_END_OF_LOAN,End of loan 30/06/2025,TRANSFERMARKT_EXPANDED
2025/26,2025,IN,468301,Marcos Antônio,398,SS Lazio,585,São Paulo Futebol Clube,398,SS Lazio,LOAN_RETURN_OR_END_OF_LOAN,End of loan 01/03/2026,TRANSFERMARKT_EXPANDED
2025/26,2025,IN,303116,Gaetano Castrovilli,398,SS Lazio,2919,AC Monza,398,SS Lazio,LOAN_RETURN_OR_END_OF_LOAN,End of loan 30/06/2025,TRANSFERMARKT_EXPANDED
2025/26,2025,IN,745444,Valerio Crespi,398,SS Lazio,9439,Feralpisalò,398,SS Lazio,LOAN_RETURN_OR_END_OF_LOAN,End of loan 30/06/2025,TRANSFERMARKT_EXPANDED
2025/26,2025,OUT,522784,Taty Castellanos,398,SS Lazio,398,SS Lazio,379,West Ham United,PERMANENT_OR_OTHER_EXPLICIT,€29.00m,TRANSFERMARKT_EXPANDED
2025/26,2025,OUT,465830,Mattéo Guendouzi,398,SS Lazio,398,SS Lazio,36,Fenerbahce,PERMANENT_OR_OTHER_EXPLICIT,€28.00m,TRANSFERMARKT_EXPANDED
2025/26,2025,OUT,607226,Loum Tchaouna,398,SS Lazio,398,SS Lazio,1132,Burnley FC,PERMANENT_OR_OTHER_EXPLICIT,€13.00m,TRANSFERMARKT_EXPANDED
2025/26,2025,OUT,389837,Nicolò Casale,398,SS Lazio,398,SS Lazio,1025,Bologna FC 1909,PERMANENT_OR_OTHER_EXPLICIT,€6.50m,TRANSFERMARKT_EXPANDED
2025/26,2025,OUT,468301,Marcos Antônio,398,SS Lazio,398,SS Lazio,585,São Paulo Futebol Clube,PERMANENT_OR_OTHER_EXPLICIT,€4.20m,TRANSFERMARKT_EXPANDED
2025/26,2025,OUT,481675,Christos Mandas,398,SS Lazio,398,SS Lazio,989,AFC Bournemouth,LOAN,Loan fee: €2.50m,TRANSFERMARKT_EXPANDED
2025/26,2025,OUT,873981,Diego González,398,SS Lazio,398,SS Lazio,8590,Atlas Guadalajara,PERMANENT_OR_OTHER_EXPLICIT,€1.20m,TRANSFERMARKT_EXPANDED
2025/26,2025,OUT,745444,Valerio Crespi,398,SS Lazio,398,SS Lazio,2331,US Avellino 1912,PERMANENT_OR_OTHER_EXPLICIT,€225k,TRANSFERMARKT_EXPANDED
2025/26,2025,OUT,465565,Dimitrije Kamenovic,398,SS Lazio,398,SS Lazio,11194,NK Lokomotiva Zagreb,FREE_TRANSFER,free transfer,TRANSFERMARKT_EXPANDED
2025/26,2025,OUT,303116,Gaetano Castrovilli,398,SS Lazio,398,SS Lazio,332,SSC Bari,FREE_TRANSFER,free transfer,TRANSFERMARKT_EXPANDED
2025/26,2025,OUT,748720,Fabio Andrea Ruggeri,398,SS Lazio,398,SS Lazio,4159,Carrarese Calcio 1908,FREE_TRANSFER,free transfer,TRANSFERMARKT_EXPANDED
2025/26,2025,OUT,613539,Marco Bertini,398,SS Lazio,398,SS Lazio,34499,US Pianese,FREE_TRANSFER,free transfer,TRANSFERMARKT_EXPANDED
2025/26,2025,OUT,143812,Matías Vecino,398,SS Lazio,398,SS Lazio,940,Celta de Vigo,FREE_TRANSFER,free transfer,TRANSFERMARKT_EXPANDED
2025/26,2025,OUT,918957,Davide Renzetti,398,SS Lazio,398,SS Lazio,38322,AC Bra,LOAN,loan transfer,TRANSFERMARKT_EXPANDED
2025/26,2025,OUT,287700,Mohamed Fares,398,SS Lazio,398,SS Lazio,90721,Forte Virtus,LOAN,loan transfer,TRANSFERMARKT_EXPANDED
2025/26,2025,OUT,1110645,Filipe Bordon,398,SS Lazio,398,SS Lazio,4554,FC Südtirol,LOAN,loan transfer,TRANSFERMARKT_EXPANDED
2025/26,2025,OUT,604239,Gabriele Artistico,398,SS Lazio,398,SS Lazio,3522,Spezia Calcio,LOAN,loan transfer,TRANSFERMARKT_EXPANDED
2025/26,2025,OUT,708086,Romano Floriani Mussolini,398,SS Lazio,398,SS Lazio,2239,US Cremonese,LOAN,loan transfer,TRANSFERMARKT_EXPANDED
2025/26,2025,OUT,170481,Jean-Daniel Akpa Akpro,398,SS Lazio,398,SS Lazio,515,Without Club,FREE_AGENT_OR_END_OF_CONTRACT,-,TRANSFERMARKT_EXPANDED
2025/26,2025,OUT,1026255,Saná Fernandes,398,SS Lazio,398,SS Lazio,12816,Lazio U20,PERMANENT_OR_OTHER_EXPLICIT,-,TRANSFERMARKT_EXPANDED
2025/26,2025,OUT,601577,André Anderson,398,SS Lazio,398,SS Lazio,515,Without Club,FREE_AGENT_OR_END_OF_CONTRACT,-,TRANSFERMARKT_EXPANDED
2025/26,2025,OUT,535955,Nuno Tavares,398,SS Lazio,398,SS Lazio,11,Arsenal FC,LOAN_RETURN_OR_END_OF_LOAN,End of loan 30/06/2025,TRANSFERMARKT_EXPANDED
2025/26,2025,OUT,530742,Fisayo Dele-Bashiru,398,SS Lazio,398,SS Lazio,7775,Hatayspor,LOAN_RETURN_OR_END_OF_LOAN,End of loan 30/06/2025,TRANSFERMARKT_EXPANDED
2025/26,2025,OUT,346567,Luca Pellegrini,398,SS Lazio,398,SS Lazio,506,Juventus FC,LOAN_RETURN_OR_END_OF_LOAN,End of loan 30/06/2025,TRANSFERMARKT_EXPANDED
2025/26,2025,OUT,525704,Nicolò Rovella,398,SS Lazio,398,SS Lazio,506,Juventus FC,LOAN_RETURN_OR_END_OF_LOAN,End of loan 30/06/2025,TRANSFERMARKT_EXPANDED
2025/26,2025,OUT,276896,Samuel Gigot,398,SS Lazio,398,SS Lazio,244,Olympique Marseille,LOAN_RETURN_OR_END_OF_LOAN,End of loan 30/06/2025,TRANSFERMARKT_EXPANDED
2025/26,2025,OUT,744728,Arijon Ibrahimovic,398,SS Lazio,398,SS Lazio,27,Bayern Munich,LOAN_RETURN_OR_END_OF_LOAN,End of loan 30/06/2025,TRANSFERMARKT_EXPANDED
2025/26,2025,IN,344381,Christopher Nkunku,5,AC Milan,631,Chelsea FC,5,AC Milan,PERMANENT_OR_OTHER_EXPLICIT,€37.00m,TRANSFERMARKT_EXPANDED
2025/26,2025,IN,608172,Ardon Jashari,5,AC Milan,2282,Club Brugge KV,5,AC Milan,PERMANENT_OR_OTHER_EXPLICIT,€36.00m,TRANSFERMARKT_EXPANDED
2025/26,2025,IN,467992,Samuele Ricci,5,AC Milan,416,Torino FC,5,AC Milan,PERMANENT_OR_OTHER_EXPLICIT,€23.00m,TRANSFERMARKT_EXPANDED
2025/26,2025,IN,490384,Koni De Winter,5,AC Milan,252,Genoa CFC,5,AC Milan,PERMANENT_OR_OTHER_EXPLICIT,€20.00m,TRANSFERMARKT_EXPANDED
2025/26,2025,IN,349599,Pervis Estupiñán,5,AC Milan,1237,Brighton & Hove Albion,5,AC Milan,PERMANENT_OR_OTHER_EXPLICIT,€17.00m,TRANSFERMARKT_EXPANDED
2025/26,2025,IN,990637,Zachary Athekame,5,AC Milan,452,BSC Young Boys,5,AC Milan,PERMANENT_OR_OTHER_EXPLICIT,€10.00m,TRANSFERMARKT_EXPANDED
2025/26,2025,IN,964087,Alphadjo Cissè,5,AC Milan,276,Hellas Verona,5,AC Milan,PERMANENT_OR_OTHER_EXPLICIT,€8.00m,TRANSFERMARKT_EXPANDED
2025/26,2025,IN,182913,Adrien Rabiot,5,AC Milan,244,Olympique Marseille,5,AC Milan,PERMANENT_OR_OTHER_EXPLICIT,€7.00m,TRANSFERMARKT_EXPANDED
2025/26,2025,IN,897423,David Odogu,5,AC Milan,82,VfL Wolfsburg,5,AC Milan,PERMANENT_OR_OTHER_EXPLICIT,€7.00m,TRANSFERMARKT_EXPANDED
2025/26,2025,IN,128223,Álvaro Morata,5,AC Milan,141,Galatasaray,5,AC Milan,LOAN_RETURN_OR_END_OF_LOAN,End of loan 10/08/2025 €5.00m,TRANSFERMARKT_EXPANDED
2025/26,2025,IN,96254,Pietro Terracciano,5,AC Milan,430,ACF Fiorentina,5,AC Milan,FREE_TRANSFER,free transfer,TRANSFERMARKT_EXPANDED
2025/26,2025,IN,27992,Luka Modrić,5,AC Milan,418,Real Madrid,5,AC Milan,FREE_TRANSFER,free transfer,TRANSFERMARKT_EXPANDED
2025/26,2025,IN,75489,Niclas Füllkrug,5,AC Milan,379,West Ham United,5,AC Milan,LOAN,loan transfer,TRANSFERMARKT_EXPANDED
2025/26,2025,IN,1058363,Christian Comotto,5,AC Milan,10958,AC Milan Primavera,5,AC Milan,PERMANENT_OR_OTHER_EXPLICIT,-,TRANSFERMARKT_EXPANDED
2025/26,2025,IN,887638,Davide Bartesaghi,5,AC Milan,41107,Milan Futuro,5,AC Milan,PERMANENT_OR_OTHER_EXPLICIT,-,TRANSFERMARKT_EXPANDED
2025/26,2025,IN,1058368,Francesco Camarda,5,AC Milan,41107,Milan Futuro,5,AC Milan,PERMANENT_OR_OTHER_EXPLICIT,-,TRANSFERMARKT_EXPANDED
2025/26,2025,IN,351816,Ismaël Bennacer,5,AC Milan,244,Olympique Marseille,5,AC Milan,LOAN_RETURN_OR_END_OF_LOAN,End of loan 30/06/2025,TRANSFERMARKT_EXPANDED
2025/26,2025,IN,346890,Noah Okafor,5,AC Milan,6195,SSC Napoli,5,AC Milan,LOAN_RETURN_OR_END_OF_LOAN,End of loan 30/06/2025,TRANSFERMARKT_EXPANDED
2025/26,2025,IN,262523,Davide Calabria,5,AC Milan,1025,Bologna FC 1909,5,AC Milan,LOAN_RETURN_OR_END_OF_LOAN,End of loan 30/06/2025,TRANSFERMARKT_EXPANDED
2025/26,2025,IN,776303,Marco Pellegrino,5,AC Milan,2063,CA Huracán,5,AC Milan,LOAN_RETURN_OR_END_OF_LOAN,End of loan 09/06/2025,TRANSFERMARKT_EXPANDED
2025/26,2025,IN,381950,Alexis Saelemaekers,5,AC Milan,12,AS Roma,5,AC Milan,LOAN_RETURN_OR_END_OF_LOAN,End of loan 30/06/2025,TRANSFERMARKT_EXPANDED
2025/26,2025,IN,395236,Yacine Adli,5,AC Milan,430,ACF Fiorentina,5,AC Milan,LOAN_RETURN_OR_END_OF_LOAN,End of loan 30/06/2025,TRANSFERMARKT_EXPANDED
2025/26,2025,IN,392538,Tommaso Pobega,5,AC Milan,1025,Bologna FC 1909,5,AC Milan,LOAN_RETURN_OR_END_OF_LOAN,End of loan 30/06/2025,TRANSFERMARKT_EXPANDED
2025/26,2025,IN,585949,Pierre Kalulu,5,AC Milan,506,Juventus FC,5,AC Milan,LOAN_RETURN_OR_END_OF_LOAN,End of loan 30/06/2025,TRANSFERMARKT_EXPANDED
2025/26,2025,IN,487843,Lorenzo Colombo,5,AC Milan,749,FC Empoli,5,AC Milan,LOAN_RETURN_OR_END_OF_LOAN,End of loan 30/06/2025,TRANSFERMARKT_EXPANDED
2025/26,2025,IN,495722,Devis Vásquez,5,AC Milan,749,FC Empoli,5,AC Milan,LOAN_RETURN_OR_END_OF_LOAN,End of loan 30/06/2025,TRANSFERMARKT_EXPANDED
2025/26,2025,IN,698548,Marko Lazetić,5,AC Milan,3137,FK TSC Backa Topola,5,AC Milan,LOAN_RETURN_OR_END_OF_LOAN,End of loan 30/06/2025,TRANSFERMARKT_EXPANDED
2025/26,2025,OUT,460939,Tijjani Reijnders,5,AC Milan,5,AC Milan,281,Manchester City,PERMANENT_OR_OTHER_EXPLICIT,€54.90m,TRANSFERMARKT_EXPANDED
2025/26,2025,OUT,521964,Malick Thiaw,5,AC Milan,5,AC Milan,762,Newcastle United,PERMANENT_OR_OTHER_EXPLICIT,€35.00m,TRANSFERMARKT_EXPANDED
2025/26,2025,OUT,339808,Theo Hernández,5,AC Milan,5,AC Milan,1114,Al-Hilal SFC,PERMANENT_OR_OTHER_EXPLICIT,€25.00m,TRANSFERMARKT_EXPANDED
2025/26,2025,OUT,346890,Noah Okafor,5,AC Milan,5,AC Milan,399,Leeds United,PERMANENT_OR_OTHER_EXPLICIT,€19.00m,TRANSFERMARKT_EXPANDED
2025/26,2025,OUT,585949,Pierre Kalulu,5,AC Milan,5,AC Milan,506,Juventus FC,PERMANENT_OR_OTHER_EXPLICIT,€14.30m,TRANSFERMARKT_EXPANDED
2025/26,2025,OUT,476344,Emerson Royal,5,AC Milan,5,AC Milan,614,CR Flamengo,PERMANENT_OR_OTHER_EXPLICIT,€9.00m,TRANSFERMARKT_EXPANDED
2025/26,2025,OUT,395236,Yacine Adli,5,AC Milan,5,AC Milan,9840,Al-Shabab FC,PERMANENT_OR_OTHER_EXPLICIT,€7.00m,TRANSFERMARKT_EXPANDED
2025/26,2025,OUT,503991,Yunus Musah,5,AC Milan,5,AC Milan,800,Atalanta BC,LOAN,Loan fee: €4.00m,TRANSFERMARKT_EXPANDED
2025/26,2025,OUT,776303,Marco Pellegrino,5,AC Milan,5,AC Milan,189,CA Boca Juniors,PERMANENT_OR_OTHER_EXPLICIT,€3.50m,TRANSFERMARKT_EXPANDED
2025/26,2025,OUT,741257,Álex Jiménez,5,AC Milan,5,AC Milan,989,AFC Bournemouth,LOAN,Loan fee: €1.50m,TRANSFERMARKT_EXPANDED
2025/26,2025,OUT,392538,Tommaso Pobega,5,AC Milan,5,AC Milan,1025,Bologna FC 1909,LOAN,Loan fee: €1.00m,TRANSFERMARKT_EXPANDED
2025/26,2025,OUT,199976,Marco Sportiello,5,AC Milan,5,AC Milan,800,Atalanta BC,PERMANENT_OR_OTHER_EXPLICIT,€800k,TRANSFERMARKT_EXPANDED
2025/26,2025,OUT,659516,Warren Bondo,5,AC Milan,5,AC Milan,2239,US Cremonese,LOAN,Loan fee: €500k,TRANSFERMARKT_EXPANDED
2025/26,2025,OUT,631007,Filippo Terracciano,5,AC Milan,5,AC Milan,2239,US Cremonese,LOAN,Loan fee: €500k,TRANSFERMARKT_EXPANDED
2025/26,2025,OUT,257462,Luka Jović,5,AC Milan,5,AC Milan,2441,AEK Athens,FREE_TRANSFER,free transfer,TRANSFERMARKT_EXPANDED
2025/26,2025,OUT,495722,Devis Vásquez,5,AC Milan,5,AC Milan,12,AS Roma,FREE_TRANSFER,free transfer,TRANSFERMARKT_EXPANDED
2025/26,2025,OUT,262523,Davide Calabria,5,AC Milan,5,AC Milan,265,Panathinaikos,FREE_TRANSFER,free transfer,TRANSFERMARKT_EXPANDED
2025/26,2025,OUT,698548,Marko Lazetić,5,AC Milan,5,AC Milan,370,Aberdeen FC,FREE_TRANSFER,free transfer,TRANSFERMARKT_EXPANDED
2025/26,2025,OUT,1058368,Francesco Camarda,5,AC Milan,5,AC Milan,1005,US Lecce,LOAN,loan transfer,TRANSFERMARKT_EXPANDED
2025/26,2025,OUT,128223,Álvaro Morata,5,AC Milan,5,AC Milan,1047,Como 1907,LOAN,loan transfer,TRANSFERMARKT_EXPANDED
2025/26,2025,OUT,1058363,Christian Comotto,5,AC Milan,5,AC Milan,3522,Spezia Calcio,LOAN,loan transfer,TRANSFERMARKT_EXPANDED
2025/26,2025,OUT,487843,Lorenzo Colombo,5,AC Milan,5,AC Milan,252,Genoa CFC,LOAN,loan transfer,TRANSFERMARKT_EXPANDED
2025/26,2025,OUT,401922,Samuel Chukwueze,5,AC Milan,5,AC Milan,931,Fulham FC,LOAN,loan transfer,TRANSFERMARKT_EXPANDED
2025/26,2025,OUT,351816,Ismaël Bennacer,5,AC Milan,5,AC Milan,419,GNK Dinamo Zagreb,LOAN,loan transfer,TRANSFERMARKT_EXPANDED
2025/26,2025,OUT,964087,Alphadjo Cissè,5,AC Milan,5,AC Milan,4097,US Catanzaro,LOAN,loan transfer,TRANSFERMARKT_EXPANDED
2025/26,2025,OUT,462250,João Félix,5,AC Milan,5,AC Milan,631,Chelsea FC,LOAN_RETURN_OR_END_OF_LOAN,End of loan 30/06/2025,TRANSFERMARKT_EXPANDED
2025/26,2025,OUT,130365,Alessandro Florenzi,5,AC Milan,5,AC Milan,,Retired,RETIREMENT,-,TRANSFERMARKT_EXPANDED
2025/26,2025,OUT,386455,Riccardo Sottil,5,AC Milan,5,AC Milan,430,ACF Fiorentina,LOAN_RETURN_OR_END_OF_LOAN,End of loan 30/06/2025,TRANSFERMARKT_EXPANDED
2025/26,2025,OUT,95424,Kyle Walker,5,AC Milan,5,AC Milan,281,Manchester City,LOAN_RETURN_OR_END_OF_LOAN,End of loan 30/06/2025,TRANSFERMARKT_EXPANDED
2025/26,2025,OUT,331726,Tammy Abraham,5,AC Milan,5,AC Milan,12,AS Roma,LOAN_RETURN_OR_END_OF_LOAN,End of loan 30/06/2025,TRANSFERMARKT_EXPANDED
2025/26,2025,IN,672381,Jonathan Rowe,1025,Bologna FC 1909,244,Olympique Marseille,1025,Bologna FC 1909,PERMANENT_OR_OTHER_EXPLICIT,€17.00m,TRANSFERMARKT_EXPANDED
2025/26,2025,IN,652054,Martin Vitík,1025,Bologna FC 1909,197,AC Sparta Prague,1025,Bologna FC 1909,PERMANENT_OR_OTHER_EXPLICIT,€11.00m,TRANSFERMARKT_EXPANDED
2025/26,2025,IN,392966,Nadir Zortea,1025,Bologna FC 1909,1390,Cagliari Calcio,1025,Bologna FC 1909,PERMANENT_OR_OTHER_EXPLICIT,€7.50m,TRANSFERMARKT_EXPANDED
2025/26,2025,IN,464469,Torbjørn Heggem,1025,Bologna FC 1909,984,West Bromwich Albion,1025,Bologna FC 1909,PERMANENT_OR_OTHER_EXPLICIT,€7.50m,TRANSFERMARKT_EXPANDED
2025/26,2025,IN,1129198,Eivind Helland,1025,Bologna FC 1909,1100,SK Brann,1025,Bologna FC 1909,PERMANENT_OR_OTHER_EXPLICIT,€7.00m,TRANSFERMARKT_EXPANDED
2025/26,2025,IN,389837,Nicolò Casale,1025,Bologna FC 1909,398,SS Lazio,1025,Bologna FC 1909,PERMANENT_OR_OTHER_EXPLICIT,€6.50m,TRANSFERMARKT_EXPANDED
2025/26,2025,IN,392538,Tommaso Pobega,1025,Bologna FC 1909,5,AC Milan,1025,Bologna FC 1909,LOAN,Loan fee: €1.00m,TRANSFERMARKT_EXPANDED
2025/26,2025,IN,982267,Ibrahim Sulemana,1025,Bologna FC 1909,800,Atalanta BC,1025,Bologna FC 1909,LOAN,Loan fee: €500k,TRANSFERMARKT_EXPANDED
2025/26,2025,IN,197300,Federico Bernardeschi,1025,Bologna FC 1909,11141,Toronto FC,1025,Bologna FC 1909,FREE_TRANSFER,free transfer,TRANSFERMARKT_EXPANDED
2025/26,2025,IN,886152,Thomas Gillier,1025,Bologna FC 1909,3277,CD Universidad Católica,1025,Bologna FC 1909,FREE_TRANSFER,free transfer,TRANSFERMARKT_EXPANDED
2025/26,2025,IN,105521,Ciro Immobile,1025,Bologna FC 1909,114,Besiktas JK,1025,Bologna FC 1909,FREE_TRANSFER,free transfer,TRANSFERMARKT_EXPANDED
2025/26,2025,IN,537602,João Mário,1025,Bologna FC 1909,506,Juventus FC,1025,Bologna FC 1909,LOAN,loan transfer,TRANSFERMARKT_EXPANDED
2025/26,2025,IN,507486,Simon Sohm,1025,Bologna FC 1909,430,ACF Fiorentina,1025,Bologna FC 1909,LOAN,loan transfer,TRANSFERMARKT_EXPANDED
2025/26,2025,IN,992569,Massimo Pessina,1025,Bologna FC 1909,14848,Bologna Primavera,1025,Bologna FC 1909,PERMANENT_OR_OTHER_EXPLICIT,-,TRANSFERMARKT_EXPANDED
2025/26,2025,IN,845566,Mihajlo Ilić,1025,Bologna FC 1909,669,FK Partizan Belgrade,1025,Bologna FC 1909,LOAN_RETURN_OR_END_OF_LOAN,End of loan 30/06/2025,TRANSFERMARKT_EXPANDED
2025/26,2025,IN,937891,Francesco Raffaelli,1025,Bologna FC 1909,5542,CPR Ospitaletto,1025,Bologna FC 1909,LOAN_RETURN_OR_END_OF_LOAN,End of loan 20/01/2026,TRANSFERMARKT_EXPANDED
2025/26,2025,IN,223974,Stefan Posch,1025,Bologna FC 1909,1047,Como 1907,1025,Bologna FC 1909,LOAN_RETURN_OR_END_OF_LOAN,End of loan 20/01/2026,TRANSFERMARKT_EXPANDED
2025/26,2025,IN,817936,Andrea Mazia,1025,Bologna FC 1909,50258,Varesina Calcio,1025,Bologna FC 1909,LOAN_RETURN_OR_END_OF_LOAN,End of loan 30/06/2025,TRANSFERMARKT_EXPANDED
2025/26,2025,IN,367992,Jesper Karlsson,1025,Bologna FC 1909,370,Aberdeen FC,1025,Bologna FC 1909,LOAN_RETURN_OR_END_OF_LOAN,End of loan 22/01/2026,TRANSFERMARKT_EXPANDED
2025/26,2025,IN,247377,Kevin Bonifazi,1025,Bologna FC 1909,1005,US Lecce,1025,Bologna FC 1909,LOAN_RETURN_OR_END_OF_LOAN,End of loan 30/06/2025,TRANSFERMARKT_EXPANDED
2025/26,2025,IN,818880,Tommaso Corazza,1025,Bologna FC 1909,2921,Delfino Pescara 1936,1025,Bologna FC 1909,LOAN_RETURN_OR_END_OF_LOAN,End of loan 30/01/2026,TRANSFERMARKT_EXPANDED
2025/26,2025,IN,818882,Riccardo Stivanello,1025,Bologna FC 1909,2253,SEF Torres 1903,1025,Bologna FC 1909,LOAN_RETURN_OR_END_OF_LOAN,End of loan 02/01/2026,TRANSFERMARKT_EXPANDED
2025/26,2025,IN,935173,Manuel Rosetti,1025,Bologna FC 1909,26883,USD Sestri Levante 1919,1025,Bologna FC 1909,LOAN_RETURN_OR_END_OF_LOAN,End of loan 30/06/2025,TRANSFERMARKT_EXPANDED
2025/26,2025,IN,821105,Davide Franzini,1025,Bologna FC 1909,1408,Piacenza Calcio 1919,1025,Bologna FC 1909,LOAN_RETURN_OR_END_OF_LOAN,End of loan 30/06/2025,TRANSFERMARKT_EXPANDED
2025/26,2025,IN,818882,Riccardo Stivanello,1025,Bologna FC 1909,41101,Juventus Next Gen,1025,Bologna FC 1909,LOAN_RETURN_OR_END_OF_LOAN,End of loan 30/06/2025,TRANSFERMARKT_EXPANDED
2025/26,2025,IN,496270,Gianmarco Cangiano,1025,Bologna FC 1909,2921,Delfino Pescara 1936,1025,Bologna FC 1909,LOAN_RETURN_OR_END_OF_LOAN,End of loan 30/06/2025,TRANSFERMARKT_EXPANDED
2025/26,2025,IN,937891,Francesco Raffaelli,1025,Bologna FC 1909,4333,US Grosseto 1912,1025,Bologna FC 1909,LOAN_RETURN_OR_END_OF_LOAN,End of loan 30/06/2025,TRANSFERMARKT_EXPANDED
2025/26,2025,IN,367992,Jesper Karlsson,1025,Bologna FC 1909,1005,US Lecce,1025,Bologna FC 1909,LOAN_RETURN_OR_END_OF_LOAN,End of loan 30/06/2025,TRANSFERMARKT_EXPANDED
2025/26,2025,IN,679754,Niklas Pyyhtiä,1025,Bologna FC 1909,4554,FC Südtirol,1025,Bologna FC 1909,LOAN_RETURN_OR_END_OF_LOAN,End of loan 30/06/2025,TRANSFERMARKT_EXPANDED
2025/26,2025,IN,818888,Antonio Raimondo,1025,Bologna FC 1909,380,US Salernitana 1919,1025,Bologna FC 1909,LOAN_RETURN_OR_END_OF_LOAN,End of loan 30/06/2025,TRANSFERMARKT_EXPANDED
2025/26,2025,IN,818880,Tommaso Corazza,1025,Bologna FC 1909,380,US Salernitana 1919,1025,Bologna FC 1909,LOAN_RETURN_OR_END_OF_LOAN,End of loan 30/06/2025,TRANSFERMARKT_EXPANDED
2025/26,2025,IN,657742,Joaquín Sosa,1025,Bologna FC 1909,5621,AC Reggiana 1919,1025,Bologna FC 1909,LOAN_RETURN_OR_END_OF_LOAN,End of loan 30/06/2025,TRANSFERMARKT_EXPANDED
2025/26,2025,IN,401935,Orji Okwonkwo,1025,Bologna FC 1909,4084,AS Cittadella,1025,Bologna FC 1909,LOAN_RETURN_OR_END_OF_LOAN,End of loan 30/06/2025,TRANSFERMARKT_EXPANDED
2025/26,2025,IN,818889,Gennaro Anatriello,1025,Bologna FC 1909,4331,FC Trapani 1905,1025,Bologna FC 1909,LOAN_RETURN_OR_END_OF_LOAN,End of loan 30/06/2025,TRANSFERMARKT_EXPANDED
2025/26,2025,IN,659420,Mattia Motolese,1025,Bologna FC 1909,22045,Latina Calcio 1932,1025,Bologna FC 1909,LOAN_RETURN_OR_END_OF_LOAN,End of loan 30/06/2025,TRANSFERMARKT_EXPANDED
2025/26,2025,IN,699442,Kacper Urbański,1025,Bologna FC 1909,2919,AC Monza,1025,Bologna FC 1909,LOAN_RETURN_OR_END_OF_LOAN,End of loan 30/06/2025,TRANSFERMARKT_EXPANDED
2025/26,2025,IN,223974,Stefan Posch,1025,Bologna FC 1909,800,Atalanta BC,1025,Bologna FC 1909,LOAN_RETURN_OR_END_OF_LOAN,End of loan 30/06/2025,TRANSFERMARKT_EXPANDED
2025/26,2025,IN,967148,Naïm Byar,1025,Bologna FC 1909,704,Calcio Foggia 1920,1025,Bologna FC 1909,LOAN_RETURN_OR_END_OF_LOAN,End of loan 06/01/2026,TRANSFERMARKT_EXPANDED
2025/26,2025,IN,818889,Gennaro Anatriello,1025,Bologna FC 1909,7197,Potenza Calcio,1025,Bologna FC 1909,LOAN_RETURN_OR_END_OF_LOAN,End of loan 01/02/2026,TRANSFERMARKT_EXPANDED
2025/26,2025,IN,657742,Joaquín Sosa,1025,Bologna FC 1909,11648,Independiente Santa Fe,1025,Bologna FC 1909,LOAN_RETURN_OR_END_OF_LOAN,End of loan 31/12/2025,TRANSFERMARKT_EXPANDED
2025/26,2025,OUT,365108,Dan Ndoye,1025,Bologna FC 1909,1025,Bologna FC 1909,703,Nottingham Forest,PERMANENT_OR_OTHER_EXPLICIT,€42.00m,TRANSFERMARKT_EXPANDED
2025/26,2025,OUT,433984,Sam Beukema,1025,Bologna FC 1909,1025,Bologna FC 1909,6195,SSC Napoli,PERMANENT_OR_OTHER_EXPLICIT,€31.00m,TRANSFERMARKT_EXPANDED
2025/26,2025,OUT,223974,Stefan Posch,1025,Bologna FC 1909,1025,Bologna FC 1909,1047,Como 1907,PERMANENT_OR_OTHER_EXPLICIT,€5.90m,TRANSFERMARKT_EXPANDED
2025/26,2025,OUT,357003,Martin Erlić,1025,Bologna FC 1909,1025,Bologna FC 1909,865,FC Midtjylland,PERMANENT_OR_OTHER_EXPLICIT,€5.00m,TRANSFERMARKT_EXPANDED
2025/26,2025,OUT,699442,Kacper Urbański,1025,Bologna FC 1909,1025,Bologna FC 1909,255,Legia Warszawa,PERMANENT_OR_OTHER_EXPLICIT,€700k,TRANSFERMARKT_EXPANDED
2025/26,2025,OUT,496270,Gianmarco Cangiano,1025,Bologna FC 1909,1025,Bologna FC 1909,2921,Delfino Pescara 1936,PERMANENT_OR_OTHER_EXPLICIT,€500k,TRANSFERMARKT_EXPANDED
2025/26,2025,OUT,464446,Andri Fannar Baldursson,1025,Bologna FC 1909,1025,Bologna FC 1909,10484,Kasimpasa,PERMANENT_OR_OTHER_EXPLICIT,€500k,TRANSFERMARKT_EXPANDED
2025/26,2025,OUT,223974,Stefan Posch,1025,Bologna FC 1909,1025,Bologna FC 1909,1047,Como 1907,LOAN,Loan fee: €500k,TRANSFERMARKT_EXPANDED
2025/26,2025,OUT,967148,Naïm Byar,1025,Bologna FC 1909,1025,Bologna FC 1909,6603,Wydad Casablanca,PERMANENT_OR_OTHER_EXPLICIT,€325k,TRANSFERMARKT_EXPANDED
2025/26,2025,OUT,105521,Ciro Immobile,1025,Bologna FC 1909,1025,Bologna FC 1909,10004,Paris FC,FREE_TRANSFER,free transfer,TRANSFERMARKT_EXPANDED
2025/26,2025,OUT,817936,Andrea Mazia,1025,Bologna FC 1909,1025,Bologna FC 1909,54316,Sasso Marconi 1924,FREE_TRANSFER,free transfer,TRANSFERMARKT_EXPANDED
2025/26,2025,OUT,821105,Davide Franzini,1025,Bologna FC 1909,1025,Bologna FC 1909,38322,AC Bra,LOAN,loan transfer,TRANSFERMARKT_EXPANDED
2025/26,2025,OUT,818882,Riccardo Stivanello,1025,Bologna FC 1909,1025,Bologna FC 1909,2253,SEF Torres 1903,LOAN,loan transfer,TRANSFERMARKT_EXPANDED
2025/26,2025,OUT,935173,Manuel Rosetti,1025,Bologna FC 1909,1025,Bologna FC 1909,4102,AC Carpi,LOAN,loan transfer,TRANSFERMARKT_EXPANDED
2025/26,2025,OUT,818892,Nicola Bagnolini,1025,Bologna FC 1909,1025,Bologna FC 1909,4326,AS Gubbio 1910,LOAN,loan transfer,TRANSFERMARKT_EXPANDED
2025/26,2025,OUT,496745,Emil Holm,1025,Bologna FC 1909,1025,Bologna FC 1909,506,Juventus FC,LOAN,loan transfer,TRANSFERMARKT_EXPANDED
2025/26,2025,OUT,886152,Thomas Gillier,1025,Bologna FC 1909,1025,Bologna FC 1909,4078,CF Montréal,LOAN,loan transfer,TRANSFERMARKT_EXPANDED
2025/26,2025,OUT,937891,Francesco Raffaelli,1025,Bologna FC 1909,1025,Bologna FC 1909,5542,CPR Ospitaletto,LOAN,loan transfer,TRANSFERMARKT_EXPANDED
2025/26,2025,OUT,531065,Oussama El Azzouzi,1025,Bologna FC 1909,1025,Bologna FC 1909,290,AJ Auxerre,LOAN,loan transfer,TRANSFERMARKT_EXPANDED
2025/26,2025,OUT,237658,Michel Aebischer,1025,Bologna FC 1909,1025,Bologna FC 1909,4172,Pisa Sporting Club,LOAN,loan transfer,TRANSFERMARKT_EXPANDED
2025/26,2025,OUT,937891,Francesco Raffaelli,1025,Bologna FC 1909,1025,Bologna FC 1909,52687,Alcione Milano,LOAN,loan transfer,TRANSFERMARKT_EXPANDED
2025/26,2025,OUT,967148,Naïm Byar,1025,Bologna FC 1909,1025,Bologna FC 1909,704,Calcio Foggia 1920,LOAN,loan transfer,TRANSFERMARKT_EXPANDED
2025/26,2025,OUT,818880,Tommaso Corazza,1025,Bologna FC 1909,1025,Bologna FC 1909,2921,Delfino Pescara 1936,LOAN,loan transfer,TRANSFERMARKT_EXPANDED
2025/26,2025,OUT,401935,Orji Okwonkwo,1025,Bologna FC 1909,1025,Bologna FC 1909,2921,Delfino Pescara 1936,LOAN,loan transfer,TRANSFERMARKT_EXPANDED
2025/26,2025,OUT,367992,Jesper Karlsson,1025,Bologna FC 1909,1025,Bologna FC 1909,370,Aberdeen FC,LOAN,loan transfer,TRANSFERMARKT_EXPANDED
2025/26,2025,OUT,845566,Mihajlo Ilić,1025,Bologna FC 1909,1025,Bologna FC 1909,58,RSC Anderlecht,LOAN,loan transfer,TRANSFERMARKT_EXPANDED
2025/26,2025,OUT,657742,Joaquín Sosa,1025,Bologna FC 1909,1025,Bologna FC 1909,2433,CSD Colo-Colo,LOAN,loan transfer,TRANSFERMARKT_EXPANDED
2025/26,2025,OUT,818882,Riccardo Stivanello,1025,Bologna FC 1909,1025,Bologna FC 1909,4103,FC Lumezzane,LOAN,loan transfer,TRANSFERMARKT_EXPANDED
2025/26,2025,OUT,633668,Giovanni Fabbian,1025,Bologna FC 1909,1025,Bologna FC 1909,430,ACF Fiorentina,LOAN,loan transfer,TRANSFERMARKT_EXPANDED
2025/26,2025,OUT,367992,Jesper Karlsson,1025,Bologna FC 1909,1025,Bologna FC 1909,200,FC Utrecht,LOAN,loan transfer,TRANSFERMARKT_EXPANDED
2025/26,2025,OUT,818880,Tommaso Corazza,1025,Bologna FC 1909,1025,Bologna FC 1909,1429,Cesena FC,LOAN,loan transfer,TRANSFERMARKT_EXPANDED
2025/26,2025,OUT,818889,Gennaro Anatriello,1025,Bologna FC 1909,1025,Bologna FC 1909,4103,FC Lumezzane,LOAN,loan transfer,TRANSFERMARKT_EXPANDED
2025/26,2025,OUT,657742,Joaquín Sosa,1025,Bologna FC 1909,1025,Bologna FC 1909,11648,Independiente Santa Fe,LOAN,loan transfer,TRANSFERMARKT_EXPANDED
2025/26,2025,OUT,818888,Antonio Raimondo,1025,Bologna FC 1909,1025,Bologna FC 1909,8970,Frosinone Calcio,LOAN,loan transfer,TRANSFERMARKT_EXPANDED
2025/26,2025,OUT,679754,Niklas Pyyhtiä,1025,Bologna FC 1909,1025,Bologna FC 1909,1385,Modena FC,LOAN,loan transfer,TRANSFERMARKT_EXPANDED
2025/26,2025,OUT,818889,Gennaro Anatriello,1025,Bologna FC 1909,1025,Bologna FC 1909,7197,Potenza Calcio,LOAN,loan transfer,TRANSFERMARKT_EXPANDED
2025/26,2025,OUT,659420,Mattia Motolese,1025,Bologna FC 1909,1025,Bologna FC 1909,4146,Aurora Pro Patria,LOAN,loan transfer,TRANSFERMARKT_EXPANDED
2025/26,2025,OUT,392538,Tommaso Pobega,1025,Bologna FC 1909,1025,Bologna FC 1909,5,AC Milan,LOAN_RETURN_OR_END_OF_LOAN,End of loan 30/06/2025,TRANSFERMARKT_EXPANDED
2025/26,2025,OUT,982267,Ibrahim Sulemana,1025,Bologna FC 1909,1025,Bologna FC 1909,800,Atalanta BC,LOAN_RETURN_OR_END_OF_LOAN,End of loan 20/01/2026,TRANSFERMARKT_EXPANDED
2025/26,2025,OUT,389837,Nicolò Casale,1025,Bologna FC 1909,1025,Bologna FC 1909,398,SS Lazio,LOAN_RETURN_OR_END_OF_LOAN,End of loan 30/06/2025,TRANSFERMARKT_EXPANDED
2025/26,2025,OUT,262523,Davide Calabria,1025,Bologna FC 1909,1025,Bologna FC 1909,5,AC Milan,LOAN_RETURN_OR_END_OF_LOAN,End of loan 30/06/2025,TRANSFERMARKT_EXPANDED
2025/26,2025,OUT,913539,Estanis Pedrola,1025,Bologna FC 1909,1025,Bologna FC 1909,1038,UC Sampdoria,LOAN_RETURN_OR_END_OF_LOAN,End of loan 30/06/2025,TRANSFERMARKT_EXPANDED
2025/26,2025,IN,1190411,Jesús Rodríguez,1047,Como 1907,150,Real Betis Balompié,1047,Como 1907,PERMANENT_OR_OTHER_EXPLICIT,€22.50m,TRANSFERMARKT_EXPANDED
2025/26,2025,IN,336012,Nicolas Kühn,1047,Como 1907,371,Celtic FC,1047,Como 1907,PERMANENT_OR_OTHER_EXPLICIT,€19.00m,TRANSFERMARKT_EXPANDED
2025/26,2025,IN,580451,Martin Baturina,1047,Como 1907,419,GNK Dinamo Zagreb,1047,Como 1907,PERMANENT_OR_OTHER_EXPLICIT,€18.00m,TRANSFERMARKT_EXPANDED
2025/26,2025,IN,747720,Jayden Addai,1047,Como 1907,1090,AZ Alkmaar,1047,Como 1907,PERMANENT_OR_OTHER_EXPLICIT,€14.00m,TRANSFERMARKT_EXPANDED
2025/26,2025,IN,668547,Máximo Perrone,1047,Como 1907,281,Manchester City,1047,Como 1907,PERMANENT_OR_OTHER_EXPLICIT,€13.00m,TRANSFERMARKT_EXPANDED
2025/26,2025,IN,1231993,Adrian Lahdo,1047,Como 1907,1059,Hammarby IF,1047,Como 1907,PERMANENT_OR_OTHER_EXPLICIT,€11.94m,TRANSFERMARKT_EXPANDED
2025/26,2025,IN,709957,Álex Valle,1047,Como 1907,131,FC Barcelona,1047,Como 1907,PERMANENT_OR_OTHER_EXPLICIT,€6.00m,TRANSFERMARKT_EXPANDED
2025/26,2025,IN,223974,Stefan Posch,1047,Como 1907,1025,Bologna FC 1909,1047,Como 1907,PERMANENT_OR_OTHER_EXPLICIT,€5.90m,TRANSFERMARKT_EXPANDED
2025/26,2025,IN,490423,Ignace Van der Brempt,1047,Como 1907,409,Red Bull Salzburg,1047,Como 1907,PERMANENT_OR_OTHER_EXPLICIT,€5.00m,TRANSFERMARKT_EXPANDED
2025/26,2025,IN,329145,Diego Carlos,1047,Como 1907,36,Fenerbahce,1047,Como 1907,LOAN,Loan fee: €2.80m,TRANSFERMARKT_EXPANDED
2025/26,2025,IN,948278,Jacobo Ramón,1047,Como 1907,6767,Real Madrid Castilla,1047,Como 1907,PERMANENT_OR_OTHER_EXPLICIT,€2.50m,TRANSFERMARKT_EXPANDED
2025/26,2025,IN,730531,Noel Törnqvist,1047,Como 1907,2719,Mjällby AIF,1047,Como 1907,PERMANENT_OR_OTHER_EXPLICIT,€2.00m,TRANSFERMARKT_EXPANDED
2025/26,2025,IN,226025,Luca Mazzitelli,1047,Como 1907,8970,Frosinone Calcio,1047,Como 1907,PERMANENT_OR_OTHER_EXPLICIT,€2.00m,TRANSFERMARKT_EXPANDED
2025/26,2025,IN,1004723,Fellipe Jack,1047,Como 1907,14807,SE Palmeiras São Paulo U20,1047,Como 1907,PERMANENT_OR_OTHER_EXPLICIT,€2.00m,TRANSFERMARKT_EXPANDED
2025/26,2025,IN,223974,Stefan Posch,1047,Como 1907,1025,Bologna FC 1909,1047,Como 1907,LOAN,Loan fee: €500k,TRANSFERMARKT_EXPANDED
2025/26,2025,IN,587505,Nikola Cavlina,1047,Como 1907,419,GNK Dinamo Zagreb,1047,Como 1907,LOAN,Loan fee: €150k,TRANSFERMARKT_EXPANDED
2025/26,2025,IN,128223,Álvaro Morata,1047,Como 1907,5,AC Milan,1047,Como 1907,LOAN,loan transfer,TRANSFERMARKT_EXPANDED
2025/26,2025,IN,1259706,Henrique Menke,1047,Como 1907,15083,SC Internacional U20,1047,Como 1907,LOAN,loan transfer,TRANSFERMARKT_EXPANDED
2025/26,2025,IN,933552,Marco Tremolada,1047,Como 1907,4103,FC Lumezzane,1047,Como 1907,LOAN_RETURN_OR_END_OF_LOAN,End of loan 30/06/2025,TRANSFERMARKT_EXPANDED
2025/26,2025,IN,241052,Alessandro Bellemo,1047,Como 1907,1038,UC Sampdoria,1047,Como 1907,LOAN_RETURN_OR_END_OF_LOAN,End of loan 30/06/2025,TRANSFERMARKT_EXPANDED
2025/26,2025,IN,730531,Noel Törnqvist,1047,Como 1907,2719,Mjällby AIF,1047,Como 1907,LOAN_RETURN_OR_END_OF_LOAN,End of loan 31/12/2025,TRANSFERMARKT_EXPANDED
2025/26,2025,IN,1004723,Fellipe Jack,1047,Como 1907,3522,Spezia Calcio,1047,Como 1907,LOAN_RETURN_OR_END_OF_LOAN,End of loan 02/02/2026,TRANSFERMARKT_EXPANDED
2025/26,2025,IN,392570,Marco Sala,1047,Como 1907,1005,US Lecce,1047,Como 1907,LOAN_RETURN_OR_END_OF_LOAN,End of loan 30/06/2025,TRANSFERMARKT_EXPANDED
2025/26,2025,IN,981136,Fabio Rispoli,1047,Como 1907,29251,Virtusvecomp Verona,1047,Como 1907,LOAN_RETURN_OR_END_OF_LOAN,End of loan 30/06/2025,TRANSFERMARKT_EXPANDED
2025/26,2025,IN,412649,Tommaso Cassandro,1047,Como 1907,4097,US Catanzaro,1047,Como 1907,LOAN_RETURN_OR_END_OF_LOAN,End of loan 30/06/2025,TRANSFERMARKT_EXPANDED
2025/26,2025,IN,325993,Oliver Abildgaard,1047,Como 1907,4172,Pisa Sporting Club,1047,Como 1907,LOAN_RETURN_OR_END_OF_LOAN,End of loan 30/06/2025,TRANSFERMARKT_EXPANDED
2025/26,2025,IN,309977,Samuel Ballet,1047,Como 1907,260,FC Zürich,1047,Como 1907,LOAN_RETURN_OR_END_OF_LOAN,End of loan 30/06/2025,TRANSFERMARKT_EXPANDED
2025/26,2025,IN,572780,Liam Kerrigan,1047,Como 1907,28643,SK Beveren,1047,Como 1907,LOAN_RETURN_OR_END_OF_LOAN,End of loan 30/06/2025,TRANSFERMARKT_EXPANDED
2025/26,2025,IN,197751,Alberto Cerri,1047,Como 1907,380,US Salernitana 1919,1047,Como 1907,LOAN_RETURN_OR_END_OF_LOAN,End of loan 30/06/2025,TRANSFERMARKT_EXPANDED
2025/26,2025,IN,315857,Marco Curto,1047,Como 1907,1038,UC Sampdoria,1047,Como 1907,LOAN_RETURN_OR_END_OF_LOAN,End of loan 30/06/2025,TRANSFERMARKT_EXPANDED
2025/26,2025,IN,877672,Ali Jasim,1047,Como 1907,723,Almere City FC,1047,Como 1907,LOAN_RETURN_OR_END_OF_LOAN,End of loan 30/06/2025,TRANSFERMARKT_EXPANDED
2025/26,2025,IN,265078,Patrick Cutrone,1047,Como 1907,130,Parma Calcio 1913,1047,Como 1907,LOAN_RETURN_OR_END_OF_LOAN,End of loan 29/01/2026,TRANSFERMARKT_EXPANDED
2025/26,2025,IN,167727,Andrea Belotti,1047,Como 1907,294,SL Benfica,1047,Como 1907,LOAN_RETURN_OR_END_OF_LOAN,End of loan 30/06/2025,TRANSFERMARKT_EXPANDED
2025/26,2025,IN,256339,Emil Audero,1047,Como 1907,458,Palermo FC,1047,Como 1907,LOAN_RETURN_OR_END_OF_LOAN,End of loan 30/06/2025,TRANSFERMARKT_EXPANDED
2025/26,2025,IN,130360,Simone Verdi,1047,Como 1907,6574,US Sassuolo,1047,Como 1907,LOAN_RETURN_OR_END_OF_LOAN,End of loan 30/06/2025,TRANSFERMARKT_EXPANDED
2025/26,2025,IN,226025,Luca Mazzitelli,1047,Como 1907,6574,US Sassuolo,1047,Como 1907,LOAN_RETURN_OR_END_OF_LOAN,End of loan 29/06/2025,TRANSFERMARKT_EXPANDED
2025/26,2025,IN,522681,Ben Lhassine Kone,1047,Como 1907,8970,Frosinone Calcio,1047,Como 1907,LOAN_RETURN_OR_END_OF_LOAN,End of loan 30/06/2025,TRANSFERMARKT_EXPANDED
2025/26,2025,IN,704979,Peter Kovacik,1047,Como 1907,20063,Zeleziarne Podbrezova,1047,Como 1907,LOAN_RETURN_OR_END_OF_LOAN,End of loan 30/06/2025,TRANSFERMARKT_EXPANDED
2025/26,2025,IN,357983,Simone Ghidotti,1047,Como 1907,1038,UC Sampdoria,1047,Como 1907,LOAN_RETURN_OR_END_OF_LOAN,End of loan 30/06/2025,TRANSFERMARKT_EXPANDED
2025/26,2025,IN,265033,Nikolas Ioannou,1047,Como 1907,1038,UC Sampdoria,1047,Como 1907,LOAN_RETURN_OR_END_OF_LOAN,End of loan 30/06/2025,TRANSFERMARKT_EXPANDED
2025/26,2025,IN,691678,Tommaso Fumagalli,1047,Como 1907,20519,Virtus Entella,1047,Como 1907,LOAN_RETURN_OR_END_OF_LOAN,End of loan 01/02/2026,TRANSFERMARKT_EXPANDED
2025/26,2025,IN,691678,Tommaso Fumagalli,1047,Como 1907,4031,Cosenza Calcio,1047,Como 1907,LOAN_RETURN_OR_END_OF_LOAN,End of loan 30/06/2025,TRANSFERMARKT_EXPANDED
2025/26,2025,OUT,457673,Gabriel Strefezza,1047,Como 1907,1047,Como 1907,683,Olympiacos Piraeus,PERMANENT_OR_OTHER_EXPLICIT,€8.00m,TRANSFERMARKT_EXPANDED
2025/26,2025,OUT,325993,Oliver Abildgaard,1047,Como 1907,1047,Como 1907,1038,UC Sampdoria,PERMANENT_OR_OTHER_EXPLICIT,€2.50m,TRANSFERMARKT_EXPANDED
2025/26,2025,OUT,241052,Alessandro Bellemo,1047,Como 1907,1047,Como 1907,1038,UC Sampdoria,PERMANENT_OR_OTHER_EXPLICIT,€2.00m,TRANSFERMARKT_EXPANDED
2025/26,2025,OUT,265033,Nikolas Ioannou,1047,Como 1907,1047,Como 1907,1038,UC Sampdoria,PERMANENT_OR_OTHER_EXPLICIT,€1.50m,TRANSFERMARKT_EXPANDED
2025/26,2025,OUT,749552,Alieu Fadera,1047,Como 1907,1047,Como 1907,6574,US Sassuolo,LOAN,Loan fee: €1.00m,TRANSFERMARKT_EXPANDED
2025/26,2025,OUT,315857,Marco Curto,1047,Como 1907,1047,Como 1907,749,FC Empoli,PERMANENT_OR_OTHER_EXPLICIT,€780k,TRANSFERMARKT_EXPANDED
2025/26,2025,OUT,357983,Simone Ghidotti,1047,Como 1907,1047,Como 1907,1038,UC Sampdoria,PERMANENT_OR_OTHER_EXPLICIT,€400k,TRANSFERMARKT_EXPANDED
2025/26,2025,OUT,223974,Stefan Posch,1047,Como 1907,1047,Como 1907,39,1.FSV Mainz 05,LOAN,Loan fee: €200k,TRANSFERMARKT_EXPANDED
2025/26,2025,OUT,167727,Andrea Belotti,1047,Como 1907,1047,Como 1907,1390,Cagliari Calcio,FREE_TRANSFER,free transfer,TRANSFERMARKT_EXPANDED
2025/26,2025,OUT,933552,Marco Tremolada,1047,Como 1907,1047,Como 1907,4553,US Pergolettese 1932,FREE_TRANSFER,free transfer,TRANSFERMARKT_EXPANDED
2025/26,2025,OUT,309977,Samuel Ballet,1047,Como 1907,1047,Como 1907,589,Antalyaspor,FREE_TRANSFER,free transfer,TRANSFERMARKT_EXPANDED
2025/26,2025,OUT,704979,Peter Kovacik,1047,Como 1907,1047,Como 1907,20063,Zeleziarne Podbrezova,FREE_TRANSFER,free transfer,TRANSFERMARKT_EXPANDED
2025/26,2025,OUT,130360,Simone Verdi,1047,Como 1907,1047,Como 1907,4554,FC Südtirol,FREE_TRANSFER,free transfer,TRANSFERMARKT_EXPANDED
2025/26,2025,OUT,572780,Liam Kerrigan,1047,Como 1907,1047,Como 1907,1103,Ternana Calcio,FREE_TRANSFER,free transfer,TRANSFERMARKT_EXPANDED
2025/26,2025,OUT,392570,Marco Sala,1047,Como 1907,1047,Como 1907,2331,US Avellino 1912,PERMANENT_OR_OTHER_EXPLICIT,?,TRANSFERMARKT_EXPANDED
2025/26,2025,OUT,197751,Alberto Cerri,1047,Como 1907,1047,Como 1907,1429,Cesena FC,PERMANENT_OR_OTHER_EXPLICIT,?,TRANSFERMARKT_EXPANDED
2025/26,2025,OUT,256339,Emil Audero,1047,Como 1907,1047,Como 1907,2239,US Cremonese,LOAN,loan transfer,TRANSFERMARKT_EXPANDED
2025/26,2025,OUT,412649,Tommaso Cassandro,1047,Como 1907,1047,Como 1907,4097,US Catanzaro,LOAN,loan transfer,TRANSFERMARKT_EXPANDED
2025/26,2025,OUT,1004723,Fellipe Jack,1047,Como 1907,1047,Como 1907,4097,US Catanzaro,LOAN,loan transfer,TRANSFERMARKT_EXPANDED
2025/26,2025,OUT,226025,Luca Mazzitelli,1047,Como 1907,1047,Como 1907,1390,Cagliari Calcio,LOAN,loan transfer,TRANSFERMARKT_EXPANDED
2025/26,2025,OUT,691678,Tommaso Fumagalli,1047,Como 1907,1047,Como 1907,5621,AC Reggiana 1919,LOAN,loan transfer,TRANSFERMARKT_EXPANDED
2025/26,2025,OUT,488052,Matthias Braunöder,1047,Como 1907,1047,Como 1907,332,SSC Bari,LOAN,loan transfer,TRANSFERMARKT_EXPANDED
2025/26,2025,OUT,633306,Iván Azón,1047,Como 1907,1047,Como 1907,677,Ipswich Town,LOAN,loan transfer,TRANSFERMARKT_EXPANDED
2025/26,2025,OUT,265078,Patrick Cutrone,1047,Como 1907,1047,Como 1907,130,Parma Calcio 1913,LOAN,loan transfer,TRANSFERMARKT_EXPANDED
2025/26,2025,OUT,311333,Alessandro Gabrielloni,1047,Como 1907,1047,Como 1907,5587,SS Juve Stabia,LOAN,loan transfer,TRANSFERMARKT_EXPANDED
2025/26,2025,OUT,877672,Ali Jasim,1047,Como 1907,1047,Como 1907,32328,Al-Najma SC,LOAN,loan transfer,TRANSFERMARKT_EXPANDED
2025/26,2025,OUT,981136,Fabio Rispoli,1047,Como 1907,1047,Como 1907,4097,US Catanzaro,LOAN,loan transfer,TRANSFERMARKT_EXPANDED
2025/26,2025,OUT,265078,Patrick Cutrone,1047,Como 1907,1047,Como 1907,2919,AC Monza,LOAN,loan transfer,TRANSFERMARKT_EXPANDED
2025/26,2025,OUT,730531,Noel Törnqvist,1047,Como 1907,1047,Como 1907,2719,Mjällby AIF,LOAN,loan transfer,TRANSFERMARKT_EXPANDED
2025/26,2025,OUT,522681,Ben Lhassine Kone,1047,Como 1907,1047,Como 1907,8970,Frosinone Calcio,LOAN,loan transfer,TRANSFERMARKT_EXPANDED
2025/26,2025,OUT,691678,Tommaso Fumagalli,1047,Como 1907,1047,Como 1907,20519,Virtus Entella,LOAN,loan transfer,TRANSFERMARKT_EXPANDED
2025/26,2025,OUT,1004723,Fellipe Jack,1047,Como 1907,1047,Como 1907,3522,Spezia Calcio,LOAN,loan transfer,TRANSFERMARKT_EXPANDED
2025/26,2025,OUT,405670,Yannik Engelhardt,1047,Como 1907,1047,Como 1907,18,Borussia Mönchengladbach,LOAN,loan transfer,TRANSFERMARKT_EXPANDED
2025/26,2025,OUT,385394,Alberto Dossena,1047,Como 1907,1047,Como 1907,1390,Cagliari Calcio,LOAN,loan transfer,TRANSFERMARKT_EXPANDED
2025/26,2025,OUT,207929,Dele Alli,1047,Como 1907,1047,Como 1907,515,Without Club,FREE_AGENT_OR_END_OF_CONTRACT,-,TRANSFERMARKT_EXPANDED
2025/26,2025,OUT,431417,Pierre Bolchini,1047,Como 1907,1047,Como 1907,515,Without Club,FREE_AGENT_OR_END_OF_CONTRACT,-,TRANSFERMARKT_EXPANDED
2025/26,2025,OUT,7825,Pepe Reina,1047,Como 1907,1047,Como 1907,,Retired,RETIREMENT,-,TRANSFERMARKT_EXPANDED
2025/26,2025,OUT,330472,Alessio Iovine,1047,Como 1907,1047,Como 1907,,Retired,RETIREMENT,-,TRANSFERMARKT_EXPANDED
2025/26,2025,OUT,223974,Stefan Posch,1047,Como 1907,1047,Como 1907,1025,Bologna FC 1909,LOAN_RETURN_OR_END_OF_LOAN,End of loan 20/01/2026,TRANSFERMARKT_EXPANDED
2025/26,2025,OUT,668547,Máximo Perrone,1047,Como 1907,1047,Como 1907,281,Manchester City,LOAN_RETURN_OR_END_OF_LOAN,End of loan 30/06/2025,TRANSFERMARKT_EXPANDED
2025/26,2025,OUT,490423,Ignace Van der Brempt,1047,Como 1907,1047,Como 1907,409,Red Bull Salzburg,LOAN_RETURN_OR_END_OF_LOAN,End of loan 30/06/2025,TRANSFERMARKT_EXPANDED
2025/26,2025,OUT,709957,Álex Valle,1047,Como 1907,1047,Como 1907,131,FC Barcelona,LOAN_RETURN_OR_END_OF_LOAN,End of loan 30/06/2025,TRANSFERMARKT_EXPANDED
2025/26,2025,OUT,324690,Jonathan Ikoné,1047,Como 1907,1047,Como 1907,430,ACF Fiorentina,LOAN_RETURN_OR_END_OF_LOAN,End of loan 30/06/2025,TRANSFERMARKT_EXPANDED
2025/26,2025,OUT,226025,Luca Mazzitelli,1047,Como 1907,1047,Como 1907,8970,Frosinone Calcio,LOAN_RETURN_OR_END_OF_LOAN,End of loan 30/06/2025,TRANSFERMARKT_EXPANDED
2025/26,2025,OUT,1004723,Fellipe Jack,1047,Como 1907,1047,Como 1907,14807,SE Palmeiras São Paulo U20,LOAN_RETURN_OR_END_OF_LOAN,End of loan 30/06/2025,TRANSFERMARKT_EXPANDED
2025/26,2025,IN,393238,Zakaria Aboukhlal,416,Torino FC,415,FC Toulouse,416,Torino FC,PERMANENT_OR_OTHER_EXPLICIT,€7.50m,TRANSFERMARKT_EXPANDED
2025/26,2025,IN,492319,Franco Israel,416,Torino FC,336,Sporting CP,416,Torino FC,PERMANENT_OR_OTHER_EXPLICIT,€4.50m,TRANSFERMARKT_EXPANDED
2025/26,2025,IN,583404,Marcus Pedersen,416,Torino FC,234,Feyenoord Rotterdam,416,Torino FC,PERMANENT_OR_OTHER_EXPLICIT,€3.60m,TRANSFERMARKT_EXPANDED
2025/26,2025,IN,543771,Kristjan Asllani,416,Torino FC,46,Inter Milan,416,Torino FC,LOAN,Loan fee: €1.50m,TRANSFERMARKT_EXPANDED
2025/26,2025,IN,282388,Giovanni Simeone,416,Torino FC,6195,SSC Napoli,416,Torino FC,LOAN,Loan fee: €1.35m,TRANSFERMARKT_EXPANDED
2025/26,2025,IN,357778,Sandro Kulenović,416,Torino FC,419,GNK Dinamo Zagreb,416,Torino FC,LOAN,Loan fee: €500k,TRANSFERMARKT_EXPANDED
2025/26,2025,IN,358032,Cyril Ngonge,416,Torino FC,6195,SSC Napoli,416,Torino FC,LOAN,Loan fee: €500k,TRANSFERMARKT_EXPANDED
2025/26,2025,IN,591193,Niels Nkounkou,416,Torino FC,24,Eintracht Frankfurt,416,Torino FC,LOAN,Loan fee: €500k,TRANSFERMARKT_EXPANDED
2025/26,2025,IN,876298,Matteo Prati,416,Torino FC,1390,Cagliari Calcio,416,Torino FC,LOAN,Loan fee: €300k,TRANSFERMARKT_EXPANDED
2025/26,2025,IN,124555,Cristiano Biraghi,416,Torino FC,430,ACF Fiorentina,416,Torino FC,PERMANENT_OR_OTHER_EXPLICIT,€260k,TRANSFERMARKT_EXPANDED
2025/26,2025,IN,814446,Luca Marianucci,416,Torino FC,6195,SSC Napoli,416,Torino FC,LOAN,Loan fee: €250k,TRANSFERMARKT_EXPANDED
2025/26,2025,IN,435228,Ardian Ismajli,416,Torino FC,749,FC Empoli,416,Torino FC,FREE_TRANSFER,free transfer,TRANSFERMARKT_EXPANDED
2025/26,2025,IN,646747,Rafa Obrador,416,Torino FC,294,SL Benfica,416,Torino FC,LOAN,loan transfer,TRANSFERMARKT_EXPANDED
2025/26,2025,IN,342877,Enzo Ebosse,416,Torino FC,410,Udinese Calcio,416,Torino FC,LOAN,loan transfer,TRANSFERMARKT_EXPANDED
2025/26,2025,IN,433181,Tino Anjorin,416,Torino FC,749,FC Empoli,416,Torino FC,LOAN,loan transfer,TRANSFERMARKT_EXPANDED
2025/26,2025,IN,942103,Lapo Siviero,416,Torino FC,12130,Torino Primavera,416,Torino FC,PERMANENT_OR_OTHER_EXPLICIT,-,TRANSFERMARKT_EXPANDED
2025/26,2025,IN,1188619,Alessio Cacciamani,416,Torino FC,12130,Torino Primavera,416,Torino FC,PERMANENT_OR_OTHER_EXPLICIT,-,TRANSFERMARKT_EXPANDED
2025/26,2025,IN,1059298,Côme Bianay Balcot,416,Torino FC,1103,Ternana Calcio,416,Torino FC,LOAN_RETURN_OR_END_OF_LOAN,End of loan 13/01/2026,TRANSFERMARKT_EXPANDED
2025/26,2025,IN,1074917,Jonathan Silva,416,Torino FC,4083,FC Crotone,416,Torino FC,LOAN_RETURN_OR_END_OF_LOAN,End of loan 30/06/2025,TRANSFERMARKT_EXPANDED
2025/26,2025,IN,813134,Cristian Padula,416,Torino FC,9818,Giugliano Calcio 1928,416,Torino FC,LOAN_RETURN_OR_END_OF_LOAN,End of loan 30/06/2025,TRANSFERMARKT_EXPANDED
2025/26,2025,IN,623412,Mihai Popa,416,Torino FC,7769,CFR Cluj,416,Torino FC,LOAN_RETURN_OR_END_OF_LOAN,End of loan 30/06/2025,TRANSFERMARKT_EXPANDED
2025/26,2025,IN,551752,Demba Seck,416,Torino FC,4097,US Catanzaro,416,Torino FC,LOAN_RETURN_OR_END_OF_LOAN,End of loan 30/06/2025,TRANSFERMARKT_EXPANDED
2025/26,2025,IN,655456,Saba Sazonov,416,Torino FC,749,FC Empoli,416,Torino FC,LOAN_RETURN_OR_END_OF_LOAN,End of loan 30/06/2025,TRANSFERMARKT_EXPANDED
2025/26,2025,IN,804799,Ange N'Guessan,416,Torino FC,26985,NK Bravo,416,Torino FC,LOAN_RETURN_OR_END_OF_LOAN,End of loan 30/06/2025,TRANSFERMARKT_EXPANDED
2025/26,2025,IN,1059298,Côme Bianay Balcot,416,Torino FC,4271,US Triestina,416,Torino FC,LOAN_RETURN_OR_END_OF_LOAN,End of loan 30/06/2025,TRANSFERMARKT_EXPANDED
2025/26,2025,IN,817333,Francesco Dell'Aquila,416,Torino FC,1104,ACR Messina,416,Torino FC,LOAN_RETURN_OR_END_OF_LOAN,End of loan 30/06/2025,TRANSFERMARKT_EXPANDED
2025/26,2025,IN,815483,Jacopo Antolini,416,Torino FC,26789,FC Pro Vercelli 1892,416,Torino FC,LOAN_RETURN_OR_END_OF_LOAN,End of loan 30/06/2025,TRANSFERMARKT_EXPANDED
2025/26,2025,IN,983810,Senan Mullen,416,Torino FC,2581,Mantova 1911,416,Torino FC,LOAN_RETURN_OR_END_OF_LOAN,End of loan 26/01/2026,TRANSFERMARKT_EXPANDED
2025/26,2025,IN,704744,Tommaso Di Marco,416,Torino FC,9439,Feralpisalò,416,Torino FC,LOAN_RETURN_OR_END_OF_LOAN,End of loan 30/06/2025,TRANSFERMARKT_EXPANDED
2025/26,2025,IN,716668,Kevin Haveri,416,Torino FC,1104,ACR Messina,416,Torino FC,LOAN_RETURN_OR_END_OF_LOAN,End of loan 30/06/2025,TRANSFERMARKT_EXPANDED
2025/26,2025,IN,724108,Aaron Ciammaglichella,416,Torino FC,1103,Ternana Calcio,416,Torino FC,LOAN_RETURN_OR_END_OF_LOAN,End of loan 30/06/2025,TRANSFERMARKT_EXPANDED
2025/26,2025,IN,617164,Pietro Passador,416,Torino FC,1103,Ternana Calcio,416,Torino FC,LOAN_RETURN_OR_END_OF_LOAN,End of loan 30/06/2025,TRANSFERMARKT_EXPANDED
2025/26,2025,IN,715470,Brian Bayeye,416,Torino FC,7567,FK Radnicki Nis,416,Torino FC,LOAN_RETURN_OR_END_OF_LOAN,End of loan 30/06/2025,TRANSFERMARKT_EXPANDED
2025/26,2025,IN,817333,Francesco Dell'Aquila,416,Torino FC,4255,SS Arezzo,416,Torino FC,LOAN_RETURN_OR_END_OF_LOAN,End of loan 01/01/2026,TRANSFERMARKT_EXPANDED
2025/26,2025,IN,815483,Jacopo Antolini,416,Torino FC,7030,Vis Pesaro 1898,416,Torino FC,LOAN_RETURN_OR_END_OF_LOAN,End of loan 20/01/2025,TRANSFERMARKT_EXPANDED
2025/26,2025,IN,804799,Ange N'Guessan,416,Torino FC,697,FC Slovan Liberec,416,Torino FC,LOAN_RETURN_OR_END_OF_LOAN,End of loan 04/09/2025,TRANSFERMARKT_EXPANDED
2025/26,2025,OUT,467992,Samuele Ricci,416,Torino FC,416,Torino FC,5,AC Milan,PERMANENT_OR_OTHER_EXPLICIT,€23.00m,TRANSFERMARKT_EXPANDED
2025/26,2025,OUT,257474,Vanja Milinković-Savić,416,Torino FC,416,Torino FC,6195,SSC Napoli,LOAN,Loan fee: €15.00m,TRANSFERMARKT_EXPANDED
2025/26,2025,OUT,234523,Antonio Sanabria,416,Torino FC,416,Torino FC,2239,US Cremonese,PERMANENT_OR_OTHER_EXPLICIT,€2.50m,TRANSFERMARKT_EXPANDED
2025/26,2025,OUT,804799,Ange N'Guessan,416,Torino FC,416,Torino FC,697,FC Slovan Liberec,PERMANENT_OR_OTHER_EXPLICIT,€1.00m,TRANSFERMARKT_EXPANDED
2025/26,2025,OUT,345458,Sebastian Walukiewicz,416,Torino FC,416,Torino FC,6574,US Sassuolo,LOAN,Loan fee: €1.00m,TRANSFERMARKT_EXPANDED
2025/26,2025,OUT,623412,Mihai Popa,416,Torino FC,416,Torino FC,7769,CFR Cluj,PERMANENT_OR_OTHER_EXPLICIT,€100k,TRANSFERMARKT_EXPANDED
2025/26,2025,OUT,716668,Kevin Haveri,416,Torino FC,416,Torino FC,1210,US Livorno 1915,FREE_TRANSFER,free transfer,TRANSFERMARKT_EXPANDED
2025/26,2025,OUT,225873,Karol Linetty,416,Torino FC,416,Torino FC,120,Kocaelispor,FREE_TRANSFER,free transfer,TRANSFERMARKT_EXPANDED
2025/26,2025,OUT,704744,Tommaso Di Marco,416,Torino FC,416,Torino FC,1105,Ravenna FC,LOAN,loan transfer,TRANSFERMARKT_EXPANDED
2025/26,2025,OUT,813134,Cristian Padula,416,Torino FC,416,Torino FC,18642,Campobasso FC,LOAN,loan transfer,TRANSFERMARKT_EXPANDED
2025/26,2025,OUT,817333,Francesco Dell'Aquila,416,Torino FC,416,Torino FC,4255,SS Arezzo,LOAN,loan transfer,TRANSFERMARKT_EXPANDED
2025/26,2025,OUT,1059298,Côme Bianay Balcot,416,Torino FC,416,Torino FC,1103,Ternana Calcio,LOAN,loan transfer,TRANSFERMARKT_EXPANDED
2025/26,2025,OUT,1059298,Côme Bianay Balcot,416,Torino FC,416,Torino FC,2581,Mantova 1911,LOAN,loan transfer,TRANSFERMARKT_EXPANDED
2025/26,2025,OUT,88685,Antonio Donnarumma,416,Torino FC,416,Torino FC,380,US Salernitana 1919,PERMANENT_OR_OTHER_EXPLICIT,?,TRANSFERMARKT_EXPANDED
2025/26,2025,OUT,617164,Pietro Passador,416,Torino FC,416,Torino FC,26789,FC Pro Vercelli 1892,PERMANENT_OR_OTHER_EXPLICIT,?,TRANSFERMARKT_EXPANDED
2025/26,2025,OUT,1188619,Alessio Cacciamani,416,Torino FC,416,Torino FC,5587,SS Juve Stabia,LOAN,loan transfer,TRANSFERMARKT_EXPANDED
2025/26,2025,OUT,804799,Ange N'Guessan,416,Torino FC,416,Torino FC,697,FC Slovan Liberec,LOAN,loan transfer,TRANSFERMARKT_EXPANDED
2025/26,2025,OUT,551752,Demba Seck,416,Torino FC,416,Torino FC,669,FK Partizan Belgrade,LOAN,loan transfer,TRANSFERMARKT_EXPANDED
2025/26,2025,OUT,815483,Jacopo Antolini,416,Torino FC,416,Torino FC,4553,US Pergolettese 1932,LOAN,loan transfer,TRANSFERMARKT_EXPANDED
2025/26,2025,OUT,1074917,Jonathan Silva,416,Torino FC,416,Torino FC,3037,Calcio Padova,LOAN,loan transfer,TRANSFERMARKT_EXPANDED
2025/26,2025,OUT,724108,Aaron Ciammaglichella,416,Torino FC,416,Torino FC,5587,SS Juve Stabia,LOAN,loan transfer,TRANSFERMARKT_EXPANDED
2025/26,2025,OUT,817333,Francesco Dell'Aquila,416,Torino FC,416,Torino FC,14888,US Città di Pontedera,LOAN,loan transfer,TRANSFERMARKT_EXPANDED
2025/26,2025,OUT,983810,Senan Mullen,416,Torino FC,416,Torino FC,9211,Bohemian Football Club,LOAN,loan transfer,TRANSFERMARKT_EXPANDED
2025/26,2025,OUT,1004344,Ali Dembélé,416,Torino FC,416,Torino FC,2581,Mantova 1911,LOAN,loan transfer,TRANSFERMARKT_EXPANDED
2025/26,2025,OUT,324804,Yann Karamoh,416,Torino FC,416,Torino FC,515,Without Club,FREE_AGENT_OR_END_OF_CONTRACT,-,TRANSFERMARKT_EXPANDED
2025/26,2025,OUT,715470,Brian Bayeye,416,Torino FC,416,Torino FC,515,Without Club,FREE_AGENT_OR_END_OF_CONTRACT,-,TRANSFERMARKT_EXPANDED
2025/26,2025,OUT,286949,Adam Masina,416,Torino FC,416,Torino FC,515,Without Club,FREE_AGENT_OR_END_OF_CONTRACT,-,TRANSFERMARKT_EXPANDED
2025/26,2025,OUT,418543,Perr Schuurs,416,Torino FC,416,Torino FC,515,Without Club,FREE_AGENT_OR_END_OF_CONTRACT,-,TRANSFERMARKT_EXPANDED
2025/26,2025,OUT,543771,Kristjan Asllani,416,Torino FC,416,Torino FC,46,Inter Milan,LOAN_RETURN_OR_END_OF_LOAN,End of loan 30/01/2026,TRANSFERMARKT_EXPANDED
2025/26,2025,OUT,358032,Cyril Ngonge,416,Torino FC,416,Torino FC,6195,SSC Napoli,LOAN_RETURN_OR_END_OF_LOAN,End of loan 30/01/2026,TRANSFERMARKT_EXPANDED
2025/26,2025,OUT,400489,Eljif Elmas,416,Torino FC,416,Torino FC,23826,RB Leipzig,LOAN_RETURN_OR_END_OF_LOAN,End of loan 30/06/2025,TRANSFERMARKT_EXPANDED
2025/26,2025,OUT,293194,Borna Sosa,416,Torino FC,416,Torino FC,610,Ajax Amsterdam,LOAN_RETURN_OR_END_OF_LOAN,End of loan 30/06/2025,TRANSFERMARKT_EXPANDED
2025/26,2025,OUT,583404,Marcus Pedersen,416,Torino FC,416,Torino FC,234,Feyenoord Rotterdam,LOAN_RETURN_OR_END_OF_LOAN,End of loan 30/06/2025,TRANSFERMARKT_EXPANDED
2025/26,2025,OUT,124555,Cristiano Biraghi,416,Torino FC,416,Torino FC,430,ACF Fiorentina,LOAN_RETURN_OR_END_OF_LOAN,End of loan 30/06/2025,TRANSFERMARKT_EXPANDED
2025/26,2025,OUT,980576,Amine Salama,416,Torino FC,416,Torino FC,1421,Stade Reims,LOAN_RETURN_OR_END_OF_LOAN,End of loan 30/06/2025,TRANSFERMARKT_EXPANDED
2025/26,2025,IN,855308,Arthur Atta,410,Udinese Calcio,347,FC Metz,410,Udinese Calcio,PERMANENT_OR_OTHER_EXPLICIT,€8.00m,TRANSFERMARKT_EXPANDED
2025/26,2025,IN,924857,Lennon Miller,410,Udinese Calcio,987,Motherwell FC,410,Udinese Calcio,PERMANENT_OR_OTHER_EXPLICIT,€5.50m,TRANSFERMARKT_EXPANDED
2025/26,2025,IN,668950,Luca Kjerrumgaard,410,Udinese Calcio,173,Odense Boldklub,410,Udinese Calcio,PERMANENT_OR_OTHER_EXPLICIT,€5.00m,TRANSFERMARKT_EXPANDED
2025/26,2025,IN,267160,Adam Buksa,410,Udinese Calcio,865,FC Midtjylland,410,Udinese Calcio,PERMANENT_OR_OTHER_EXPLICIT,€5.00m,TRANSFERMARKT_EXPANDED
2025/26,2025,IN,1300966,Branimir Mlacic,410,Udinese Calcio,447,HNK Hajduk Split,410,Udinese Calcio,PERMANENT_OR_OTHER_EXPLICIT,€4.50m,TRANSFERMARKT_EXPANDED
2025/26,2025,IN,906160,Saba Goglichidze,410,Udinese Calcio,749,FC Empoli,410,Udinese Calcio,PERMANENT_OR_OTHER_EXPLICIT,€4.00m,TRANSFERMARKT_EXPANDED
2025/26,2025,IN,1178488,Idrissa Gueye,410,Udinese Calcio,347,FC Metz,410,Udinese Calcio,LOAN,Loan fee: €4.00m,TRANSFERMARKT_EXPANDED
2025/26,2025,IN,377243,Jakub Piotrowski,410,Udinese Calcio,31614,Ludogorets Razgrad,410,Udinese Calcio,PERMANENT_OR_OTHER_EXPLICIT,€3.00m,TRANSFERMARKT_EXPANDED
2025/26,2025,IN,1118347,Juan Arizala,410,Udinese Calcio,10093,Independiente Medellín,410,Udinese Calcio,PERMANENT_OR_OTHER_EXPLICIT,€3.00m,TRANSFERMARKT_EXPANDED
2025/26,2025,IN,392085,Nicolò Zaniolo,410,Udinese Calcio,141,Galatasaray,410,Udinese Calcio,LOAN,Loan fee: €2.50m,TRANSFERMARKT_EXPANDED
2025/26,2025,IN,956588,Alessandro Nunziante,410,Udinese Calcio,4171,Benevento Calcio,410,Udinese Calcio,PERMANENT_OR_OTHER_EXPLICIT,€1.50m,TRANSFERMARKT_EXPANDED
2025/26,2025,IN,1210116,Abdoulaye Camara,410,Udinese Calcio,10852,Montpellier HSC U19,410,Udinese Calcio,PERMANENT_OR_OTHER_EXPLICIT,€1.20m,TRANSFERMARKT_EXPANDED
2025/26,2025,IN,632831,Nicolò Bertola,410,Udinese Calcio,3522,Spezia Calcio,410,Udinese Calcio,FREE_TRANSFER,free transfer,TRANSFERMARKT_EXPANDED
2025/26,2025,IN,653415,Leonardo Buta,410,Udinese Calcio,979,Moreirense FC,410,Udinese Calcio,PERMANENT_OR_OTHER_EXPLICIT,?,TRANSFERMARKT_EXPANDED
2025/26,2025,IN,397225,Alessandro Zanoli,410,Udinese Calcio,6195,SSC Napoli,410,Udinese Calcio,LOAN,loan transfer,TRANSFERMARKT_EXPANDED
2025/26,2025,IN,528833,Lazar Samardžić,410,Udinese Calcio,800,Atalanta BC,410,Udinese Calcio,LOAN_RETURN_OR_END_OF_LOAN,End of loan 30/06/2025,TRANSFERMARKT_EXPANDED
2025/26,2025,IN,726721,Gonçalo Esteves,410,Udinese Calcio,2521,FC Alverca,410,Udinese Calcio,LOAN_RETURN_OR_END_OF_LOAN,End of loan 27/01/2026,TRANSFERMARKT_EXPANDED
2025/26,2025,IN,375877,Vakoun Bayo,410,Udinese Calcio,1010,Watford FC,410,Udinese Calcio,LOAN_RETURN_OR_END_OF_LOAN,End of loan 30/06/2025,TRANSFERMARKT_EXPANDED
2025/26,2025,IN,726721,Gonçalo Esteves,410,Udinese Calcio,322,Yverdon Sport FC,410,Udinese Calcio,LOAN_RETURN_OR_END_OF_LOAN,End of loan 30/06/2025,TRANSFERMARKT_EXPANDED
2025/26,2025,IN,491693,Nehuén Pérez,410,Udinese Calcio,720,FC Porto,410,Udinese Calcio,LOAN_RETURN_OR_END_OF_LOAN,End of loan 30/06/2025,TRANSFERMARKT_EXPANDED
2025/26,2025,IN,1014243,Vivaldo Semedo,410,Udinese Calcio,6912,FC Vizela,410,Udinese Calcio,LOAN_RETURN_OR_END_OF_LOAN,End of loan 30/06/2025,TRANSFERMARKT_EXPANDED
2025/26,2025,IN,342877,Enzo Ebosse,410,Udinese Calcio,2300,Jagiellonia Bialystok,410,Udinese Calcio,LOAN_RETURN_OR_END_OF_LOAN,End of loan 30/06/2025,TRANSFERMARKT_EXPANDED
2025/26,2025,IN,465279,Marco Ballarini,410,Udinese Calcio,1253,Lucchese Calcio,410,Udinese Calcio,LOAN_RETURN_OR_END_OF_LOAN,End of loan 30/06/2025,TRANSFERMARKT_EXPANDED
2025/26,2025,IN,654949,Sekou Diawara,410,Udinese Calcio,1253,Lucchese Calcio,410,Udinese Calcio,LOAN_RETURN_OR_END_OF_LOAN,End of loan 30/06/2025,TRANSFERMARKT_EXPANDED
2025/26,2025,IN,412366,Brenner,410,Udinese Calcio,51772,FC Cincinnati,410,Udinese Calcio,LOAN_RETURN_OR_END_OF_LOAN,End of loan 31/12/2025,TRANSFERMARKT_EXPANDED
2025/26,2025,IN,342877,Enzo Ebosse,410,Udinese Calcio,276,Hellas Verona,410,Udinese Calcio,LOAN_RETURN_OR_END_OF_LOAN,End of loan 02/02/2026,TRANSFERMARKT_EXPANDED
2025/26,2025,IN,950593,Damián Pizarro,410,Udinese Calcio,738,Le Havre AC,410,Udinese Calcio,LOAN_RETURN_OR_END_OF_LOAN,End of loan 13/01/2026,TRANSFERMARKT_EXPANDED
2025/26,2025,IN,653415,Leonardo Buta,410,Udinese Calcio,1533,SD Eibar,410,Udinese Calcio,LOAN_RETURN_OR_END_OF_LOAN,End of loan 01/02/2026,TRANSFERMARKT_EXPANDED
2025/26,2025,IN,572265,Lorenzo Lucca,410,Udinese Calcio,6195,SSC Napoli,410,Udinese Calcio,LOAN_RETURN_OR_END_OF_LOAN,End of loan 21/01/2026,TRANSFERMARKT_EXPANDED
2025/26,2025,OUT,572265,Lorenzo Lucca,410,Udinese Calcio,410,Udinese Calcio,6195,SSC Napoli,PERMANENT_OR_OTHER_EXPLICIT,€26.00m,TRANSFERMARKT_EXPANDED
2025/26,2025,OUT,371851,Jaka Bijol,410,Udinese Calcio,410,Udinese Calcio,399,Leeds United,PERMANENT_OR_OTHER_EXPLICIT,€18.00m,TRANSFERMARKT_EXPANDED
2025/26,2025,OUT,528833,Lazar Samardžić,410,Udinese Calcio,410,Udinese Calcio,800,Atalanta BC,PERMANENT_OR_OTHER_EXPLICIT,€16.60m,TRANSFERMARKT_EXPANDED
2025/26,2025,OUT,491693,Nehuén Pérez,410,Udinese Calcio,410,Udinese Calcio,720,FC Porto,PERMANENT_OR_OTHER_EXPLICIT,€13.25m,TRANSFERMARKT_EXPANDED
2025/26,2025,OUT,572265,Lorenzo Lucca,410,Udinese Calcio,410,Udinese Calcio,6195,SSC Napoli,LOAN,Loan fee: €9.00m,TRANSFERMARKT_EXPANDED
2025/26,2025,OUT,184892,Florian Thauvin,410,Udinese Calcio,410,Udinese Calcio,826,RC Lens,PERMANENT_OR_OTHER_EXPLICIT,€6.00m,TRANSFERMARKT_EXPANDED
2025/26,2025,OUT,412366,Brenner,410,Udinese Calcio,410,Udinese Calcio,978,Clube de Regatas Vasco da Gama,PERMANENT_OR_OTHER_EXPLICIT,€5.00m,TRANSFERMARKT_EXPANDED
2025/26,2025,OUT,555820,Martín Payero,410,Udinese Calcio,410,Udinese Calcio,2239,US Cremonese,LOAN,Loan fee: €1.00m,TRANSFERMARKT_EXPANDED
2025/26,2025,OUT,225963,Lautaro Giannetti,410,Udinese Calcio,410,Udinese Calcio,589,Antalyaspor,PERMANENT_OR_OTHER_EXPLICIT,€500k,TRANSFERMARKT_EXPANDED
2025/26,2025,OUT,40433,Alexis Sánchez,410,Udinese Calcio,410,Udinese Calcio,368,Sevilla FC,FREE_TRANSFER,free transfer,TRANSFERMARKT_EXPANDED
2025/26,2025,OUT,1009633,David Pejičić,410,Udinese Calcio,410,Udinese Calcio,790,NK Maribor,LOAN,loan transfer,TRANSFERMARKT_EXPANDED
2025/26,2025,OUT,412366,Brenner,410,Udinese Calcio,410,Udinese Calcio,51772,FC Cincinnati,LOAN,loan transfer,TRANSFERMARKT_EXPANDED
2025/26,2025,OUT,342877,Enzo Ebosse,410,Udinese Calcio,410,Udinese Calcio,416,Torino FC,LOAN,loan transfer,TRANSFERMARKT_EXPANDED
2025/26,2025,OUT,726721,Gonçalo Esteves,410,Udinese Calcio,410,Udinese Calcio,4097,US Catanzaro,PERMANENT_OR_OTHER_EXPLICIT,?,TRANSFERMARKT_EXPANDED
2025/26,2025,OUT,1014243,Vivaldo Semedo,410,Udinese Calcio,410,Udinese Calcio,1010,Watford FC,PERMANENT_OR_OTHER_EXPLICIT,?,TRANSFERMARKT_EXPANDED
2025/26,2025,OUT,654949,Sekou Diawara,410,Udinese Calcio,410,Udinese Calcio,5501,FC Zürich U21,PERMANENT_OR_OTHER_EXPLICIT,?,TRANSFERMARKT_EXPANDED
2025/26,2025,OUT,741292,Iker Bravo,410,Udinese Calcio,410,Udinese Calcio,472,UD Las Palmas,LOAN,loan transfer,TRANSFERMARKT_EXPANDED
2025/26,2025,OUT,653415,Leonardo Buta,410,Udinese Calcio,410,Udinese Calcio,2425,Rio Ave FC,LOAN,loan transfer,TRANSFERMARKT_EXPANDED
2025/26,2025,OUT,1058354,Matteo Palma,410,Udinese Calcio,410,Udinese Calcio,1038,UC Sampdoria,LOAN,loan transfer,TRANSFERMARKT_EXPANDED
2025/26,2025,OUT,268429,Sandi Lovrić,410,Udinese Calcio,410,Udinese Calcio,276,Hellas Verona,LOAN,loan transfer,TRANSFERMARKT_EXPANDED
2025/26,2025,OUT,671799,Rui Modesto,410,Udinese Calcio,410,Udinese Calcio,458,Palermo FC,LOAN,loan transfer,TRANSFERMARKT_EXPANDED
2025/26,2025,OUT,950593,Damián Pizarro,410,Udinese Calcio,410,Udinese Calcio,738,Le Havre AC,LOAN,loan transfer,TRANSFERMARKT_EXPANDED
2025/26,2025,OUT,950593,Damián Pizarro,410,Udinese Calcio,410,Udinese Calcio,1444,Racing Club,LOAN,loan transfer,TRANSFERMARKT_EXPANDED
2025/26,2025,OUT,906160,Saba Goglichidze,410,Udinese Calcio,410,Udinese Calcio,1010,Watford FC,LOAN,loan transfer,TRANSFERMARKT_EXPANDED
2025/26,2025,OUT,876400,Simone Pafundi,410,Udinese Calcio,410,Udinese Calcio,1038,UC Sampdoria,LOAN,loan transfer,TRANSFERMARKT_EXPANDED
2025/26,2025,OUT,342877,Enzo Ebosse,410,Udinese Calcio,410,Udinese Calcio,276,Hellas Verona,LOAN,loan transfer,TRANSFERMARKT_EXPANDED
2025/26,2025,OUT,668950,Luca Kjerrumgaard,410,Udinese Calcio,410,Udinese Calcio,1010,Watford FC,LOAN,loan transfer,TRANSFERMARKT_EXPANDED
2025/26,2025,OUT,612059,Edoardo Piana,410,Udinese Calcio,410,Udinese Calcio,33734,SS Monopoli 1966,LOAN,loan transfer,TRANSFERMARKT_EXPANDED
2025/26,2025,OUT,726721,Gonçalo Esteves,410,Udinese Calcio,410,Udinese Calcio,2521,FC Alverca,LOAN,loan transfer,TRANSFERMARKT_EXPANDED
2025/26,2025,OUT,653415,Leonardo Buta,410,Udinese Calcio,410,Udinese Calcio,1533,SD Eibar,LOAN,loan transfer,TRANSFERMARKT_EXPANDED
2025/26,2025,OUT,465279,Marco Ballarini,410,Udinese Calcio,410,Udinese Calcio,515,Without Club,FREE_AGENT_OR_END_OF_CONTRACT,-,TRANSFERMARKT_EXPANDED
2025/26,2025,OUT,855308,Arthur Atta,410,Udinese Calcio,410,Udinese Calcio,347,FC Metz,LOAN_RETURN_OR_END_OF_LOAN,End of loan 30/06/2025,TRANSFERMARKT_EXPANDED
2025/26,2025,OUT,708678,Isaak Touré,410,Udinese Calcio,410,Udinese Calcio,1158,FC Lorient,LOAN_RETURN_OR_END_OF_LOAN,End of loan 30/06/2025,TRANSFERMARKT_EXPANDED
2025/26,2025,IN,1082774,Amorim,252,Genoa CFC,2521,FC Alverca,252,Genoa CFC,PERMANENT_OR_OTHER_EXPLICIT,€7.50m,TRANSFERMARKT_EXPANDED
2025/26,2025,IN,367284,Leo Østigård,252,Genoa CFC,273,Stade Rennais FC,252,Genoa CFC,PERMANENT_OR_OTHER_EXPLICIT,€2.50m,TRANSFERMARKT_EXPANDED
2025/26,2025,IN,656441,Jean Onana,252,Genoa CFC,114,Besiktas JK,252,Genoa CFC,LOAN,Loan fee: €500k,TRANSFERMARKT_EXPANDED
2025/26,2025,IN,315121,Justin Bijlow,252,Genoa CFC,234,Feyenoord Rotterdam,252,Genoa CFC,PERMANENT_OR_OTHER_EXPLICIT,€200k,TRANSFERMARKT_EXPANDED
2025/26,2025,IN,148372,Nicolae Stanciu,252,Genoa CFC,50532,Damac FC,252,Genoa CFC,FREE_TRANSFER,free transfer,TRANSFERMARKT_EXPANDED
2025/26,2025,IN,787618,Valentín Carboni,252,Genoa CFC,46,Inter Milan,252,Genoa CFC,LOAN,loan transfer,TRANSFERMARKT_EXPANDED
2025/26,2025,IN,487843,Lorenzo Colombo,252,Genoa CFC,5,AC Milan,252,Genoa CFC,LOAN,loan transfer,TRANSFERMARKT_EXPANDED
2025/26,2025,IN,367284,Leo Østigård,252,Genoa CFC,273,Stade Rennais FC,252,Genoa CFC,LOAN,loan transfer,TRANSFERMARKT_EXPANDED
2025/26,2025,IN,234781,Maxwel Cornet,252,Genoa CFC,379,West Ham United,252,Genoa CFC,LOAN,loan transfer,TRANSFERMARKT_EXPANDED
2025/26,2025,IN,1191520,Nils Zätterström,252,Genoa CFC,350,Sheffield United,252,Genoa CFC,LOAN,loan transfer,TRANSFERMARKT_EXPANDED
2025/26,2025,IN,641537,Tommaso Baldanzi,252,Genoa CFC,12,AS Roma,252,Genoa CFC,LOAN,loan transfer,TRANSFERMARKT_EXPANDED
2025/26,2025,IN,503866,Albert Grønbaek,252,Genoa CFC,273,Stade Rennais FC,252,Genoa CFC,LOAN,loan transfer,TRANSFERMARKT_EXPANDED
2025/26,2025,IN,937669,Edoardo Meconi,252,Genoa CFC,4095,AC Trento,252,Genoa CFC,LOAN_RETURN_OR_END_OF_LOAN,End of loan 21/01/2026,TRANSFERMARKT_EXPANDED
2025/26,2025,IN,874967,Ernestas Lysionok,252,Genoa CFC,8517,Genoa U20,252,Genoa CFC,PERMANENT_OR_OTHER_EXPLICIT,-,TRANSFERMARKT_EXPANDED
2025/26,2025,IN,315871,Federico Valietti,252,Genoa CFC,4331,FC Trapani 1905,252,Genoa CFC,LOAN_RETURN_OR_END_OF_LOAN,End of loan 30/06/2025,TRANSFERMARKT_EXPANDED
2025/26,2025,IN,616058,Daniel Fossati,252,Genoa CFC,704,Calcio Foggia 1920,252,Genoa CFC,LOAN_RETURN_OR_END_OF_LOAN,End of loan 28/01/2026,TRANSFERMARKT_EXPANDED
2025/26,2025,IN,940135,Christos Papadopoulos,252,Genoa CFC,41101,Juventus Next Gen,252,Genoa CFC,LOAN_RETURN_OR_END_OF_LOAN,End of loan 30/06/2025,TRANSFERMARKT_EXPANDED
2025/26,2025,IN,866250,Seydou Fini,252,Genoa CFC,798,Excelsior Rotterdam,252,Genoa CFC,LOAN_RETURN_OR_END_OF_LOAN,End of loan 30/06/2025,TRANSFERMARKT_EXPANDED
2025/26,2025,IN,340151,Andrea Favilli,252,Genoa CFC,332,SSC Bari,252,Genoa CFC,LOAN_RETURN_OR_END_OF_LOAN,End of loan 30/06/2025,TRANSFERMARKT_EXPANDED
2025/26,2025,IN,341019,Güven Yalçın,252,Genoa CFC,8024,FC Arouca,252,Genoa CFC,LOAN_RETURN_OR_END_OF_LOAN,End of loan 30/06/2025,TRANSFERMARKT_EXPANDED
2025/26,2025,IN,934863,Tommaso Pittino,252,Genoa CFC,2581,Mantova 1911,252,Genoa CFC,LOAN_RETURN_OR_END_OF_LOAN,End of loan 21/01/2026,TRANSFERMARKT_EXPANDED
2025/26,2025,IN,305947,Albert Gudmundsson,252,Genoa CFC,430,ACF Fiorentina,252,Genoa CFC,LOAN_RETURN_OR_END_OF_LOAN,End of loan 30/06/2025,TRANSFERMARKT_EXPANDED
2025/26,2025,IN,477027,Elia Petrelli,252,Genoa CFC,9816,Forlì FC,252,Genoa CFC,LOAN_RETURN_OR_END_OF_LOAN,End of loan 30/06/2025,TRANSFERMARKT_EXPANDED
2025/26,2025,IN,881610,David Ankeye,252,Genoa CFC,455,FC Rapid 1923,252,Genoa CFC,LOAN_RETURN_OR_END_OF_LOAN,End of loan 30/06/2025,TRANSFERMARKT_EXPANDED
2025/26,2025,IN,745778,Gabriele Calvani,252,Genoa CFC,19,Brescia Calcio (- 2025),252,Genoa CFC,LOAN_RETURN_OR_END_OF_LOAN,End of loan 03/07/2025,TRANSFERMARKT_EXPANDED
2025/26,2025,IN,200188,Mattia Aramu,252,Genoa CFC,2581,Mantova 1911,252,Genoa CFC,LOAN_RETURN_OR_END_OF_LOAN,End of loan 30/06/2025,TRANSFERMARKT_EXPANDED
2025/26,2025,IN,309393,Lennart Czyborra,252,Genoa CFC,2446,WSG Tirol,252,Genoa CFC,LOAN_RETURN_OR_END_OF_LOAN,End of loan 30/06/2025,TRANSFERMARKT_EXPANDED
2025/26,2025,IN,1044794,Alessandro Debenedetti,252,Genoa CFC,2581,Mantova 1911,252,Genoa CFC,LOAN_RETURN_OR_END_OF_LOAN,End of loan 30/06/2025,TRANSFERMARKT_EXPANDED
2025/26,2025,IN,394304,Manolo Portanova,252,Genoa CFC,5621,AC Reggiana 1919,252,Genoa CFC,LOAN_RETURN_OR_END_OF_LOAN,End of loan 30/06/2025,TRANSFERMARKT_EXPANDED
2025/26,2025,IN,818929,Simone Calvani,252,Genoa CFC,14888,US Città di Pontedera,252,Genoa CFC,LOAN_RETURN_OR_END_OF_LOAN,End of loan 30/06/2025,TRANSFERMARKT_EXPANDED
2025/26,2025,IN,1063011,Gabriele Pessolani,252,Genoa CFC,52687,Alcione Milano,252,Genoa CFC,LOAN_RETURN_OR_END_OF_LOAN,End of loan 30/06/2025,TRANSFERMARKT_EXPANDED
2025/26,2025,IN,406806,Emil Bohinen,252,Genoa CFC,8970,Frosinone Calcio,252,Genoa CFC,LOAN_RETURN_OR_END_OF_LOAN,End of loan 30/06/2025,TRANSFERMARKT_EXPANDED
2025/26,2025,IN,616058,Daniel Fossati,252,Genoa CFC,4102,AC Carpi,252,Genoa CFC,LOAN_RETURN_OR_END_OF_LOAN,End of loan 30/06/2025,TRANSFERMARKT_EXPANDED
2025/26,2025,IN,566615,Mikael Egill Ellertsson,252,Genoa CFC,607,Venezia FC,252,Genoa CFC,LOAN_RETURN_OR_END_OF_LOAN,End of loan 30/06/2025,TRANSFERMARKT_EXPANDED
2025/26,2025,IN,940135,Christos Papadopoulos,252,Genoa CFC,41110,Atalanta U23,252,Genoa CFC,LOAN_RETURN_OR_END_OF_LOAN,End of loan 27/01/2026,TRANSFERMARKT_EXPANDED
2025/26,2025,IN,934863,Tommaso Pittino,252,Genoa CFC,4103,FC Lumezzane,252,Genoa CFC,LOAN_RETURN_OR_END_OF_LOAN,End of loan 30/06/2025,TRANSFERMARKT_EXPANDED
2025/26,2025,IN,881610,David Ankeye,252,Genoa CFC,20519,Virtus Entella,252,Genoa CFC,LOAN_RETURN_OR_END_OF_LOAN,End of loan 25/01/2026,TRANSFERMARKT_EXPANDED
2025/26,2025,IN,462699,Franz Stolz,252,Genoa CFC,455,FC Rapid 1923,252,Genoa CFC,LOAN_RETURN_OR_END_OF_LOAN,End of loan 07/01/2026,TRANSFERMARKT_EXPANDED
2025/26,2025,IN,818448,Alessandro Marcandalli,252,Genoa CFC,607,Venezia FC,252,Genoa CFC,LOAN_RETURN_OR_END_OF_LOAN,End of loan 30/06/2025,TRANSFERMARKT_EXPANDED
2025/26,2025,IN,406806,Emil Bohinen,252,Genoa CFC,607,Venezia FC,252,Genoa CFC,LOAN_RETURN_OR_END_OF_LOAN,End of loan 01/02/2026,TRANSFERMARKT_EXPANDED
2025/26,2025,IN,821052,Lorenzo Gagliardi,252,Genoa CFC,6692,Novara FC,252,Genoa CFC,LOAN_RETURN_OR_END_OF_LOAN,End of loan 30/06/2025,TRANSFERMARKT_EXPANDED
2025/26,2025,IN,650999,Federico Accornero,252,Genoa CFC,4095,AC Trento,252,Genoa CFC,LOAN_RETURN_OR_END_OF_LOAN,End of loan 30/06/2025,TRANSFERMARKT_EXPANDED
2025/26,2025,IN,330208,Alessandro Vogliacco,252,Genoa CFC,130,Parma Calcio 1913,252,Genoa CFC,LOAN_RETURN_OR_END_OF_LOAN,End of loan 30/06/2025,TRANSFERMARKT_EXPANDED
2025/26,2025,OUT,490384,Koni De Winter,252,Genoa CFC,252,Genoa CFC,5,AC Milan,PERMANENT_OR_OTHER_EXPLICIT,€20.00m,TRANSFERMARKT_EXPANDED
2025/26,2025,OUT,305947,Albert Gudmundsson,252,Genoa CFC,252,Genoa CFC,430,ACF Fiorentina,PERMANENT_OR_OTHER_EXPLICIT,€16.80m,TRANSFERMARKT_EXPANDED
2025/26,2025,OUT,1077175,Honest Ahanor,252,Genoa CFC,252,Genoa CFC,800,Atalanta BC,PERMANENT_OR_OTHER_EXPLICIT,€16.00m,TRANSFERMARKT_EXPANDED
2025/26,2025,OUT,226524,Morten Thorsby,252,Genoa CFC,252,Genoa CFC,2239,US Cremonese,PERMANENT_OR_OTHER_EXPLICIT,€2.20m,TRANSFERMARKT_EXPANDED
2025/26,2025,OUT,176139,Mattia Bani,252,Genoa CFC,252,Genoa CFC,458,Palermo FC,PERMANENT_OR_OTHER_EXPLICIT,€1.50m,TRANSFERMARKT_EXPANDED
2025/26,2025,OUT,406806,Emil Bohinen,252,Genoa CFC,252,Genoa CFC,607,Venezia FC,PERMANENT_OR_OTHER_EXPLICIT,€1.00m,TRANSFERMARKT_EXPANDED
2025/26,2025,OUT,861981,Alan Matturro,252,Genoa CFC,252,Genoa CFC,3368,Levante UD,LOAN,Loan fee: €500k,TRANSFERMARKT_EXPANDED
2025/26,2025,OUT,571607,Fabio Miretti,252,Genoa CFC,252,Genoa CFC,506,Juventus FC,LOAN_RETURN_OR_END_OF_LOAN,End of loan 30/06/2025 €500k,TRANSFERMARKT_EXPANDED
2025/26,2025,OUT,406806,Emil Bohinen,252,Genoa CFC,252,Genoa CFC,607,Venezia FC,LOAN,Loan fee: €130k,TRANSFERMARKT_EXPANDED
2025/26,2025,OUT,315871,Federico Valietti,252,Genoa CFC,252,Genoa CFC,4331,FC Trapani 1905,PERMANENT_OR_OTHER_EXPLICIT,€500,TRANSFERMARKT_EXPANDED
2025/26,2025,OUT,394304,Manolo Portanova,252,Genoa CFC,252,Genoa CFC,5621,AC Reggiana 1919,FREE_TRANSFER,free transfer,TRANSFERMARKT_EXPANDED
2025/26,2025,OUT,477027,Elia Petrelli,252,Genoa CFC,252,Genoa CFC,9816,Forlì FC,FREE_TRANSFER,free transfer,TRANSFERMARKT_EXPANDED
2025/26,2025,OUT,148372,Nicolae Stanciu,252,Genoa CFC,252,Genoa CFC,98080,Dalian Yingbo,FREE_TRANSFER,free transfer,TRANSFERMARKT_EXPANDED
2025/26,2025,OUT,341019,Güven Yalçın,252,Genoa CFC,252,Genoa CFC,11282,Alanyaspor,FREE_TRANSFER,free transfer,TRANSFERMARKT_EXPANDED
2025/26,2025,OUT,340151,Andrea Favilli,252,Genoa CFC,252,Genoa CFC,2331,US Avellino 1912,FREE_TRANSFER,free transfer,TRANSFERMARKT_EXPANDED
2025/26,2025,OUT,940135,Christos Papadopoulos,252,Genoa CFC,252,Genoa CFC,2672,Levadiakos,FREE_TRANSFER,free transfer,TRANSFERMARKT_EXPANDED
2025/26,2025,OUT,818929,Simone Calvani,252,Genoa CFC,252,Genoa CFC,9816,Forlì FC,LOAN,loan transfer,TRANSFERMARKT_EXPANDED
2025/26,2025,OUT,881610,David Ankeye,252,Genoa CFC,252,Genoa CFC,57870,Krasava ENY,LOAN,loan transfer,TRANSFERMARKT_EXPANDED
2025/26,2025,OUT,821052,Lorenzo Gagliardi,252,Genoa CFC,252,Genoa CFC,46337,Pineto Calcio,LOAN,loan transfer,TRANSFERMARKT_EXPANDED
2025/26,2025,OUT,650999,Federico Accornero,252,Genoa CFC,252,Genoa CFC,4159,Carrarese Calcio 1908,PERMANENT_OR_OTHER_EXPLICIT,?,TRANSFERMARKT_EXPANDED
2025/26,2025,OUT,616058,Daniel Fossati,252,Genoa CFC,252,Genoa CFC,27568,US Follonica Gavorrano,LOAN,loan transfer,TRANSFERMARKT_EXPANDED
2025/26,2025,OUT,906315,Hugo Cuenca,252,Genoa CFC,252,Genoa CFC,56442,Burgos CF Promesas,LOAN,loan transfer,TRANSFERMARKT_EXPANDED
2025/26,2025,OUT,745778,Gabriele Calvani,252,Genoa CFC,252,Genoa CFC,8970,Frosinone Calcio,LOAN,loan transfer,TRANSFERMARKT_EXPANDED
2025/26,2025,OUT,1044794,Alessandro Debenedetti,252,Genoa CFC,252,Genoa CFC,20519,Virtus Entella,LOAN,loan transfer,TRANSFERMARKT_EXPANDED
2025/26,2025,OUT,1061820,Lorenzo Venturino,252,Genoa CFC,252,Genoa CFC,12,AS Roma,LOAN,loan transfer,TRANSFERMARKT_EXPANDED
2025/26,2025,OUT,940135,Christos Papadopoulos,252,Genoa CFC,252,Genoa CFC,41110,Atalanta U23,LOAN,loan transfer,TRANSFERMARKT_EXPANDED
2025/26,2025,OUT,881610,David Ankeye,252,Genoa CFC,252,Genoa CFC,20519,Virtus Entella,LOAN,loan transfer,TRANSFERMARKT_EXPANDED
2025/26,2025,OUT,330208,Alessandro Vogliacco,252,Genoa CFC,252,Genoa CFC,1091,PAOK Thessaloniki,LOAN,loan transfer,TRANSFERMARKT_EXPANDED
2025/26,2025,OUT,616058,Daniel Fossati,252,Genoa CFC,252,Genoa CFC,704,Calcio Foggia 1920,LOAN,loan transfer,TRANSFERMARKT_EXPANDED
2025/26,2025,OUT,866250,Seydou Fini,252,Genoa CFC,252,Genoa CFC,8970,Frosinone Calcio,LOAN,loan transfer,TRANSFERMARKT_EXPANDED
2025/26,2025,OUT,462699,Franz Stolz,252,Genoa CFC,252,Genoa CFC,316,Grazer AK 1902,LOAN,loan transfer,TRANSFERMARKT_EXPANDED
2025/26,2025,OUT,934863,Tommaso Pittino,252,Genoa CFC,252,Genoa CFC,91510,Dolomiti Bellunesi,LOAN,loan transfer,TRANSFERMARKT_EXPANDED
2025/26,2025,OUT,937669,Edoardo Meconi,252,Genoa CFC,252,Genoa CFC,4553,US Pergolettese 1932,LOAN,loan transfer,TRANSFERMARKT_EXPANDED
2025/26,2025,OUT,1063011,Gabriele Pessolani,252,Genoa CFC,252,Genoa CFC,4553,US Pergolettese 1932,LOAN,loan transfer,TRANSFERMARKT_EXPANDED
2025/26,2025,OUT,934863,Tommaso Pittino,252,Genoa CFC,252,Genoa CFC,2581,Mantova 1911,LOAN,loan transfer,TRANSFERMARKT_EXPANDED
2025/26,2025,OUT,45146,Mario Balotelli,252,Genoa CFC,252,Genoa CFC,515,Without Club,FREE_AGENT_OR_END_OF_CONTRACT,-,TRANSFERMARKT_EXPANDED
2025/26,2025,OUT,40633,Milan Badelj,252,Genoa CFC,252,Genoa CFC,,Retired,RETIREMENT,-,TRANSFERMARKT_EXPANDED
2025/26,2025,OUT,309393,Lennart Czyborra,252,Genoa CFC,252,Genoa CFC,515,Without Club,FREE_AGENT_OR_END_OF_CONTRACT,-,TRANSFERMARKT_EXPANDED
2025/26,2025,OUT,200188,Mattia Aramu,252,Genoa CFC,252,Genoa CFC,515,Without Club,FREE_AGENT_OR_END_OF_CONTRACT,-,TRANSFERMARKT_EXPANDED
2025/26,2025,OUT,1083164,Lior Kassa,252,Genoa CFC,252,Genoa CFC,1064,Maccabi Haifa,LOAN_RETURN_OR_END_OF_LOAN,End of loan 30/06/2025,TRANSFERMARKT_EXPANDED
2025/26,2025,OUT,315865,Andrea Pinamonti,252,Genoa CFC,252,Genoa CFC,6574,US Sassuolo,LOAN_RETURN_OR_END_OF_LOAN,End of loan 30/06/2025,TRANSFERMARKT_EXPANDED
2025/26,2025,OUT,397225,Alessandro Zanoli,252,Genoa CFC,252,Genoa CFC,6195,SSC Napoli,LOAN_RETURN_OR_END_OF_LOAN,End of loan 30/06/2025,TRANSFERMARKT_EXPANDED
2025/26,2025,OUT,367284,Leo Østigård,252,Genoa CFC,252,Genoa CFC,273,Stade Rennais FC,LOAN_RETURN_OR_END_OF_LOAN,End of loan 31/01/2026,TRANSFERMARKT_EXPANDED
2025/26,2025,OUT,656441,Jean Onana,252,Genoa CFC,252,Genoa CFC,114,Besiktas JK,LOAN_RETURN_OR_END_OF_LOAN,End of loan 30/06/2025,TRANSFERMARKT_EXPANDED
2025/26,2025,OUT,503866,Albert Grønbaek,252,Genoa CFC,252,Genoa CFC,273,Stade Rennais FC,LOAN_RETURN_OR_END_OF_LOAN,End of loan 30/01/2026,TRANSFERMARKT_EXPANDED
2025/26,2025,OUT,787618,Valentín Carboni,252,Genoa CFC,252,Genoa CFC,46,Inter Milan,LOAN_RETURN_OR_END_OF_LOAN,End of loan 07/01/2026,TRANSFERMARKT_EXPANDED
2025/26,2025,OUT,234781,Maxwel Cornet,252,Genoa CFC,252,Genoa CFC,379,West Ham United,LOAN_RETURN_OR_END_OF_LOAN,End of loan 30/06/2025,TRANSFERMARKT_EXPANDED
2025/26,2025,IN,647280,Kieron Bowie,276,Hellas Verona,903,Hibernian FC,276,Hellas Verona,PERMANENT_OR_OTHER_EXPLICIT,€6.00m,TRANSFERMARKT_EXPANDED
2025/26,2025,IN,467563,Armel Bella-Kotchap,276,Hellas Verona,180,Southampton FC,276,Hellas Verona,PERMANENT_OR_OTHER_EXPLICIT,€5.00m,TRANSFERMARKT_EXPANDED
2025/26,2025,IN,748382,Amin Sarr,276,Hellas Verona,1041,Olympique Lyon,276,Hellas Verona,PERMANENT_OR_OTHER_EXPLICIT,€3.50m,TRANSFERMARKT_EXPANDED
2025/26,2025,IN,644032,Cheikh Niasse,276,Hellas Verona,452,BSC Young Boys,276,Hellas Verona,PERMANENT_OR_OTHER_EXPLICIT,€3.50m,TRANSFERMARKT_EXPANDED
2025/26,2025,IN,495839,Andrias Edmundsson,276,Hellas Verona,2118,Wisla Plock,276,Hellas Verona,PERMANENT_OR_OTHER_EXPLICIT,€2.50m,TRANSFERMARKT_EXPANDED
2025/26,2025,IN,395512,Antoine Bernede,276,Hellas Verona,527,FC Lausanne-Sport,276,Hellas Verona,PERMANENT_OR_OTHER_EXPLICIT,€2.00m,TRANSFERMARKT_EXPANDED
2025/26,2025,IN,864306,Rafik Belghali,276,Hellas Verona,354,KV Mechelen,276,Hellas Verona,PERMANENT_OR_OTHER_EXPLICIT,€2.00m,TRANSFERMARKT_EXPANDED
2025/26,2025,IN,377641,Moatasem Al-Musrati,276,Hellas Verona,114,Besiktas JK,276,Hellas Verona,LOAN,Loan fee: €2.00m,TRANSFERMARKT_EXPANDED
2025/26,2025,IN,298635,Grigoris Kastanos,276,Hellas Verona,380,US Salernitana 1919,276,Hellas Verona,PERMANENT_OR_OTHER_EXPLICIT,€1.20m,TRANSFERMARKT_EXPANDED
2025/26,2025,IN,357796,Domagoj Bradarić,276,Hellas Verona,380,US Salernitana 1919,276,Hellas Verona,PERMANENT_OR_OTHER_EXPLICIT,€750k,TRANSFERMARKT_EXPANDED
2025/26,2025,IN,422951,Victor Nelsson,276,Hellas Verona,141,Galatasaray,276,Hellas Verona,LOAN,Loan fee: €650k,TRANSFERMARKT_EXPANDED
2025/26,2025,IN,467563,Armel Bella-Kotchap,276,Hellas Verona,180,Southampton FC,276,Hellas Verona,LOAN,Loan fee: €500k,TRANSFERMARKT_EXPANDED
2025/26,2025,IN,1018259,Gift Orban,276,Hellas Verona,533,TSG 1899 Hoffenheim,276,Hellas Verona,LOAN,Loan fee: €500k,TRANSFERMARKT_EXPANDED
2025/26,2025,IN,462086,Elayis Tavsan,276,Hellas Verona,5621,AC Reggiana 1919,276,Hellas Verona,LOAN_RETURN_OR_END_OF_LOAN,End of loan 14/01/2026 €100k,TRANSFERMARKT_EXPANDED
2025/26,2025,IN,1005165,Giovane,276,Hellas Verona,199,Sport Club Corinthians Paulista,276,Hellas Verona,FREE_TRANSFER,free transfer,TRANSFERMARKT_EXPANDED
2025/26,2025,IN,941869,Yellu Santiago,276,Hellas Verona,3709,Getafe CF,276,Hellas Verona,FREE_TRANSFER,free transfer,TRANSFERMARKT_EXPANDED
2025/26,2025,IN,1083069,Isaac,276,Hellas Verona,330,Clube Atlético Mineiro,276,Hellas Verona,FREE_TRANSFER,free transfer,TRANSFERMARKT_EXPANDED
2025/26,2025,IN,298975,Pol Lirola,276,Hellas Verona,244,Olympique Marseille,276,Hellas Verona,FREE_TRANSFER,free transfer,TRANSFERMARKT_EXPANDED
2025/26,2025,IN,1355285,Arthur Borghi,276,Hellas Verona,14876,SC Corinthians U20,276,Hellas Verona,FREE_TRANSFER,free transfer,TRANSFERMARKT_EXPANDED
2025/26,2025,IN,1315458,Fallou Cham,276,Hellas Verona,22048,Scafatese Calcio 1922,276,Hellas Verona,PERMANENT_OR_OTHER_EXPLICIT,?,TRANSFERMARKT_EXPANDED
2025/26,2025,IN,338285,Unai Núñez,276,Hellas Verona,940,Celta de Vigo,276,Hellas Verona,LOAN,loan transfer,TRANSFERMARKT_EXPANDED
2025/26,2025,IN,268429,Sandi Lovrić,276,Hellas Verona,410,Udinese Calcio,276,Hellas Verona,LOAN,loan transfer,TRANSFERMARKT_EXPANDED
2025/26,2025,IN,342877,Enzo Ebosse,276,Hellas Verona,410,Udinese Calcio,276,Hellas Verona,LOAN,loan transfer,TRANSFERMARKT_EXPANDED
2025/26,2025,IN,964087,Alphadjo Cissè,276,Hellas Verona,4097,US Catanzaro,276,Hellas Verona,LOAN_RETURN_OR_END_OF_LOAN,End of loan 01/02/2026,TRANSFERMARKT_EXPANDED
2025/26,2025,IN,197471,Roberto Gagliardini,276,Hellas Verona,515,Without Club,276,Hellas Verona,FREE_AGENT_OR_END_OF_CONTRACT,-,TRANSFERMARKT_EXPANDED
2025/26,2025,IN,170481,Jean-Daniel Akpa Akpro,276,Hellas Verona,515,Without Club,276,Hellas Verona,FREE_AGENT_OR_END_OF_CONTRACT,-,TRANSFERMARKT_EXPANDED
2025/26,2025,IN,462086,Elayis Tavsan,276,Hellas Verona,1429,Cesena FC,276,Hellas Verona,LOAN_RETURN_OR_END_OF_LOAN,End of loan 30/06/2025,TRANSFERMARKT_EXPANDED
2025/26,2025,IN,815529,Nicolò Calabrese,276,Hellas Verona,29251,Virtusvecomp Verona,276,Hellas Verona,LOAN_RETURN_OR_END_OF_LOAN,End of loan 30/06/2025,TRANSFERMARKT_EXPANDED
2025/26,2025,IN,470391,Jayden Braaf,276,Hellas Verona,380,US Salernitana 1919,276,Hellas Verona,LOAN_RETURN_OR_END_OF_LOAN,End of loan 30/06/2025,TRANSFERMARKT_EXPANDED
2025/26,2025,IN,374418,Mateusz Praszelik,276,Hellas Verona,4554,FC Südtirol,276,Hellas Verona,LOAN_RETURN_OR_END_OF_LOAN,End of loan 30/06/2025,TRANSFERMARKT_EXPANDED
2025/26,2025,IN,131951,Kevin Lasagna,276,Hellas Verona,332,SSC Bari,276,Hellas Verona,LOAN_RETURN_OR_END_OF_LOAN,End of loan 30/06/2025,TRANSFERMARKT_EXPANDED
2025/26,2025,IN,1082519,Charlys,276,Hellas Verona,4031,Cosenza Calcio,276,Hellas Verona,LOAN_RETURN_OR_END_OF_LOAN,End of loan 30/06/2025,TRANSFERMARKT_EXPANDED
2025/26,2025,IN,704423,Mattia Florio,276,Hellas Verona,46293,Caldiero Terme,276,Hellas Verona,LOAN_RETURN_OR_END_OF_LOAN,End of loan 30/06/2025,TRANSFERMARKT_EXPANDED
2025/26,2025,IN,412513,Thomas Henry,276,Hellas Verona,458,Palermo FC,276,Hellas Verona,LOAN_RETURN_OR_END_OF_LOAN,End of loan 30/06/2025,TRANSFERMARKT_EXPANDED
2025/26,2025,IN,815543,Denis Cazzadori,276,Hellas Verona,46293,Caldiero Terme,276,Hellas Verona,LOAN_RETURN_OR_END_OF_LOAN,End of loan 30/06/2025,TRANSFERMARKT_EXPANDED
2025/26,2025,IN,934056,Aiman Rihai,276,Hellas Verona,46293,Caldiero Terme,276,Hellas Verona,LOAN_RETURN_OR_END_OF_LOAN,End of loan 30/06/2025,TRANSFERMARKT_EXPANDED
2025/26,2025,IN,115763,Koray Günter,276,Hellas Verona,1467,Göztepe,276,Hellas Verona,LOAN_RETURN_OR_END_OF_LOAN,End of loan 30/06/2025,TRANSFERMARKT_EXPANDED
2025/26,2025,IN,726526,Stefan Mitrović,276,Hellas Verona,798,Excelsior Rotterdam,276,Hellas Verona,LOAN_RETURN_OR_END_OF_LOAN,End of loan 30/01/2026,TRANSFERMARKT_EXPANDED
2025/26,2025,IN,726526,Stefan Mitrović,276,Hellas Verona,2727,Oud-Heverlee Leuven,276,Hellas Verona,LOAN_RETURN_OR_END_OF_LOAN,End of loan 30/06/2025,TRANSFERMARKT_EXPANDED
2025/26,2025,IN,709986,Giacomo Toniolo,276,Hellas Verona,4103,FC Lumezzane,276,Hellas Verona,LOAN_RETURN_OR_END_OF_LOAN,End of loan 30/06/2025,TRANSFERMARKT_EXPANDED
2025/26,2025,IN,815532,Mattia Rigo,276,Hellas Verona,4102,AC Carpi,276,Hellas Verona,LOAN_RETURN_OR_END_OF_LOAN,End of loan 30/06/2025,TRANSFERMARKT_EXPANDED
2025/26,2025,IN,704230,Edoardo Bernardi,276,Hellas Verona,46619,Arzignano Valchiampo,276,Hellas Verona,LOAN_RETURN_OR_END_OF_LOAN,End of loan 30/06/2025,TRANSFERMARKT_EXPANDED
2025/26,2025,IN,815539,Nicola Patanè,276,Hellas Verona,4553,US Pergolettese 1932,276,Hellas Verona,LOAN_RETURN_OR_END_OF_LOAN,End of loan 30/06/2025,TRANSFERMARKT_EXPANDED
2025/26,2025,IN,936183,Christian Corradi,276,Hellas Verona,4097,US Catanzaro,276,Hellas Verona,LOAN_RETURN_OR_END_OF_LOAN,End of loan 30/06/2025,TRANSFERMARKT_EXPANDED
2025/26,2025,IN,748316,Juan Manuel Cruz,276,Hellas Verona,4031,Cosenza Calcio,276,Hellas Verona,LOAN_RETURN_OR_END_OF_LOAN,End of loan 30/06/2025,TRANSFERMARKT_EXPANDED
2025/26,2025,IN,623040,Yayah Kallon,276,Hellas Verona,4106,Casertana FC,276,Hellas Verona,LOAN_RETURN_OR_END_OF_LOAN,End of loan 30/06/2025,TRANSFERMARKT_EXPANDED
2025/26,2025,IN,535881,Mattia Chiesa,276,Hellas Verona,112434,Sporting FC,276,Hellas Verona,LOAN_RETURN_OR_END_OF_LOAN,End of loan 30/06/2025,TRANSFERMARKT_EXPANDED
2025/26,2025,IN,678006,Elia Boseggia,276,Hellas Verona,46619,Arzignano Valchiampo,276,Hellas Verona,LOAN_RETURN_OR_END_OF_LOAN,End of loan 30/06/2025,TRANSFERMARKT_EXPANDED
2025/26,2025,OUT,848509,Jackson Tchatchoua,276,Hellas Verona,276,Hellas Verona,543,Wolverhampton Wanderers,PERMANENT_OR_OTHER_EXPLICIT,€12.50m,TRANSFERMARKT_EXPANDED
2025/26,2025,OUT,660860,Diego Coppola,276,Hellas Verona,276,Hellas Verona,1237,Brighton & Hove Albion,PERMANENT_OR_OTHER_EXPLICIT,€11.00m,TRANSFERMARKT_EXPANDED
2025/26,2025,OUT,964087,Alphadjo Cissè,276,Hellas Verona,276,Hellas Verona,5,AC Milan,PERMANENT_OR_OTHER_EXPLICIT,€8.00m,TRANSFERMARKT_EXPANDED
2025/26,2025,OUT,701819,Daniele Ghilardi,276,Hellas Verona,276,Hellas Verona,12,AS Roma,LOAN,Loan fee: €2.50m,TRANSFERMARKT_EXPANDED
2025/26,2025,OUT,1005165,Giovane,276,Hellas Verona,276,Hellas Verona,6195,SSC Napoli,PERMANENT_OR_OTHER_EXPLICIT,€2.00m,TRANSFERMARKT_EXPANDED
2025/26,2025,OUT,462086,Elayis Tavsan,276,Hellas Verona,276,Hellas Verona,152,Samsunspor,PERMANENT_OR_OTHER_EXPLICIT,€1.50m,TRANSFERMARKT_EXPANDED
2025/26,2025,OUT,412513,Thomas Henry,276,Hellas Verona,276,Hellas Verona,3057,Standard Liège,FREE_TRANSFER,free transfer,TRANSFERMARKT_EXPANDED
2025/26,2025,OUT,815532,Mattia Rigo,276,Hellas Verona,276,Hellas Verona,4102,AC Carpi,FREE_TRANSFER,free transfer,TRANSFERMARKT_EXPANDED
2025/26,2025,OUT,232418,Ondrej Duda,276,Hellas Verona,276,Hellas Verona,7732,Al-Ettifaq FC,FREE_TRANSFER,free transfer,TRANSFERMARKT_EXPANDED
2025/26,2025,OUT,115763,Koray Günter,276,Hellas Verona,276,Hellas Verona,71665,Al-Okhdood Club,FREE_TRANSFER,free transfer,TRANSFERMARKT_EXPANDED
2025/26,2025,OUT,535881,Mattia Chiesa,276,Hellas Verona,276,Hellas Verona,5862,ND Gorica,FREE_TRANSFER,free transfer,TRANSFERMARKT_EXPANDED
2025/26,2025,OUT,726526,Stefan Mitrović,276,Hellas Verona,276,Hellas Verona,6676,Asteras Aktor,LOAN,loan transfer,TRANSFERMARKT_EXPANDED
2025/26,2025,OUT,815543,Denis Cazzadori,276,Hellas Verona,276,Hellas Verona,132806,Union Brescia,LOAN,loan transfer,TRANSFERMARKT_EXPANDED
2025/26,2025,OUT,704230,Edoardo Bernardi,276,Hellas Verona,276,Hellas Verona,46619,Arzignano Valchiampo,PERMANENT_OR_OTHER_EXPLICIT,?,TRANSFERMARKT_EXPANDED
2025/26,2025,OUT,658674,Luan Patrick,276,Hellas Verona,276,Hellas Verona,2431,CF Estrela Amadora,PERMANENT_OR_OTHER_EXPLICIT,?,TRANSFERMARKT_EXPANDED
2025/26,2025,OUT,374418,Mateusz Praszelik,276,Hellas Verona,276,Hellas Verona,5689,Cracovia,PERMANENT_OR_OTHER_EXPLICIT,?,TRANSFERMARKT_EXPANDED
2025/26,2025,OUT,131951,Kevin Lasagna,276,Hellas Verona,276,Hellas Verona,3037,Calcio Padova,PERMANENT_OR_OTHER_EXPLICIT,?,TRANSFERMARKT_EXPANDED
2025/26,2025,OUT,678006,Elia Boseggia,276,Hellas Verona,276,Hellas Verona,6692,Novara FC,PERMANENT_OR_OTHER_EXPLICIT,?,TRANSFERMARKT_EXPANDED
2025/26,2025,OUT,623040,Yayah Kallon,276,Hellas Verona,276,Hellas Verona,4106,Casertana FC,PERMANENT_OR_OTHER_EXPLICIT,?,TRANSFERMARKT_EXPANDED
2025/26,2025,OUT,704423,Mattia Florio,276,Hellas Verona,276,Hellas Verona,22408,Altamura S.S.,PERMANENT_OR_OTHER_EXPLICIT,?,TRANSFERMARKT_EXPANDED
2025/26,2025,OUT,936183,Christian Corradi,276,Hellas Verona,276,Hellas Verona,4095,AC Trento,LOAN,loan transfer,TRANSFERMARKT_EXPANDED
2025/26,2025,OUT,964087,Alphadjo Cissè,276,Hellas Verona,276,Hellas Verona,4097,US Catanzaro,LOAN,loan transfer,TRANSFERMARKT_EXPANDED
2025/26,2025,OUT,748316,Juan Manuel Cruz,276,Hellas Verona,276,Hellas Verona,4095,AC Trento,LOAN,loan transfer,TRANSFERMARKT_EXPANDED
2025/26,2025,OUT,815529,Nicolò Calabrese,276,Hellas Verona,276,Hellas Verona,4159,Carrarese Calcio 1908,LOAN,loan transfer,TRANSFERMARKT_EXPANDED
2025/26,2025,OUT,941869,Yellu Santiago,276,Hellas Verona,276,Hellas Verona,8024,FC Arouca,LOAN,loan transfer,TRANSFERMARKT_EXPANDED
2025/26,2025,OUT,298635,Grigoris Kastanos,276,Hellas Verona,276,Hellas Verona,10586,Aris Limassol,LOAN,loan transfer,TRANSFERMARKT_EXPANDED
2025/26,2025,OUT,934056,Aiman Rihai,276,Hellas Verona,276,Hellas Verona,4103,FC Lumezzane,LOAN,loan transfer,TRANSFERMARKT_EXPANDED
2025/26,2025,OUT,462086,Elayis Tavsan,276,Hellas Verona,276,Hellas Verona,5621,AC Reggiana 1919,LOAN,loan transfer,TRANSFERMARKT_EXPANDED
2025/26,2025,OUT,818898,Federico Magro,276,Hellas Verona,276,Hellas Verona,704,Calcio Foggia 1920,LOAN,loan transfer,TRANSFERMARKT_EXPANDED
2025/26,2025,OUT,726526,Stefan Mitrović,276,Hellas Verona,276,Hellas Verona,798,Excelsior Rotterdam,LOAN,loan transfer,TRANSFERMARKT_EXPANDED
2025/26,2025,OUT,676411,Dailon Livramento,276,Hellas Verona,276,Hellas Verona,3268,Casa Pia AC,LOAN,loan transfer,TRANSFERMARKT_EXPANDED
2025/26,2025,OUT,979766,Mathis Lambourde,276,Hellas Verona,276,Hellas Verona,5621,AC Reggiana 1919,LOAN,loan transfer,TRANSFERMARKT_EXPANDED
2025/26,2025,OUT,1082519,Charlys,276,Hellas Verona,276,Hellas Verona,5621,AC Reggiana 1919,LOAN,loan transfer,TRANSFERMARKT_EXPANDED
2025/26,2025,OUT,127217,Alessandro Berardi,276,Hellas Verona,276,Hellas Verona,,Retired,RETIREMENT,-,TRANSFERMARKT_EXPANDED
2025/26,2025,OUT,70411,Darko Lazović,276,Hellas Verona,276,Hellas Verona,515,Without Club,FREE_AGENT_OR_END_OF_CONTRACT,-,TRANSFERMARKT_EXPANDED
2025/26,2025,OUT,470391,Jayden Braaf,276,Hellas Verona,276,Hellas Verona,515,Without Club,FREE_AGENT_OR_END_OF_CONTRACT,-,TRANSFERMARKT_EXPANDED
2025/26,2025,OUT,73926,Davide Faraoni,276,Hellas Verona,276,Hellas Verona,515,Without Club,FREE_AGENT_OR_END_OF_CONTRACT,-,TRANSFERMARKT_EXPANDED
2025/26,2025,OUT,248732,Paweł Dawidowicz,276,Hellas Verona,276,Hellas Verona,515,Without Club,FREE_AGENT_OR_END_OF_CONTRACT,-,TRANSFERMARKT_EXPANDED
2025/26,2025,OUT,815539,Nicola Patanè,276,Hellas Verona,276,Hellas Verona,29251,Virtusvecomp Verona,LOAN,loan transfer,TRANSFERMARKT_EXPANDED
2025/26,2025,OUT,745202,Yllan Okou,276,Hellas Verona,276,Hellas Verona,595,SC Bastia,LOAN_RETURN_OR_END_OF_LOAN,End of loan 30/06/2025,TRANSFERMARKT_EXPANDED
2025/26,2025,OUT,357796,Domagoj Bradarić,276,Hellas Verona,276,Hellas Verona,380,US Salernitana 1919,LOAN_RETURN_OR_END_OF_LOAN,End of loan 30/06/2025,TRANSFERMARKT_EXPANDED
2025/26,2025,OUT,748382,Amin Sarr,276,Hellas Verona,276,Hellas Verona,1041,Olympique Lyon,LOAN_RETURN_OR_END_OF_LOAN,End of loan 30/06/2025,TRANSFERMARKT_EXPANDED
2025/26,2025,OUT,464598,Casper Tengstedt,276,Hellas Verona,276,Hellas Verona,294,SL Benfica,LOAN_RETURN_OR_END_OF_LOAN,End of loan 30/06/2025,TRANSFERMARKT_EXPANDED
2025/26,2025,OUT,298635,Grigoris Kastanos,276,Hellas Verona,276,Hellas Verona,380,US Salernitana 1919,LOAN_RETURN_OR_END_OF_LOAN,End of loan 30/06/2025,TRANSFERMARKT_EXPANDED
2025/26,2025,OUT,322655,Flavius Daniliuc,276,Hellas Verona,276,Hellas Verona,380,US Salernitana 1919,LOAN_RETURN_OR_END_OF_LOAN,End of loan 30/06/2025,TRANSFERMARKT_EXPANDED
2025/26,2025,OUT,338285,Unai Núñez,276,Hellas Verona,276,Hellas Verona,940,Celta de Vigo,LOAN_RETURN_OR_END_OF_LOAN,End of loan 24/01/2026,TRANSFERMARKT_EXPANDED
2025/26,2025,OUT,644032,Cheikh Niasse,276,Hellas Verona,276,Hellas Verona,452,BSC Young Boys,LOAN_RETURN_OR_END_OF_LOAN,End of loan 30/06/2025,TRANSFERMARKT_EXPANDED
2025/26,2025,OUT,467563,Armel Bella-Kotchap,276,Hellas Verona,276,Hellas Verona,180,Southampton FC,LOAN_RETURN_OR_END_OF_LOAN,End of loan 01/02/2026,TRANSFERMARKT_EXPANDED
2025/26,2025,OUT,395512,Antoine Bernede,276,Hellas Verona,276,Hellas Verona,527,FC Lausanne-Sport,LOAN_RETURN_OR_END_OF_LOAN,End of loan 30/06/2025,TRANSFERMARKT_EXPANDED
2025/26,2025,OUT,342877,Enzo Ebosse,276,Hellas Verona,276,Hellas Verona,410,Udinese Calcio,LOAN_RETURN_OR_END_OF_LOAN,End of loan 02/02/2026,TRANSFERMARKT_EXPANDED
2025/26,2025,IN,432092,Roberto Piccoli,1390,Cagliari Calcio,800,Atalanta BC,1390,Cagliari Calcio,PERMANENT_OR_OTHER_EXPLICIT,€12.50m,TRANSFERMARKT_EXPANDED
2025/26,2025,IN,421873,Elia Caprile,1390,Cagliari Calcio,6195,SSC Napoli,1390,Cagliari Calcio,PERMANENT_OR_OTHER_EXPLICIT,€8.20m,TRANSFERMARKT_EXPANDED
2025/26,2025,IN,358008,Gianluca Gaetano,1390,Cagliari Calcio,6195,SSC Napoli,1390,Cagliari Calcio,PERMANENT_OR_OTHER_EXPLICIT,€6.20m,TRANSFERMARKT_EXPANDED
2025/26,2025,IN,1228231,Juan Rodríguez,1390,Cagliari Calcio,861,CA Peñarol,1390,Cagliari Calcio,PERMANENT_OR_OTHER_EXPLICIT,€4.00m,TRANSFERMARKT_EXPANDED
2025/26,2025,IN,564305,Michel Adopo,1390,Cagliari Calcio,800,Atalanta BC,1390,Cagliari Calcio,PERMANENT_OR_OTHER_EXPLICIT,€3.80m,TRANSFERMARKT_EXPANDED
2025/26,2025,IN,406151,Zé Pedro,1390,Cagliari Calcio,720,FC Porto,1390,Cagliari Calcio,PERMANENT_OR_OTHER_EXPLICIT,€2.00m,TRANSFERMARKT_EXPANDED
2025/26,2025,IN,1104206,Agustín Albarracín,1390,Cagliari Calcio,18074,CA Boston River,1390,Cagliari Calcio,PERMANENT_OR_OTHER_EXPLICIT,€2.00m,TRANSFERMARKT_EXPANDED
2025/26,2025,IN,997478,Othniël Raterink,1390,Cagliari Calcio,642,De Graafschap Doetinchem,1390,Cagliari Calcio,PERMANENT_OR_OTHER_EXPLICIT,€1.10m,TRANSFERMARKT_EXPANDED
2025/26,2025,IN,895937,Marco Palestra,1390,Cagliari Calcio,800,Atalanta BC,1390,Cagliari Calcio,LOAN,Loan fee: €1.10m,TRANSFERMARKT_EXPANDED
2025/26,2025,IN,875334,Semih Kılıçsoy,1390,Cagliari Calcio,114,Besiktas JK,1390,Cagliari Calcio,LOAN,Loan fee: €1.00m,TRANSFERMARKT_EXPANDED
2025/26,2025,IN,377042,Michael Folorunsho,1390,Cagliari Calcio,6195,SSC Napoli,1390,Cagliari Calcio,LOAN,Loan fee: €500k,TRANSFERMARKT_EXPANDED
2025/26,2025,IN,967814,Sebastiano Di Paolo,1390,Cagliari Calcio,8373,Siracusa Calcio,1390,Cagliari Calcio,PERMANENT_OR_OTHER_EXPLICIT,€300k,TRANSFERMARKT_EXPANDED
2025/26,2025,IN,459988,Gennaro Borrelli,1390,Cagliari Calcio,19,Brescia Calcio (- 2025),1390,Cagliari Calcio,FREE_TRANSFER,free transfer,TRANSFERMARKT_EXPANDED
2025/26,2025,IN,167727,Andrea Belotti,1390,Cagliari Calcio,1047,Como 1907,1390,Cagliari Calcio,FREE_TRANSFER,free transfer,TRANSFERMARKT_EXPANDED
2025/26,2025,IN,887650,Francesco Gallea,1390,Cagliari Calcio,4103,FC Lumezzane,1390,Cagliari Calcio,PERMANENT_OR_OTHER_EXPLICIT,?,TRANSFERMARKT_EXPANDED
2025/26,2025,IN,538918,Sebastiano Esposito,1390,Cagliari Calcio,46,Inter Milan,1390,Cagliari Calcio,LOAN,loan transfer,TRANSFERMARKT_EXPANDED
2025/26,2025,IN,226025,Luca Mazzitelli,1390,Cagliari Calcio,1047,Como 1907,1390,Cagliari Calcio,LOAN,loan transfer,TRANSFERMARKT_EXPANDED
2025/26,2025,IN,982267,Ibrahim Sulemana,1390,Cagliari Calcio,800,Atalanta BC,1390,Cagliari Calcio,LOAN,loan transfer,TRANSFERMARKT_EXPANDED
2025/26,2025,IN,385394,Alberto Dossena,1390,Cagliari Calcio,1047,Como 1907,1390,Cagliari Calcio,LOAN,loan transfer,TRANSFERMARKT_EXPANDED
2025/26,2025,IN,1134304,Joseph Liteta,1390,Cagliari Calcio,11676,Cagliari Primavera,1390,Cagliari Calcio,PERMANENT_OR_OTHER_EXPLICIT,-,TRANSFERMARKT_EXPANDED
2025/26,2025,IN,927933,Velizar-Iliya Iliev,1390,Cagliari Calcio,11676,Cagliari Primavera,1390,Cagliari Calcio,PERMANENT_OR_OTHER_EXPLICIT,-,TRANSFERMARKT_EXPANDED
2025/26,2025,IN,885230,Nicola Pintus,1390,Cagliari Calcio,11676,Cagliari Primavera,1390,Cagliari Calcio,PERMANENT_OR_OTHER_EXPLICIT,-,TRANSFERMARKT_EXPANDED
2025/26,2025,IN,1099924,Yael Trepy,1390,Cagliari Calcio,11676,Cagliari Primavera,1390,Cagliari Calcio,PERMANENT_OR_OTHER_EXPLICIT,-,TRANSFERMARKT_EXPANDED
2025/26,2025,IN,1371793,Paul Mendy,1390,Cagliari Calcio,11676,Cagliari Primavera,1390,Cagliari Calcio,PERMANENT_OR_OTHER_EXPLICIT,-,TRANSFERMARKT_EXPANDED
2025/26,2025,IN,317482,Marko Rog,1390,Cagliari Calcio,419,GNK Dinamo Zagreb,1390,Cagliari Calcio,LOAN_RETURN_OR_END_OF_LOAN,End of loan 30/06/2025,TRANSFERMARKT_EXPANDED
2025/26,2025,IN,208172,Mateusz Wieteska,1390,Cagliari Calcio,120,Kocaelispor,1390,Cagliari Calcio,LOAN_RETURN_OR_END_OF_LOAN,End of loan 07/05/2026,TRANSFERMARKT_EXPANDED
2025/26,2025,IN,705097,Davide Veroli,1390,Cagliari Calcio,1038,UC Sampdoria,1390,Cagliari Calcio,LOAN_RETURN_OR_END_OF_LOAN,End of loan 30/06/2025,TRANSFERMARKT_EXPANDED
2025/26,2025,IN,885226,Riyad Idrissi,1390,Cagliari Calcio,1385,Modena FC,1390,Cagliari Calcio,LOAN_RETURN_OR_END_OF_LOAN,End of loan 30/06/2025,TRANSFERMARKT_EXPANDED
2025/26,2025,IN,621153,Luigi Palomba,1390,Cagliari Calcio,7030,Vis Pesaro 1898,1390,Cagliari Calcio,LOAN_RETURN_OR_END_OF_LOAN,End of loan 30/06/2025,TRANSFERMARKT_EXPANDED
2025/26,2025,IN,701842,Nicolò Cavuoti,1390,Cagliari Calcio,9439,Feralpisalò,1390,Cagliari Calcio,LOAN_RETURN_OR_END_OF_LOAN,End of loan 30/06/2025,TRANSFERMARKT_EXPANDED
2025/26,2025,IN,469690,Nik Prelec,1390,Cagliari Calcio,14,Austria Vienna,1390,Cagliari Calcio,LOAN_RETURN_OR_END_OF_LOAN,End of loan 30/06/2025,TRANSFERMARKT_EXPANDED
2025/26,2025,IN,258482,Boris Radunović,1390,Cagliari Calcio,332,SSC Bari,1390,Cagliari Calcio,LOAN_RETURN_OR_END_OF_LOAN,End of loan 30/06/2025,TRANSFERMARKT_EXPANDED
2025/26,2025,IN,669794,Etienne Catena,1390,Cagliari Calcio,29251,Virtusvecomp Verona,1390,Cagliari Calcio,LOAN_RETURN_OR_END_OF_LOAN,End of loan 30/06/2025,TRANSFERMARKT_EXPANDED
2025/26,2025,IN,304144,Alen Sherri,1390,Cagliari Calcio,8970,Frosinone Calcio,1390,Cagliari Calcio,LOAN_RETURN_OR_END_OF_LOAN,End of loan 04/01/2026,TRANSFERMARKT_EXPANDED
2025/26,2025,IN,457674,Alessandro Di Pardo,1390,Cagliari Calcio,1385,Modena FC,1390,Cagliari Calcio,LOAN_RETURN_OR_END_OF_LOAN,End of loan 30/06/2025,TRANSFERMARKT_EXPANDED
2025/26,2025,IN,144244,Pantelis Hatzidiakos,1390,Cagliari Calcio,190,FC Copenhagen,1390,Cagliari Calcio,LOAN_RETURN_OR_END_OF_LOAN,End of loan 30/06/2025,TRANSFERMARKT_EXPANDED
2025/26,2025,IN,238993,Simone Scuffet,1390,Cagliari Calcio,6195,SSC Napoli,1390,Cagliari Calcio,LOAN_RETURN_OR_END_OF_LOAN,End of loan 30/06/2025,TRANSFERMARKT_EXPANDED
2025/26,2025,IN,208172,Mateusz Wieteska,1390,Cagliari Calcio,1091,PAOK Thessaloniki,1390,Cagliari Calcio,LOAN_RETURN_OR_END_OF_LOAN,End of loan 30/06/2025,TRANSFERMARKT_EXPANDED
2025/26,2025,IN,885228,Alessandro Vinciguerra,1390,Cagliari Calcio,2921,Delfino Pescara 1936,1390,Cagliari Calcio,LOAN_RETURN_OR_END_OF_LOAN,End of loan 19/01/2026,TRANSFERMARKT_EXPANDED
2025/26,2025,OUT,432092,Roberto Piccoli,1390,Cagliari Calcio,1390,Cagliari Calcio,430,ACF Fiorentina,PERMANENT_OR_OTHER_EXPLICIT,€25.00m,TRANSFERMARKT_EXPANDED
2025/26,2025,OUT,392966,Nadir Zortea,1390,Cagliari Calcio,1390,Cagliari Calcio,1025,Bologna FC 1909,PERMANENT_OR_OTHER_EXPLICIT,€7.50m,TRANSFERMARKT_EXPANDED
2025/26,2025,OUT,278531,Sebastiano Luperto,1390,Cagliari Calcio,1390,Cagliari Calcio,2239,US Cremonese,PERMANENT_OR_OTHER_EXPLICIT,€4.60m,TRANSFERMARKT_EXPANDED
2025/26,2025,OUT,295183,Răzvan Marin,1390,Cagliari Calcio,1390,Cagliari Calcio,2441,AEK Athens,PERMANENT_OR_OTHER_EXPLICIT,€1.70m,TRANSFERMARKT_EXPANDED
2025/26,2025,OUT,144244,Pantelis Hatzidiakos,1390,Cagliari Calcio,1390,Cagliari Calcio,190,FC Copenhagen,PERMANENT_OR_OTHER_EXPLICIT,€1.50m,TRANSFERMARKT_EXPANDED
2025/26,2025,OUT,460651,Antoine Makoumbou,1390,Cagliari Calcio,1390,Cagliari Calcio,152,Samsunspor,PERMANENT_OR_OTHER_EXPLICIT,€1.50m,TRANSFERMARKT_EXPANDED
2025/26,2025,OUT,238993,Simone Scuffet,1390,Cagliari Calcio,1390,Cagliari Calcio,4172,Pisa Sporting Club,PERMANENT_OR_OTHER_EXPLICIT,€900k,TRANSFERMARKT_EXPANDED
2025/26,2025,OUT,876298,Matteo Prati,1390,Cagliari Calcio,1390,Cagliari Calcio,416,Torino FC,LOAN,Loan fee: €300k,TRANSFERMARKT_EXPANDED
2025/26,2025,OUT,666547,Zito Luvumbo,1390,Cagliari Calcio,1390,Cagliari Calcio,237,RCD Mallorca,LOAN,Loan fee: €300k,TRANSFERMARKT_EXPANDED
2025/26,2025,OUT,457674,Alessandro Di Pardo,1390,Cagliari Calcio,1390,Cagliari Calcio,1038,UC Sampdoria,PERMANENT_OR_OTHER_EXPLICIT,€200k,TRANSFERMARKT_EXPANDED
2025/26,2025,OUT,284595,Tommaso Augello,1390,Cagliari Calcio,1390,Cagliari Calcio,458,Palermo FC,FREE_TRANSFER,free transfer,TRANSFERMARKT_EXPANDED
2025/26,2025,OUT,125020,José Luis Palomino,1390,Cagliari Calcio,1390,Cagliari Calcio,3938,CA Talleres,FREE_TRANSFER,free transfer,TRANSFERMARKT_EXPANDED
2025/26,2025,OUT,621153,Luigi Palomba,1390,Cagliari Calcio,1390,Cagliari Calcio,20519,Virtus Entella,PERMANENT_OR_OTHER_EXPLICIT,?,TRANSFERMARKT_EXPANDED
2025/26,2025,OUT,669794,Etienne Catena,1390,Cagliari Calcio,1390,Cagliari Calcio,8373,Siracusa Calcio,PERMANENT_OR_OTHER_EXPLICIT,?,TRANSFERMARKT_EXPANDED
2025/26,2025,OUT,469690,Nik Prelec,1390,Cagliari Calcio,1390,Cagliari Calcio,988,Oxford United,LOAN,loan transfer,TRANSFERMARKT_EXPANDED
2025/26,2025,OUT,1111663,Kingstone Mutandwa,1390,Cagliari Calcio,1390,Cagliari Calcio,266,SV Ried,LOAN,loan transfer,TRANSFERMARKT_EXPANDED
2025/26,2025,OUT,927933,Velizar-Iliya Iliev,1390,Cagliari Calcio,1390,Cagliari Calcio,22249,Audace Cerignola,LOAN,loan transfer,TRANSFERMARKT_EXPANDED
2025/26,2025,OUT,705097,Davide Veroli,1390,Cagliari Calcio,1390,Cagliari Calcio,458,Palermo FC,LOAN,loan transfer,TRANSFERMARKT_EXPANDED
2025/26,2025,OUT,208172,Mateusz Wieteska,1390,Cagliari Calcio,1390,Cagliari Calcio,120,Kocaelispor,LOAN,loan transfer,TRANSFERMARKT_EXPANDED
2025/26,2025,OUT,304144,Alen Sherri,1390,Cagliari Calcio,1390,Cagliari Calcio,8970,Frosinone Calcio,LOAN,loan transfer,TRANSFERMARKT_EXPANDED
2025/26,2025,OUT,701842,Nicolò Cavuoti,1390,Cagliari Calcio,1390,Cagliari Calcio,332,SSC Bari,LOAN,loan transfer,TRANSFERMARKT_EXPANDED
2025/26,2025,OUT,887650,Francesco Gallea,1390,Cagliari Calcio,1390,Cagliari Calcio,4103,FC Lumezzane,LOAN,loan transfer,TRANSFERMARKT_EXPANDED
2025/26,2025,OUT,967814,Sebastiano Di Paolo,1390,Cagliari Calcio,1390,Cagliari Calcio,8373,Siracusa Calcio,LOAN,loan transfer,TRANSFERMARKT_EXPANDED
2025/26,2025,OUT,885230,Nicola Pintus,1390,Cagliari Calcio,1390,Cagliari Calcio,4031,Cosenza Calcio,LOAN,loan transfer,TRANSFERMARKT_EXPANDED
2025/26,2025,OUT,258482,Boris Radunović,1390,Cagliari Calcio,1390,Cagliari Calcio,3522,Spezia Calcio,LOAN,loan transfer,TRANSFERMARKT_EXPANDED
2025/26,2025,OUT,885228,Alessandro Vinciguerra,1390,Cagliari Calcio,1390,Cagliari Calcio,33734,SS Monopoli 1966,LOAN,loan transfer,TRANSFERMARKT_EXPANDED
2025/26,2025,OUT,317482,Marko Rog,1390,Cagliari Calcio,1390,Cagliari Calcio,515,Without Club,FREE_AGENT_OR_END_OF_CONTRACT,-,TRANSFERMARKT_EXPANDED
2025/26,2025,OUT,85393,Nicolas Viola,1390,Cagliari Calcio,1390,Cagliari Calcio,515,Without Club,FREE_AGENT_OR_END_OF_CONTRACT,-,TRANSFERMARKT_EXPANDED
2025/26,2025,OUT,319160,Jakub Jankto,1390,Cagliari Calcio,1390,Cagliari Calcio,,Retired,RETIREMENT,-,TRANSFERMARKT_EXPANDED
2025/26,2025,OUT,564305,Michel Adopo,1390,Cagliari Calcio,1390,Cagliari Calcio,800,Atalanta BC,LOAN_RETURN_OR_END_OF_LOAN,End of loan 30/06/2025,TRANSFERMARKT_EXPANDED
2025/26,2025,OUT,432092,Roberto Piccoli,1390,Cagliari Calcio,1390,Cagliari Calcio,800,Atalanta BC,LOAN_RETURN_OR_END_OF_LOAN,End of loan 30/06/2025,TRANSFERMARKT_EXPANDED
2025/26,2025,OUT,358008,Gianluca Gaetano,1390,Cagliari Calcio,1390,Cagliari Calcio,6195,SSC Napoli,LOAN_RETURN_OR_END_OF_LOAN,End of loan 30/06/2025,TRANSFERMARKT_EXPANDED
2025/26,2025,OUT,421873,Elia Caprile,1390,Cagliari Calcio,1390,Cagliari Calcio,6195,SSC Napoli,LOAN_RETURN_OR_END_OF_LOAN,End of loan 30/06/2025,TRANSFERMARKT_EXPANDED
2025/26,2025,OUT,340982,Florinel Coman,1390,Cagliari Calcio,1390,Cagliari Calcio,6297,Al-Gharafa SC,LOAN_RETURN_OR_END_OF_LOAN,End of loan 30/06/2025,TRANSFERMARKT_EXPANDED
2025/26,2025,IN,1043646,Christian Ordóñez,130,Parma Calcio 1913,1029,CA Vélez Sarsfield,130,Parma Calcio 1913,PERMANENT_OR_OTHER_EXPLICIT,€9.75m,TRANSFERMARKT_EXPANDED
2025/26,2025,IN,840149,Matija Frigan,130,Parma Calcio 1913,968,KVC Westerlo,130,Parma Calcio 1913,PERMANENT_OR_OTHER_EXPLICIT,€9.00m,TRANSFERMARKT_EXPANDED
2025/26,2025,IN,514888,Oliver Sørensen,130,Parma Calcio 1913,865,FC Midtjylland,130,Parma Calcio 1913,PERMANENT_OR_OTHER_EXPLICIT,€8.10m,TRANSFERMARKT_EXPANDED
2025/26,2025,IN,1159864,Mariano Troilo,130,Parma Calcio 1913,2417,Club Atlético Belgrano,130,Parma Calcio 1913,PERMANENT_OR_OTHER_EXPLICIT,€7.98m,TRANSFERMARKT_EXPANDED
2025/26,2025,IN,673514,Abdoulaye Ndiaye,130,Parma Calcio 1913,1095,ESTAC Troyes,130,Parma Calcio 1913,PERMANENT_OR_OTHER_EXPLICIT,€7.35m,TRANSFERMARKT_EXPANDED
2025/26,2025,IN,932187,Sascha Britschgi,130,Parma Calcio 1913,434,FC Luzern,130,Parma Calcio 1913,PERMANENT_OR_OTHER_EXPLICIT,€3.14m,TRANSFERMARKT_EXPANDED
2025/26,2025,IN,862606,Nesta Elphege,130,Parma Calcio 1913,1290,Grenoble Foot 38,130,Parma Calcio 1913,PERMANENT_OR_OTHER_EXPLICIT,€2.00m,TRANSFERMARKT_EXPANDED
2025/26,2025,IN,999127,Benja Cremaschi,130,Parma Calcio 1913,69261,Inter Miami CF,130,Parma Calcio 1913,LOAN,loan transfer,TRANSFERMARKT_EXPANDED
2025/26,2025,IN,265078,Patrick Cutrone,130,Parma Calcio 1913,1047,Como 1907,130,Parma Calcio 1913,LOAN,loan transfer,TRANSFERMARKT_EXPANDED
2025/26,2025,IN,613393,Gaetano Oristanio,130,Parma Calcio 1913,607,Venezia FC,130,Parma Calcio 1913,LOAN,loan transfer,TRANSFERMARKT_EXPANDED
2025/26,2025,IN,457673,Gabriel Strefezza,130,Parma Calcio 1913,683,Olympiacos Piraeus,130,Parma Calcio 1913,LOAN,loan transfer,TRANSFERMARKT_EXPANDED
2025/26,2025,IN,430280,Hans Nicolussi Caviglia,130,Parma Calcio 1913,607,Venezia FC,130,Parma Calcio 1913,LOAN,loan transfer,TRANSFERMARKT_EXPANDED
2025/26,2025,IN,731491,Franco Carboni,130,Parma Calcio 1913,46,Inter Milan,130,Parma Calcio 1913,LOAN,loan transfer,TRANSFERMARKT_EXPANDED
2025/26,2025,IN,708186,Tjas Begic,130,Parma Calcio 1913,8970,Frosinone Calcio,130,Parma Calcio 1913,LOAN_RETURN_OR_END_OF_LOAN,End of loan 30/06/2025,TRANSFERMARKT_EXPANDED
2025/26,2025,IN,64399,Vicente Guaita,130,Parma Calcio 1913,515,Without Club,130,Parma Calcio 1913,FREE_AGENT_OR_END_OF_CONTRACT,-,TRANSFERMARKT_EXPANDED
2025/26,2025,IN,902573,Mateusz Kowalski,130,Parma Calcio 1913,2432,SC União Torreense,130,Parma Calcio 1913,LOAN_RETURN_OR_END_OF_LOAN,End of loan 02/02/2026,TRANSFERMARKT_EXPANDED
2025/26,2025,IN,702324,Rachid Kouda,130,Parma Calcio 1913,3522,Spezia Calcio,130,Parma Calcio 1913,LOAN_RETURN_OR_END_OF_LOAN,End of loan 22/01/2026,TRANSFERMARKT_EXPANDED
2025/26,2025,IN,858677,Peter Amoran,130,Parma Calcio 1913,839,AC Perugia Calcio,130,Parma Calcio 1913,LOAN_RETURN_OR_END_OF_LOAN,End of loan 30/06/2025,TRANSFERMARKT_EXPANDED
2025/26,2025,IN,182517,Anthony Partipilo,130,Parma Calcio 1913,8970,Frosinone Calcio,130,Parma Calcio 1913,LOAN_RETURN_OR_END_OF_LOAN,End of loan 30/06/2025,TRANSFERMARKT_EXPANDED
2025/26,2025,IN,702324,Rachid Kouda,130,Parma Calcio 1913,3522,Spezia Calcio,130,Parma Calcio 1913,LOAN_RETURN_OR_END_OF_LOAN,End of loan 30/06/2025,TRANSFERMARKT_EXPANDED
2025/26,2025,IN,1028162,Antoine Joujou,130,Parma Calcio 1913,738,Le Havre AC,130,Parma Calcio 1913,LOAN_RETURN_OR_END_OF_LOAN,End of loan 30/06/2025,TRANSFERMARKT_EXPANDED
2025/26,2025,IN,604207,Filippo Rinaldi,130,Parma Calcio 1913,9439,Feralpisalò,130,Parma Calcio 1913,LOAN_RETURN_OR_END_OF_LOAN,End of loan 30/06/2025,TRANSFERMARKT_EXPANDED
2025/26,2025,IN,806955,Dario Sits,130,Parma Calcio 1913,500,Helmond Sport,130,Parma Calcio 1913,LOAN_RETURN_OR_END_OF_LOAN,End of loan 30/06/2025,TRANSFERMARKT_EXPANDED
2025/26,2025,OUT,1086619,Giovanni Leoni,130,Parma Calcio 1913,130,Parma Calcio 1913,31,Liverpool FC,PERMANENT_OR_OTHER_EXPLICIT,€29.45m,TRANSFERMARKT_EXPANDED
2025/26,2025,OUT,827734,Ange-Yoan Bonny,130,Parma Calcio 1913,130,Parma Calcio 1913,46,Inter Milan,PERMANENT_OR_OTHER_EXPLICIT,€23.00m,TRANSFERMARKT_EXPANDED
2025/26,2025,OUT,507486,Simon Sohm,130,Parma Calcio 1913,130,Parma Calcio 1913,430,ACF Fiorentina,PERMANENT_OR_OTHER_EXPLICIT,€15.00m,TRANSFERMARKT_EXPANDED
2025/26,2025,OUT,397486,Dennis Man,130,Parma Calcio 1913,130,Parma Calcio 1913,383,PSV Eindhoven,PERMANENT_OR_OTHER_EXPLICIT,€9.10m,TRANSFERMARKT_EXPANDED
2025/26,2025,OUT,181768,Hernani,130,Parma Calcio 1913,130,Parma Calcio 1913,2919,AC Monza,PERMANENT_OR_OTHER_EXPLICIT,€5.00m,TRANSFERMARKT_EXPANDED
2025/26,2025,OUT,661212,Mathias Løvik,130,Parma Calcio 1913,130,Parma Calcio 1913,449,Trabzonspor,PERMANENT_OR_OTHER_EXPLICIT,€4.00m,TRANSFERMARKT_EXPANDED
2025/26,2025,OUT,535469,Valentin Mihăilă,130,Parma Calcio 1913,130,Parma Calcio 1913,126,Caykur Rizespor,PERMANENT_OR_OTHER_EXPLICIT,€1.95m,TRANSFERMARKT_EXPANDED
2025/26,2025,OUT,67556,Milan Djuric,130,Parma Calcio 1913,130,Parma Calcio 1913,2239,US Cremonese,PERMANENT_OR_OTHER_EXPLICIT,€1.10m,TRANSFERMARKT_EXPANDED
2025/26,2025,OUT,917375,Antoine Hainaut,130,Parma Calcio 1913,130,Parma Calcio 1913,607,Venezia FC,PERMANENT_OR_OTHER_EXPLICIT,€550k,TRANSFERMARKT_EXPANDED
2025/26,2025,OUT,614742,Drissa Camara,130,Parma Calcio 1913,130,Parma Calcio 1913,2832,Gaziantep FK,PERMANENT_OR_OTHER_EXPLICIT,€400k,TRANSFERMARKT_EXPANDED
2025/26,2025,OUT,708186,Tjas Begic,130,Parma Calcio 1913,130,Parma Calcio 1913,1038,UC Sampdoria,LOAN,Loan fee: €50k,TRANSFERMARKT_EXPANDED
2025/26,2025,OUT,358165,Yordan Osorio,130,Parma Calcio 1913,130,Parma Calcio 1913,26468,Deportivo La Guaira,FREE_TRANSFER,free transfer,TRANSFERMARKT_EXPANDED
2025/26,2025,OUT,660342,Gabriel Charpentier,130,Parma Calcio 1913,130,Parma Calcio 1913,5689,Cracovia,FREE_TRANSFER,free transfer,TRANSFERMARKT_EXPANDED
2025/26,2025,OUT,883122,Anas Haj Mohamed,130,Parma Calcio 1913,130,Parma Calcio 1913,41274,Beerschot VA,PERMANENT_OR_OTHER_EXPLICIT,?,TRANSFERMARKT_EXPANDED
2025/26,2025,OUT,182517,Anthony Partipilo,130,Parma Calcio 1913,130,Parma Calcio 1913,332,SSC Bari,LOAN,loan transfer,TRANSFERMARKT_EXPANDED
2025/26,2025,OUT,543727,Botond Balogh,130,Parma Calcio 1913,130,Parma Calcio 1913,120,Kocaelispor,LOAN,loan transfer,TRANSFERMARKT_EXPANDED
2025/26,2025,OUT,806955,Dario Sits,130,Parma Calcio 1913,130,Parma Calcio 1913,3679,Atlético Madrileño,LOAN,loan transfer,TRANSFERMARKT_EXPANDED
2025/26,2025,OUT,1028162,Antoine Joujou,130,Parma Calcio 1913,130,Parma Calcio 1913,3329,FC Famalicão,LOAN,loan transfer,TRANSFERMARKT_EXPANDED
2025/26,2025,OUT,858677,Peter Amoran,130,Parma Calcio 1913,130,Parma Calcio 1913,1429,Cesena FC,LOAN,loan transfer,TRANSFERMARKT_EXPANDED
2025/26,2025,OUT,902573,Mateusz Kowalski,130,Parma Calcio 1913,130,Parma Calcio 1913,8936,Miedz Legnica,LOAN,loan transfer,TRANSFERMARKT_EXPANDED
2025/26,2025,OUT,454386,Adrian Benedyczak,130,Parma Calcio 1913,130,Parma Calcio 1913,10484,Kasimpasa,LOAN,loan transfer,TRANSFERMARKT_EXPANDED
2025/26,2025,OUT,902573,Mateusz Kowalski,130,Parma Calcio 1913,130,Parma Calcio 1913,2432,SC União Torreense,LOAN,loan transfer,TRANSFERMARKT_EXPANDED
2025/26,2025,OUT,702324,Rachid Kouda,130,Parma Calcio 1913,130,Parma Calcio 1913,2581,Mantova 1911,LOAN,loan transfer,TRANSFERMARKT_EXPANDED
2025/26,2025,OUT,702324,Rachid Kouda,130,Parma Calcio 1913,130,Parma Calcio 1913,3522,Spezia Calcio,LOAN,loan transfer,TRANSFERMARKT_EXPANDED
2025/26,2025,OUT,64399,Vicente Guaita,130,Parma Calcio 1913,130,Parma Calcio 1913,515,Without Club,FREE_AGENT_OR_END_OF_CONTRACT,-,TRANSFERMARKT_EXPANDED
2025/26,2025,OUT,86083,Richard Marcone,130,Parma Calcio 1913,130,Parma Calcio 1913,515,Without Club,FREE_AGENT_OR_END_OF_CONTRACT,-,TRANSFERMARKT_EXPANDED
2025/26,2025,OUT,265078,Patrick Cutrone,130,Parma Calcio 1913,130,Parma Calcio 1913,1047,Como 1907,LOAN_RETURN_OR_END_OF_LOAN,End of loan 29/01/2026,TRANSFERMARKT_EXPANDED
2025/26,2025,OUT,330208,Alessandro Vogliacco,130,Parma Calcio 1913,130,Parma Calcio 1913,252,Genoa CFC,LOAN_RETURN_OR_END_OF_LOAN,End of loan 30/06/2025,TRANSFERMARKT_EXPANDED
2025/26,2025,OUT,550106,Matteo Cancellieri,130,Parma Calcio 1913,130,Parma Calcio 1913,398,SS Lazio,LOAN_RETURN_OR_END_OF_LOAN,End of loan 30/06/2025,TRANSFERMARKT_EXPANDED
2025/26,2025,IN,604113,Jamil Siebert,1005,US Lecce,38,Fortuna Düsseldorf,1005,US Lecce,PERMANENT_OR_OTHER_EXPLICIT,€5.50m,TRANSFERMARKT_EXPANDED
2025/26,2025,IN,595650,Nikola Stulic,1005,US Lecce,172,Royal Charleroi SC,1005,US Lecce,PERMANENT_OR_OTHER_EXPLICIT,€5.00m,TRANSFERMARKT_EXPANDED
2025/26,2025,IN,780548,Omri Gandelman,1005,US Lecce,157,KAA Gent,1005,US Lecce,PERMANENT_OR_OTHER_EXPLICIT,€3.00m,TRANSFERMARKT_EXPANDED
2025/26,2025,IN,980575,Oumar Ngom,1005,US Lecce,2431,CF Estrela Amadora,1005,US Lecce,PERMANENT_OR_OTHER_EXPLICIT,€2.00m,TRANSFERMARKT_EXPANDED
2025/26,2025,IN,582664,Álex Sala,1005,US Lecce,993,Córdoba CF,1005,US Lecce,PERMANENT_OR_OTHER_EXPLICIT,€1.50m,TRANSFERMARKT_EXPANDED
2025/26,2025,IN,943473,Milos Jovic,1005,US Lecce,32113,FK IMT Belgrad,1005,US Lecce,PERMANENT_OR_OTHER_EXPLICIT,€1.00m,TRANSFERMARKT_EXPANDED
2025/26,2025,IN,1057563,Christ-Owen Kouassi,1005,US Lecce,1080,Stade Lavallois,1005,US Lecce,PERMANENT_OR_OTHER_EXPLICIT,€1.00m,TRANSFERMARKT_EXPANDED
2025/26,2025,IN,433329,Corrie Ndaba,1005,US Lecce,2553,Kilmarnock FC,1005,US Lecce,PERMANENT_OR_OTHER_EXPLICIT,€930k,TRANSFERMARKT_EXPANDED
2025/26,2025,IN,644613,Sadik Fofana,1005,US Lecce,316,Grazer AK 1902,1005,US Lecce,PERMANENT_OR_OTHER_EXPLICIT,€600k,TRANSFERMARKT_EXPANDED
2025/26,2025,IN,1175410,Matías Pérez,1005,US Lecce,19027,Curicó Unido,1005,US Lecce,PERMANENT_OR_OTHER_EXPLICIT,€525k,TRANSFERMARKT_EXPANDED
2025/26,2025,IN,386455,Riccardo Sottil,1005,US Lecce,430,ACF Fiorentina,1005,US Lecce,LOAN,Loan fee: €500k,TRANSFERMARKT_EXPANDED
2025/26,2025,IN,1058368,Francesco Camarda,1005,US Lecce,5,AC Milan,1005,US Lecce,LOAN,loan transfer,TRANSFERMARKT_EXPANDED
2025/26,2025,IN,521407,Walid Cheddira,1005,US Lecce,6195,SSC Napoli,1005,US Lecce,LOAN,loan transfer,TRANSFERMARKT_EXPANDED
2025/26,2025,IN,745595,Marlon Ubani,1005,US Lecce,5618,Lecce Primavera,1005,US Lecce,PERMANENT_OR_OTHER_EXPLICIT,-,TRANSFERMARKT_EXPANDED
2025/26,2025,IN,215167,Marco Bleve,1005,US Lecce,4159,Carrarese Calcio 1908,1005,US Lecce,LOAN_RETURN_OR_END_OF_LOAN,End of loan 30/06/2025,TRANSFERMARKT_EXPANDED
2025/26,2025,IN,745595,Marlon Ubani,1005,US Lecce,380,US Salernitana 1919,1005,US Lecce,LOAN_RETURN_OR_END_OF_LOAN,End of loan 26/01/2026,TRANSFERMARKT_EXPANDED
2025/26,2025,IN,324377,Youssef Maleh,1005,US Lecce,749,FC Empoli,1005,US Lecce,LOAN_RETURN_OR_END_OF_LOAN,End of loan 30/06/2025,TRANSFERMARKT_EXPANDED
2025/26,2025,IN,537765,Pablo Rodríguez,1005,US Lecce,630,Racing Santander,1005,US Lecce,LOAN_RETURN_OR_END_OF_LOAN,End of loan 30/06/2025,TRANSFERMARKT_EXPANDED
2025/26,2025,IN,671542,Daniel Samek,1005,US Lecce,1897,FC Hradec Kralove,1005,US Lecce,LOAN_RETURN_OR_END_OF_LOAN,End of loan 30/06/2025,TRANSFERMARKT_EXPANDED
2025/26,2025,IN,954323,Lovro Herceg,1005,US Lecce,22344,AC Nardò,1005,US Lecce,LOAN_RETURN_OR_END_OF_LOAN,End of loan 30/06/2025,TRANSFERMARKT_EXPANDED
2025/26,2025,IN,399543,Rémi Oudin,1005,US Lecce,1038,UC Sampdoria,1005,US Lecce,LOAN_RETURN_OR_END_OF_LOAN,End of loan 30/06/2025,TRANSFERMARKT_EXPANDED
2025/26,2025,IN,802243,Ed McJannet,1005,US Lecce,22249,Audace Cerignola,1005,US Lecce,LOAN_RETURN_OR_END_OF_LOAN,End of loan 30/06/2025,TRANSFERMARKT_EXPANDED
2025/26,2025,IN,679829,Henri Salomaa,1005,US Lecce,1253,Lucchese Calcio,1005,US Lecce,LOAN_RETURN_OR_END_OF_LOAN,End of loan 30/06/2025,TRANSFERMARKT_EXPANDED
2025/26,2025,IN,805696,Mats Lemmens,1005,US Lecce,54189,RWDM Brussels,1005,US Lecce,LOAN_RETURN_OR_END_OF_LOAN,End of loan 30/06/2025,TRANSFERMARKT_EXPANDED
2025/26,2025,IN,247377,Kevin Bonifazi,1005,US Lecce,6574,US Sassuolo,1005,US Lecce,LOAN_RETURN_OR_END_OF_LOAN,End of loan 29/06/2025,TRANSFERMARKT_EXPANDED
2025/26,2025,IN,667640,Alexandru Borbei,1005,US Lecce,7769,CFR Cluj,1005,US Lecce,LOAN_RETURN_OR_END_OF_LOAN,End of loan 30/06/2025,TRANSFERMARKT_EXPANDED
2025/26,2025,IN,592879,Eetu Mömmö,1005,US Lecce,1225,FC Haka,1005,US Lecce,LOAN_RETURN_OR_END_OF_LOAN,End of loan 31/12/2025,TRANSFERMARKT_EXPANDED
2025/26,2025,OUT,434433,Nikola Krstović,1005,US Lecce,1005,US Lecce,800,Atalanta BC,PERMANENT_OR_OTHER_EXPLICIT,€25.00m,TRANSFERMARKT_EXPANDED
2025/26,2025,OUT,351955,Federico Baschirotto,1005,US Lecce,1005,US Lecce,2239,US Cremonese,PERMANENT_OR_OTHER_EXPLICIT,€3.00m,TRANSFERMARKT_EXPANDED
2025/26,2025,OUT,537765,Pablo Rodríguez,1005,US Lecce,1005,US Lecce,238,Lech Poznan,PERMANENT_OR_OTHER_EXPLICIT,€1.20m,TRANSFERMARKT_EXPANDED
2025/26,2025,OUT,911328,Mohamed Kaba,1005,US Lecce,1005,US Lecce,995,FC Nantes,LOAN,Loan fee: €500k,TRANSFERMARKT_EXPANDED
2025/26,2025,OUT,671542,Daniel Samek,1005,US Lecce,1005,US Lecce,24325,SK Artis Brno,PERMANENT_OR_OTHER_EXPLICIT,€300k,TRANSFERMARKT_EXPANDED
2025/26,2025,OUT,642002,Balthazar Pierret,1005,US Lecce,1005,US Lecce,1154,Red Star FC,PERMANENT_OR_OTHER_EXPLICIT,€100k,TRANSFERMARKT_EXPANDED
2025/26,2025,OUT,1017950,Vernon Addo,1005,US Lecce,1005,US Lecce,57870,Krasava ENY,LOAN,Loan fee: €75k,TRANSFERMARKT_EXPANDED
2025/26,2025,OUT,187587,Ante Rebić,1005,US Lecce,1005,US Lecce,447,HNK Hajduk Split,FREE_TRANSFER,free transfer,TRANSFERMARKT_EXPANDED
2025/26,2025,OUT,215167,Marco Bleve,1005,US Lecce,1005,US Lecce,4159,Carrarese Calcio 1908,FREE_TRANSFER,free transfer,TRANSFERMARKT_EXPANDED
2025/26,2025,OUT,339816,Tete Morente,1005,US Lecce,1005,US Lecce,1531,Elche CF,FREE_TRANSFER,free transfer,TRANSFERMARKT_EXPANDED
2025/26,2025,OUT,354352,Frédéric Guilbert,1005,US Lecce,1005,US Lecce,995,FC Nantes,FREE_TRANSFER,free transfer,TRANSFERMARKT_EXPANDED
2025/26,2025,OUT,805696,Mats Lemmens,1005,US Lecce,1005,US Lecce,54189,RWDM Brussels,FREE_TRANSFER,free transfer,TRANSFERMARKT_EXPANDED
2025/26,2025,OUT,802243,Ed McJannet,1005,US Lecce,1005,US Lecce,1103,Ternana Calcio,LOAN,loan transfer,TRANSFERMARKT_EXPANDED
2025/26,2025,OUT,745595,Marlon Ubani,1005,US Lecce,1005,US Lecce,380,US Salernitana 1919,LOAN,loan transfer,TRANSFERMARKT_EXPANDED
2025/26,2025,OUT,399543,Rémi Oudin,1005,US Lecce,1005,US Lecce,4097,US Catanzaro,PERMANENT_OR_OTHER_EXPLICIT,?,TRANSFERMARKT_EXPANDED
2025/26,2025,OUT,647534,Joel Voelkerling Persson,1005,US Lecce,1005,US Lecce,1236,Östers IF,PERMANENT_OR_OTHER_EXPLICIT,?,TRANSFERMARKT_EXPANDED
2025/26,2025,OUT,418571,Hamza Rafia,1005,US Lecce,1005,US Lecce,3342,Esperance Tunis,PERMANENT_OR_OTHER_EXPLICIT,?,TRANSFERMARKT_EXPANDED
2025/26,2025,OUT,592879,Eetu Mömmö,1005,US Lecce,1005,US Lecce,23777,SJK Seinäjoki,PERMANENT_OR_OTHER_EXPLICIT,?,TRANSFERMARKT_EXPANDED
2025/26,2025,OUT,679829,Henri Salomaa,1005,US Lecce,1005,US Lecce,8042,FC Inter Turku,PERMANENT_OR_OTHER_EXPLICIT,?,TRANSFERMARKT_EXPANDED
2025/26,2025,OUT,731525,Rareș Burnete,1005,US Lecce,1005,US Lecce,5587,SS Juve Stabia,LOAN,loan transfer,TRANSFERMARKT_EXPANDED
2025/26,2025,OUT,667640,Alexandru Borbei,1005,US Lecce,1005,US Lecce,704,Calcio Foggia 1920,LOAN,loan transfer,TRANSFERMARKT_EXPANDED
2025/26,2025,OUT,1118086,Sebastian Esposito,1005,US Lecce,1005,US Lecce,7006,Melbourne Victory,LOAN,loan transfer,TRANSFERMARKT_EXPANDED
2025/26,2025,OUT,324377,Youssef Maleh,1005,US Lecce,1005,US Lecce,2239,US Cremonese,LOAN,loan transfer,TRANSFERMARKT_EXPANDED
2025/26,2025,OUT,1057563,Christ-Owen Kouassi,1005,US Lecce,1005,US Lecce,1080,Stade Lavallois,LOAN,loan transfer,TRANSFERMARKT_EXPANDED
2025/26,2025,OUT,943473,Milos Jovic,1005,US Lecce,1005,US Lecce,32113,FK IMT Belgrad,LOAN,loan transfer,TRANSFERMARKT_EXPANDED
2025/26,2025,OUT,954323,Lovro Herceg,1005,US Lecce,1005,US Lecce,515,Without Club,FREE_AGENT_OR_END_OF_CONTRACT,-,TRANSFERMARKT_EXPANDED
2025/26,2025,OUT,692209,Joan González,1005,US Lecce,1005,US Lecce,,Retired,RETIREMENT,-,TRANSFERMARKT_EXPANDED
2025/26,2025,OUT,82048,Nicola Sansone,1005,US Lecce,1005,US Lecce,,Retired,RETIREMENT,-,TRANSFERMARKT_EXPANDED
2025/26,2025,OUT,709985,Jeppe Corfitzen,1005,US Lecce,1005,US Lecce,515,Without Club,FREE_AGENT_OR_END_OF_CONTRACT,-,TRANSFERMARKT_EXPANDED
2025/26,2025,OUT,745595,Marlon Ubani,1005,US Lecce,1005,US Lecce,6266,Cavese 1919,LOAN,loan transfer,TRANSFERMARKT_EXPANDED
2025/26,2025,OUT,247377,Kevin Bonifazi,1005,US Lecce,1005,US Lecce,1025,Bologna FC 1909,LOAN_RETURN_OR_END_OF_LOAN,End of loan 30/06/2025,TRANSFERMARKT_EXPANDED
2025/26,2025,OUT,367992,Jesper Karlsson,1005,US Lecce,1005,US Lecce,1025,Bologna FC 1909,LOAN_RETURN_OR_END_OF_LOAN,End of loan 30/06/2025,TRANSFERMARKT_EXPANDED
2025/26,2025,OUT,392570,Marco Sala,1005,US Lecce,1005,US Lecce,1047,Como 1907,LOAN_RETURN_OR_END_OF_LOAN,End of loan 30/06/2025,TRANSFERMARKT_EXPANDED
2025/26,2025,IN,679423,Tarik Muharemović,6574,US Sassuolo,41101,Juventus Next Gen,6574,US Sassuolo,PERMANENT_OR_OTHER_EXPLICIT,€19.50m,TRANSFERMARKT_EXPANDED
2025/26,2025,IN,921655,Ismaël Koné,6574,US Sassuolo,244,Olympique Marseille,6574,US Sassuolo,PERMANENT_OR_OTHER_EXPLICIT,€10.00m,TRANSFERMARKT_EXPANDED
2025/26,2025,IN,1170286,Darryl Bakola,6574,US Sassuolo,244,Olympique Marseille,6574,US Sassuolo,PERMANENT_OR_OTHER_EXPLICIT,€10.00m,TRANSFERMARKT_EXPANDED
2025/26,2025,IN,546926,Jay Idzes,6574,US Sassuolo,607,Venezia FC,6574,US Sassuolo,PERMANENT_OR_OTHER_EXPLICIT,€8.10m,TRANSFERMARKT_EXPANDED
2025/26,2025,IN,520530,Fali Candé,6574,US Sassuolo,607,Venezia FC,6574,US Sassuolo,PERMANENT_OR_OTHER_EXPLICIT,€4.50m,TRANSFERMARKT_EXPANDED
2025/26,2025,IN,921655,Ismaël Koné,6574,US Sassuolo,244,Olympique Marseille,6574,US Sassuolo,LOAN,Loan fee: €2.50m,TRANSFERMARKT_EXPANDED
2025/26,2025,IN,749552,Alieu Fadera,6574,US Sassuolo,1047,Como 1907,6574,US Sassuolo,LOAN,Loan fee: €1.00m,TRANSFERMARKT_EXPANDED
2025/26,2025,IN,345458,Sebastian Walukiewicz,6574,US Sassuolo,416,Torino FC,6574,US Sassuolo,LOAN,Loan fee: €1.00m,TRANSFERMARKT_EXPANDED
2025/26,2025,IN,503881,Aster Vranckx,6574,US Sassuolo,82,VfL Wolfsburg,6574,US Sassuolo,LOAN,Loan fee: €420k,TRANSFERMARKT_EXPANDED
2025/26,2025,IN,521407,Walid Cheddira,6574,US Sassuolo,6195,SSC Napoli,6574,US Sassuolo,LOAN,Loan fee: €200k,TRANSFERMARKT_EXPANDED
2025/26,2025,IN,813961,Patrick Nuamah,6574,US Sassuolo,19,Brescia Calcio (- 2025),6574,US Sassuolo,FREE_TRANSFER,free transfer,TRANSFERMARKT_EXPANDED
2025/26,2025,IN,74683,Nemanja Matić,6574,US Sassuolo,1041,Olympique Lyon,6574,US Sassuolo,FREE_TRANSFER,free transfer,TRANSFERMARKT_EXPANDED
2025/26,2025,IN,371021,Arijanet Murić,6574,US Sassuolo,677,Ipswich Town,6574,US Sassuolo,LOAN,loan transfer,TRANSFERMARKT_EXPANDED
2025/26,2025,IN,1082581,Pedro Felipe,6574,US Sassuolo,41101,Juventus Next Gen,6574,US Sassuolo,LOAN,loan transfer,TRANSFERMARKT_EXPANDED
2025/26,2025,IN,192616,Ulisses Garcia,6574,US Sassuolo,244,Olympique Marseille,6574,US Sassuolo,LOAN,loan transfer,TRANSFERMARKT_EXPANDED
2025/26,2025,IN,354814,M'Bala Nzola,6574,US Sassuolo,430,ACF Fiorentina,6574,US Sassuolo,LOAN,loan transfer,TRANSFERMARKT_EXPANDED
2025/26,2025,IN,592975,Woyo Coulibaly,6574,US Sassuolo,1003,Leicester City,6574,US Sassuolo,LOAN,loan transfer,TRANSFERMARKT_EXPANDED
2025/26,2025,IN,481344,Alessandro Russo,6574,US Sassuolo,9818,Giugliano Calcio 1928,6574,US Sassuolo,LOAN_RETURN_OR_END_OF_LOAN,End of loan 22/01/2026,TRANSFERMARKT_EXPANDED
2025/26,2025,IN,908788,Flavio Russo,6574,US Sassuolo,20519,Virtus Entella,6574,US Sassuolo,LOAN_RETURN_OR_END_OF_LOAN,End of loan 02/02/2026,TRANSFERMARKT_EXPANDED
2025/26,2025,IN,386574,Fabrizio Caligara,6574,US Sassuolo,380,US Salernitana 1919,6574,US Sassuolo,LOAN_RETURN_OR_END_OF_LOAN,End of loan 30/06/2025,TRANSFERMARKT_EXPANDED
2025/26,2025,IN,659648,Gioele Zacchi,6574,US Sassuolo,22045,Latina Calcio 1932,6574,US Sassuolo,LOAN_RETURN_OR_END_OF_LOAN,End of loan 30/06/2025,TRANSFERMARKT_EXPANDED
2025/26,2025,IN,919669,Simone Cinquegrano,6574,US Sassuolo,4111,Rimini FC,6574,US Sassuolo,LOAN_RETURN_OR_END_OF_LOAN,End of loan 30/06/2025,TRANSFERMARKT_EXPANDED
2025/26,2025,IN,508371,Emil Konradsen Ceide,6574,US Sassuolo,195,Rosenborg BK,6574,US Sassuolo,LOAN_RETURN_OR_END_OF_LOAN,End of loan 10/07/2025,TRANSFERMARKT_EXPANDED
2025/26,2025,IN,315865,Andrea Pinamonti,6574,US Sassuolo,252,Genoa CFC,6574,US Sassuolo,LOAN_RETURN_OR_END_OF_LOAN,End of loan 30/06/2025,TRANSFERMARKT_EXPANDED
2025/26,2025,IN,812625,Agustín Álvarez,6574,US Sassuolo,1531,Elche CF,6574,US Sassuolo,LOAN_RETURN_OR_END_OF_LOAN,End of loan 30/06/2025,TRANSFERMARKT_EXPANDED
2025/26,2025,IN,555015,Ruan,6574,US Sassuolo,585,São Paulo Futebol Clube,6574,US Sassuolo,LOAN_RETURN_OR_END_OF_LOAN,End of loan 30/06/2025,TRANSFERMARKT_EXPANDED
2025/26,2025,IN,543666,Stefano Turati,6574,US Sassuolo,2919,AC Monza,6574,US Sassuolo,LOAN_RETURN_OR_END_OF_LOAN,End of loan 30/06/2025,TRANSFERMARKT_EXPANDED
2025/26,2025,IN,547827,Andrei Mărginean,6574,US Sassuolo,312,FC Dinamo 1948,6574,US Sassuolo,LOAN_RETURN_OR_END_OF_LOAN,End of loan 30/06/2025,TRANSFERMARKT_EXPANDED
2025/26,2025,IN,745436,Salim Abubakar,6574,US Sassuolo,4553,US Pergolettese 1932,6574,US Sassuolo,LOAN_RETURN_OR_END_OF_LOAN,End of loan 30/06/2025,TRANSFERMARKT_EXPANDED
2025/26,2025,IN,808559,Justin Kumi,6574,US Sassuolo,5621,AC Reggiana 1919,6574,US Sassuolo,LOAN_RETURN_OR_END_OF_LOAN,End of loan 30/06/2025,TRANSFERMARKT_EXPANDED
2025/26,2025,IN,1028399,Borna Knezovic,6574,US Sassuolo,380,US Salernitana 1919,6574,US Sassuolo,LOAN_RETURN_OR_END_OF_LOAN,End of loan 01/02/2026,TRANSFERMARKT_EXPANDED
2025/26,2025,IN,734898,Kevin Miranda,6574,US Sassuolo,33734,SS Monopoli 1966,6574,US Sassuolo,LOAN_RETURN_OR_END_OF_LOAN,End of loan 30/06/2025,TRANSFERMARKT_EXPANDED
2025/26,2025,IN,725242,Luca D'Andrea,6574,US Sassuolo,19,Brescia Calcio (- 2025),6574,US Sassuolo,LOAN_RETURN_OR_END_OF_LOAN,End of loan 30/06/2025,TRANSFERMARKT_EXPANDED
2025/26,2025,IN,417575,Uros Racic,6574,US Sassuolo,1075,SC Braga,6574,US Sassuolo,LOAN_RETURN_OR_END_OF_LOAN,End of loan 30/06/2025,TRANSFERMARKT_EXPANDED
2025/26,2025,IN,538974,Janis Antiste,6574,US Sassuolo,4,1.FC Nuremberg,6574,US Sassuolo,LOAN_RETURN_OR_END_OF_LOAN,End of loan 30/06/2025,TRANSFERMARKT_EXPANDED
2025/26,2025,IN,908788,Flavio Russo,6574,US Sassuolo,1429,Cesena FC,6574,US Sassuolo,LOAN_RETURN_OR_END_OF_LOAN,End of loan 30/06/2025,TRANSFERMARKT_EXPANDED
2025/26,2025,IN,1070284,Emerick Lopes,6574,US Sassuolo,52687,Alcione Milano,6574,US Sassuolo,LOAN_RETURN_OR_END_OF_LOAN,End of loan 30/06/2026,TRANSFERMARKT_EXPANDED
2025/26,2025,IN,628558,Riccardo Ciervo,6574,US Sassuolo,4031,Cosenza Calcio,6574,US Sassuolo,LOAN_RETURN_OR_END_OF_LOAN,End of loan 30/06/2025,TRANSFERMARKT_EXPANDED
2025/26,2025,OUT,417575,Uros Racic,6574,US Sassuolo,6574,US Sassuolo,605,Aris Thessaloniki,PERMANENT_OR_OTHER_EXPLICIT,€2.50m,TRANSFERMARKT_EXPANDED
2025/26,2025,OUT,508371,Emil Konradsen Ceide,6574,US Sassuolo,6574,US Sassuolo,195,Rosenborg BK,PERMANENT_OR_OTHER_EXPLICIT,€1.80m,TRANSFERMARKT_EXPANDED
2025/26,2025,OUT,547827,Andrei Mărginean,6574,US Sassuolo,6574,US Sassuolo,312,FC Dinamo 1948,PERMANENT_OR_OTHER_EXPLICIT,€250k,TRANSFERMARKT_EXPANDED
2025/26,2025,OUT,372720,Nicholas Pierini,6574,US Sassuolo,6574,US Sassuolo,1038,UC Sampdoria,LOAN,Loan fee: €250k,TRANSFERMARKT_EXPANDED
2025/26,2025,OUT,390163,Andrea Ghion,6574,US Sassuolo,6574,US Sassuolo,749,FC Empoli,LOAN,Loan fee: €240k,TRANSFERMARKT_EXPANDED
2025/26,2025,OUT,808559,Justin Kumi,6574,US Sassuolo,6574,US Sassuolo,2331,US Avellino 1912,LOAN,Loan fee: €50k,TRANSFERMARKT_EXPANDED
2025/26,2025,OUT,101213,Pedro Obiang,6574,US Sassuolo,6574,US Sassuolo,2919,AC Monza,FREE_TRANSFER,free transfer,TRANSFERMARKT_EXPANDED
2025/26,2025,OUT,129674,Jeremy Toljan,6574,US Sassuolo,6574,US Sassuolo,3368,Levante UD,FREE_TRANSFER,free transfer,TRANSFERMARKT_EXPANDED
2025/26,2025,OUT,745436,Salim Abubakar,6574,US Sassuolo,6574,US Sassuolo,12469,KF Skënderbeu,PERMANENT_OR_OTHER_EXPLICIT,?,TRANSFERMARKT_EXPANDED
2025/26,2025,OUT,908788,Flavio Russo,6574,US Sassuolo,6574,US Sassuolo,20519,Virtus Entella,LOAN,loan transfer,TRANSFERMARKT_EXPANDED
2025/26,2025,OUT,457422,Samuele Mulattieri,6574,US Sassuolo,6574,US Sassuolo,897,Deportivo de La Coruña,LOAN,loan transfer,TRANSFERMARKT_EXPANDED
2025/26,2025,OUT,538974,Janis Antiste,6574,US Sassuolo,6574,US Sassuolo,170,Rapid Vienna,LOAN,loan transfer,TRANSFERMARKT_EXPANDED
2025/26,2025,OUT,813961,Patrick Nuamah,6574,US Sassuolo,6574,US Sassuolo,4097,US Catanzaro,LOAN,loan transfer,TRANSFERMARKT_EXPANDED
2025/26,2025,OUT,555015,Ruan,6574,US Sassuolo,6574,US Sassuolo,330,Clube Atlético Mineiro,LOAN,loan transfer,TRANSFERMARKT_EXPANDED
2025/26,2025,OUT,919669,Simone Cinquegrano,6574,US Sassuolo,6574,US Sassuolo,41119,Inter U23,LOAN,loan transfer,TRANSFERMARKT_EXPANDED
2025/26,2025,OUT,628558,Riccardo Ciervo,6574,US Sassuolo,6574,US Sassuolo,1429,Cesena FC,LOAN,loan transfer,TRANSFERMARKT_EXPANDED
2025/26,2025,OUT,734898,Kevin Miranda,6574,US Sassuolo,6574,US Sassuolo,4095,AC Trento,LOAN,loan transfer,TRANSFERMARKT_EXPANDED
2025/26,2025,OUT,481344,Alessandro Russo,6574,US Sassuolo,6574,US Sassuolo,9818,Giugliano Calcio 1928,LOAN,loan transfer,TRANSFERMARKT_EXPANDED
2025/26,2025,OUT,908788,Flavio Russo,6574,US Sassuolo,6574,US Sassuolo,2921,Delfino Pescara 1936,LOAN,loan transfer,TRANSFERMARKT_EXPANDED
2025/26,2025,OUT,1028399,Borna Knezovic,6574,US Sassuolo,6574,US Sassuolo,4331,FC Trapani 1905,LOAN,loan transfer,TRANSFERMARKT_EXPANDED
2025/26,2025,OUT,406632,Cas Odenthal,6574,US Sassuolo,6574,US Sassuolo,332,SSC Bari,LOAN,loan transfer,TRANSFERMARKT_EXPANDED
2025/26,2025,OUT,655207,Laurs Skjellerup,6574,US Sassuolo,6574,US Sassuolo,3522,Spezia Calcio,LOAN,loan transfer,TRANSFERMARKT_EXPANDED
2025/26,2025,OUT,655525,Yeferson Paz,6574,US Sassuolo,6574,US Sassuolo,5621,AC Reggiana 1919,LOAN,loan transfer,TRANSFERMARKT_EXPANDED
2025/26,2025,OUT,481344,Alessandro Russo,6574,US Sassuolo,6574,US Sassuolo,22249,Audace Cerignola,LOAN,loan transfer,TRANSFERMARKT_EXPANDED
2025/26,2025,OUT,386574,Fabrizio Caligara,6574,US Sassuolo,6574,US Sassuolo,2921,Delfino Pescara 1936,LOAN,loan transfer,TRANSFERMARKT_EXPANDED
2025/26,2025,OUT,650993,Filippo Missori,6574,US Sassuolo,6574,US Sassuolo,2331,US Avellino 1912,LOAN,loan transfer,TRANSFERMARKT_EXPANDED
2025/26,2025,OUT,812625,Agustín Álvarez,6574,US Sassuolo,6574,US Sassuolo,2919,AC Monza,LOAN,loan transfer,TRANSFERMARKT_EXPANDED
2025/26,2025,OUT,725242,Luca D'Andrea,6574,US Sassuolo,6574,US Sassuolo,2331,US Avellino 1912,LOAN,loan transfer,TRANSFERMARKT_EXPANDED
2025/26,2025,OUT,679423,Tarik Muharemović,6574,US Sassuolo,6574,US Sassuolo,41101,Juventus Next Gen,LOAN_RETURN_OR_END_OF_LOAN,End of loan 30/06/2025,TRANSFERMARKT_EXPANDED
2025/26,2025,OUT,35865,Andrea Consigli,6574,US Sassuolo,6574,US Sassuolo,,Retired,RETIREMENT,-,TRANSFERMARKT_EXPANDED
2025/26,2025,OUT,521407,Walid Cheddira,6574,US Sassuolo,6574,US Sassuolo,6195,SSC Napoli,LOAN_RETURN_OR_END_OF_LOAN,End of loan 21/01/2026,TRANSFERMARKT_EXPANDED
2025/26,2025,OUT,459655,Matteo Lovato,6574,US Sassuolo,6574,US Sassuolo,380,US Salernitana 1919,LOAN_RETURN_OR_END_OF_LOAN,End of loan 30/06/2025,TRANSFERMARKT_EXPANDED
2025/26,2025,OUT,525438,Horațiu Moldovan,6574,US Sassuolo,6574,US Sassuolo,13,Atlético de Madrid,LOAN_RETURN_OR_END_OF_LOAN,End of loan 07/06/2025,TRANSFERMARKT_EXPANDED
2025/26,2025,OUT,568377,Tijs Velthuis,6574,US Sassuolo,6574,US Sassuolo,468,Sparta Rotterdam,LOAN_RETURN_OR_END_OF_LOAN,End of loan 30/06/2025,TRANSFERMARKT_EXPANDED
2025/26,2025,OUT,130360,Simone Verdi,6574,US Sassuolo,6574,US Sassuolo,1047,Como 1907,LOAN_RETURN_OR_END_OF_LOAN,End of loan 30/06/2025,TRANSFERMARKT_EXPANDED
2025/26,2025,OUT,226025,Luca Mazzitelli,6574,US Sassuolo,6574,US Sassuolo,1047,Como 1907,LOAN_RETURN_OR_END_OF_LOAN,End of loan 29/06/2025,TRANSFERMARKT_EXPANDED
2025/26,2025,OUT,247377,Kevin Bonifazi,6574,US Sassuolo,6574,US Sassuolo,1005,US Lecce,LOAN_RETURN_OR_END_OF_LOAN,End of loan 29/06/2025,TRANSFERMARKT_EXPANDED
2025/26,2025,OUT,921655,Ismaël Koné,6574,US Sassuolo,6574,US Sassuolo,244,Olympique Marseille,LOAN_RETURN_OR_END_OF_LOAN,End of loan 01/02/2026,TRANSFERMARKT_EXPANDED
2025/26,2025,IN,935760,Rafiu Durosinmi,4172,Pisa Sporting Club,941,FC Viktoria Plzen,4172,Pisa Sporting Club,PERMANENT_OR_OTHER_EXPLICIT,€9.00m,TRANSFERMARKT_EXPANDED
2025/26,2025,IN,877124,Rosen Bozhinov,4172,Pisa Sporting Club,1096,Royal Antwerp FC,4172,Pisa Sporting Club,PERMANENT_OR_OTHER_EXPLICIT,€5.00m,TRANSFERMARKT_EXPANDED
2025/26,2025,IN,989621,İsak Vural,4172,Pisa Sporting Club,8970,Frosinone Calcio,4172,Pisa Sporting Club,PERMANENT_OR_OTHER_EXPLICIT,€4.50m,TRANSFERMARKT_EXPANDED
2025/26,2025,IN,914934,Henrik Meister,4172,Pisa Sporting Club,273,Stade Rennais FC,4172,Pisa Sporting Club,PERMANENT_OR_OTHER_EXPLICIT,€4.00m,TRANSFERMARKT_EXPANDED
2025/26,2025,IN,464195,Filip Stojilkovic,4172,Pisa Sporting Club,5689,Cracovia,4172,Pisa Sporting Club,PERMANENT_OR_OTHER_EXPLICIT,€3.00m,TRANSFERMARKT_EXPANDED
2025/26,2025,IN,843286,Felipe Loyola,4172,Pisa Sporting Club,1234,CA Independiente,4172,Pisa Sporting Club,LOAN,Loan fee: €1.50m,TRANSFERMARKT_EXPANDED
2025/26,2025,IN,238993,Simone Scuffet,4172,Pisa Sporting Club,1390,Cagliari Calcio,4172,Pisa Sporting Club,PERMANENT_OR_OTHER_EXPLICIT,€900k,TRANSFERMARKT_EXPANDED
2025/26,2025,IN,1159022,Mateus Lusuardi,4172,Pisa Sporting Club,8970,Frosinone Calcio,4172,Pisa Sporting Club,PERMANENT_OR_OTHER_EXPLICIT,€500k,TRANSFERMARKT_EXPANDED
2025/26,2025,IN,1231354,Jeremy Mbambi,4172,Pisa Sporting Club,66532,KAA Gent U18,4172,Pisa Sporting Club,PERMANENT_OR_OTHER_EXPLICIT,€500k,TRANSFERMARKT_EXPANDED
2025/26,2025,IN,354814,M'Bala Nzola,4172,Pisa Sporting Club,430,ACF Fiorentina,4172,Pisa Sporting Club,LOAN,Loan fee: €500k,TRANSFERMARKT_EXPANDED
2025/26,2025,IN,1009030,Lorran,4172,Pisa Sporting Club,614,CR Flamengo,4172,Pisa Sporting Club,LOAN,Loan fee: €500k,TRANSFERMARKT_EXPANDED
2025/26,2025,IN,663900,Giovanni Bonfanti,4172,Pisa Sporting Club,800,Atalanta BC,4172,Pisa Sporting Club,LOAN,Loan fee: €300k,TRANSFERMARKT_EXPANDED
2025/26,2025,IN,1002758,Giacomo Maucci,4172,Pisa Sporting Club,14829,Brescia Primavera,4172,Pisa Sporting Club,FREE_TRANSFER,free transfer,TRANSFERMARKT_EXPANDED
2025/26,2025,IN,91970,Juan Cuadrado,4172,Pisa Sporting Club,800,Atalanta BC,4172,Pisa Sporting Club,FREE_TRANSFER,free transfer,TRANSFERMARKT_EXPANDED
2025/26,2025,IN,581672,Samuel Iling-Junior,4172,Pisa Sporting Club,405,Aston Villa,4172,Pisa Sporting Club,LOAN,loan transfer,TRANSFERMARKT_EXPANDED
2025/26,2025,IN,409344,Calvin Stengs,4172,Pisa Sporting Club,234,Feyenoord Rotterdam,4172,Pisa Sporting Club,LOAN,loan transfer,TRANSFERMARKT_EXPANDED
2025/26,2025,IN,969192,Ebenezer Akinsanmiro,4172,Pisa Sporting Club,46,Inter Milan,4172,Pisa Sporting Club,LOAN,loan transfer,TRANSFERMARKT_EXPANDED
2025/26,2025,IN,692187,Daniel Denoon,4172,Pisa Sporting Club,260,FC Zürich,4172,Pisa Sporting Club,LOAN,loan transfer,TRANSFERMARKT_EXPANDED
2025/26,2025,IN,237658,Michel Aebischer,4172,Pisa Sporting Club,1025,Bologna FC 1909,4172,Pisa Sporting Club,LOAN,loan transfer,TRANSFERMARKT_EXPANDED
2025/26,2025,IN,1191069,Louis Buffon,4172,Pisa Sporting Club,14821,Pisa Primavera,4172,Pisa Sporting Club,PERMANENT_OR_OTHER_EXPLICIT,-,TRANSFERMARKT_EXPANDED
2025/26,2025,IN,15452,Raúl Albiol,4172,Pisa Sporting Club,515,Without Club,4172,Pisa Sporting Club,FREE_AGENT_OR_END_OF_CONTRACT,-,TRANSFERMARKT_EXPANDED
2025/26,2025,IN,813603,Bamba Susso,4172,Pisa Sporting Club,11033,NK Aluminij Kidricevo,4172,Pisa Sporting Club,LOAN_RETURN_OR_END_OF_LOAN,End of loan 30/06/2025,TRANSFERMARKT_EXPANDED
2025/26,2025,IN,605427,Johan Guadagno,4172,Pisa Sporting Club,26883,USD Sestri Levante 1919,4172,Pisa Sporting Club,LOAN_RETURN_OR_END_OF_LOAN,End of loan 30/06/2025,TRANSFERMARKT_EXPANDED
2025/26,2025,IN,934761,Jacopo Frosali,4172,Pisa Sporting Club,8373,Siracusa Calcio,4172,Pisa Sporting Club,LOAN_RETURN_OR_END_OF_LOAN,End of loan 22/01/2026,TRANSFERMARKT_EXPANDED
2025/26,2025,IN,955606,Adrian Raychev,4172,Pisa Sporting Club,8970,Frosinone Calcio,4172,Pisa Sporting Club,LOAN_RETURN_OR_END_OF_LOAN,End of loan 22/01/2026,TRANSFERMARKT_EXPANDED
2025/26,2025,IN,1178016,Andrea Primasso,4172,Pisa Sporting Club,26883,USD Sestri Levante 1919,4172,Pisa Sporting Club,LOAN_RETURN_OR_END_OF_LOAN,End of loan 30/06/2025,TRANSFERMARKT_EXPANDED
2025/26,2025,IN,925838,Francesco Coppola,4172,Pisa Sporting Club,7030,Vis Pesaro 1898,4172,Pisa Sporting Club,LOAN_RETURN_OR_END_OF_LOAN,End of loan 30/06/2025,TRANSFERMARKT_EXPANDED
2025/26,2025,IN,295766,Alessandro Livieri,4172,Pisa Sporting Club,408,Ascoli Calcio,4172,Pisa Sporting Club,LOAN_RETURN_OR_END_OF_LOAN,End of loan 30/06/2025,TRANSFERMARKT_EXPANDED
2025/26,2025,IN,465988,Elia Giani,4172,Pisa Sporting Club,132806,Union Brescia,4172,Pisa Sporting Club,LOAN_RETURN_OR_END_OF_LOAN,End of loan 26/01/2026,TRANSFERMARKT_EXPANDED
2025/26,2025,IN,921561,Ante Vukovic,4172,Pisa Sporting Club,7030,Vis Pesaro 1898,4172,Pisa Sporting Club,LOAN_RETURN_OR_END_OF_LOAN,End of loan 30/06/2025,TRANSFERMARKT_EXPANDED
2025/26,2025,IN,465988,Elia Giani,4172,Pisa Sporting Club,3062,Athens Kallithea,4172,Pisa Sporting Club,LOAN_RETURN_OR_END_OF_LOAN,End of loan 30/06/2025,TRANSFERMARKT_EXPANDED
2025/26,2025,IN,607227,Lisandru Tramoni,4172,Pisa Sporting Club,595,SC Bastia,4172,Pisa Sporting Club,LOAN_RETURN_OR_END_OF_LOAN,End of loan 30/06/2025,TRANSFERMARKT_EXPANDED
2025/26,2025,IN,935510,Mattia Sala,4172,Pisa Sporting Club,14888,US Città di Pontedera,4172,Pisa Sporting Club,LOAN_RETURN_OR_END_OF_LOAN,End of loan 30/06/2025,TRANSFERMARKT_EXPANDED
2025/26,2025,IN,1053566,Mert Durmush,4172,Pisa Sporting Club,26883,USD Sestri Levante 1919,4172,Pisa Sporting Club,LOAN_RETURN_OR_END_OF_LOAN,End of loan 30/06/2025,TRANSFERMARKT_EXPANDED
2025/26,2025,IN,1077262,Andrea Pavanello,4172,Pisa Sporting Club,26883,USD Sestri Levante 1919,4172,Pisa Sporting Club,LOAN_RETURN_OR_END_OF_LOAN,End of loan 30/06/2025,TRANSFERMARKT_EXPANDED
2025/26,2025,IN,1202971,Riccardo Bassanini,4172,Pisa Sporting Club,44223,AS Giana Erminio,4172,Pisa Sporting Club,LOAN_RETURN_OR_END_OF_LOAN,End of loan 30/06/2025,TRANSFERMARKT_EXPANDED
2025/26,2025,IN,1202971,Riccardo Bassanini,4172,Pisa Sporting Club,14888,US Città di Pontedera,4172,Pisa Sporting Club,LOAN_RETURN_OR_END_OF_LOAN,End of loan 01/02/2026,TRANSFERMARKT_EXPANDED
2025/26,2025,IN,1053566,Mert Durmush,4172,Pisa Sporting Club,1103,Ternana Calcio,4172,Pisa Sporting Club,LOAN_RETURN_OR_END_OF_LOAN,End of loan 28/01/2026,TRANSFERMARKT_EXPANDED
2025/26,2025,IN,395295,Edgaras Dubickas,4172,Pisa Sporting Club,5587,SS Juve Stabia,4172,Pisa Sporting Club,LOAN_RETURN_OR_END_OF_LOAN,End of loan 30/06/2025,TRANSFERMARKT_EXPANDED
2025/26,2025,IN,955606,Adrian Raychev,4172,Pisa Sporting Club,7030,Vis Pesaro 1898,4172,Pisa Sporting Club,LOAN_RETURN_OR_END_OF_LOAN,End of loan 30/06/2025,TRANSFERMARKT_EXPANDED
2025/26,2025,IN,381370,Pietro Beruatto,4172,Pisa Sporting Club,1038,UC Sampdoria,4172,Pisa Sporting Club,LOAN_RETURN_OR_END_OF_LOAN,End of loan 30/06/2025,TRANSFERMARKT_EXPANDED
2025/26,2025,IN,678645,Alessandro Arena,4172,Pisa Sporting Club,4159,Carrarese Calcio 1908,4172,Pisa Sporting Club,LOAN_RETURN_OR_END_OF_LOAN,End of loan 01/01/2026,TRANSFERMARKT_EXPANDED
2025/26,2025,IN,708192,Zan Jevsenak,4172,Pisa Sporting Club,8827,UD Oliveirense,4172,Pisa Sporting Club,LOAN_RETURN_OR_END_OF_LOAN,End of loan 30/06/2025,TRANSFERMARKT_EXPANDED
2025/26,2025,IN,309180,Jan Mlakar,4172,Pisa Sporting Club,447,HNK Hajduk Split,4172,Pisa Sporting Club,LOAN_RETURN_OR_END_OF_LOAN,End of loan 30/06/2025,TRANSFERMARKT_EXPANDED
2025/26,2025,IN,394346,Emanuel Vignato,4172,Pisa Sporting Club,4603,AE Larisa,4172,Pisa Sporting Club,LOAN_RETURN_OR_END_OF_LOAN,End of loan 30/01/2026,TRANSFERMARKT_EXPANDED
2025/26,2025,IN,553513,Nicholas Bonfanti,4172,Pisa Sporting Club,332,SSC Bari,4172,Pisa Sporting Club,LOAN_RETURN_OR_END_OF_LOAN,End of loan 30/06/2025,TRANSFERMARKT_EXPANDED
2025/26,2025,IN,199941,Andrea Beghetto,4172,Pisa Sporting Club,2655,LR Vicenza,4172,Pisa Sporting Club,LOAN_RETURN_OR_END_OF_LOAN,End of loan 30/06/2025,TRANSFERMARKT_EXPANDED
2025/26,2025,OUT,514895,Alexander Lind,4172,Pisa Sporting Club,4172,Pisa Sporting Club,2778,FC Nordsjaelland,LOAN,Loan fee: €300k,TRANSFERMARKT_EXPANDED
2025/26,2025,OUT,607227,Lisandru Tramoni,4172,Pisa Sporting Club,4172,Pisa Sporting Club,260,FC Zürich,FREE_TRANSFER,free transfer,TRANSFERMARKT_EXPANDED
2025/26,2025,OUT,603524,Christian Sussi,4172,Pisa Sporting Club,4172,Pisa Sporting Club,34499,US Pianese,FREE_TRANSFER,free transfer,TRANSFERMARKT_EXPANDED
2025/26,2025,OUT,295766,Alessandro Livieri,4172,Pisa Sporting Club,4172,Pisa Sporting Club,26789,FC Pro Vercelli 1892,FREE_TRANSFER,free transfer,TRANSFERMARKT_EXPANDED
2025/26,2025,OUT,421927,Adrian Rus,4172,Pisa Sporting Club,4172,Pisa Sporting Club,40812,Universitatea Craiova,FREE_TRANSFER,free transfer,TRANSFERMARKT_EXPANDED
2025/26,2025,OUT,395295,Edgaras Dubickas,4172,Pisa Sporting Club,4172,Pisa Sporting Club,1103,Ternana Calcio,FREE_TRANSFER,free transfer,TRANSFERMARKT_EXPANDED
2025/26,2025,OUT,935510,Mattia Sala,4172,Pisa Sporting Club,4172,Pisa Sporting Club,2253,SEF Torres 1903,LOAN,loan transfer,TRANSFERMARKT_EXPANDED
2025/26,2025,OUT,199941,Andrea Beghetto,4172,Pisa Sporting Club,4172,Pisa Sporting Club,7030,Vis Pesaro 1898,LOAN,loan transfer,TRANSFERMARKT_EXPANDED
2025/26,2025,OUT,465988,Elia Giani,4172,Pisa Sporting Club,4172,Pisa Sporting Club,132806,Union Brescia,LOAN,loan transfer,TRANSFERMARKT_EXPANDED
2025/26,2025,OUT,394346,Emanuel Vignato,4172,Pisa Sporting Club,4172,Pisa Sporting Club,4603,AE Larisa,LOAN,loan transfer,TRANSFERMARKT_EXPANDED
2025/26,2025,OUT,394346,Emanuel Vignato,4172,Pisa Sporting Club,4172,Pisa Sporting Club,31010,Akritas Chloraka,LOAN,loan transfer,TRANSFERMARKT_EXPANDED
2025/26,2025,OUT,465988,Elia Giani,4172,Pisa Sporting Club,4172,Pisa Sporting Club,4102,AC Carpi,LOAN,loan transfer,TRANSFERMARKT_EXPANDED
2025/26,2025,OUT,813603,Bamba Susso,4172,Pisa Sporting Club,4172,Pisa Sporting Club,2364,First Vienna FC,PERMANENT_OR_OTHER_EXPLICIT,?,TRANSFERMARKT_EXPANDED
2025/26,2025,OUT,504085,Tomás Esteves,4172,Pisa Sporting Club,4172,Pisa Sporting Club,332,SSC Bari,LOAN,loan transfer,TRANSFERMARKT_EXPANDED
2025/26,2025,OUT,553513,Nicholas Bonfanti,4172,Pisa Sporting Club,4172,Pisa Sporting Club,2581,Mantova 1911,LOAN,loan transfer,TRANSFERMARKT_EXPANDED
2025/26,2025,OUT,386567,Leonardo Loria,4172,Pisa Sporting Club,4172,Pisa Sporting Club,3522,Spezia Calcio,LOAN,loan transfer,TRANSFERMARKT_EXPANDED
2025/26,2025,OUT,1191069,Louis Buffon,4172,Pisa Sporting Club,4172,Pisa Sporting Club,14888,US Città di Pontedera,LOAN,loan transfer,TRANSFERMARKT_EXPANDED
2025/26,2025,OUT,1159022,Mateus Lusuardi,4172,Pisa Sporting Club,4172,Pisa Sporting Club,5621,AC Reggiana 1919,LOAN,loan transfer,TRANSFERMARKT_EXPANDED
2025/26,2025,OUT,381370,Pietro Beruatto,4172,Pisa Sporting Club,4172,Pisa Sporting Club,3522,Spezia Calcio,LOAN,loan transfer,TRANSFERMARKT_EXPANDED
2025/26,2025,OUT,1053566,Mert Durmush,4172,Pisa Sporting Club,4172,Pisa Sporting Club,7030,Vis Pesaro 1898,LOAN,loan transfer,TRANSFERMARKT_EXPANDED
2025/26,2025,OUT,955606,Adrian Raychev,4172,Pisa Sporting Club,4172,Pisa Sporting Club,8970,Frosinone Calcio,LOAN,loan transfer,TRANSFERMARKT_EXPANDED
2025/26,2025,OUT,1202971,Riccardo Bassanini,4172,Pisa Sporting Club,4172,Pisa Sporting Club,5174,Pavia Calcio 1911,LOAN,loan transfer,TRANSFERMARKT_EXPANDED
2025/26,2025,OUT,934761,Jacopo Frosali,4172,Pisa Sporting Club,4172,Pisa Sporting Club,4146,Aurora Pro Patria,LOAN,loan transfer,TRANSFERMARKT_EXPANDED
2025/26,2025,OUT,955606,Adrian Raychev,4172,Pisa Sporting Club,4172,Pisa Sporting Club,14888,US Città di Pontedera,LOAN,loan transfer,TRANSFERMARKT_EXPANDED
2025/26,2025,OUT,1231354,Jeremy Mbambi,4172,Pisa Sporting Club,4172,Pisa Sporting Club,14888,US Città di Pontedera,LOAN,loan transfer,TRANSFERMARKT_EXPANDED
2025/26,2025,OUT,1053566,Mert Durmush,4172,Pisa Sporting Club,4172,Pisa Sporting Club,1103,Ternana Calcio,LOAN,loan transfer,TRANSFERMARKT_EXPANDED
2025/26,2025,OUT,921561,Ante Vukovic,4172,Pisa Sporting Club,4172,Pisa Sporting Club,2581,Mantova 1911,LOAN,loan transfer,TRANSFERMARKT_EXPANDED
2025/26,2025,OUT,1002758,Giacomo Maucci,4172,Pisa Sporting Club,4172,Pisa Sporting Club,5542,CPR Ospitaletto,LOAN,loan transfer,TRANSFERMARKT_EXPANDED
2025/26,2025,OUT,678645,Alessandro Arena,4172,Pisa Sporting Club,4172,Pisa Sporting Club,4255,SS Arezzo,LOAN,loan transfer,TRANSFERMARKT_EXPANDED
2025/26,2025,OUT,708192,Zan Jevsenak,4172,Pisa Sporting Club,4172,Pisa Sporting Club,3173,Van Spor FK,LOAN,loan transfer,TRANSFERMARKT_EXPANDED
2025/26,2025,OUT,678645,Alessandro Arena,4172,Pisa Sporting Club,4172,Pisa Sporting Club,4159,Carrarese Calcio 1908,LOAN,loan transfer,TRANSFERMARKT_EXPANDED
2025/26,2025,OUT,1077262,Andrea Pavanello,4172,Pisa Sporting Club,4172,Pisa Sporting Club,5542,CPR Ospitaletto,LOAN,loan transfer,TRANSFERMARKT_EXPANDED
2025/26,2025,OUT,309180,Jan Mlakar,4172,Pisa Sporting Club,4172,Pisa Sporting Club,1416,Amiens SC,LOAN,loan transfer,TRANSFERMARKT_EXPANDED
2025/26,2025,OUT,605427,Johan Guadagno,4172,Pisa Sporting Club,4172,Pisa Sporting Club,515,Without Club,FREE_AGENT_OR_END_OF_CONTRACT,-,TRANSFERMARKT_EXPANDED
2025/26,2025,OUT,877257,Mattia Leoncini,4172,Pisa Sporting Club,4172,Pisa Sporting Club,515,Without Club,FREE_AGENT_OR_END_OF_CONTRACT,-,TRANSFERMARKT_EXPANDED
2025/26,2025,OUT,1202971,Riccardo Bassanini,4172,Pisa Sporting Club,4172,Pisa Sporting Club,14888,US Città di Pontedera,LOAN,loan transfer,TRANSFERMARKT_EXPANDED
2025/26,2025,OUT,1178016,Andrea Primasso,4172,Pisa Sporting Club,4172,Pisa Sporting Club,7030,Vis Pesaro 1898,LOAN,loan transfer,TRANSFERMARKT_EXPANDED
2025/26,2025,OUT,325993,Oliver Abildgaard,4172,Pisa Sporting Club,4172,Pisa Sporting Club,1047,Como 1907,LOAN_RETURN_OR_END_OF_LOAN,End of loan 30/06/2025,TRANSFERMARKT_EXPANDED
2025/26,2025,OUT,429551,Olimpiu Moruțan,4172,Pisa Sporting Club,4172,Pisa Sporting Club,868,MKE Ankaragücü,LOAN_RETURN_OR_END_OF_LOAN,End of loan 30/06/2025,TRANSFERMARKT_EXPANDED
2025/26,2025,OUT,663900,Giovanni Bonfanti,4172,Pisa Sporting Club,4172,Pisa Sporting Club,800,Atalanta BC,LOAN_RETURN_OR_END_OF_LOAN,End of loan 30/06/2025,TRANSFERMARKT_EXPANDED
2025/26,2025,OUT,914934,Henrik Meister,4172,Pisa Sporting Club,4172,Pisa Sporting Club,273,Stade Rennais FC,LOAN_RETURN_OR_END_OF_LOAN,End of loan 09/08/2025,TRANSFERMARKT_EXPANDED
2025/26,2025,OUT,354814,M'Bala Nzola,4172,Pisa Sporting Club,4172,Pisa Sporting Club,430,ACF Fiorentina,LOAN_RETURN_OR_END_OF_LOAN,End of loan 30/01/2026,TRANSFERMARKT_EXPANDED
2025/26,2025,OUT,704283,Alessio Castellini,4172,Pisa Sporting Club,4172,Pisa Sporting Club,1627,Catania FC,LOAN_RETURN_OR_END_OF_LOAN,End of loan 30/06/2025,TRANSFERMARKT_EXPANDED
2025/26,2025,OUT,663900,Giovanni Bonfanti,4172,Pisa Sporting Club,4172,Pisa Sporting Club,800,Atalanta BC,LOAN_RETURN_OR_END_OF_LOAN,End of loan 28/01/2026,TRANSFERMARKT_EXPANDED
2025/26,2025,OUT,340707,Leonardo Sernicola,4172,Pisa Sporting Club,4172,Pisa Sporting Club,2239,US Cremonese,LOAN_RETURN_OR_END_OF_LOAN,End of loan 30/06/2025,TRANSFERMARKT_EXPANDED
2025/26,2025,OUT,418567,Markus Solbakken,4172,Pisa Sporting Club,4172,Pisa Sporting Club,197,AC Sparta Prague,LOAN_RETURN_OR_END_OF_LOAN,End of loan 30/06/2025,TRANSFERMARKT_EXPANDED
2025/26,2025,IN,278531,Sebastiano Luperto,2239,US Cremonese,1390,Cagliari Calcio,2239,US Cremonese,PERMANENT_OR_OTHER_EXPLICIT,€4.60m,TRANSFERMARKT_EXPANDED
2025/26,2025,IN,258827,Jari Vandeputte,2239,US Cremonese,4097,US Catanzaro,2239,US Cremonese,PERMANENT_OR_OTHER_EXPLICIT,€3.30m,TRANSFERMARKT_EXPANDED
2025/26,2025,IN,351955,Federico Baschirotto,2239,US Cremonese,1005,US Lecce,2239,US Cremonese,PERMANENT_OR_OTHER_EXPLICIT,€3.00m,TRANSFERMARKT_EXPANDED
2025/26,2025,IN,234523,Antonio Sanabria,2239,US Cremonese,416,Torino FC,2239,US Cremonese,PERMANENT_OR_OTHER_EXPLICIT,€2.50m,TRANSFERMARKT_EXPANDED
2025/26,2025,IN,226524,Morten Thorsby,2239,US Cremonese,252,Genoa CFC,2239,US Cremonese,PERMANENT_OR_OTHER_EXPLICIT,€2.20m,TRANSFERMARKT_EXPANDED
2025/26,2025,IN,336960,Giuseppe Pezzella,2239,US Cremonese,749,FC Empoli,2239,US Cremonese,PERMANENT_OR_OTHER_EXPLICIT,€2.00m,TRANSFERMARKT_EXPANDED
2025/26,2025,IN,231381,Andrea Fulignati,2239,US Cremonese,4097,US Catanzaro,2239,US Cremonese,PERMANENT_OR_OTHER_EXPLICIT,€1.40m,TRANSFERMARKT_EXPANDED
2025/26,2025,IN,67556,Milan Djuric,2239,US Cremonese,130,Parma Calcio 1913,2239,US Cremonese,PERMANENT_OR_OTHER_EXPLICIT,€1.10m,TRANSFERMARKT_EXPANDED
2025/26,2025,IN,197473,Alberto Grassi,2239,US Cremonese,749,FC Empoli,2239,US Cremonese,PERMANENT_OR_OTHER_EXPLICIT,€1.00m,TRANSFERMARKT_EXPANDED
2025/26,2025,IN,555820,Martín Payero,2239,US Cremonese,410,Udinese Calcio,2239,US Cremonese,LOAN,Loan fee: €1.00m,TRANSFERMARKT_EXPANDED
2025/26,2025,IN,631007,Filippo Terracciano,2239,US Cremonese,5,AC Milan,2239,US Cremonese,LOAN,Loan fee: €500k,TRANSFERMARKT_EXPANDED
2025/26,2025,IN,659516,Warren Bondo,2239,US Cremonese,5,AC Milan,2239,US Cremonese,LOAN,Loan fee: €500k,TRANSFERMARKT_EXPANDED
2025/26,2025,IN,599663,Faris Moumbagna,2239,US Cremonese,244,Olympique Marseille,2239,US Cremonese,LOAN,Loan fee: €300k,TRANSFERMARKT_EXPANDED
2025/26,2025,IN,433584,Alessio Zerbin,2239,US Cremonese,6195,SSC Napoli,2239,US Cremonese,LOAN,Loan fee: €250k,TRANSFERMARKT_EXPANDED
2025/26,2025,IN,815563,Lapo Nava,2239,US Cremonese,41107,Milan Futuro,2239,US Cremonese,FREE_TRANSFER,free transfer,TRANSFERMARKT_EXPANDED
2025/26,2025,IN,85528,Marco Silvestri,2239,US Cremonese,749,FC Empoli,2239,US Cremonese,FREE_TRANSFER,free transfer,TRANSFERMARKT_EXPANDED
2025/26,2025,IN,197838,Jamie Vardy,2239,US Cremonese,1003,Leicester City,2239,US Cremonese,FREE_TRANSFER,free transfer,TRANSFERMARKT_EXPANDED
2025/26,2025,IN,708086,Romano Floriani Mussolini,2239,US Cremonese,398,SS Lazio,2239,US Cremonese,LOAN,loan transfer,TRANSFERMARKT_EXPANDED
2025/26,2025,IN,256339,Emil Audero,2239,US Cremonese,1047,Como 1907,2239,US Cremonese,LOAN,loan transfer,TRANSFERMARKT_EXPANDED
2025/26,2025,IN,666974,Mikayil Faye,2239,US Cremonese,273,Stade Rennais FC,2239,US Cremonese,LOAN,loan transfer,TRANSFERMARKT_EXPANDED
2025/26,2025,IN,568005,Jeremy Sarmiento,2239,US Cremonese,1237,Brighton & Hove Albion,2239,US Cremonese,LOAN,loan transfer,TRANSFERMARKT_EXPANDED
2025/26,2025,IN,324377,Youssef Maleh,2239,US Cremonese,1005,US Lecce,2239,US Cremonese,LOAN,loan transfer,TRANSFERMARKT_EXPANDED
2025/26,2025,IN,894456,Dachi Lordkipanidze,2239,US Cremonese,17198,Cremonese Primavera,2239,US Cremonese,PERMANENT_OR_OTHER_EXPLICIT,-,TRANSFERMARKT_EXPANDED
2025/26,2025,IN,667627,Yuri Rocchetti,2239,US Cremonese,5587,SS Juve Stabia,2239,US Cremonese,LOAN_RETURN_OR_END_OF_LOAN,End of loan 30/06/2025,TRANSFERMARKT_EXPANDED
2025/26,2025,IN,708700,Mattia Scaringi,2239,US Cremonese,44223,AS Giana Erminio,2239,US Cremonese,LOAN_RETURN_OR_END_OF_LOAN,End of loan 30/06/2025,TRANSFERMARKT_EXPANDED
2025/26,2025,IN,619324,Luca Munaretti,2239,US Cremonese,29251,Virtusvecomp Verona,2239,US Cremonese,LOAN_RETURN_OR_END_OF_LOAN,End of loan 30/06/2025,TRANSFERMARKT_EXPANDED
2025/26,2025,IN,817045,Samuele Regazzetti,2239,US Cremonese,4103,FC Lumezzane,2239,US Cremonese,LOAN_RETURN_OR_END_OF_LOAN,End of loan 30/06/2025,TRANSFERMARKT_EXPANDED
2025/26,2025,IN,479158,Marco Zunno,2239,US Cremonese,704,Calcio Foggia 1920,2239,US Cremonese,LOAN_RETURN_OR_END_OF_LOAN,End of loan 30/06/2025,TRANSFERMARKT_EXPANDED
2025/26,2025,IN,338101,Mouhamadou Sarr,2239,US Cremonese,3522,Spezia Calcio,2239,US Cremonese,LOAN_RETURN_OR_END_OF_LOAN,End of loan 30/06/2025,TRANSFERMARKT_EXPANDED
2025/26,2025,IN,577594,Blue Mamona,2239,US Cremonese,1104,ACR Messina,2239,US Cremonese,LOAN_RETURN_OR_END_OF_LOAN,End of loan 30/06/2025,TRANSFERMARKT_EXPANDED
2025/26,2025,IN,912583,Michele Bigonzoni,2239,US Cremonese,18642,Campobasso FC,2239,US Cremonese,LOAN_RETURN_OR_END_OF_LOAN,End of loan 30/06/2025,TRANSFERMARKT_EXPANDED
2025/26,2025,IN,960966,Eddy Cabianca,2239,US Cremonese,9439,Feralpisalò,2239,US Cremonese,LOAN_RETURN_OR_END_OF_LOAN,End of loan 30/06/2025,TRANSFERMARKT_EXPANDED
2025/26,2025,IN,896362,David Stückler,2239,US Cremonese,44223,AS Giana Erminio,2239,US Cremonese,LOAN_RETURN_OR_END_OF_LOAN,End of loan 30/06/2025,TRANSFERMARKT_EXPANDED
2025/26,2025,IN,527180,Joshua Tenkorang,2239,US Cremonese,4103,FC Lumezzane,2239,US Cremonese,LOAN_RETURN_OR_END_OF_LOAN,End of loan 30/06/2025,TRANSFERMARKT_EXPANDED
2025/26,2025,IN,727865,Alberto Basso Ricci,2239,US Cremonese,30066,FC Legnago Salus,2239,US Cremonese,LOAN_RETURN_OR_END_OF_LOAN,End of loan 30/06/2025,TRANSFERMARKT_EXPANDED
2025/26,2025,IN,218306,César Falletti,2239,US Cremonese,332,SSC Bari,2239,US Cremonese,LOAN_RETURN_OR_END_OF_LOAN,End of loan 30/06/2025,TRANSFERMARKT_EXPANDED
2025/26,2025,IN,392545,Frank Tsadjout,2239,US Cremonese,8970,Frosinone Calcio,2239,US Cremonese,LOAN_RETURN_OR_END_OF_LOAN,End of loan 30/06/2025,TRANSFERMARKT_EXPANDED
2025/26,2025,IN,539131,Alessio Brambilla,2239,US Cremonese,9439,Feralpisalò,2239,US Cremonese,LOAN_RETURN_OR_END_OF_LOAN,End of loan 30/06/2025,TRANSFERMARKT_EXPANDED
2025/26,2025,IN,872380,Felix Afena-Gyan,2239,US Cremonese,41101,Juventus Next Gen,2239,US Cremonese,LOAN_RETURN_OR_END_OF_LOAN,End of loan 30/06/2025,TRANSFERMARKT_EXPANDED
2025/26,2025,IN,413605,David Okereke,2239,US Cremonese,2832,Gaziantep FK,2239,US Cremonese,LOAN_RETURN_OR_END_OF_LOAN,End of loan 30/06/2025,TRANSFERMARKT_EXPANDED
2025/26,2025,IN,345189,Luka Lochoshvili,2239,US Cremonese,380,US Salernitana 1919,2239,US Cremonese,LOAN_RETURN_OR_END_OF_LOAN,End of loan 30/06/2025,TRANSFERMARKT_EXPANDED
2025/26,2025,IN,592924,Andreas Jungdal,2239,US Cremonese,968,KVC Westerlo,2239,US Cremonese,LOAN_RETURN_OR_END_OF_LOAN,End of loan 30/06/2025,TRANSFERMARKT_EXPANDED
2025/26,2025,IN,458777,Giacomo Quagliata,2239,US Cremonese,4097,US Catanzaro,2239,US Cremonese,LOAN_RETURN_OR_END_OF_LOAN,End of loan 30/06/2025,TRANSFERMARKT_EXPANDED
2025/26,2025,IN,340707,Leonardo Sernicola,2239,US Cremonese,4172,Pisa Sporting Club,2239,US Cremonese,LOAN_RETURN_OR_END_OF_LOAN,End of loan 30/06/2025,TRANSFERMARKT_EXPANDED
2025/26,2025,IN,1072279,Salvatore Dore,2239,US Cremonese,30066,FC Legnago Salus,2239,US Cremonese,LOAN_RETURN_OR_END_OF_LOAN,End of loan 30/06/2025,TRANSFERMARKT_EXPANDED
2025/26,2025,IN,538569,Tommaso Milanese,2239,US Cremonese,4159,Carrarese Calcio 1908,2239,US Cremonese,LOAN_RETURN_OR_END_OF_LOAN,End of loan 30/06/2025,TRANSFERMARKT_EXPANDED
2025/26,2025,IN,577594,Blue Mamona,2239,US Cremonese,35626,FC Sarnese 1926,2239,US Cremonese,LOAN_RETURN_OR_END_OF_LOAN,End of loan 31/12/2025,TRANSFERMARKT_EXPANDED
2025/26,2025,IN,538569,Tommaso Milanese,2239,US Cremonese,408,Ascoli Calcio,2239,US Cremonese,LOAN_RETURN_OR_END_OF_LOAN,End of loan 01/02/2026,TRANSFERMARKT_EXPANDED
2025/26,2025,IN,539632,Lorenzo Moretti,2239,US Cremonese,20519,Virtus Entella,2239,US Cremonese,LOAN_RETURN_OR_END_OF_LOAN,End of loan 01/02/2026,TRANSFERMARKT_EXPANDED
2025/26,2025,IN,420179,Gianluca Saro,2239,US Cremonese,5621,AC Reggiana 1919,2239,US Cremonese,LOAN_RETURN_OR_END_OF_LOAN,End of loan 29/01/2026,TRANSFERMARKT_EXPANDED
2025/26,2025,IN,610881,Christian Acella,2239,US Cremonese,52687,Alcione Milano,2239,US Cremonese,LOAN_RETURN_OR_END_OF_LOAN,End of loan 01/07/2025,TRANSFERMARKT_EXPANDED
2025/26,2025,IN,935822,Vladyslav Nagrudnyi,2239,US Cremonese,5542,CPR Ospitaletto,2239,US Cremonese,LOAN_RETURN_OR_END_OF_LOAN,End of loan 02/01/2026,TRANSFERMARKT_EXPANDED
2025/26,2025,OUT,406042,Dennis Johnsen,2239,US Cremonese,2239,US Cremonese,458,Palermo FC,PERMANENT_OR_OTHER_EXPLICIT,€3.00m,TRANSFERMARKT_EXPANDED
2025/26,2025,OUT,345189,Luka Lochoshvili,2239,US Cremonese,2239,US Cremonese,4,1.FC Nuremberg,PERMANENT_OR_OTHER_EXPLICIT,€1.00m,TRANSFERMARKT_EXPANDED
2025/26,2025,OUT,243879,Charles Pickel,2239,US Cremonese,2239,US Cremonese,714,RCD Espanyol Barcelona,PERMANENT_OR_OTHER_EXPLICIT,€1.00m,TRANSFERMARKT_EXPANDED
2025/26,2025,OUT,592924,Andreas Jungdal,2239,US Cremonese,2239,US Cremonese,968,KVC Westerlo,PERMANENT_OR_OTHER_EXPLICIT,€600k,TRANSFERMARKT_EXPANDED
2025/26,2025,OUT,338101,Mouhamadou Sarr,2239,US Cremonese,2239,US Cremonese,3522,Spezia Calcio,PERMANENT_OR_OTHER_EXPLICIT,€200k,TRANSFERMARKT_EXPANDED
2025/26,2025,OUT,538569,Tommaso Milanese,2239,US Cremonese,2239,US Cremonese,408,Ascoli Calcio,PERMANENT_OR_OTHER_EXPLICIT,€100k,TRANSFERMARKT_EXPANDED
2025/26,2025,OUT,180805,Zan Majer,2239,US Cremonese,2239,US Cremonese,2581,Mantova 1911,FREE_TRANSFER,free transfer,TRANSFERMARKT_EXPANDED
2025/26,2025,OUT,479158,Marco Zunno,2239,US Cremonese,2239,US Cremonese,4083,FC Crotone,FREE_TRANSFER,free transfer,TRANSFERMARKT_EXPANDED
2025/26,2025,OUT,727865,Alberto Basso Ricci,2239,US Cremonese,2239,US Cremonese,46619,Arzignano Valchiampo,FREE_TRANSFER,free transfer,TRANSFERMARKT_EXPANDED
2025/26,2025,OUT,218306,César Falletti,2239,US Cremonese,2239,US Cremonese,2581,Mantova 1911,FREE_TRANSFER,free transfer,TRANSFERMARKT_EXPANDED
2025/26,2025,OUT,527180,Joshua Tenkorang,2239,US Cremonese,2239,US Cremonese,1105,Ravenna FC,FREE_TRANSFER,free transfer,TRANSFERMARKT_EXPANDED
2025/26,2025,OUT,619324,Luca Munaretti,2239,US Cremonese,2239,US Cremonese,29251,Virtusvecomp Verona,FREE_TRANSFER,free transfer,TRANSFERMARKT_EXPANDED
2025/26,2025,OUT,369522,Jakob Tånnander,2239,US Cremonese,2239,US Cremonese,4294,SC Farense,FREE_TRANSFER,free transfer,TRANSFERMARKT_EXPANDED
2025/26,2025,OUT,76163,Franco Vázquez,2239,US Cremonese,2239,US Cremonese,2417,Club Atlético Belgrano,FREE_TRANSFER,free transfer,TRANSFERMARKT_EXPANDED
2025/26,2025,OUT,708700,Mattia Scaringi,2239,US Cremonese,2239,US Cremonese,1105,Ravenna FC,LOAN,loan transfer,TRANSFERMARKT_EXPANDED
2025/26,2025,OUT,935822,Vladyslav Nagrudnyi,2239,US Cremonese,2239,US Cremonese,61449,AC Leon,LOAN,loan transfer,TRANSFERMARKT_EXPANDED
2025/26,2025,OUT,458777,Giacomo Quagliata,2239,US Cremonese,2239,US Cremonese,897,Deportivo de La Coruña,PERMANENT_OR_OTHER_EXPLICIT,?,TRANSFERMARKT_EXPANDED
2025/26,2025,OUT,312341,Luca Ravanelli,2239,US Cremonese,2239,US Cremonese,2919,AC Monza,PERMANENT_OR_OTHER_EXPLICIT,?,TRANSFERMARKT_EXPANDED
2025/26,2025,OUT,310527,Paulo Azzi,2239,US Cremonese,2239,US Cremonese,2919,AC Monza,PERMANENT_OR_OTHER_EXPLICIT,?,TRANSFERMARKT_EXPANDED
2025/26,2025,OUT,716411,Maissa Ndiaye,2239,US Cremonese,2239,US Cremonese,4103,FC Lumezzane,PERMANENT_OR_OTHER_EXPLICIT,?,TRANSFERMARKT_EXPANDED
2025/26,2025,OUT,195335,Michele Castagnetti,2239,US Cremonese,2239,US Cremonese,1429,Cesena FC,PERMANENT_OR_OTHER_EXPLICIT,?,TRANSFERMARKT_EXPANDED
2025/26,2025,OUT,167741,Mattia Valoti,2239,US Cremonese,2239,US Cremonese,3522,Spezia Calcio,PERMANENT_OR_OTHER_EXPLICIT,?,TRANSFERMARKT_EXPANDED
2025/26,2025,OUT,577594,Blue Mamona,2239,US Cremonese,2239,US Cremonese,20656,NK Tabor Sezana,PERMANENT_OR_OTHER_EXPLICIT,?,TRANSFERMARKT_EXPANDED
2025/26,2025,OUT,817045,Samuele Regazzetti,2239,US Cremonese,2239,US Cremonese,5542,CPR Ospitaletto,LOAN,loan transfer,TRANSFERMARKT_EXPANDED
2025/26,2025,OUT,912583,Michele Bigonzoni,2239,US Cremonese,2239,US Cremonese,22045,Latina Calcio 1932,LOAN,loan transfer,TRANSFERMARKT_EXPANDED
2025/26,2025,OUT,231381,Andrea Fulignati,2239,US Cremonese,2239,US Cremonese,749,FC Empoli,LOAN,loan transfer,TRANSFERMARKT_EXPANDED
2025/26,2025,OUT,896362,David Stückler,2239,US Cremonese,2239,US Cremonese,2655,LR Vicenza,LOAN,loan transfer,TRANSFERMARKT_EXPANDED
2025/26,2025,OUT,539131,Alessio Brambilla,2239,US Cremonese,2239,US Cremonese,38322,AC Bra,LOAN,loan transfer,TRANSFERMARKT_EXPANDED
2025/26,2025,OUT,577594,Blue Mamona,2239,US Cremonese,2239,US Cremonese,35626,FC Sarnese 1926,LOAN,loan transfer,TRANSFERMARKT_EXPANDED
2025/26,2025,OUT,1072279,Salvatore Dore,2239,US Cremonese,2239,US Cremonese,4553,US Pergolettese 1932,LOAN,loan transfer,TRANSFERMARKT_EXPANDED
2025/26,2025,OUT,407265,Luca Zanimacchia,2239,US Cremonese,2239,US Cremonese,1385,Modena FC,LOAN,loan transfer,TRANSFERMARKT_EXPANDED
2025/26,2025,OUT,629016,Marco Nasti,2239,US Cremonese,2239,US Cremonese,749,FC Empoli,LOAN,loan transfer,TRANSFERMARKT_EXPANDED
2025/26,2025,OUT,872380,Felix Afena-Gyan,2239,US Cremonese,2239,US Cremonese,12382,Amed SK,LOAN,loan transfer,TRANSFERMARKT_EXPANDED
2025/26,2025,OUT,539632,Lorenzo Moretti,2239,US Cremonese,2239,US Cremonese,20519,Virtus Entella,LOAN,loan transfer,TRANSFERMARKT_EXPANDED
2025/26,2025,OUT,420179,Gianluca Saro,2239,US Cremonese,2239,US Cremonese,5621,AC Reggiana 1919,LOAN,loan transfer,TRANSFERMARKT_EXPANDED
2025/26,2025,OUT,392545,Frank Tsadjout,2239,US Cremonese,2239,US Cremonese,2921,Delfino Pescara 1936,LOAN,loan transfer,TRANSFERMARKT_EXPANDED
2025/26,2025,OUT,667627,Yuri Rocchetti,2239,US Cremonese,2239,US Cremonese,7197,Potenza Calcio,LOAN,loan transfer,TRANSFERMARKT_EXPANDED
2025/26,2025,OUT,340707,Leonardo Sernicola,2239,US Cremonese,2239,US Cremonese,3522,Spezia Calcio,LOAN,loan transfer,TRANSFERMARKT_EXPANDED
2025/26,2025,OUT,375816,Manuel De Luca,2239,US Cremonese,2239,US Cremonese,1385,Modena FC,LOAN,loan transfer,TRANSFERMARKT_EXPANDED
2025/26,2025,OUT,894456,Dachi Lordkipanidze,2239,US Cremonese,2239,US Cremonese,4159,Carrarese Calcio 1908,LOAN,loan transfer,TRANSFERMARKT_EXPANDED
2025/26,2025,OUT,420179,Gianluca Saro,2239,US Cremonese,2239,US Cremonese,4084,AS Cittadella,LOAN,loan transfer,TRANSFERMARKT_EXPANDED
2025/26,2025,OUT,539632,Lorenzo Moretti,2239,US Cremonese,2239,US Cremonese,132806,Union Brescia,LOAN,loan transfer,TRANSFERMARKT_EXPANDED
2025/26,2025,OUT,99227,Andrea Bertolacci,2239,US Cremonese,2239,US Cremonese,,Retired,RETIREMENT,-,TRANSFERMARKT_EXPANDED
2025/26,2025,OUT,610881,Christian Acella,2239,US Cremonese,2239,US Cremonese,515,Without Club,FREE_AGENT_OR_END_OF_CONTRACT,-,TRANSFERMARKT_EXPANDED
2025/26,2025,OUT,960966,Eddy Cabianca,2239,US Cremonese,2239,US Cremonese,380,US Salernitana 1919,LOAN,loan transfer,TRANSFERMARKT_EXPANDED
2025/26,2025,OUT,538569,Tommaso Milanese,2239,US Cremonese,2239,US Cremonese,408,Ascoli Calcio,LOAN,loan transfer,TRANSFERMARKT_EXPANDED
2025/26,2025,OUT,258827,Jari Vandeputte,2239,US Cremonese,2239,US Cremonese,4097,US Catanzaro,LOAN_RETURN_OR_END_OF_LOAN,End of loan 30/06/2025,TRANSFERMARKT_EXPANDED
2025/26,2025,OUT,231381,Andrea Fulignati,2239,US Cremonese,2239,US Cremonese,4097,US Catanzaro,LOAN_RETURN_OR_END_OF_LOAN,End of loan 30/06/2025,TRANSFERMARKT_EXPANDED
2025/26,2025,OUT,227347,Valentin Antov,2239,US Cremonese,2239,US Cremonese,2919,AC Monza,LOAN_RETURN_OR_END_OF_LOAN,End of loan 30/06/2025,TRANSFERMARKT_EXPANDED
2025/26,2025,OUT,482789,Giacomo Drago,2239,US Cremonese,2239,US Cremonese,4554,FC Südtirol,LOAN_RETURN_OR_END_OF_LOAN,End of loan 30/06/2025,TRANSFERMARKT_EXPANDED
2025/26,2025,OUT,337811,Francesco Gelli,2239,US Cremonese,2239,US Cremonese,8970,Frosinone Calcio,LOAN_RETURN_OR_END_OF_LOAN,End of loan 30/06/2025,TRANSFERMARKT_EXPANDED
2025/26,2025,OUT,568005,Jeremy Sarmiento,2239,US Cremonese,2239,US Cremonese,1237,Brighton & Hove Albion,LOAN_RETURN_OR_END_OF_LOAN,End of loan 23/01/2026,TRANSFERMARKT_EXPANDED
