season,season_start,movement,player_id,player_name,current_club_id,current_club,from_club_id,from_club,to_club_id,to_club,semantic_type,fee_text,source
2024/25,2024,IN,394300,Davide Frattesi,46,Inter Milan,6574,US Sassuolo,46,Inter Milan,PERMANENT_OR_OTHER_EXPLICIT,€26.40m,TRANSFERMARKT_EXPANDED
2024/25,2024,IN,585982,Carlos Augusto,46,Inter Milan,2919,AC Monza,46,Inter Milan,PERMANENT_OR_OTHER_EXPLICIT,€15.25m,TRANSFERMARKT_EXPANDED
2024/25,2024,IN,388516,Josep Martínez,46,Inter Milan,252,Genoa CFC,46,Inter Milan,PERMANENT_OR_OTHER_EXPLICIT,€14.00m,TRANSFERMARKT_EXPANDED
2024/25,2024,IN,41384,Marko Arnautovic,46,Inter Milan,1025,Bologna FC 1909,46,Inter Milan,PERMANENT_OR_OTHER_EXPLICIT,€10.90m,TRANSFERMARKT_EXPANDED
2024/25,2024,IN,993645,Tomás Palacios,46,Inter Milan,12179,CS Independiente Rivadavia,46,Inter Milan,PERMANENT_OR_OTHER_EXPLICIT,€6.40m,TRANSFERMARKT_EXPANDED
2024/25,2024,IN,550108,Nicola Zalewski,46,Inter Milan,12,AS Roma,46,Inter Milan,LOAN,Loan fee: €600k,TRANSFERMARKT_EXPANDED
2024/25,2024,IN,787618,Valentín Carboni,46,Inter Milan,2919,AC Monza,46,Inter Milan,LOAN_RETURN_OR_END_OF_LOAN,End of loan 30/06/2024 €250k,TRANSFERMARKT_EXPANDED
2024/25,2024,IN,307058,Mehdi Taremi,46,Inter Milan,720,FC Porto,46,Inter Milan,FREE_TRANSFER,free transfer,TRANSFERMARKT_EXPANDED
2024/25,2024,IN,181136,Piotr Zielinski,46,Inter Milan,6195,SSC Napoli,46,Inter Milan,FREE_TRANSFER,free transfer,TRANSFERMARKT_EXPANDED
2024/25,2024,IN,780136,Aleksandar Stanković,46,Inter Milan,5380,Inter Milan Primavera,46,Inter Milan,PERMANENT_OR_OTHER_EXPLICIT,-,TRANSFERMARKT_EXPANDED
2024/25,2024,IN,969192,Ebenezer Akinsanmiro,46,Inter Milan,5380,Inter Milan Primavera,46,Inter Milan,PERMANENT_OR_OTHER_EXPLICIT,-,TRANSFERMARKT_EXPANDED
2024/25,2024,IN,819036,Dennis Curatolo,46,Inter Milan,5380,Inter Milan Primavera,46,Inter Milan,PERMANENT_OR_OTHER_EXPLICIT,-,TRANSFERMARKT_EXPANDED
2024/25,2024,IN,885623,Issiaka Kamate,46,Inter Milan,5380,Inter Milan Primavera,46,Inter Milan,PERMANENT_OR_OTHER_EXPLICIT,-,TRANSFERMARKT_EXPANDED
2024/25,2024,IN,731491,Franco Carboni,46,Inter Milan,2919,AC Monza,46,Inter Milan,LOAN_RETURN_OR_END_OF_LOAN,End of loan 08/01/2024,TRANSFERMARKT_EXPANDED
2024/25,2024,IN,582353,Mattia Zanotti,46,Inter Milan,257,FC St. Gallen 1879,46,Inter Milan,LOAN_RETURN_OR_END_OF_LOAN,End of loan 30/06/2024,TRANSFERMARKT_EXPANDED
2024/25,2024,IN,338672,Zinho Vanheusden,46,Inter Milan,3057,Standard Liège,46,Inter Milan,LOAN_RETURN_OR_END_OF_LOAN,End of loan 30/06/2024,TRANSFERMARKT_EXPANDED
2024/25,2024,IN,640109,Martín Satriano,46,Inter Milan,3911,Stade Brestois 29,46,Inter Milan,LOAN_RETURN_OR_END_OF_LOAN,End of loan 30/06/2024,TRANSFERMARKT_EXPANDED
2024/25,2024,IN,539631,Andrea Moretti,46,Inter Milan,4146,Aurora Pro Patria,46,Inter Milan,LOAN_RETURN_OR_END_OF_LOAN,End of loan 30/06/2024,TRANSFERMARKT_EXPANDED
2024/25,2024,IN,613393,Gaetano Oristanio,46,Inter Milan,1390,Cagliari Calcio,46,Inter Milan,LOAN_RETURN_OR_END_OF_LOAN,End of loan 30/06/2024,TRANSFERMARKT_EXPANDED
2024/25,2024,IN,704337,William Rovida,46,Inter Milan,4146,Aurora Pro Patria,46,Inter Milan,LOAN_RETURN_OR_END_OF_LOAN,End of loan 30/06/2024,TRANSFERMARKT_EXPANDED
2024/25,2024,IN,641556,Francesco Nunziatini,46,Inter Milan,2253,SEF Torres 1903,46,Inter Milan,LOAN_RETURN_OR_END_OF_LOAN,End of loan 30/06/2024,TRANSFERMARKT_EXPANDED
2024/25,2024,IN,303657,Ionuț Radu,46,Inter Milan,989,AFC Bournemouth,46,Inter Milan,LOAN_RETURN_OR_END_OF_LOAN,End of loan 30/06/2024,TRANSFERMARKT_EXPANDED
2024/25,2024,IN,535793,Jacopo Gianelli,46,Inter Milan,4033,Fermana FC,46,Inter Milan,LOAN_RETURN_OR_END_OF_LOAN,End of loan 30/06/2024,TRANSFERMARKT_EXPANDED
2024/25,2024,IN,727495,Nikola Iliev,46,Inter Milan,61955,CSKA 1948,46,Inter Milan,LOAN_RETURN_OR_END_OF_LOAN,End of loan 30/06/2024,TRANSFERMARKT_EXPANDED
2024/25,2024,IN,616162,Alessandro Fontanarosa,46,Inter Milan,5621,AC Reggiana 1919,46,Inter Milan,LOAN_RETURN_OR_END_OF_LOAN,End of loan 02/02/2025,TRANSFERMARKT_EXPANDED
2024/25,2024,IN,616162,Alessandro Fontanarosa,46,Inter Milan,4031,Cosenza Calcio,46,Inter Milan,LOAN_RETURN_OR_END_OF_LOAN,End of loan 30/06/2024,TRANSFERMARKT_EXPANDED
2024/25,2024,IN,731491,Franco Carboni,46,Inter Milan,209,CA River Plate,46,Inter Milan,LOAN_RETURN_OR_END_OF_LOAN,End of loan 23/08/2024,TRANSFERMARKT_EXPANDED
2024/25,2024,IN,552223,Filip Stanković,46,Inter Milan,1038,UC Sampdoria,46,Inter Milan,LOAN_RETURN_OR_END_OF_LOAN,End of loan 30/06/2024,TRANSFERMARKT_EXPANDED
2024/25,2024,IN,885623,Issiaka Kamate,46,Inter Milan,110302,Avs Futebol,46,Inter Milan,LOAN_RETURN_OR_END_OF_LOAN,End of loan 29/01/2025,TRANSFERMARKT_EXPANDED
2024/25,2024,IN,538918,Sebastiano Esposito,46,Inter Milan,1038,UC Sampdoria,46,Inter Milan,LOAN_RETURN_OR_END_OF_LOAN,End of loan 30/06/2024,TRANSFERMARKT_EXPANDED
2024/25,2024,IN,227081,Joaquín Correa,46,Inter Milan,244,Olympique Marseille,46,Inter Milan,LOAN_RETURN_OR_END_OF_LOAN,End of loan 30/06/2024,TRANSFERMARKT_EXPANDED
2024/25,2024,IN,787618,Valentín Carboni,46,Inter Milan,244,Olympique Marseille,46,Inter Milan,LOAN_RETURN_OR_END_OF_LOAN,End of loan 11/02/2025,TRANSFERMARKT_EXPANDED
2024/25,2024,IN,731491,Franco Carboni,46,Inter Milan,1103,Ternana Calcio,46,Inter Milan,LOAN_RETURN_OR_END_OF_LOAN,End of loan 30/06/2024,TRANSFERMARKT_EXPANDED
2024/25,2024,IN,569384,Lucien Agoumé,46,Inter Milan,368,Sevilla FC,46,Inter Milan,LOAN_RETURN_OR_END_OF_LOAN,End of loan 30/06/2024,TRANSFERMARKT_EXPANDED
2024/25,2024,IN,459661,Eddie Salcedo,46,Inter Milan,5514,Calcio Lecco 1912,46,Inter Milan,LOAN_RETURN_OR_END_OF_LOAN,End of loan 30/06/2024,TRANSFERMARKT_EXPANDED
2024/25,2024,IN,692351,Alessandro Silvestro,46,Inter Milan,704,Calcio Foggia 1920,46,Inter Milan,LOAN_RETURN_OR_END_OF_LOAN,End of loan 30/06/2024,TRANSFERMARKT_EXPANDED
2024/25,2024,OUT,569384,Lucien Agoumé,46,Inter Milan,46,Inter Milan,368,Sevilla FC,PERMANENT_OR_OTHER_EXPLICIT,€8.00m,TRANSFERMARKT_EXPANDED
2024/25,2024,OUT,613393,Gaetano Oristanio,46,Inter Milan,46,Inter Milan,607,Venezia FC,PERMANENT_OR_OTHER_EXPLICIT,€4.00m,TRANSFERMARKT_EXPANDED
2024/25,2024,OUT,582353,Mattia Zanotti,46,Inter Milan,46,Inter Milan,2790,FC Lugano,PERMANENT_OR_OTHER_EXPLICIT,€1.90m,TRANSFERMARKT_EXPANDED
2024/25,2024,OUT,780136,Aleksandar Stanković,46,Inter Milan,46,Inter Milan,434,FC Luzern,LOAN,Loan fee: €1.60m,TRANSFERMARKT_EXPANDED
2024/25,2024,OUT,638793,Tajon Buchanan,46,Inter Milan,46,Inter Milan,1050,Villarreal CF,LOAN,Loan fee: €1.00m,TRANSFERMARKT_EXPANDED
2024/25,2024,OUT,640109,Martín Satriano,46,Inter Milan,46,Inter Milan,826,RC Lens,LOAN,Loan fee: €1.00m,TRANSFERMARKT_EXPANDED
2024/25,2024,OUT,787618,Valentín Carboni,46,Inter Milan,46,Inter Milan,244,Olympique Marseille,LOAN,Loan fee: €1.00m,TRANSFERMARKT_EXPANDED
2024/25,2024,OUT,731491,Franco Carboni,46,Inter Milan,46,Inter Milan,209,CA River Plate,LOAN,Loan fee: €500k,TRANSFERMARKT_EXPANDED
2024/25,2024,OUT,727495,Nikola Iliev,46,Inter Milan,46,Inter Milan,2531,Botev Plovdiv,PERMANENT_OR_OTHER_EXPLICIT,€240k,TRANSFERMARKT_EXPANDED
2024/25,2024,OUT,969192,Ebenezer Akinsanmiro,46,Inter Milan,46,Inter Milan,1038,UC Sampdoria,LOAN,Loan fee: €190k,TRANSFERMARKT_EXPANDED
2024/25,2024,OUT,40433,Alexis Sánchez,46,Inter Milan,46,Inter Milan,410,Udinese Calcio,FREE_TRANSFER,free transfer,TRANSFERMARKT_EXPANDED
2024/25,2024,OUT,303657,Ionuț Radu,46,Inter Milan,46,Inter Milan,607,Venezia FC,FREE_TRANSFER,free transfer,TRANSFERMARKT_EXPANDED
2024/25,2024,OUT,641556,Francesco Nunziatini,46,Inter Milan,46,Inter Milan,2253,SEF Torres 1903,FREE_TRANSFER,free transfer,TRANSFERMARKT_EXPANDED
2024/25,2024,OUT,535793,Jacopo Gianelli,46,Inter Milan,46,Inter Milan,1388,Ancona Calcio,FREE_TRANSFER,free transfer,TRANSFERMARKT_EXPANDED
2024/25,2024,OUT,216179,Stefano Sensi,46,Inter Milan,46,Inter Milan,2919,AC Monza,FREE_TRANSFER,free transfer,TRANSFERMARKT_EXPANDED
2024/25,2024,OUT,91970,Juan Cuadrado,46,Inter Milan,46,Inter Milan,800,Atalanta BC,FREE_TRANSFER,free transfer,TRANSFERMARKT_EXPANDED
2024/25,2024,OUT,616162,Alessandro Fontanarosa,46,Inter Milan,46,Inter Milan,5621,AC Reggiana 1919,LOAN,loan transfer,TRANSFERMARKT_EXPANDED
2024/25,2024,OUT,616162,Alessandro Fontanarosa,46,Inter Milan,46,Inter Milan,4159,Carrarese Calcio 1908,LOAN,loan transfer,TRANSFERMARKT_EXPANDED
2024/25,2024,OUT,993645,Tomás Palacios,46,Inter Milan,46,Inter Milan,2919,AC Monza,LOAN,loan transfer,TRANSFERMARKT_EXPANDED
2024/25,2024,OUT,459661,Eddie Salcedo,46,Inter Milan,46,Inter Milan,653,OFI Crete,LOAN,loan transfer,TRANSFERMARKT_EXPANDED
2024/25,2024,OUT,338672,Zinho Vanheusden,46,Inter Milan,46,Inter Milan,354,KV Mechelen,LOAN,loan transfer,TRANSFERMARKT_EXPANDED
2024/25,2024,OUT,704337,William Rovida,46,Inter Milan,46,Inter Milan,4146,Aurora Pro Patria,PERMANENT_OR_OTHER_EXPLICIT,?,TRANSFERMARKT_EXPANDED
2024/25,2024,OUT,539631,Andrea Moretti,46,Inter Milan,46,Inter Milan,4271,US Triestina,PERMANENT_OR_OTHER_EXPLICIT,?,TRANSFERMARKT_EXPANDED
2024/25,2024,OUT,819036,Dennis Curatolo,46,Inter Milan,46,Inter Milan,4146,Aurora Pro Patria,PERMANENT_OR_OTHER_EXPLICIT,?,TRANSFERMARKT_EXPANDED
2024/25,2024,OUT,692351,Alessandro Silvestro,46,Inter Milan,46,Inter Milan,704,Calcio Foggia 1920,PERMANENT_OR_OTHER_EXPLICIT,?,TRANSFERMARKT_EXPANDED
2024/25,2024,OUT,552223,Filip Stanković,46,Inter Milan,46,Inter Milan,607,Venezia FC,LOAN,loan transfer,TRANSFERMARKT_EXPANDED
2024/25,2024,OUT,885623,Issiaka Kamate,46,Inter Milan,46,Inter Milan,110302,Avs Futebol,LOAN,loan transfer,TRANSFERMARKT_EXPANDED
2024/25,2024,OUT,731491,Franco Carboni,46,Inter Milan,46,Inter Milan,607,Venezia FC,LOAN,loan transfer,TRANSFERMARKT_EXPANDED
2024/25,2024,OUT,885623,Issiaka Kamate,46,Inter Milan,46,Inter Milan,1385,Modena FC,LOAN,loan transfer,TRANSFERMARKT_EXPANDED
2024/25,2024,OUT,538918,Sebastiano Esposito,46,Inter Milan,46,Inter Milan,749,FC Empoli,LOAN,loan transfer,TRANSFERMARKT_EXPANDED
2024/25,2024,OUT,182932,Davy Klaassen,46,Inter Milan,46,Inter Milan,515,Without Club,FREE_AGENT_OR_END_OF_CONTRACT,-,TRANSFERMARKT_EXPANDED
2024/25,2024,OUT,394300,Davide Frattesi,46,Inter Milan,46,Inter Milan,6574,US Sassuolo,LOAN_RETURN_OR_END_OF_LOAN,End of loan 30/06/2024,TRANSFERMARKT_EXPANDED
2024/25,2024,OUT,256339,Emil Audero,46,Inter Milan,46,Inter Milan,1038,UC Sampdoria,LOAN_RETURN_OR_END_OF_LOAN,End of loan 30/06/2024,TRANSFERMARKT_EXPANDED
2024/25,2024,OUT,585982,Carlos Augusto,46,Inter Milan,46,Inter Milan,2919,AC Monza,LOAN_RETURN_OR_END_OF_LOAN,End of loan 30/06/2024,TRANSFERMARKT_EXPANDED
2024/25,2024,OUT,41384,Marko Arnautovic,46,Inter Milan,46,Inter Milan,1025,Bologna FC 1909,LOAN_RETURN_OR_END_OF_LOAN,End of loan 30/06/2024,TRANSFERMARKT_EXPANDED
2024/25,2024,IN,552955,Santiago Gimenez,5,AC Milan,234,Feyenoord Rotterdam,5,AC Milan,PERMANENT_OR_OTHER_EXPLICIT,€30.20m,TRANSFERMARKT_EXPANDED
2024/25,2024,IN,569598,Youssouf Fofana,5,AC Milan,162,AS Monaco,5,AC Milan,PERMANENT_OR_OTHER_EXPLICIT,€26.00m,TRANSFERMARKT_EXPANDED
2024/25,2024,IN,574671,Strahinja Pavlović,5,AC Milan,409,Red Bull Salzburg,5,AC Milan,PERMANENT_OR_OTHER_EXPLICIT,€18.50m,TRANSFERMARKT_EXPANDED
2024/25,2024,IN,128223,Álvaro Morata,5,AC Milan,13,Atlético de Madrid,5,AC Milan,PERMANENT_OR_OTHER_EXPLICIT,€17.20m,TRANSFERMARKT_EXPANDED
2024/25,2024,IN,476344,Emerson Royal,5,AC Milan,148,Tottenham Hotspur,5,AC Milan,PERMANENT_OR_OTHER_EXPLICIT,€16.00m,TRANSFERMARKT_EXPANDED
2024/25,2024,IN,741257,Álex Jiménez,5,AC Milan,28870,Real Madrid U19,5,AC Milan,PERMANENT_OR_OTHER_EXPLICIT,€14.75m,TRANSFERMARKT_EXPANDED
2024/25,2024,IN,659516,Warren Bondo,5,AC Milan,2919,AC Monza,5,AC Milan,PERMANENT_OR_OTHER_EXPLICIT,€10.50m,TRANSFERMARKT_EXPANDED
2024/25,2024,IN,462250,João Félix,5,AC Milan,631,Chelsea FC,5,AC Milan,LOAN,Loan fee: €2.90m,TRANSFERMARKT_EXPANDED
2024/25,2024,IN,331726,Tammy Abraham,5,AC Milan,12,AS Roma,5,AC Milan,LOAN,Loan fee: €1.50m,TRANSFERMARKT_EXPANDED
2024/25,2024,IN,386455,Riccardo Sottil,5,AC Milan,430,ACF Fiorentina,5,AC Milan,LOAN,Loan fee: €750k,TRANSFERMARKT_EXPANDED
2024/25,2024,IN,629016,Marco Nasti,5,AC Milan,332,SSC Bari,5,AC Milan,LOAN_RETURN_OR_END_OF_LOAN,End of loan 30/06/2024 €700k,TRANSFERMARKT_EXPANDED
2024/25,2024,IN,95424,Kyle Walker,5,AC Milan,281,Manchester City,5,AC Milan,LOAN,loan transfer,TRANSFERMARKT_EXPANDED
2024/25,2024,IN,495722,Devis Vásquez,5,AC Milan,408,Ascoli Calcio,5,AC Milan,LOAN_RETURN_OR_END_OF_LOAN,End of loan 30/06/2024,TRANSFERMARKT_EXPANDED
2024/25,2024,IN,800948,Jan-Carlo Simić,5,AC Milan,10958,AC Milan Primavera,5,AC Milan,PERMANENT_OR_OTHER_EXPLICIT,-,TRANSFERMARKT_EXPANDED
2024/25,2024,IN,939745,Lorenzo Torriani,5,AC Milan,10958,AC Milan Primavera,5,AC Milan,PERMANENT_OR_OTHER_EXPLICIT,-,TRANSFERMARKT_EXPANDED
2024/25,2024,IN,883349,Kevin Zeroli,5,AC Milan,10958,AC Milan Primavera,5,AC Milan,PERMANENT_OR_OTHER_EXPLICIT,-,TRANSFERMARKT_EXPANDED
2024/25,2024,IN,776303,Marco Pellegrino,5,AC Milan,380,US Salernitana 1919,5,AC Milan,LOAN_RETURN_OR_END_OF_LOAN,End of loan 30/06/2024,TRANSFERMARKT_EXPANDED
2024/25,2024,IN,435772,Charles De Ketelaere,5,AC Milan,800,Atalanta BC,5,AC Milan,LOAN_RETURN_OR_END_OF_LOAN,End of loan 30/06/2024,TRANSFERMARKT_EXPANDED
2024/25,2024,IN,698548,Marko Lazetić,5,AC Milan,385,Fortuna Sittard,5,AC Milan,LOAN_RETURN_OR_END_OF_LOAN,End of loan 30/06/2024,TRANSFERMARKT_EXPANDED
2024/25,2024,IN,381950,Alexis Saelemaekers,5,AC Milan,1025,Bologna FC 1909,5,AC Milan,LOAN_RETURN_OR_END_OF_LOAN,End of loan 30/06/2024,TRANSFERMARKT_EXPANDED
2024/25,2024,IN,487843,Lorenzo Colombo,5,AC Milan,2919,AC Monza,5,AC Milan,LOAN_RETURN_OR_END_OF_LOAN,End of loan 30/06/2024,TRANSFERMARKT_EXPANDED
2024/25,2024,IN,148368,Divock Origi,5,AC Milan,703,Nottingham Forest,5,AC Milan,LOAN_RETURN_OR_END_OF_LOAN,End of loan 30/06/2024,TRANSFERMARKT_EXPANDED
2024/25,2024,IN,296422,Fodé Ballo-Touré,5,AC Milan,931,Fulham FC,5,AC Milan,LOAN_RETURN_OR_END_OF_LOAN,End of loan 30/06/2024,TRANSFERMARKT_EXPANDED
2024/25,2024,IN,539134,Daniel Maldini,5,AC Milan,2919,AC Monza,5,AC Milan,LOAN_RETURN_OR_END_OF_LOAN,End of loan 30/06/2024,TRANSFERMARKT_EXPANDED
2024/25,2024,IN,259953,Rade Krunic,5,AC Milan,36,Fenerbahce,5,AC Milan,LOAN_RETURN_OR_END_OF_LOAN,End of loan 30/06/2024,TRANSFERMARKT_EXPANDED
2024/25,2024,IN,769063,Luka Romero,5,AC Milan,3302,UD Almería,5,AC Milan,LOAN_RETURN_OR_END_OF_LOAN,End of loan 30/06/2024,TRANSFERMARKT_EXPANDED
2024/25,2024,IN,700998,Chaka Traorè,5,AC Milan,458,Palermo FC,5,AC Milan,LOAN_RETURN_OR_END_OF_LOAN,End of loan 30/06/2024,TRANSFERMARKT_EXPANDED
2024/25,2024,IN,769063,Luka Romero,5,AC Milan,1108,Deportivo Alavés,5,AC Milan,LOAN_RETURN_OR_END_OF_LOAN,End of loan 17/01/2025,TRANSFERMARKT_EXPANDED
2024/25,2024,IN,776303,Marco Pellegrino,5,AC Milan,1234,CA Independiente,5,AC Milan,LOAN_RETURN_OR_END_OF_LOAN,End of loan 17/01/2025,TRANSFERMARKT_EXPANDED
2024/25,2024,OUT,435772,Charles De Ketelaere,5,AC Milan,5,AC Milan,800,Atalanta BC,PERMANENT_OR_OTHER_EXPLICIT,€23.70m,TRANSFERMARKT_EXPANDED
2024/25,2024,OUT,539134,Daniel Maldini,5,AC Milan,5,AC Milan,2919,AC Monza,PERMANENT_OR_OTHER_EXPLICIT,€6.50m,TRANSFERMARKT_EXPANDED
2024/25,2024,OUT,128223,Álvaro Morata,5,AC Milan,5,AC Milan,141,Galatasaray,LOAN,Loan fee: €6.00m,TRANSFERMARKT_EXPANDED
2024/25,2024,OUT,259953,Rade Krunic,5,AC Milan,5,AC Milan,36,Fenerbahce,PERMANENT_OR_OTHER_EXPLICIT,€3.50m,TRANSFERMARKT_EXPANDED
2024/25,2024,OUT,585949,Pierre Kalulu,5,AC Milan,5,AC Milan,506,Juventus FC,LOAN,Loan fee: €3.30m,TRANSFERMARKT_EXPANDED
2024/25,2024,OUT,769063,Luka Romero,5,AC Milan,5,AC Milan,3711,CD Cruz Azul,PERMANENT_OR_OTHER_EXPLICIT,€3.20m,TRANSFERMARKT_EXPANDED
2024/25,2024,OUT,800948,Jan-Carlo Simić,5,AC Milan,5,AC Milan,58,RSC Anderlecht,PERMANENT_OR_OTHER_EXPLICIT,€2.61m,TRANSFERMARKT_EXPANDED
2024/25,2024,OUT,346890,Noah Okafor,5,AC Milan,5,AC Milan,6195,SSC Napoli,LOAN,Loan fee: €1.90m,TRANSFERMARKT_EXPANDED
2024/25,2024,OUT,395236,Yacine Adli,5,AC Milan,5,AC Milan,430,ACF Fiorentina,LOAN,Loan fee: €1.50m,TRANSFERMARKT_EXPANDED
2024/25,2024,OUT,351816,Ismaël Bennacer,5,AC Milan,5,AC Milan,244,Olympique Marseille,LOAN,Loan fee: €950k,TRANSFERMARKT_EXPANDED
2024/25,2024,OUT,629016,Marco Nasti,5,AC Milan,5,AC Milan,2239,US Cremonese,PERMANENT_OR_OTHER_EXPLICIT,€500k,TRANSFERMARKT_EXPANDED
2024/25,2024,OUT,197470,Mattia Caldara,5,AC Milan,5,AC Milan,1385,Modena FC,FREE_TRANSFER,free transfer,TRANSFERMARKT_EXPANDED
2024/25,2024,OUT,673495,Emil Roback,5,AC Milan,5,AC Milan,21283,Muangthong United,FREE_TRANSFER,free transfer,TRANSFERMARKT_EXPANDED
2024/25,2024,OUT,82442,Olivier Giroud,5,AC Milan,5,AC Milan,51828,Los Angeles FC,FREE_TRANSFER,free transfer,TRANSFERMARKT_EXPANDED
2024/25,2024,OUT,883349,Kevin Zeroli,5,AC Milan,5,AC Milan,2919,AC Monza,LOAN,loan transfer,TRANSFERMARKT_EXPANDED
2024/25,2024,OUT,776303,Marco Pellegrino,5,AC Milan,5,AC Milan,1234,CA Independiente,LOAN,loan transfer,TRANSFERMARKT_EXPANDED
2024/25,2024,OUT,776303,Marco Pellegrino,5,AC Milan,5,AC Milan,2063,CA Huracán,LOAN,loan transfer,TRANSFERMARKT_EXPANDED
2024/25,2024,OUT,262523,Davide Calabria,5,AC Milan,5,AC Milan,1025,Bologna FC 1909,LOAN,loan transfer,TRANSFERMARKT_EXPANDED
2024/25,2024,OUT,487843,Lorenzo Colombo,5,AC Milan,5,AC Milan,749,FC Empoli,LOAN,loan transfer,TRANSFERMARKT_EXPANDED
2024/25,2024,OUT,381950,Alexis Saelemaekers,5,AC Milan,5,AC Milan,12,AS Roma,LOAN,loan transfer,TRANSFERMARKT_EXPANDED
2024/25,2024,OUT,769063,Luka Romero,5,AC Milan,5,AC Milan,1108,Deportivo Alavés,LOAN,loan transfer,TRANSFERMARKT_EXPANDED
2024/25,2024,OUT,495722,Devis Vásquez,5,AC Milan,5,AC Milan,749,FC Empoli,LOAN,loan transfer,TRANSFERMARKT_EXPANDED
2024/25,2024,OUT,392538,Tommaso Pobega,5,AC Milan,5,AC Milan,1025,Bologna FC 1909,LOAN,loan transfer,TRANSFERMARKT_EXPANDED
2024/25,2024,OUT,698548,Marko Lazetić,5,AC Milan,5,AC Milan,3137,FK TSC Backa Topola,LOAN,loan transfer,TRANSFERMARKT_EXPANDED
2024/25,2024,OUT,22141,Antonio Mirante,5,AC Milan,5,AC Milan,,Retired,RETIREMENT,-,TRANSFERMARKT_EXPANDED
2024/25,2024,OUT,700998,Chaka Traorè,5,AC Milan,5,AC Milan,41107,Milan Futuro,PERMANENT_OR_OTHER_EXPLICIT,-,TRANSFERMARKT_EXPANDED
2024/25,2024,OUT,296422,Fodé Ballo-Touré,5,AC Milan,5,AC Milan,41107,Milan Futuro,PERMANENT_OR_OTHER_EXPLICIT,-,TRANSFERMARKT_EXPANDED
2024/25,2024,OUT,148368,Divock Origi,5,AC Milan,5,AC Milan,41107,Milan Futuro,PERMANENT_OR_OTHER_EXPLICIT,-,TRANSFERMARKT_EXPANDED
2024/25,2024,OUT,48859,Simon Kjaer,5,AC Milan,5,AC Milan,515,Without Club,FREE_AGENT_OR_END_OF_CONTRACT,-,TRANSFERMARKT_EXPANDED
2024/25,2024,OUT,815563,Lapo Nava,5,AC Milan,5,AC Milan,41107,Milan Futuro,PERMANENT_OR_OTHER_EXPLICIT,-,TRANSFERMARKT_EXPANDED
2024/25,2024,IN,360518,Teun Koopmeiners,506,Juventus FC,800,Atalanta BC,506,Juventus FC,PERMANENT_OR_OTHER_EXPLICIT,€58.40m,TRANSFERMARKT_EXPANDED
2024/25,2024,IN,447661,Douglas Luiz,506,Juventus FC,405,Aston Villa,506,Juventus FC,PERMANENT_OR_OTHER_EXPLICIT,€51.50m,TRANSFERMARKT_EXPANDED
2024/25,2024,IN,463618,Khéphren Thuram,506,Juventus FC,417,OGC Nice,506,Juventus FC,PERMANENT_OR_OTHER_EXPLICIT,€20.60m,TRANSFERMARKT_EXPANDED
2024/25,2024,IN,877139,Alberto Costa,506,Juventus FC,2420,Vitória Guimarães SC,506,Juventus FC,PERMANENT_OR_OTHER_EXPLICIT,€13.80m,TRANSFERMARKT_EXPANDED
2024/25,2024,IN,686965,Juan Cabal,506,Juventus FC,276,Hellas Verona,506,Juventus FC,PERMANENT_OR_OTHER_EXPLICIT,€12.80m,TRANSFERMARKT_EXPANDED
2024/25,2024,IN,487474,Francisco Conceição,506,Juventus FC,720,FC Porto,506,Juventus FC,LOAN,Loan fee: €9.50m,TRANSFERMARKT_EXPANDED
2024/25,2024,IN,486031,Nico González,506,Juventus FC,430,ACF Fiorentina,506,Juventus FC,LOAN,Loan fee: €8.40m,TRANSFERMARKT_EXPANDED
2024/25,2024,IN,944570,Vasilije Adžić,506,Juventus FC,4391,Buducnost Podgorica,506,Juventus FC,PERMANENT_OR_OTHER_EXPLICIT,€7.20m,TRANSFERMARKT_EXPANDED
2024/25,2024,IN,301238,Michele Di Gregorio,506,Juventus FC,2919,AC Monza,506,Juventus FC,LOAN,Loan fee: €4.50m,TRANSFERMARKT_EXPANDED
2024/25,2024,IN,805714,Renato Veiga,506,Juventus FC,631,Chelsea FC,506,Juventus FC,LOAN,Loan fee: €4.00m,TRANSFERMARKT_EXPANDED
2024/25,2024,IN,480116,Lloyd Kelly,506,Juventus FC,762,Newcastle United,506,Juventus FC,LOAN,Loan fee: €3.80m,TRANSFERMARKT_EXPANDED
2024/25,2024,IN,487969,Randal Kolo Muani,506,Juventus FC,583,Paris Saint-Germain,506,Juventus FC,LOAN,Loan fee: €3.60m,TRANSFERMARKT_EXPANDED
2024/25,2024,IN,585949,Pierre Kalulu,506,Juventus FC,5,AC Milan,506,Juventus FC,LOAN,Loan fee: €3.30m,TRANSFERMARKT_EXPANDED
2024/25,2024,IN,741090,Jonas Rouhi,506,Juventus FC,41101,Juventus Next Gen,506,Juventus FC,PERMANENT_OR_OTHER_EXPLICIT,-,TRANSFERMARKT_EXPANDED
2024/25,2024,IN,654991,Samuel Mbangula,506,Juventus FC,41101,Juventus Next Gen,506,Juventus FC,PERMANENT_OR_OTHER_EXPLICIT,-,TRANSFERMARKT_EXPANDED
2024/25,2024,IN,708072,Nicolò Savona,506,Juventus FC,41101,Juventus Next Gen,506,Juventus FC,PERMANENT_OR_OTHER_EXPLICIT,-,TRANSFERMARKT_EXPANDED
2024/25,2024,IN,386755,Gianluca Frabotta,506,Juventus FC,4031,Cosenza Calcio,506,Juventus FC,LOAN_RETURN_OR_END_OF_LOAN,End of loan 30/06/2024,TRANSFERMARKT_EXPANDED
2024/25,2024,IN,682032,Marley Aké,506,Juventus FC,322,Yverdon Sport FC,506,Juventus FC,LOAN_RETURN_OR_END_OF_LOAN,End of loan 30/06/2024,TRANSFERMARKT_EXPANDED
2024/25,2024,IN,362842,Arthur Melo,506,Juventus FC,430,ACF Fiorentina,506,Juventus FC,LOAN_RETURN_OR_END_OF_LOAN,End of loan 30/06/2024,TRANSFERMARKT_EXPANDED
2024/25,2024,IN,890290,Dean Huijsen,506,Juventus FC,12,AS Roma,506,Juventus FC,LOAN_RETURN_OR_END_OF_LOAN,End of loan 30/06/2024,TRANSFERMARKT_EXPANDED
2024/25,2024,IN,620477,Kaio Jorge,506,Juventus FC,8970,Frosinone Calcio,506,Juventus FC,LOAN_RETURN_OR_END_OF_LOAN,End of loan 30/06/2024,TRANSFERMARKT_EXPANDED
2024/25,2024,IN,668951,Matías Soulé,506,Juventus FC,8970,Frosinone Calcio,506,Juventus FC,LOAN_RETURN_OR_END_OF_LOAN,End of loan 30/06/2024,TRANSFERMARKT_EXPANDED
2024/25,2024,IN,825199,Facundo González,506,Juventus FC,1038,UC Sampdoria,506,Juventus FC,LOAN_RETURN_OR_END_OF_LOAN,End of loan 30/06/2024,TRANSFERMARKT_EXPANDED
2024/25,2024,IN,671915,Enzo Barrenechea,506,Juventus FC,8970,Frosinone Calcio,506,Juventus FC,LOAN_RETURN_OR_END_OF_LOAN,End of loan 30/06/2024,TRANSFERMARKT_EXPANDED
2024/25,2024,IN,490384,Koni De Winter,506,Juventus FC,252,Genoa CFC,506,Juventus FC,LOAN_RETURN_OR_END_OF_LOAN,End of loan 30/06/2024,TRANSFERMARKT_EXPANDED
2024/25,2024,IN,244491,Stefano Gori,506,Juventus FC,2919,AC Monza,506,Juventus FC,LOAN_RETURN_OR_END_OF_LOAN,End of loan 30/06/2024,TRANSFERMARKT_EXPANDED
2024/25,2024,OUT,668951,Matías Soulé,506,Juventus FC,506,Juventus FC,12,AS Roma,PERMANENT_OR_OTHER_EXPLICIT,€28.60m,TRANSFERMARKT_EXPANDED
2024/25,2024,OUT,890290,Dean Huijsen,506,Juventus FC,506,Juventus FC,989,AFC Bournemouth,PERMANENT_OR_OTHER_EXPLICIT,€22.10m,TRANSFERMARKT_EXPANDED
2024/25,2024,OUT,364135,Moise Kean,506,Juventus FC,506,Juventus FC,430,ACF Fiorentina,PERMANENT_OR_OTHER_EXPLICIT,€14.50m,TRANSFERMARKT_EXPANDED
2024/25,2024,OUT,581672,Samuel Iling-Junior,506,Juventus FC,506,Juventus FC,405,Aston Villa,PERMANENT_OR_OTHER_EXPLICIT,€14.00m,TRANSFERMARKT_EXPANDED
2024/25,2024,OUT,341092,Federico Chiesa,506,Juventus FC,506,Juventus FC,31,Liverpool FC,PERMANENT_OR_OTHER_EXPLICIT,€12.00m,TRANSFERMARKT_EXPANDED
2024/25,2024,OUT,490384,Koni De Winter,506,Juventus FC,506,Juventus FC,252,Genoa CFC,PERMANENT_OR_OTHER_EXPLICIT,€11.00m,TRANSFERMARKT_EXPANDED
2024/25,2024,OUT,671915,Enzo Barrenechea,506,Juventus FC,506,Juventus FC,405,Aston Villa,PERMANENT_OR_OTHER_EXPLICIT,€8.00m,TRANSFERMARKT_EXPANDED
2024/25,2024,OUT,620477,Kaio Jorge,506,Juventus FC,506,Juventus FC,609,Cruzeiro Esporte Clube,PERMANENT_OR_OTHER_EXPLICIT,€7.20m,TRANSFERMARKT_EXPANDED
2024/25,2024,OUT,432090,Nicolò Fagioli,506,Juventus FC,506,Juventus FC,430,ACF Fiorentina,LOAN,Loan fee: €2.50m,TRANSFERMARKT_EXPANDED
2024/25,2024,OUT,362842,Arthur Melo,506,Juventus FC,506,Juventus FC,12321,Girona FC,LOAN,Loan fee: €700k,TRANSFERMARKT_EXPANDED
2024/25,2024,OUT,825199,Facundo González,506,Juventus FC,506,Juventus FC,234,Feyenoord Rotterdam,LOAN,Loan fee: €400k,TRANSFERMARKT_EXPANDED
2024/25,2024,OUT,145707,Danilo,506,Juventus FC,506,Juventus FC,614,CR Flamengo,FREE_TRANSFER,free transfer,TRANSFERMARKT_EXPANDED
2024/25,2024,OUT,386755,Gianluca Frabotta,506,Juventus FC,506,Juventus FC,984,West Bromwich Albion,FREE_TRANSFER,free transfer,TRANSFERMARKT_EXPANDED
2024/25,2024,OUT,79960,Alex Sandro,506,Juventus FC,506,Juventus FC,614,CR Flamengo,FREE_TRANSFER,free transfer,TRANSFERMARKT_EXPANDED
2024/25,2024,OUT,682032,Marley Aké,506,Juventus FC,506,Juventus FC,322,Yverdon Sport FC,PERMANENT_OR_OTHER_EXPLICIT,?,TRANSFERMARKT_EXPANDED
2024/25,2024,OUT,162959,Daniele Rugani,506,Juventus FC,506,Juventus FC,610,Ajax Amsterdam,LOAN,loan transfer,TRANSFERMARKT_EXPANDED
2024/25,2024,OUT,430280,Hans Nicolussi Caviglia,506,Juventus FC,506,Juventus FC,607,Venezia FC,LOAN,loan transfer,TRANSFERMARKT_EXPANDED
2024/25,2024,OUT,571607,Fabio Miretti,506,Juventus FC,506,Juventus FC,252,Genoa CFC,LOAN,loan transfer,TRANSFERMARKT_EXPANDED
2024/25,2024,OUT,161011,Filip Kostic,506,Juventus FC,506,Juventus FC,36,Fenerbahce,LOAN,loan transfer,TRANSFERMARKT_EXPANDED
2024/25,2024,OUT,420465,Tiago Djaló,506,Juventus FC,506,Juventus FC,720,FC Porto,LOAN,loan transfer,TRANSFERMARKT_EXPANDED
2024/25,2024,OUT,244491,Stefano Gori,506,Juventus FC,506,Juventus FC,3522,Spezia Calcio,LOAN,loan transfer,TRANSFERMARKT_EXPANDED
2024/25,2024,OUT,88682,Mattia De Sciglio,506,Juventus FC,506,Juventus FC,749,FC Empoli,LOAN,loan transfer,TRANSFERMARKT_EXPANDED
2024/25,2024,OUT,122153,Paul Pogba,506,Juventus FC,506,Juventus FC,515,Without Club,FREE_AGENT_OR_END_OF_CONTRACT,-,TRANSFERMARKT_EXPANDED
2024/25,2024,OUT,44058,Wojciech Szczesny,506,Juventus FC,506,Juventus FC,,Career break,PERMANENT_OR_OTHER_EXPLICIT,-,TRANSFERMARKT_EXPANDED
2024/25,2024,OUT,182913,Adrien Rabiot,506,Juventus FC,506,Juventus FC,515,Without Club,FREE_AGENT_OR_END_OF_CONTRACT,-,TRANSFERMARKT_EXPANDED
2024/25,2024,OUT,748319,Carlos Alcaraz,506,Juventus FC,506,Juventus FC,180,Southampton FC,LOAN_RETURN_OR_END_OF_LOAN,End of loan 30/06/2024,TRANSFERMARKT_EXPANDED
2024/25,2024,IN,554903,Mateo Retegui,800,Atalanta BC,252,Genoa CFC,800,Atalanta BC,PERMANENT_OR_OTHER_EXPLICIT,€24.50m,TRANSFERMARKT_EXPANDED
2024/25,2024,IN,357992,Raoul Bellanova,800,Atalanta BC,416,Torino FC,800,Atalanta BC,PERMANENT_OR_OTHER_EXPLICIT,€24.30m,TRANSFERMARKT_EXPANDED
2024/25,2024,IN,435772,Charles De Ketelaere,800,Atalanta BC,5,AC Milan,800,Atalanta BC,PERMANENT_OR_OTHER_EXPLICIT,€23.70m,TRANSFERMARKT_EXPANDED
2024/25,2024,IN,539134,Daniel Maldini,800,Atalanta BC,2919,AC Monza,800,Atalanta BC,PERMANENT_OR_OTHER_EXPLICIT,€13.00m,TRANSFERMARKT_EXPANDED
2024/25,2024,IN,343475,Ben Godfrey,800,Atalanta BC,29,Everton FC,800,Atalanta BC,PERMANENT_OR_OTHER_EXPLICIT,€12.50m,TRANSFERMARKT_EXPANDED
2024/25,2024,IN,982267,Ibrahim Sulemana,800,Atalanta BC,1390,Cagliari Calcio,800,Atalanta BC,PERMANENT_OR_OTHER_EXPLICIT,€7.40m,TRANSFERMARKT_EXPANDED
2024/25,2024,IN,644771,Odilon Kossounou,800,Atalanta BC,15,Bayer 04 Leverkusen,800,Atalanta BC,LOAN,Loan fee: €5.50m,TRANSFERMARKT_EXPANDED
2024/25,2024,IN,528833,Lazar Samardžić,800,Atalanta BC,410,Udinese Calcio,800,Atalanta BC,LOAN,Loan fee: €5.00m,TRANSFERMARKT_EXPANDED
2024/25,2024,IN,392085,Nicolò Zaniolo,800,Atalanta BC,141,Galatasaray,800,Atalanta BC,LOAN,Loan fee: €3.20m,TRANSFERMARKT_EXPANDED
2024/25,2024,IN,459128,Marco Brescianini,800,Atalanta BC,8970,Frosinone Calcio,800,Atalanta BC,LOAN,Loan fee: €2.00m,TRANSFERMARKT_EXPANDED
2024/25,2024,IN,223974,Stefan Posch,800,Atalanta BC,1025,Bologna FC 1909,800,Atalanta BC,LOAN,Loan fee: €1.00m,TRANSFERMARKT_EXPANDED
2024/25,2024,IN,45026,Rui Patrício,800,Atalanta BC,12,AS Roma,800,Atalanta BC,FREE_TRANSFER,free transfer,TRANSFERMARKT_EXPANDED
2024/25,2024,IN,91970,Juan Cuadrado,800,Atalanta BC,46,Inter Milan,800,Atalanta BC,FREE_TRANSFER,free transfer,TRANSFERMARKT_EXPANDED
2024/25,2024,IN,895937,Marco Palestra,800,Atalanta BC,41110,Atalanta U23,800,Atalanta BC,PERMANENT_OR_OTHER_EXPLICIT,-,TRANSFERMARKT_EXPANDED
2024/25,2024,IN,244192,Pierluigi Gollini,800,Atalanta BC,6195,SSC Napoli,800,Atalanta BC,LOAN_RETURN_OR_END_OF_LOAN,End of loan 30/06/2024,TRANSFERMARKT_EXPANDED
2024/25,2024,IN,616628,Giorgio Cittadini,800,Atalanta BC,2919,AC Monza,800,Atalanta BC,LOAN_RETURN_OR_END_OF_LOAN,End of loan 30/06/2024,TRANSFERMARKT_EXPANDED
2024/25,2024,IN,459151,Nicolò Cambiaghi,800,Atalanta BC,749,FC Empoli,800,Atalanta BC,LOAN_RETURN_OR_END_OF_LOAN,End of loan 30/06/2024,TRANSFERMARKT_EXPANDED
2024/25,2024,IN,203842,Viktor Kovalenko,800,Atalanta BC,749,FC Empoli,800,Atalanta BC,LOAN_RETURN_OR_END_OF_LOAN,End of loan 30/06/2024,TRANSFERMARKT_EXPANDED
2024/25,2024,IN,432092,Roberto Piccoli,800,Atalanta BC,1005,US Lecce,800,Atalanta BC,LOAN_RETURN_OR_END_OF_LOAN,End of loan 30/06/2024,TRANSFERMARKT_EXPANDED
2024/25,2024,IN,567217,Ebrima Colley,800,Atalanta BC,452,BSC Young Boys,800,Atalanta BC,LOAN_RETURN_OR_END_OF_LOAN,End of loan 30/06/2024,TRANSFERMARKT_EXPANDED
2024/25,2024,IN,461833,Caleb Okoli,800,Atalanta BC,8970,Frosinone Calcio,800,Atalanta BC,LOAN_RETURN_OR_END_OF_LOAN,End of loan 30/06/2024,TRANSFERMARKT_EXPANDED
2024/25,2024,IN,73794,Duván Zapata,800,Atalanta BC,416,Torino FC,800,Atalanta BC,LOAN_RETURN_OR_END_OF_LOAN,End of loan 30/06/2024,TRANSFERMARKT_EXPANDED
2024/25,2024,IN,244192,Pierluigi Gollini,800,Atalanta BC,252,Genoa CFC,800,Atalanta BC,LOAN_RETURN_OR_END_OF_LOAN,End of loan 23/01/2025,TRANSFERMARKT_EXPANDED
2024/25,2024,IN,392966,Nadir Zortea,800,Atalanta BC,8970,Frosinone Calcio,800,Atalanta BC,LOAN_RETURN_OR_END_OF_LOAN,End of loan 30/06/2024,TRANSFERMARKT_EXPANDED
2024/25,2024,IN,546880,Brandon Soppy,800,Atalanta BC,33,FC Schalke 04,800,Atalanta BC,LOAN_RETURN_OR_END_OF_LOAN,End of loan 30/06/2024,TRANSFERMARKT_EXPANDED
2024/25,2024,IN,532040,Giuseppe Di Serio,800,Atalanta BC,3522,Spezia Calcio,800,Atalanta BC,LOAN_RETURN_OR_END_OF_LOAN,End of loan 30/06/2024,TRANSFERMARKT_EXPANDED
2024/25,2024,OUT,360518,Teun Koopmeiners,800,Atalanta BC,800,Atalanta BC,506,Juventus FC,PERMANENT_OR_OTHER_EXPLICIT,€58.40m,TRANSFERMARKT_EXPANDED
2024/25,2024,OUT,461833,Caleb Okoli,800,Atalanta BC,800,Atalanta BC,1003,Leicester City,PERMANENT_OR_OTHER_EXPLICIT,€14.00m,TRANSFERMARKT_EXPANDED
2024/25,2024,OUT,255450,Aleksey Miranchuk,800,Atalanta BC,800,Atalanta BC,51663,Atlanta United FC,PERMANENT_OR_OTHER_EXPLICIT,€11.80m,TRANSFERMARKT_EXPANDED
2024/25,2024,OUT,459151,Nicolò Cambiaghi,800,Atalanta BC,800,Atalanta BC,1025,Bologna FC 1909,PERMANENT_OR_OTHER_EXPLICIT,€11.00m,TRANSFERMARKT_EXPANDED
2024/25,2024,OUT,73794,Duván Zapata,800,Atalanta BC,800,Atalanta BC,416,Torino FC,PERMANENT_OR_OTHER_EXPLICIT,€8.60m,TRANSFERMARKT_EXPANDED
2024/25,2024,OUT,392966,Nadir Zortea,800,Atalanta BC,800,Atalanta BC,1390,Cagliari Calcio,PERMANENT_OR_OTHER_EXPLICIT,€5.30m,TRANSFERMARKT_EXPANDED
2024/25,2024,OUT,275303,Hans Hateboer,800,Atalanta BC,800,Atalanta BC,273,Stade Rennais FC,PERMANENT_OR_OTHER_EXPLICIT,€2.80m,TRANSFERMARKT_EXPANDED
2024/25,2024,OUT,567217,Ebrima Colley,800,Atalanta BC,800,Atalanta BC,452,BSC Young Boys,PERMANENT_OR_OTHER_EXPLICIT,€1.65m,TRANSFERMARKT_EXPANDED
2024/25,2024,OUT,532040,Giuseppe Di Serio,800,Atalanta BC,800,Atalanta BC,3522,Spezia Calcio,PERMANENT_OR_OTHER_EXPLICIT,€1.50m,TRANSFERMARKT_EXPANDED
2024/25,2024,OUT,242359,Juan Musso,800,Atalanta BC,800,Atalanta BC,13,Atlético de Madrid,LOAN,Loan fee: €1.50m,TRANSFERMARKT_EXPANDED
2024/25,2024,OUT,649016,El Bilal Touré,800,Atalanta BC,800,Atalanta BC,79,VfB Stuttgart,LOAN,Loan fee: €970k,TRANSFERMARKT_EXPANDED
2024/25,2024,OUT,361065,Mitchel Bakker,800,Atalanta BC,800,Atalanta BC,1082,LOSC Lille,LOAN,Loan fee: €840k,TRANSFERMARKT_EXPANDED
2024/25,2024,OUT,244192,Pierluigi Gollini,800,Atalanta BC,800,Atalanta BC,12,AS Roma,PERMANENT_OR_OTHER_EXPLICIT,€800k,TRANSFERMARKT_EXPANDED
2024/25,2024,OUT,432092,Roberto Piccoli,800,Atalanta BC,800,Atalanta BC,1390,Cagliari Calcio,LOAN,Loan fee: €500k,TRANSFERMARKT_EXPANDED
2024/25,2024,OUT,663900,Giovanni Bonfanti,800,Atalanta BC,800,Atalanta BC,4172,Pisa Sporting Club,LOAN,Loan fee: €250k,TRANSFERMARKT_EXPANDED
2024/25,2024,OUT,125020,José Luis Palomino,800,Atalanta BC,800,Atalanta BC,1390,Cagliari Calcio,FREE_TRANSFER,free transfer,TRANSFERMARKT_EXPANDED
2024/25,2024,OUT,244192,Pierluigi Gollini,800,Atalanta BC,800,Atalanta BC,252,Genoa CFC,LOAN,loan transfer,TRANSFERMARKT_EXPANDED
2024/25,2024,OUT,343475,Ben Godfrey,800,Atalanta BC,800,Atalanta BC,677,Ipswich Town,LOAN,loan transfer,TRANSFERMARKT_EXPANDED
2024/25,2024,OUT,564305,Michel Adopo,800,Atalanta BC,800,Atalanta BC,1390,Cagliari Calcio,LOAN,loan transfer,TRANSFERMARKT_EXPANDED
2024/25,2024,OUT,616628,Giorgio Cittadini,800,Atalanta BC,800,Atalanta BC,8970,Frosinone Calcio,LOAN,loan transfer,TRANSFERMARKT_EXPANDED
2024/25,2024,OUT,546880,Brandon Soppy,800,Atalanta BC,800,Atalanta BC,41110,Atalanta U23,PERMANENT_OR_OTHER_EXPLICIT,-,TRANSFERMARKT_EXPANDED
2024/25,2024,OUT,203842,Viktor Kovalenko,800,Atalanta BC,800,Atalanta BC,515,Without Club,FREE_AGENT_OR_END_OF_CONTRACT,-,TRANSFERMARKT_EXPANDED
2024/25,2024,OUT,392085,Nicolò Zaniolo,800,Atalanta BC,800,Atalanta BC,141,Galatasaray,LOAN_RETURN_OR_END_OF_LOAN,End of loan 02/02/2025,TRANSFERMARKT_EXPANDED
2024/25,2024,OUT,435772,Charles De Ketelaere,800,Atalanta BC,800,Atalanta BC,5,AC Milan,LOAN_RETURN_OR_END_OF_LOAN,End of loan 30/06/2024,TRANSFERMARKT_EXPANDED
2024/25,2024,OUT,496745,Emil Holm,800,Atalanta BC,800,Atalanta BC,3522,Spezia Calcio,LOAN_RETURN_OR_END_OF_LOAN,End of loan 30/06/2024,TRANSFERMARKT_EXPANDED
2024/25,2024,IN,538964,Thijs Dallinga,1025,Bologna FC 1909,415,FC Toulouse,1025,Bologna FC 1909,PERMANENT_OR_OTHER_EXPLICIT,€16.20m,TRANSFERMARKT_EXPANDED
2024/25,2024,IN,459151,Nicolò Cambiaghi,1025,Bologna FC 1909,800,Atalanta BC,1025,Bologna FC 1909,PERMANENT_OR_OTHER_EXPLICIT,€11.00m,TRANSFERMARKT_EXPANDED
2024/25,2024,IN,357003,Martin Erlić,1025,Bologna FC 1909,6574,US Sassuolo,1025,Bologna FC 1909,PERMANENT_OR_OTHER_EXPLICIT,€7.70m,TRANSFERMARKT_EXPANDED
2024/25,2024,IN,496745,Emil Holm,1025,Bologna FC 1909,3522,Spezia Calcio,1025,Bologna FC 1909,PERMANENT_OR_OTHER_EXPLICIT,€7.70m,TRANSFERMARKT_EXPANDED
2024/25,2024,IN,961022,Benja Domínguez,1025,Bologna FC 1909,1106,Club de Gimnasia y Esgrima La Plata,1025,Bologna FC 1909,PERMANENT_OR_OTHER_EXPLICIT,€5.22m,TRANSFERMARKT_EXPANDED
2024/25,2024,IN,345590,Jens Odgaard,1025,Bologna FC 1909,1090,AZ Alkmaar,1025,Bologna FC 1909,PERMANENT_OR_OTHER_EXPLICIT,€4.80m,TRANSFERMARKT_EXPANDED
2024/25,2024,IN,148252,Remo Freuler,1025,Bologna FC 1909,703,Nottingham Forest,1025,Bologna FC 1909,PERMANENT_OR_OTHER_EXPLICIT,€1.90m,TRANSFERMARKT_EXPANDED
2024/25,2024,IN,389837,Nicolò Casale,1025,Bologna FC 1909,398,SS Lazio,1025,Bologna FC 1909,LOAN,Loan fee: €1.50m,TRANSFERMARKT_EXPANDED
2024/25,2024,IN,967148,Naïm Byar,1025,Bologna FC 1909,11204,Stade Reims B,1025,Bologna FC 1909,PERMANENT_OR_OTHER_EXPLICIT,€310k,TRANSFERMARKT_EXPANDED
2024/25,2024,IN,913539,Estanis Pedrola,1025,Bologna FC 1909,1038,UC Sampdoria,1025,Bologna FC 1909,LOAN,Loan fee: €100k,TRANSFERMARKT_EXPANDED
2024/25,2024,IN,341227,Juan Miranda,1025,Bologna FC 1909,150,Real Betis Balompié,1025,Bologna FC 1909,FREE_TRANSFER,free transfer,TRANSFERMARKT_EXPANDED
2024/25,2024,IN,262523,Davide Calabria,1025,Bologna FC 1909,5,AC Milan,1025,Bologna FC 1909,LOAN,loan transfer,TRANSFERMARKT_EXPANDED
2024/25,2024,IN,392538,Tommaso Pobega,1025,Bologna FC 1909,5,AC Milan,1025,Bologna FC 1909,LOAN,loan transfer,TRANSFERMARKT_EXPANDED
2024/25,2024,IN,581672,Samuel Iling-Junior,1025,Bologna FC 1909,405,Aston Villa,1025,Bologna FC 1909,LOAN,loan transfer,TRANSFERMARKT_EXPANDED
2024/25,2024,IN,657742,Joaquín Sosa,1025,Bologna FC 1909,4078,CF Montréal,1025,Bologna FC 1909,LOAN_RETURN_OR_END_OF_LOAN,End of loan 31/12/2024,TRANSFERMARKT_EXPANDED
2024/25,2024,IN,659420,Mattia Motolese,1025,Bologna FC 1909,9826,Olbia Calcio 1905,1025,Bologna FC 1909,LOAN_RETURN_OR_END_OF_LOAN,End of loan 30/06/2024,TRANSFERMARKT_EXPANDED
2024/25,2024,IN,471004,Luis Binks,1025,Bologna FC 1909,990,Coventry City,1025,Bologna FC 1909,LOAN_RETURN_OR_END_OF_LOAN,End of loan 30/06/2024,TRANSFERMARKT_EXPANDED
2024/25,2024,IN,818888,Antonio Raimondo,1025,Bologna FC 1909,1103,Ternana Calcio,1025,Bologna FC 1909,LOAN_RETURN_OR_END_OF_LOAN,End of loan 30/06/2024,TRANSFERMARKT_EXPANDED
2024/25,2024,IN,464446,Andri Fannar Baldursson,1025,Bologna FC 1909,1101,IF Elfsborg,1025,Bologna FC 1909,LOAN_RETURN_OR_END_OF_LOAN,End of loan 31/12/2024,TRANSFERMARKT_EXPANDED
2024/25,2024,IN,41384,Marko Arnautovic,1025,Bologna FC 1909,46,Inter Milan,1025,Bologna FC 1909,LOAN_RETURN_OR_END_OF_LOAN,End of loan 30/06/2024,TRANSFERMARKT_EXPANDED
2024/25,2024,IN,679754,Niklas Pyyhtiä,1025,Bologna FC 1909,1103,Ternana Calcio,1025,Bologna FC 1909,LOAN_RETURN_OR_END_OF_LOAN,End of loan 30/06/2024,TRANSFERMARKT_EXPANDED
2024/25,2024,IN,818889,Gennaro Anatriello,1025,Bologna FC 1909,2721,Forza e Coraggio Alessandria,1025,Bologna FC 1909,LOAN_RETURN_OR_END_OF_LOAN,End of loan 30/06/2024,TRANSFERMARKT_EXPANDED
2024/25,2024,IN,247377,Kevin Bonifazi,1025,Bologna FC 1909,8970,Frosinone Calcio,1025,Bologna FC 1909,LOAN_RETURN_OR_END_OF_LOAN,End of loan 30/06/2024,TRANSFERMARKT_EXPANDED
2024/25,2024,IN,818889,Gennaro Anatriello,1025,Bologna FC 1909,1104,ACR Messina,1025,Bologna FC 1909,LOAN_RETURN_OR_END_OF_LOAN,End of loan 16/01/2025,TRANSFERMARKT_EXPANDED
2024/25,2024,IN,401935,Orji Okwonkwo,1025,Bologna FC 1909,5621,AC Reggiana 1919,1025,Bologna FC 1909,LOAN_RETURN_OR_END_OF_LOAN,End of loan 15/01/2025,TRANSFERMARKT_EXPANDED
2024/25,2024,IN,616667,Mattia Pagliuca,1025,Bologna FC 1909,5163,Brindisi FC,1025,Bologna FC 1909,LOAN_RETURN_OR_END_OF_LOAN,End of loan 30/06/2024,TRANSFERMARKT_EXPANDED
2024/25,2024,IN,439292,Sydney van Hooijdonk,1025,Bologna FC 1909,1123,Norwich City,1025,Bologna FC 1909,LOAN_RETURN_OR_END_OF_LOAN,End of loan 30/06/2024,TRANSFERMARKT_EXPANDED
2024/25,2024,IN,817936,Andrea Mazia,1025,Bologna FC 1909,27624,US Recanatese,1025,Bologna FC 1909,LOAN_RETURN_OR_END_OF_LOAN,End of loan 30/06/2024,TRANSFERMARKT_EXPANDED
2024/25,2024,IN,861221,Ebenezer Annan,1025,Bologna FC 1909,4633,FK Novi Pazar,1025,Bologna FC 1909,LOAN_RETURN_OR_END_OF_LOAN,End of loan 30/06/2024,TRANSFERMARKT_EXPANDED
2024/25,2024,IN,659420,Mattia Motolese,1025,Bologna FC 1909,4159,Carrarese Calcio 1908,1025,Bologna FC 1909,LOAN_RETURN_OR_END_OF_LOAN,End of loan 22/01/2025,TRANSFERMARKT_EXPANDED
2024/25,2024,IN,818888,Antonio Raimondo,1025,Bologna FC 1909,607,Venezia FC,1025,Bologna FC 1909,LOAN_RETURN_OR_END_OF_LOAN,End of loan 08/01/2025,TRANSFERMARKT_EXPANDED
2024/25,2024,OUT,502821,Riccardo Calafiori,1025,Bologna FC 1909,1025,Bologna FC 1909,11,Arsenal FC,PERMANENT_OR_OTHER_EXPLICIT,€43.70m,TRANSFERMARKT_EXPANDED
2024/25,2024,OUT,435648,Joshua Zirkzee,1025,Bologna FC 1909,1025,Bologna FC 1909,985,Manchester United,PERMANENT_OR_OTHER_EXPLICIT,€42.50m,TRANSFERMARKT_EXPANDED
2024/25,2024,OUT,41384,Marko Arnautovic,1025,Bologna FC 1909,1025,Bologna FC 1909,46,Inter Milan,PERMANENT_OR_OTHER_EXPLICIT,€10.90m,TRANSFERMARKT_EXPANDED
2024/25,2024,OUT,471004,Luis Binks,1025,Bologna FC 1909,1025,Bologna FC 1909,990,Coventry City,PERMANENT_OR_OTHER_EXPLICIT,€3.80m,TRANSFERMARKT_EXPANDED
2024/25,2024,OUT,223974,Stefan Posch,1025,Bologna FC 1909,1025,Bologna FC 1909,800,Atalanta BC,LOAN,Loan fee: €1.00m,TRANSFERMARKT_EXPANDED
2024/25,2024,OUT,699442,Kacper Urbański,1025,Bologna FC 1909,1025,Bologna FC 1909,2919,AC Monza,LOAN,Loan fee: €500k,TRANSFERMARKT_EXPANDED
2024/25,2024,OUT,861221,Ebenezer Annan,1025,Bologna FC 1909,1025,Bologna FC 1909,4633,FK Novi Pazar,PERMANENT_OR_OTHER_EXPLICIT,€350k,TRANSFERMARKT_EXPANDED
2024/25,2024,OUT,439292,Sydney van Hooijdonk,1025,Bologna FC 1909,1025,Bologna FC 1909,1429,Cesena FC,FREE_TRANSFER,free transfer,TRANSFERMARKT_EXPANDED
2024/25,2024,OUT,616667,Mattia Pagliuca,1025,Bologna FC 1909,1025,Bologna FC 1909,29251,Virtusvecomp Verona,FREE_TRANSFER,free transfer,TRANSFERMARKT_EXPANDED
2024/25,2024,OUT,574164,Marco Molla,1025,Bologna FC 1909,1025,Bologna FC 1909,22140,KF Laçi,FREE_TRANSFER,free transfer,TRANSFERMARKT_EXPANDED
2024/25,2024,OUT,845566,Mihajlo Ilić,1025,Bologna FC 1909,1025,Bologna FC 1909,669,FK Partizan Belgrade,LOAN,loan transfer,TRANSFERMARKT_EXPANDED
2024/25,2024,OUT,679754,Niklas Pyyhtiä,1025,Bologna FC 1909,1025,Bologna FC 1909,4554,FC Südtirol,LOAN,loan transfer,TRANSFERMARKT_EXPANDED
2024/25,2024,OUT,818888,Antonio Raimondo,1025,Bologna FC 1909,1025,Bologna FC 1909,607,Venezia FC,LOAN,loan transfer,TRANSFERMARKT_EXPANDED
2024/25,2024,OUT,367992,Jesper Karlsson,1025,Bologna FC 1909,1025,Bologna FC 1909,1005,US Lecce,LOAN,loan transfer,TRANSFERMARKT_EXPANDED
2024/25,2024,OUT,659420,Mattia Motolese,1025,Bologna FC 1909,1025,Bologna FC 1909,22045,Latina Calcio 1932,LOAN,loan transfer,TRANSFERMARKT_EXPANDED
2024/25,2024,OUT,247377,Kevin Bonifazi,1025,Bologna FC 1909,1025,Bologna FC 1909,1005,US Lecce,LOAN,loan transfer,TRANSFERMARKT_EXPANDED
2024/25,2024,OUT,818889,Gennaro Anatriello,1025,Bologna FC 1909,1025,Bologna FC 1909,4331,FC Trapani 1905,LOAN,loan transfer,TRANSFERMARKT_EXPANDED
2024/25,2024,OUT,817936,Andrea Mazia,1025,Bologna FC 1909,1025,Bologna FC 1909,50258,Varesina Calcio,LOAN,loan transfer,TRANSFERMARKT_EXPANDED
2024/25,2024,OUT,401935,Orji Okwonkwo,1025,Bologna FC 1909,1025,Bologna FC 1909,4084,AS Cittadella,LOAN,loan transfer,TRANSFERMARKT_EXPANDED
2024/25,2024,OUT,657742,Joaquín Sosa,1025,Bologna FC 1909,1025,Bologna FC 1909,5621,AC Reggiana 1919,LOAN,loan transfer,TRANSFERMARKT_EXPANDED
2024/25,2024,OUT,818880,Tommaso Corazza,1025,Bologna FC 1909,1025,Bologna FC 1909,380,US Salernitana 1919,LOAN,loan transfer,TRANSFERMARKT_EXPANDED
2024/25,2024,OUT,818888,Antonio Raimondo,1025,Bologna FC 1909,1025,Bologna FC 1909,380,US Salernitana 1919,LOAN,loan transfer,TRANSFERMARKT_EXPANDED
2024/25,2024,OUT,659420,Mattia Motolese,1025,Bologna FC 1909,1025,Bologna FC 1909,4159,Carrarese Calcio 1908,LOAN,loan transfer,TRANSFERMARKT_EXPANDED
2024/25,2024,OUT,818889,Gennaro Anatriello,1025,Bologna FC 1909,1025,Bologna FC 1909,1104,ACR Messina,LOAN,loan transfer,TRANSFERMARKT_EXPANDED
2024/25,2024,OUT,126673,Adama Soumaoro,1025,Bologna FC 1909,1025,Bologna FC 1909,515,Without Club,FREE_AGENT_OR_END_OF_CONTRACT,-,TRANSFERMARKT_EXPANDED
2024/25,2024,OUT,381950,Alexis Saelemaekers,1025,Bologna FC 1909,1025,Bologna FC 1909,5,AC Milan,LOAN_RETURN_OR_END_OF_LOAN,End of loan 30/06/2024,TRANSFERMARKT_EXPANDED
2024/25,2024,OUT,564529,Victor Kristiansen,1025,Bologna FC 1909,1025,Bologna FC 1909,1003,Leicester City,LOAN_RETURN_OR_END_OF_LOAN,End of loan 30/06/2024,TRANSFERMARKT_EXPANDED
2024/25,2024,OUT,148252,Remo Freuler,1025,Bologna FC 1909,1025,Bologna FC 1909,703,Nottingham Forest,LOAN_RETURN_OR_END_OF_LOAN,End of loan 30/06/2024,TRANSFERMARKT_EXPANDED
2024/25,2024,OUT,345590,Jens Odgaard,1025,Bologna FC 1909,1025,Bologna FC 1909,1090,AZ Alkmaar,LOAN_RETURN_OR_END_OF_LOAN,End of loan 30/06/2024,TRANSFERMARKT_EXPANDED
2024/25,2024,OUT,581672,Samuel Iling-Junior,1025,Bologna FC 1909,1025,Bologna FC 1909,405,Aston Villa,LOAN_RETURN_OR_END_OF_LOAN,End of loan 02/02/2025,TRANSFERMARKT_EXPANDED
2024/25,2024,IN,343537,Artem Dovbyk,12,AS Roma,12321,Girona FC,12,AS Roma,PERMANENT_OR_OTHER_EXPLICIT,€41.10m,TRANSFERMARKT_EXPANDED
2024/25,2024,IN,668951,Matías Soulé,12,AS Roma,506,Juventus FC,12,AS Roma,PERMANENT_OR_OTHER_EXPLICIT,€28.60m,TRANSFERMARKT_EXPANDED
2024/25,2024,IN,633992,Enzo Le Fée,12,AS Roma,273,Stade Rennais FC,12,AS Roma,PERMANENT_OR_OTHER_EXPLICIT,€23.00m,TRANSFERMARKT_EXPANDED
2024/25,2024,IN,624690,Manu Koné,12,AS Roma,18,Borussia Mönchengladbach,12,AS Roma,PERMANENT_OR_OTHER_EXPLICIT,€18.00m,TRANSFERMARKT_EXPANDED
2024/25,2024,IN,485584,Anass Salah-Eddine,12,AS Roma,317,FC Twente Enschede,12,AS Roma,PERMANENT_OR_OTHER_EXPLICIT,€8.50m,TRANSFERMARKT_EXPANDED
2024/25,2024,IN,557407,Devyne Rensch,12,AS Roma,610,Ajax Amsterdam,12,AS Roma,PERMANENT_OR_OTHER_EXPLICIT,€6.00m,TRANSFERMARKT_EXPANDED
2024/25,2024,IN,605396,Samuel Dahl,12,AS Roma,1044,Djurgårdens IF,12,AS Roma,PERMANENT_OR_OTHER_EXPLICIT,€5.67m,TRANSFERMARKT_EXPANDED
2024/25,2024,IN,277179,Angeliño,12,AS Roma,23826,RB Leipzig,12,AS Roma,PERMANENT_OR_OTHER_EXPLICIT,€5.40m,TRANSFERMARKT_EXPANDED
2024/25,2024,IN,631927,Saud Abdulhamid,12,AS Roma,1114,Al-Hilal SFC,12,AS Roma,PERMANENT_OR_OTHER_EXPLICIT,€2.50m,TRANSFERMARKT_EXPANDED
2024/25,2024,IN,962125,Buba Sangaré,12,AS Roma,12798,Levante UD U19,12,AS Roma,PERMANENT_OR_OTHER_EXPLICIT,€2.18m,TRANSFERMARKT_EXPANDED
2024/25,2024,IN,244192,Pierluigi Gollini,12,AS Roma,800,Atalanta BC,12,AS Roma,PERMANENT_OR_OTHER_EXPLICIT,€800k,TRANSFERMARKT_EXPANDED
2024/25,2024,IN,422951,Victor Nelsson,12,AS Roma,141,Galatasaray,12,AS Roma,LOAN,Loan fee: €500k,TRANSFERMARKT_EXPANDED
2024/25,2024,IN,128969,Mathew Ryan,12,AS Roma,1090,AZ Alkmaar,12,AS Roma,FREE_TRANSFER,free transfer,TRANSFERMARKT_EXPANDED
2024/25,2024,IN,381950,Alexis Saelemaekers,12,AS Roma,5,AC Milan,12,AS Roma,LOAN,loan transfer,TRANSFERMARKT_EXPANDED
2024/25,2024,IN,1041614,Renato Marin,12,AS Roma,11997,Roma U20,12,AS Roma,PERMANENT_OR_OTHER_EXPLICIT,-,TRANSFERMARKT_EXPANDED
2024/25,2024,IN,281769,Mario Hermoso,12,AS Roma,515,Without Club,12,AS Roma,FREE_AGENT_OR_END_OF_CONTRACT,-,TRANSFERMARKT_EXPANDED
2024/25,2024,IN,39728,Mats Hummels,12,AS Roma,515,Without Club,12,AS Roma,FREE_AGENT_OR_END_OF_CONTRACT,-,TRANSFERMARKT_EXPANDED
2024/25,2024,IN,813137,Niccolò Pisilli,12,AS Roma,11997,Roma U20,12,AS Roma,PERMANENT_OR_OTHER_EXPLICIT,-,TRANSFERMARKT_EXPANDED
2024/25,2024,IN,659415,Riccardo Pagano,12,AS Roma,11997,Roma U20,12,AS Roma,PERMANENT_OR_OTHER_EXPLICIT,-,TRANSFERMARKT_EXPANDED
2024/25,2024,IN,936536,João Costa,12,AS Roma,11997,Roma U20,12,AS Roma,PERMANENT_OR_OTHER_EXPLICIT,-,TRANSFERMARKT_EXPANDED
2024/25,2024,IN,620313,Lucas Gourna-Douath,12,AS Roma,409,Red Bull Salzburg,12,AS Roma,LOAN,loan transfer,TRANSFERMARKT_EXPANDED
2024/25,2024,IN,358166,Eldor Shomurodov,12,AS Roma,1390,Cagliari Calcio,12,AS Roma,LOAN_RETURN_OR_END_OF_LOAN,End of loan 30/06/2024,TRANSFERMARKT_EXPANDED
2024/25,2024,IN,703227,Davide Mastrantonio,12,AS Roma,41107,Milan Futuro,12,AS Roma,LOAN_RETURN_OR_END_OF_LOAN,End of loan 29/01/2025,TRANSFERMARKT_EXPANDED
2024/25,2024,IN,647484,Ebrima Darboe,12,AS Roma,1038,UC Sampdoria,12,AS Roma,LOAN_RETURN_OR_END_OF_LOAN,End of loan 30/06/2024,TRANSFERMARKT_EXPANDED
2024/25,2024,IN,371371,Marash Kumbulla,12,AS Roma,6574,US Sassuolo,12,AS Roma,LOAN_RETURN_OR_END_OF_LOAN,End of loan 30/06/2024,TRANSFERMARKT_EXPANDED
2024/25,2024,IN,167727,Andrea Belotti,12,AS Roma,430,ACF Fiorentina,12,AS Roma,LOAN_RETURN_OR_END_OF_LOAN,End of loan 30/06/2024,TRANSFERMARKT_EXPANDED
2024/25,2024,IN,703227,Davide Mastrantonio,12,AS Roma,26789,FC Pro Vercelli 1892,12,AS Roma,LOAN_RETURN_OR_END_OF_LOAN,End of loan 30/06/2024,TRANSFERMARKT_EXPANDED
2024/25,2024,IN,431811,Ola Solbakken,12,AS Roma,828,Urawa Red Diamonds,12,AS Roma,LOAN_RETURN_OR_END_OF_LOAN,End of loan 30/06/2024,TRANSFERMARKT_EXPANDED
2024/25,2024,OUT,395693,Houssem Aouar,12,AS Roma,12,AS Roma,8023,Al-Ittihad Club,PERMANENT_OR_OTHER_EXPLICIT,€10.50m,TRANSFERMARKT_EXPANDED
2024/25,2024,OUT,936536,João Costa,12,AS Roma,12,AS Roma,7732,Al-Ettifaq FC,PERMANENT_OR_OTHER_EXPLICIT,€9.00m,TRANSFERMARKT_EXPANDED
2024/25,2024,OUT,167727,Andrea Belotti,12,AS Roma,12,AS Roma,1047,Como 1907,PERMANENT_OR_OTHER_EXPLICIT,€4.10m,TRANSFERMARKT_EXPANDED
2024/25,2024,OUT,562049,Edoardo Bove,12,AS Roma,12,AS Roma,430,ACF Fiorentina,LOAN,Loan fee: €1.50m,TRANSFERMARKT_EXPANDED
2024/25,2024,OUT,331726,Tammy Abraham,12,AS Roma,12,AS Roma,5,AC Milan,LOAN,Loan fee: €1.50m,TRANSFERMARKT_EXPANDED
2024/25,2024,OUT,103427,Chris Smalling,12,AS Roma,12,AS Roma,50531,Al-Fayha FC,PERMANENT_OR_OTHER_EXPLICIT,€800k,TRANSFERMARKT_EXPANDED
2024/25,2024,OUT,128969,Mathew Ryan,12,AS Roma,12,AS Roma,826,RC Lens,PERMANENT_OR_OTHER_EXPLICIT,€750k,TRANSFERMARKT_EXPANDED
2024/25,2024,OUT,550108,Nicola Zalewski,12,AS Roma,12,AS Roma,46,Inter Milan,LOAN,Loan fee: €600k,TRANSFERMARKT_EXPANDED
2024/25,2024,OUT,605396,Samuel Dahl,12,AS Roma,12,AS Roma,294,SL Benfica,LOAN,Loan fee: €600k,TRANSFERMARKT_EXPANDED
2024/25,2024,OUT,205006,Rick Karsdorp,12,AS Roma,12,AS Roma,383,PSV Eindhoven,FREE_TRANSFER,free transfer,TRANSFERMARKT_EXPANDED
2024/25,2024,OUT,45026,Rui Patrício,12,AS Roma,12,AS Roma,800,Atalanta BC,FREE_TRANSFER,free transfer,TRANSFERMARKT_EXPANDED
2024/25,2024,OUT,118689,Leonardo Spinazzola,12,AS Roma,12,AS Roma,6195,SSC Napoli,FREE_TRANSFER,free transfer,TRANSFERMARKT_EXPANDED
2024/25,2024,OUT,581604,Pietro Boer,12,AS Roma,12,AS Roma,34499,US Pianese,LOAN,loan transfer,TRANSFERMARKT_EXPANDED
2024/25,2024,OUT,659415,Riccardo Pagano,12,AS Roma,12,AS Roma,4097,US Catanzaro,LOAN,loan transfer,TRANSFERMARKT_EXPANDED
2024/25,2024,OUT,703227,Davide Mastrantonio,12,AS Roma,12,AS Roma,41107,Milan Futuro,LOAN,loan transfer,TRANSFERMARKT_EXPANDED
2024/25,2024,OUT,703227,Davide Mastrantonio,12,AS Roma,12,AS Roma,4271,US Triestina,LOAN,loan transfer,TRANSFERMARKT_EXPANDED
2024/25,2024,OUT,281769,Mario Hermoso,12,AS Roma,12,AS Roma,15,Bayer 04 Leverkusen,LOAN,loan transfer,TRANSFERMARKT_EXPANDED
2024/25,2024,OUT,647484,Ebrima Darboe,12,AS Roma,12,AS Roma,8970,Frosinone Calcio,LOAN,loan transfer,TRANSFERMARKT_EXPANDED
2024/25,2024,OUT,431811,Ola Solbakken,12,AS Roma,12,AS Roma,749,FC Empoli,LOAN,loan transfer,TRANSFERMARKT_EXPANDED
2024/25,2024,OUT,371371,Marash Kumbulla,12,AS Roma,12,AS Roma,714,RCD Espanyol Barcelona,LOAN,loan transfer,TRANSFERMARKT_EXPANDED
2024/25,2024,OUT,633992,Enzo Le Fée,12,AS Roma,12,AS Roma,289,Sunderland AFC,LOAN,loan transfer,TRANSFERMARKT_EXPANDED
2024/25,2024,OUT,890290,Dean Huijsen,12,AS Roma,12,AS Roma,506,Juventus FC,LOAN_RETURN_OR_END_OF_LOAN,End of loan 30/06/2024,TRANSFERMARKT_EXPANDED
2024/25,2024,OUT,246291,Diego Llorente,12,AS Roma,12,AS Roma,399,Leeds United,LOAN_RETURN_OR_END_OF_LOAN,End of loan 30/06/2024,TRANSFERMARKT_EXPANDED
2024/25,2024,OUT,369684,Rasmus Nissen Kristensen,12,AS Roma,12,AS Roma,399,Leeds United,LOAN_RETURN_OR_END_OF_LOAN,End of loan 30/06/2024,TRANSFERMARKT_EXPANDED
2024/25,2024,OUT,258027,Renato Sanches,12,AS Roma,12,AS Roma,583,Paris Saint-Germain,LOAN_RETURN_OR_END_OF_LOAN,End of loan 30/06/2024,TRANSFERMARKT_EXPANDED
2024/25,2024,OUT,180337,Sardar Azmoun,12,AS Roma,12,AS Roma,15,Bayer 04 Leverkusen,LOAN_RETURN_OR_END_OF_LOAN,End of loan 30/06/2024,TRANSFERMARKT_EXPANDED
2024/25,2024,OUT,96341,Romelu Lukaku,12,AS Roma,12,AS Roma,631,Chelsea FC,LOAN_RETURN_OR_END_OF_LOAN,End of loan 30/06/2024,TRANSFERMARKT_EXPANDED
2024/25,2024,OUT,277179,Angeliño,12,AS Roma,12,AS Roma,23826,RB Leipzig,LOAN_RETURN_OR_END_OF_LOAN,End of loan 30/06/2024,TRANSFERMARKT_EXPANDED
2024/25,2024,IN,457736,Tijjani Noslin,398,SS Lazio,276,Hellas Verona,398,SS Lazio,PERMANENT_OR_OTHER_EXPLICIT,€16.80m,TRANSFERMARKT_EXPANDED
2024/25,2024,IN,465830,Mattéo Guendouzi,398,SS Lazio,244,Olympique Marseille,398,SS Lazio,PERMANENT_OR_OTHER_EXPLICIT,€14.80m,TRANSFERMARKT_EXPANDED
2024/25,2024,IN,982855,Reda Belahyane,398,SS Lazio,276,Hellas Verona,398,SS Lazio,PERMANENT_OR_OTHER_EXPLICIT,€10.30m,TRANSFERMARKT_EXPANDED
2024/25,2024,IN,607226,Loum Tchaouna,398,SS Lazio,380,US Salernitana 1919,398,SS Lazio,PERMANENT_OR_OTHER_EXPLICIT,€8.77m,TRANSFERMARKT_EXPANDED
2024/25,2024,IN,644408,Oliver Provstgaard,398,SS Lazio,443,Vejle Boldklub,398,SS Lazio,PERMANENT_OR_OTHER_EXPLICIT,€4.50m,TRANSFERMARKT_EXPANDED
2024/25,2024,IN,530742,Fisayo Dele-Bashiru,398,SS Lazio,7775,Hatayspor,398,SS Lazio,LOAN,Loan fee: €2.00m,TRANSFERMARKT_EXPANDED
2024/25,2024,IN,276896,Samuel Gigot,398,SS Lazio,244,Olympique Marseille,398,SS Lazio,LOAN,Loan fee: €500k,TRANSFERMARKT_EXPANDED
2024/25,2024,IN,1110645,Filipe Bordon,398,SS Lazio,97141,Ferroviária U20,398,SS Lazio,PERMANENT_OR_OTHER_EXPLICIT,€300k,TRANSFERMARKT_EXPANDED
2024/25,2024,IN,303116,Gaetano Castrovilli,398,SS Lazio,430,ACF Fiorentina,398,SS Lazio,FREE_TRANSFER,free transfer,TRANSFERMARKT_EXPANDED
2024/25,2024,IN,604239,Gabriele Artistico,398,SS Lazio,49939,Virtus Francavilla Calcio,398,SS Lazio,FREE_TRANSFER,free transfer,TRANSFERMARKT_EXPANDED
2024/25,2024,IN,744728,Arijon Ibrahimovic,398,SS Lazio,27,Bayern Munich,398,SS Lazio,LOAN,loan transfer,TRANSFERMARKT_EXPANDED
2024/25,2024,IN,626913,Boulaye Dia,398,SS Lazio,380,US Salernitana 1919,398,SS Lazio,LOAN,loan transfer,TRANSFERMARKT_EXPANDED
2024/25,2024,IN,535955,Nuno Tavares,398,SS Lazio,11,Arsenal FC,398,SS Lazio,LOAN,loan transfer,TRANSFERMARKT_EXPANDED
2024/25,2024,IN,287700,Mohamed Fares,398,SS Lazio,19,Brescia Calcio (- 2025),398,SS Lazio,LOAN_RETURN_OR_END_OF_LOAN,End of loan 30/06/2024,TRANSFERMARKT_EXPANDED
2024/25,2024,IN,918957,Davide Renzetti,398,SS Lazio,12816,Lazio U20,398,SS Lazio,PERMANENT_OR_OTHER_EXPLICIT,-,TRANSFERMARKT_EXPANDED
2024/25,2024,IN,534121,Andrea Marino,398,SS Lazio,704,Calcio Foggia 1920,398,SS Lazio,LOAN_RETURN_OR_END_OF_LOAN,End of loan 30/06/2024,TRANSFERMARKT_EXPANDED
2024/25,2024,IN,500419,Mattia Novella,398,SS Lazio,49430,AZ Picerno,398,SS Lazio,LOAN_RETURN_OR_END_OF_LOAN,End of loan 30/06/2024,TRANSFERMARKT_EXPANDED
2024/25,2024,IN,624942,Raúl Moro,398,SS Lazio,366,Real Valladolid CF,398,SS Lazio,LOAN_RETURN_OR_END_OF_LOAN,End of loan 30/06/2024,TRANSFERMARKT_EXPANDED
2024/25,2024,IN,708086,Romano Floriani Mussolini,398,SS Lazio,2921,Delfino Pescara 1936,398,SS Lazio,LOAN_RETURN_OR_END_OF_LOAN,End of loan 30/06/2024,TRANSFERMARKT_EXPANDED
2024/25,2024,IN,538079,Alessio Furlanetto,398,SS Lazio,4033,Fermana FC,398,SS Lazio,LOAN_RETURN_OR_END_OF_LOAN,End of loan 30/06/2024,TRANSFERMARKT_EXPANDED
2024/25,2024,IN,468301,Marcos Antônio,398,SS Lazio,1091,PAOK Thessaloniki,398,SS Lazio,LOAN_RETURN_OR_END_OF_LOAN,End of loan 30/06/2024,TRANSFERMARKT_EXPANDED
2024/25,2024,IN,300137,Marius Adamonis,398,SS Lazio,839,AC Perugia Calcio,398,SS Lazio,LOAN_RETURN_OR_END_OF_LOAN,End of loan 30/06/2024,TRANSFERMARKT_EXPANDED
2024/25,2024,IN,170481,Jean-Daniel Akpa Akpro,398,SS Lazio,2919,AC Monza,398,SS Lazio,LOAN_RETURN_OR_END_OF_LOAN,End of loan 30/06/2024,TRANSFERMARKT_EXPANDED
2024/25,2024,IN,613539,Marco Bertini,398,SS Lazio,2722,SPAL,398,SS Lazio,LOAN_RETURN_OR_END_OF_LOAN,End of loan 30/06/2024,TRANSFERMARKT_EXPANDED
2024/25,2024,IN,745444,Valerio Crespi,398,SS Lazio,4031,Cosenza Calcio,398,SS Lazio,LOAN_RETURN_OR_END_OF_LOAN,End of loan 30/06/2024,TRANSFERMARKT_EXPANDED
2024/25,2024,IN,550106,Matteo Cancellieri,398,SS Lazio,749,FC Empoli,398,SS Lazio,LOAN_RETURN_OR_END_OF_LOAN,End of loan 30/06/2024,TRANSFERMARKT_EXPANDED
2024/25,2024,IN,745444,Valerio Crespi,398,SS Lazio,4554,FC Südtirol,398,SS Lazio,LOAN_RETURN_OR_END_OF_LOAN,End of loan 30/01/2025,TRANSFERMARKT_EXPANDED
2024/25,2024,IN,367464,Luís Maximiano,398,SS Lazio,3302,UD Almería,398,SS Lazio,LOAN_RETURN_OR_END_OF_LOAN,End of loan 30/06/2024,TRANSFERMARKT_EXPANDED
2024/25,2024,IN,334835,Toma Bašić,398,SS Lazio,380,US Salernitana 1919,398,SS Lazio,LOAN_RETURN_OR_END_OF_LOAN,End of loan 30/06/2024,TRANSFERMARKT_EXPANDED
2024/25,2024,IN,604239,Gabriele Artistico,398,SS Lazio,5587,SS Juve Stabia,398,SS Lazio,LOAN_RETURN_OR_END_OF_LOAN,End of loan 08/01/2025,TRANSFERMARKT_EXPANDED
2024/25,2024,OUT,128220,Luis Alberto,398,SS Lazio,398,SS Lazio,26091,Al-Duhail SC,PERMANENT_OR_OTHER_EXPLICIT,€10.30m,TRANSFERMARKT_EXPANDED
2024/25,2024,OUT,367464,Luís Maximiano,398,SS Lazio,398,SS Lazio,3302,UD Almería,PERMANENT_OR_OTHER_EXPLICIT,€8.10m,TRANSFERMARKT_EXPANDED
2024/25,2024,OUT,624942,Raúl Moro,398,SS Lazio,398,SS Lazio,366,Real Valladolid CF,PERMANENT_OR_OTHER_EXPLICIT,€2.50m,TRANSFERMARKT_EXPANDED
2024/25,2024,OUT,105521,Ciro Immobile,398,SS Lazio,398,SS Lazio,114,Besiktas JK,PERMANENT_OR_OTHER_EXPLICIT,€2.00m,TRANSFERMARKT_EXPANDED
2024/25,2024,OUT,389837,Nicolò Casale,398,SS Lazio,398,SS Lazio,1025,Bologna FC 1909,LOAN,Loan fee: €1.50m,TRANSFERMARKT_EXPANDED
2024/25,2024,OUT,550106,Matteo Cancellieri,398,SS Lazio,398,SS Lazio,130,Parma Calcio 1913,LOAN,Loan fee: €1.20m,TRANSFERMARKT_EXPANDED
2024/25,2024,OUT,468301,Marcos Antônio,398,SS Lazio,398,SS Lazio,585,São Paulo Futebol Clube,LOAN,Loan fee: €150k,TRANSFERMARKT_EXPANDED
2024/25,2024,OUT,159372,Felipe Anderson,398,SS Lazio,398,SS Lazio,1023,Sociedade Esportiva Palmeiras,FREE_TRANSFER,free transfer,TRANSFERMARKT_EXPANDED
2024/25,2024,OUT,534121,Andrea Marino,398,SS Lazio,398,SS Lazio,4331,FC Trapani 1905,FREE_TRANSFER,free transfer,TRANSFERMARKT_EXPANDED
2024/25,2024,OUT,500419,Mattia Novella,398,SS Lazio,398,SS Lazio,7197,Potenza Calcio,FREE_TRANSFER,free transfer,TRANSFERMARKT_EXPANDED
2024/25,2024,OUT,356141,Daichi Kamada,398,SS Lazio,398,SS Lazio,873,Crystal Palace,FREE_TRANSFER,free transfer,TRANSFERMARKT_EXPANDED
2024/25,2024,OUT,300137,Marius Adamonis,398,SS Lazio,398,SS Lazio,1627,Catania FC,FREE_TRANSFER,free transfer,TRANSFERMARKT_EXPANDED
2024/25,2024,OUT,199733,Danilo Cataldi,398,SS Lazio,398,SS Lazio,430,ACF Fiorentina,LOAN,loan transfer,TRANSFERMARKT_EXPANDED
2024/25,2024,OUT,613539,Marco Bertini,398,SS Lazio,398,SS Lazio,408,Ascoli Calcio,LOAN,loan transfer,TRANSFERMARKT_EXPANDED
2024/25,2024,OUT,604239,Gabriele Artistico,398,SS Lazio,398,SS Lazio,4031,Cosenza Calcio,LOAN,loan transfer,TRANSFERMARKT_EXPANDED
2024/25,2024,OUT,170481,Jean-Daniel Akpa Akpro,398,SS Lazio,398,SS Lazio,2919,AC Monza,LOAN,loan transfer,TRANSFERMARKT_EXPANDED
2024/25,2024,OUT,873981,Diego González,398,SS Lazio,398,SS Lazio,8590,Atlas Guadalajara,LOAN,loan transfer,TRANSFERMARKT_EXPANDED
2024/25,2024,OUT,287700,Mohamed Fares,398,SS Lazio,398,SS Lazio,3385,Panserraikos,LOAN,loan transfer,TRANSFERMARKT_EXPANDED
2024/25,2024,OUT,1026255,Saná Fernandes,398,SS Lazio,398,SS Lazio,132,NAC Breda,LOAN,loan transfer,TRANSFERMARKT_EXPANDED
2024/25,2024,OUT,303116,Gaetano Castrovilli,398,SS Lazio,398,SS Lazio,2919,AC Monza,LOAN,loan transfer,TRANSFERMARKT_EXPANDED
2024/25,2024,OUT,745444,Valerio Crespi,398,SS Lazio,398,SS Lazio,9439,Feralpisalò,LOAN,loan transfer,TRANSFERMARKT_EXPANDED
2024/25,2024,OUT,745444,Valerio Crespi,398,SS Lazio,398,SS Lazio,4554,FC Südtirol,LOAN,loan transfer,TRANSFERMARKT_EXPANDED
2024/25,2024,OUT,708086,Romano Floriani Mussolini,398,SS Lazio,398,SS Lazio,5587,SS Juve Stabia,LOAN,loan transfer,TRANSFERMARKT_EXPANDED
2024/25,2024,OUT,604239,Gabriele Artistico,398,SS Lazio,398,SS Lazio,5587,SS Juve Stabia,LOAN,loan transfer,TRANSFERMARKT_EXPANDED
2024/25,2024,OUT,240349,Cristiano Lombardi,398,SS Lazio,398,SS Lazio,,Retired,RETIREMENT,-,TRANSFERMARKT_EXPANDED
2024/25,2024,OUT,465830,Mattéo Guendouzi,398,SS Lazio,398,SS Lazio,244,Olympique Marseille,LOAN_RETURN_OR_END_OF_LOAN,End of loan 30/06/2024,TRANSFERMARKT_EXPANDED
2024/25,2024,OUT,99254,Luigi Sepe,398,SS Lazio,398,SS Lazio,380,US Salernitana 1919,LOAN_RETURN_OR_END_OF_LOAN,End of loan 30/06/2024,TRANSFERMARKT_EXPANDED
2024/25,2024,IN,282144,Marin Pongracic,430,ACF Fiorentina,1005,US Lecce,430,ACF Fiorentina,PERMANENT_OR_OTHER_EXPLICIT,€15.00m,TRANSFERMARKT_EXPANDED
2024/25,2024,IN,364135,Moise Kean,430,ACF Fiorentina,506,Juventus FC,430,ACF Fiorentina,PERMANENT_OR_OTHER_EXPLICIT,€14.50m,TRANSFERMARKT_EXPANDED
2024/25,2024,IN,893675,Amir Richardson,430,ACF Fiorentina,1421,Stade Reims,430,ACF Fiorentina,PERMANENT_OR_OTHER_EXPLICIT,€9.00m,TRANSFERMARKT_EXPANDED
2024/25,2024,IN,305947,Albert Gudmundsson,430,ACF Fiorentina,252,Genoa CFC,430,ACF Fiorentina,LOAN,Loan fee: €5.85m,TRANSFERMARKT_EXPANDED
2024/25,2024,IN,651005,Cher Ndour,430,ACF Fiorentina,583,Paris Saint-Germain,430,ACF Fiorentina,PERMANENT_OR_OTHER_EXPLICIT,€5.00m,TRANSFERMARKT_EXPANDED
2024/25,2024,IN,1144700,Matías Moreno,430,ACF Fiorentina,2417,Club Atlético Belgrano,430,ACF Fiorentina,PERMANENT_OR_OTHER_EXPLICIT,€5.00m,TRANSFERMARKT_EXPANDED
2024/25,2024,IN,392959,Andrea Colpani,430,ACF Fiorentina,2919,AC Monza,430,ACF Fiorentina,LOAN,Loan fee: €4.00m,TRANSFERMARKT_EXPANDED
2024/25,2024,IN,392085,Nicolò Zaniolo,430,ACF Fiorentina,141,Galatasaray,430,ACF Fiorentina,LOAN,Loan fee: €3.20m,TRANSFERMARKT_EXPANDED
2024/25,2024,IN,210178,Pablo Marí,430,ACF Fiorentina,2919,AC Monza,430,ACF Fiorentina,PERMANENT_OR_OTHER_EXPLICIT,€2.70m,TRANSFERMARKT_EXPANDED
2024/25,2024,IN,432090,Nicolò Fagioli,430,ACF Fiorentina,506,Juventus FC,430,ACF Fiorentina,LOAN,Loan fee: €2.50m,TRANSFERMARKT_EXPANDED
2024/25,2024,IN,562049,Edoardo Bove,430,ACF Fiorentina,12,AS Roma,430,ACF Fiorentina,LOAN,Loan fee: €1.50m,TRANSFERMARKT_EXPANDED
2024/25,2024,IN,395236,Yacine Adli,430,ACF Fiorentina,5,AC Milan,430,ACF Fiorentina,LOAN,Loan fee: €1.50m,TRANSFERMARKT_EXPANDED
2024/25,2024,IN,377042,Michael Folorunsho,430,ACF Fiorentina,6195,SSC Napoli,430,ACF Fiorentina,LOAN,Loan fee: €1.00m,TRANSFERMARKT_EXPANDED
2024/25,2024,IN,273132,Robin Gosens,430,ACF Fiorentina,89,1.FC Union Berlin,430,ACF Fiorentina,LOAN,Loan fee: €750k,TRANSFERMARKT_EXPANDED
2024/25,2024,IN,340394,Abdelhamid Sabiri,430,ACF Fiorentina,50531,Al-Fayha FC,430,ACF Fiorentina,LOAN_RETURN_OR_END_OF_LOAN,End of loan 30/06/2024 €470k,TRANSFERMARKT_EXPANDED
2024/25,2024,IN,860992,Nicolás Valentini,430,ACF Fiorentina,189,CA Boca Juniors,430,ACF Fiorentina,FREE_TRANSFER,free transfer,TRANSFERMARKT_EXPANDED
2024/25,2024,IN,199733,Danilo Cataldi,430,ACF Fiorentina,398,SS Lazio,430,ACF Fiorentina,LOAN,loan transfer,TRANSFERMARKT_EXPANDED
2024/25,2024,IN,59377,David de Gea,430,ACF Fiorentina,515,Without Club,430,ACF Fiorentina,FREE_AGENT_OR_END_OF_CONTRACT,-,TRANSFERMARKT_EXPANDED
2024/25,2024,IN,996453,Maat Daniel Caprini,430,ACF Fiorentina,8505,Fiorentina Primavera,430,ACF Fiorentina,PERMANENT_OR_OTHER_EXPLICIT,-,TRANSFERMARKT_EXPANDED
2024/25,2024,IN,984964,Niccolò Fortini,430,ACF Fiorentina,8505,Fiorentina Primavera,430,ACF Fiorentina,PERMANENT_OR_OTHER_EXPLICIT,-,TRANSFERMARKT_EXPANDED
2024/25,2024,IN,825499,Niccolò Nardi,430,ACF Fiorentina,4102,AC Carpi,430,ACF Fiorentina,LOAN_RETURN_OR_END_OF_LOAN,End of loan 08/01/2025,TRANSFERMARKT_EXPANDED
2024/25,2024,IN,340394,Abdelhamid Sabiri,430,ACF Fiorentina,24724,Ajman Club,430,ACF Fiorentina,LOAN_RETURN_OR_END_OF_LOAN,End of loan 29/01/2025,TRANSFERMARKT_EXPANDED
2024/25,2024,IN,459707,Eduard Duțu,430,ACF Fiorentina,46337,Pineto Calcio,430,ACF Fiorentina,LOAN_RETURN_OR_END_OF_LOAN,End of loan 23/01/2025,TRANSFERMARKT_EXPANDED
2024/25,2024,IN,650996,Bruno Prati,430,ACF Fiorentina,4333,US Grosseto 1912,430,ACF Fiorentina,LOAN_RETURN_OR_END_OF_LOAN,End of loan 30/06/2024,TRANSFERMARKT_EXPANDED
2024/25,2024,IN,602124,Alessandro Bianco,430,ACF Fiorentina,5621,AC Reggiana 1919,430,ACF Fiorentina,LOAN_RETURN_OR_END_OF_LOAN,End of loan 30/06/2024,TRANSFERMARKT_EXPANDED
2024/25,2024,IN,679271,Davide Gentile,430,ACF Fiorentina,4163,US Fiorenzuola 1922,430,ACF Fiorentina,LOAN_RETURN_OR_END_OF_LOAN,End of loan 30/06/2024,TRANSFERMARKT_EXPANDED
2024/25,2024,IN,392033,Gabriele Ferrarini,430,ACF Fiorentina,9439,Feralpisalò,430,ACF Fiorentina,LOAN_RETURN_OR_END_OF_LOAN,End of loan 30/06/2024,TRANSFERMARKT_EXPANDED
2024/25,2024,IN,534083,Edoardo Pierozzi,430,ACF Fiorentina,1429,Cesena FC,430,ACF Fiorentina,LOAN_RETURN_OR_END_OF_LOAN,End of loan 30/06/2024,TRANSFERMARKT_EXPANDED
2024/25,2024,IN,820635,Costantino Favasuli,430,ACF Fiorentina,1103,Ternana Calcio,430,ACF Fiorentina,LOAN_RETURN_OR_END_OF_LOAN,End of loan 30/06/2024,TRANSFERMARKT_EXPANDED
2024/25,2024,IN,567454,Lorenzo Lucchesi,430,ACF Fiorentina,1103,Ternana Calcio,430,ACF Fiorentina,LOAN_RETURN_OR_END_OF_LOAN,End of loan 30/06/2024,TRANSFERMARKT_EXPANDED
2024/25,2024,IN,669915,Filippo Distefano,430,ACF Fiorentina,1103,Ternana Calcio,430,ACF Fiorentina,LOAN_RETURN_OR_END_OF_LOAN,End of loan 30/06/2024,TRANSFERMARKT_EXPANDED
2024/25,2024,IN,704176,Destiny Egharevba,430,ACF Fiorentina,27624,US Recanatese,430,ACF Fiorentina,LOAN_RETURN_OR_END_OF_LOAN,End of loan 30/06/2024,TRANSFERMARKT_EXPANDED
2024/25,2024,IN,287579,Sofyan Amrabat,430,ACF Fiorentina,985,Manchester United,430,ACF Fiorentina,LOAN_RETURN_OR_END_OF_LOAN,End of loan 30/06/2024,TRANSFERMARKT_EXPANDED
2024/25,2024,IN,89086,Aleksandr Kokorin,430,ACF Fiorentina,10586,Aris Limassol,430,ACF Fiorentina,LOAN_RETURN_OR_END_OF_LOAN,End of loan 30/06/2024,TRANSFERMARKT_EXPANDED
2024/25,2024,IN,547786,Louis Munteanu,430,ACF Fiorentina,29831,FCV Farul Constanta,430,ACF Fiorentina,LOAN_RETURN_OR_END_OF_LOAN,End of loan 30/06/2024,TRANSFERMARKT_EXPANDED
2024/25,2024,IN,459707,Eduard Duțu,430,ACF Fiorentina,49939,Virtus Francavilla Calcio,430,ACF Fiorentina,LOAN_RETURN_OR_END_OF_LOAN,End of loan 30/06/2024,TRANSFERMARKT_EXPANDED
2024/25,2024,IN,534084,Niccolò Pierozzi,430,ACF Fiorentina,380,US Salernitana 1919,430,ACF Fiorentina,LOAN_RETURN_OR_END_OF_LOAN,End of loan 30/06/2024,TRANSFERMARKT_EXPANDED
2024/25,2024,IN,724418,Eljon Toci,430,ACF Fiorentina,2254,Pro Sesto 1913,430,ACF Fiorentina,LOAN_RETURN_OR_END_OF_LOAN,End of loan 30/06/2024,TRANSFERMARKT_EXPANDED
2024/25,2024,IN,658612,Dimo Krastev,430,ACF Fiorentina,9439,Feralpisalò,430,ACF Fiorentina,LOAN_RETURN_OR_END_OF_LOAN,End of loan 30/06/2024,TRANSFERMARKT_EXPANDED
2024/25,2024,IN,561150,Vittorio Agostinelli,430,ACF Fiorentina,49939,Virtus Francavilla Calcio,430,ACF Fiorentina,LOAN_RETURN_OR_END_OF_LOAN,End of loan 30/06/2024,TRANSFERMARKT_EXPANDED
2024/25,2024,IN,293169,Josip Brekalo,430,ACF Fiorentina,447,HNK Hajduk Split,430,ACF Fiorentina,LOAN_RETURN_OR_END_OF_LOAN,End of loan 30/06/2024,TRANSFERMARKT_EXPANDED
2024/25,2024,IN,487829,Christian Dalle Mura,430,ACF Fiorentina,1103,Ternana Calcio,430,ACF Fiorentina,LOAN_RETURN_OR_END_OF_LOAN,End of loan 30/06/2024,TRANSFERMARKT_EXPANDED
2024/25,2024,IN,707450,Lorenzo Amatucci,430,ACF Fiorentina,1103,Ternana Calcio,430,ACF Fiorentina,LOAN_RETURN_OR_END_OF_LOAN,End of loan 30/06/2024,TRANSFERMARKT_EXPANDED
2024/25,2024,IN,459704,Mattia Fiorini,430,ACF Fiorentina,27624,US Recanatese,430,ACF Fiorentina,LOAN_RETURN_OR_END_OF_LOAN,End of loan 30/06/2024,TRANSFERMARKT_EXPANDED
2024/25,2024,IN,650996,Bruno Prati,430,ACF Fiorentina,99015,SSD Zenith Prato,430,ACF Fiorentina,LOAN_RETURN_OR_END_OF_LOAN,End of loan 17/12/2024,TRANSFERMARKT_EXPANDED
2024/25,2024,OUT,413507,Nikola Milenković,430,ACF Fiorentina,430,ACF Fiorentina,703,Nottingham Forest,PERMANENT_OR_OTHER_EXPLICIT,€12.30m,TRANSFERMARKT_EXPANDED
2024/25,2024,OUT,486031,Nico González,430,ACF Fiorentina,430,ACF Fiorentina,506,Juventus FC,LOAN,Loan fee: €8.40m,TRANSFERMARKT_EXPANDED
2024/25,2024,OUT,373373,Lucas Martínez Quarta,430,ACF Fiorentina,430,ACF Fiorentina,209,CA River Plate,PERMANENT_OR_OTHER_EXPLICIT,€7.00m,TRANSFERMARKT_EXPANDED
2024/25,2024,OUT,547786,Louis Munteanu,430,ACF Fiorentina,430,ACF Fiorentina,7769,CFR Cluj,PERMANENT_OR_OTHER_EXPLICIT,€2.30m,TRANSFERMARKT_EXPANDED
2024/25,2024,OUT,354814,M'Bala Nzola,430,ACF Fiorentina,430,ACF Fiorentina,826,RC Lens,LOAN,Loan fee: €2.10m,TRANSFERMARKT_EXPANDED
2024/25,2024,OUT,287579,Sofyan Amrabat,430,ACF Fiorentina,430,ACF Fiorentina,36,Fenerbahce,LOAN,Loan fee: €2.00m,TRANSFERMARKT_EXPANDED
2024/25,2024,OUT,534084,Niccolò Pierozzi,430,ACF Fiorentina,430,ACF Fiorentina,458,Palermo FC,PERMANENT_OR_OTHER_EXPLICIT,€1.00m,TRANSFERMARKT_EXPANDED
2024/25,2024,OUT,324690,Jonathan Ikoné,430,ACF Fiorentina,430,ACF Fiorentina,1047,Como 1907,LOAN,Loan fee: €1.00m,TRANSFERMARKT_EXPANDED
2024/25,2024,OUT,386455,Riccardo Sottil,430,ACF Fiorentina,430,ACF Fiorentina,5,AC Milan,LOAN,Loan fee: €750k,TRANSFERMARKT_EXPANDED
2024/25,2024,OUT,823486,Michael Kayode,430,ACF Fiorentina,430,ACF Fiorentina,1148,Brentford FC,LOAN,Loan fee: €500k,TRANSFERMARKT_EXPANDED
2024/25,2024,OUT,860992,Nicolás Valentini,430,ACF Fiorentina,430,ACF Fiorentina,276,Hellas Verona,LOAN,Loan fee: €200k,TRANSFERMARKT_EXPANDED
2024/25,2024,OUT,459704,Mattia Fiorini,430,ACF Fiorentina,430,ACF Fiorentina,4111,Rimini FC,FREE_TRANSFER,free transfer,TRANSFERMARKT_EXPANDED
2024/25,2024,OUT,303116,Gaetano Castrovilli,430,ACF Fiorentina,430,ACF Fiorentina,398,SS Lazio,FREE_TRANSFER,free transfer,TRANSFERMARKT_EXPANDED
2024/25,2024,OUT,650996,Bruno Prati,430,ACF Fiorentina,430,ACF Fiorentina,60475,SSD Ponte Buggianese,FREE_TRANSFER,free transfer,TRANSFERMARKT_EXPANDED
2024/25,2024,OUT,89086,Aleksandr Kokorin,430,ACF Fiorentina,430,ACF Fiorentina,10586,Aris Limassol,FREE_TRANSFER,free transfer,TRANSFERMARKT_EXPANDED
2024/25,2024,OUT,57280,Giacomo Bonaventura,430,ACF Fiorentina,430,ACF Fiorentina,9840,Al-Shabab FC,FREE_TRANSFER,free transfer,TRANSFERMARKT_EXPANDED
2024/25,2024,OUT,184894,Alfred Duncan,430,ACF Fiorentina,430,ACF Fiorentina,607,Venezia FC,FREE_TRANSFER,free transfer,TRANSFERMARKT_EXPANDED
2024/25,2024,OUT,704176,Destiny Egharevba,430,ACF Fiorentina,430,ACF Fiorentina,24898,AC Renate,FREE_TRANSFER,free transfer,TRANSFERMARKT_EXPANDED
2024/25,2024,OUT,650996,Bruno Prati,430,ACF Fiorentina,430,ACF Fiorentina,99015,SSD Zenith Prato,LOAN,loan transfer,TRANSFERMARKT_EXPANDED
2024/25,2024,OUT,293169,Josip Brekalo,430,ACF Fiorentina,430,ACF Fiorentina,10484,Kasimpasa,LOAN,loan transfer,TRANSFERMARKT_EXPANDED
2024/25,2024,OUT,707450,Lorenzo Amatucci,430,ACF Fiorentina,430,ACF Fiorentina,380,US Salernitana 1919,LOAN,loan transfer,TRANSFERMARKT_EXPANDED
2024/25,2024,OUT,567454,Lorenzo Lucchesi,430,ACF Fiorentina,430,ACF Fiorentina,607,Venezia FC,LOAN,loan transfer,TRANSFERMARKT_EXPANDED
2024/25,2024,OUT,272261,Antonín Barák,430,ACF Fiorentina,430,ACF Fiorentina,10484,Kasimpasa,LOAN,loan transfer,TRANSFERMARKT_EXPANDED
2024/25,2024,OUT,679271,Davide Gentile,430,ACF Fiorentina,430,ACF Fiorentina,380,US Salernitana 1919,LOAN,loan transfer,TRANSFERMARKT_EXPANDED
2024/25,2024,OUT,534083,Edoardo Pierozzi,430,ACF Fiorentina,430,ACF Fiorentina,2921,Delfino Pescara 1936,LOAN,loan transfer,TRANSFERMARKT_EXPANDED
2024/25,2024,OUT,602124,Alessandro Bianco,430,ACF Fiorentina,430,ACF Fiorentina,2919,AC Monza,LOAN,loan transfer,TRANSFERMARKT_EXPANDED
2024/25,2024,OUT,487829,Christian Dalle Mura,430,ACF Fiorentina,430,ACF Fiorentina,4031,Cosenza Calcio,PERMANENT_OR_OTHER_EXPLICIT,?,TRANSFERMARKT_EXPANDED
2024/25,2024,OUT,984964,Niccolò Fortini,430,ACF Fiorentina,430,ACF Fiorentina,5587,SS Juve Stabia,LOAN,loan transfer,TRANSFERMARKT_EXPANDED
2024/25,2024,OUT,658612,Dimo Krastev,430,ACF Fiorentina,430,ACF Fiorentina,1103,Ternana Calcio,LOAN,loan transfer,TRANSFERMARKT_EXPANDED
2024/25,2024,OUT,669915,Filippo Distefano,430,ACF Fiorentina,430,ACF Fiorentina,8970,Frosinone Calcio,LOAN,loan transfer,TRANSFERMARKT_EXPANDED
2024/25,2024,OUT,124555,Cristiano Biraghi,430,ACF Fiorentina,430,ACF Fiorentina,416,Torino FC,LOAN,loan transfer,TRANSFERMARKT_EXPANDED
2024/25,2024,OUT,337725,Christian Kouamé,430,ACF Fiorentina,430,ACF Fiorentina,749,FC Empoli,LOAN,loan transfer,TRANSFERMARKT_EXPANDED
2024/25,2024,OUT,340394,Abdelhamid Sabiri,430,ACF Fiorentina,430,ACF Fiorentina,28844,Al-Taawoun FC,LOAN,loan transfer,TRANSFERMARKT_EXPANDED
2024/25,2024,OUT,459707,Eduard Duțu,430,ACF Fiorentina,430,ACF Fiorentina,704,Calcio Foggia 1920,LOAN,loan transfer,TRANSFERMARKT_EXPANDED
2024/25,2024,OUT,471936,Oliver Christensen,430,ACF Fiorentina,430,ACF Fiorentina,380,US Salernitana 1919,LOAN,loan transfer,TRANSFERMARKT_EXPANDED
2024/25,2024,OUT,825499,Niccolò Nardi,430,ACF Fiorentina,430,ACF Fiorentina,34499,US Pianese,LOAN,loan transfer,TRANSFERMARKT_EXPANDED
2024/25,2024,OUT,831162,Gino Infantino,430,ACF Fiorentina,430,ACF Fiorentina,2150,Al-Ain FC,LOAN,loan transfer,TRANSFERMARKT_EXPANDED
2024/25,2024,OUT,340394,Abdelhamid Sabiri,430,ACF Fiorentina,430,ACF Fiorentina,24724,Ajman Club,LOAN,loan transfer,TRANSFERMARKT_EXPANDED
2024/25,2024,OUT,820635,Costantino Favasuli,430,ACF Fiorentina,430,ACF Fiorentina,332,SSC Bari,LOAN,loan transfer,TRANSFERMARKT_EXPANDED
2024/25,2024,OUT,724418,Eljon Toci,430,ACF Fiorentina,430,ACF Fiorentina,4146,Aurora Pro Patria,LOAN,loan transfer,TRANSFERMARKT_EXPANDED
2024/25,2024,OUT,459707,Eduard Duțu,430,ACF Fiorentina,430,ACF Fiorentina,46337,Pineto Calcio,LOAN,loan transfer,TRANSFERMARKT_EXPANDED
2024/25,2024,OUT,561150,Vittorio Agostinelli,430,ACF Fiorentina,430,ACF Fiorentina,515,Without Club,FREE_AGENT_OR_END_OF_CONTRACT,-,TRANSFERMARKT_EXPANDED
2024/25,2024,OUT,362842,Arthur Melo,430,ACF Fiorentina,430,ACF Fiorentina,506,Juventus FC,LOAN_RETURN_OR_END_OF_LOAN,End of loan 30/06/2024,TRANSFERMARKT_EXPANDED
2024/25,2024,OUT,290862,Maxime Lopez,430,ACF Fiorentina,430,ACF Fiorentina,6574,US Sassuolo,LOAN_RETURN_OR_END_OF_LOAN,End of loan 30/06/2024,TRANSFERMARKT_EXPANDED
2024/25,2024,OUT,73926,Davide Faraoni,430,ACF Fiorentina,430,ACF Fiorentina,276,Hellas Verona,LOAN_RETURN_OR_END_OF_LOAN,End of loan 30/06/2024,TRANSFERMARKT_EXPANDED
2024/25,2024,OUT,167727,Andrea Belotti,430,ACF Fiorentina,430,ACF Fiorentina,12,AS Roma,LOAN_RETURN_OR_END_OF_LOAN,End of loan 30/06/2024,TRANSFERMARKT_EXPANDED
2024/25,2024,IN,622380,Cesare Casadei,416,Torino FC,631,Chelsea FC,416,Torino FC,PERMANENT_OR_OTHER_EXPLICIT,€13.00m,TRANSFERMARKT_EXPANDED
2024/25,2024,IN,73794,Duván Zapata,416,Torino FC,800,Atalanta BC,416,Torino FC,PERMANENT_OR_OTHER_EXPLICIT,€8.60m,TRANSFERMARKT_EXPANDED
2024/25,2024,IN,588426,Saúl Coco,416,Torino FC,472,UD Las Palmas,416,Torino FC,PERMANENT_OR_OTHER_EXPLICIT,€8.23m,TRANSFERMARKT_EXPANDED
2024/25,2024,IN,345458,Sebastian Walukiewicz,416,Torino FC,749,FC Empoli,416,Torino FC,PERMANENT_OR_OTHER_EXPLICIT,€4.70m,TRANSFERMARKT_EXPANDED
2024/25,2024,IN,249730,Guillermo Maripán,416,Torino FC,162,AS Monaco,416,Torino FC,PERMANENT_OR_OTHER_EXPLICIT,€4.60m,TRANSFERMARKT_EXPANDED
2024/25,2024,IN,286949,Adam Masina,416,Torino FC,410,Udinese Calcio,416,Torino FC,PERMANENT_OR_OTHER_EXPLICIT,€1.00m,TRANSFERMARKT_EXPANDED
2024/25,2024,IN,583404,Marcus Pedersen,416,Torino FC,234,Feyenoord Rotterdam,416,Torino FC,LOAN,Loan fee: €1.00m,TRANSFERMARKT_EXPANDED
2024/25,2024,IN,980576,Amine Salama,416,Torino FC,1421,Stade Reims,416,Torino FC,LOAN,Loan fee: €200k,TRANSFERMARKT_EXPANDED
2024/25,2024,IN,88685,Antonio Donnarumma,416,Torino FC,3037,Calcio Padova,416,Torino FC,FREE_TRANSFER,free transfer,TRANSFERMARKT_EXPANDED
2024/25,2024,IN,163048,Alberto Paleari,416,Torino FC,4171,Benevento Calcio,416,Torino FC,FREE_TRANSFER,free transfer,TRANSFERMARKT_EXPANDED
2024/25,2024,IN,346779,Ché Adams,416,Torino FC,180,Southampton FC,416,Torino FC,FREE_TRANSFER,free transfer,TRANSFERMARKT_EXPANDED
2024/25,2024,IN,400489,Eljif Elmas,416,Torino FC,23826,RB Leipzig,416,Torino FC,LOAN,loan transfer,TRANSFERMARKT_EXPANDED
2024/25,2024,IN,124555,Cristiano Biraghi,416,Torino FC,430,ACF Fiorentina,416,Torino FC,LOAN,loan transfer,TRANSFERMARKT_EXPANDED
2024/25,2024,IN,293194,Borna Sosa,416,Torino FC,610,Ajax Amsterdam,416,Torino FC,LOAN,loan transfer,TRANSFERMARKT_EXPANDED
2024/25,2024,IN,724108,Aaron Ciammaglichella,416,Torino FC,12130,Torino Primavera,416,Torino FC,PERMANENT_OR_OTHER_EXPLICIT,-,TRANSFERMARKT_EXPANDED
2024/25,2024,IN,980632,Sergiu Perciun,416,Torino FC,12130,Torino Primavera,416,Torino FC,PERMANENT_OR_OTHER_EXPLICIT,-,TRANSFERMARKT_EXPANDED
2024/25,2024,IN,934527,Alieu Njie,416,Torino FC,12130,Torino Primavera,416,Torino FC,PERMANENT_OR_OTHER_EXPLICIT,-,TRANSFERMARKT_EXPANDED
2024/25,2024,IN,704825,Alessandro Dellavalle,416,Torino FC,12130,Torino Primavera,416,Torino FC,PERMANENT_OR_OTHER_EXPLICIT,-,TRANSFERMARKT_EXPANDED
2024/25,2024,IN,1059298,Côme Bianay Balcot,416,Torino FC,12130,Torino Primavera,416,Torino FC,PERMANENT_OR_OTHER_EXPLICIT,-,TRANSFERMARKT_EXPANDED
2024/25,2024,IN,928900,Zanos Savva,416,Torino FC,12130,Torino Primavera,416,Torino FC,PERMANENT_OR_OTHER_EXPLICIT,-,TRANSFERMARKT_EXPANDED
2024/25,2024,IN,804799,Ange N'Guessan,416,Torino FC,1103,Ternana Calcio,416,Torino FC,LOAN_RETURN_OR_END_OF_LOAN,End of loan 30/06/2024,TRANSFERMARKT_EXPANDED
2024/25,2024,IN,704744,Tommaso Di Marco,416,Torino FC,49939,Virtus Francavilla Calcio,416,Torino FC,LOAN_RETURN_OR_END_OF_LOAN,End of loan 30/06/2024,TRANSFERMARKT_EXPANDED
2024/25,2024,IN,706380,Lado Akhalaia,416,Torino FC,9284,Swift Hesperange,416,Torino FC,LOAN_RETURN_OR_END_OF_LOAN,End of loan 30/06/2024,TRANSFERMARKT_EXPANDED
2024/25,2024,IN,417896,Nicola Rauti,416,Torino FC,4554,FC Südtirol,416,Torino FC,LOAN_RETURN_OR_END_OF_LOAN,End of loan 30/06/2024,TRANSFERMARKT_EXPANDED
2024/25,2024,IN,704742,Giorgio Savini,416,Torino FC,6692,Novara FC,416,Torino FC,LOAN_RETURN_OR_END_OF_LOAN,End of loan 30/06/2024,TRANSFERMARKT_EXPANDED
2024/25,2024,IN,617164,Pietro Passador,416,Torino FC,26789,FC Pro Vercelli 1892,416,Torino FC,LOAN_RETURN_OR_END_OF_LOAN,End of loan 02/02/2025,TRANSFERMARKT_EXPANDED
2024/25,2024,IN,522681,Ben Lhassine Kone,416,Torino FC,1047,Como 1907,416,Torino FC,LOAN_RETURN_OR_END_OF_LOAN,End of loan 30/06/2024,TRANSFERMARKT_EXPANDED
2024/25,2024,IN,543736,Krisztofer Horváth,416,Torino FC,12423,Kecskeméti TE,416,Torino FC,LOAN_RETURN_OR_END_OF_LOAN,End of loan 30/06/2024,TRANSFERMARKT_EXPANDED
2024/25,2024,IN,743091,Emirhan İlkhan,416,Torino FC,6890,Basaksehir FK,416,Torino FC,LOAN_RETURN_OR_END_OF_LOAN,End of loan 30/06/2024,TRANSFERMARKT_EXPANDED
2024/25,2024,IN,715470,Brian Bayeye,416,Torino FC,408,Ascoli Calcio,416,Torino FC,LOAN_RETURN_OR_END_OF_LOAN,End of loan 30/06/2024,TRANSFERMARKT_EXPANDED
2024/25,2024,IN,1004344,Ali Dembélé,416,Torino FC,607,Venezia FC,416,Torino FC,LOAN_RETURN_OR_END_OF_LOAN,End of loan 30/06/2024,TRANSFERMARKT_EXPANDED
2024/25,2024,IN,551752,Demba Seck,416,Torino FC,8970,Frosinone Calcio,416,Torino FC,LOAN_RETURN_OR_END_OF_LOAN,End of loan 30/06/2024,TRANSFERMARKT_EXPANDED
2024/25,2024,IN,716668,Kevin Haveri,416,Torino FC,1627,Catania FC,416,Torino FC,LOAN_RETURN_OR_END_OF_LOAN,End of loan 30/06/2024,TRANSFERMARKT_EXPANDED
2024/25,2024,IN,245078,Nemanja Radonjic,416,Torino FC,237,RCD Mallorca,416,Torino FC,LOAN_RETURN_OR_END_OF_LOAN,End of loan 30/06/2024,TRANSFERMARKT_EXPANDED
2024/25,2024,IN,716668,Kevin Haveri,416,Torino FC,18642,Campobasso FC,416,Torino FC,LOAN_RETURN_OR_END_OF_LOAN,End of loan 02/02/2025,TRANSFERMARKT_EXPANDED
2024/25,2024,IN,704744,Tommaso Di Marco,416,Torino FC,5587,SS Juve Stabia,416,Torino FC,LOAN_RETURN_OR_END_OF_LOAN,End of loan 02/02/2025,TRANSFERMARKT_EXPANDED
2024/25,2024,IN,324804,Yann Karamoh,416,Torino FC,969,Montpellier HSC,416,Torino FC,LOAN_RETURN_OR_END_OF_LOAN,End of loan 30/06/2024,TRANSFERMARKT_EXPANDED
2024/25,2024,OUT,386446,Alessandro Buongiorno,416,Torino FC,416,Torino FC,6195,SSC Napoli,PERMANENT_OR_OTHER_EXPLICIT,€36.50m,TRANSFERMARKT_EXPANDED
2024/25,2024,OUT,357992,Raoul Bellanova,416,Torino FC,416,Torino FC,800,Atalanta BC,PERMANENT_OR_OTHER_EXPLICIT,€24.30m,TRANSFERMARKT_EXPANDED
2024/25,2024,OUT,522681,Ben Lhassine Kone,416,Torino FC,416,Torino FC,1047,Como 1907,PERMANENT_OR_OTHER_EXPLICIT,€2.15m,TRANSFERMARKT_EXPANDED
2024/25,2024,OUT,336125,Mërgim Vojvoda,416,Torino FC,416,Torino FC,1047,Como 1907,PERMANENT_OR_OTHER_EXPLICIT,€2.00m,TRANSFERMARKT_EXPANDED
2024/25,2024,OUT,543736,Krisztofer Horváth,416,Torino FC,416,Torino FC,708,Újpest FC,PERMANENT_OR_OTHER_EXPLICIT,€1.00m,TRANSFERMARKT_EXPANDED
2024/25,2024,OUT,245078,Nemanja Radonjic,416,Torino FC,416,Torino FC,159,Red Star Belgrade,PERMANENT_OR_OTHER_EXPLICIT,€200k,TRANSFERMARKT_EXPANDED
2024/25,2024,OUT,463792,Luca Gemello,416,Torino FC,416,Torino FC,839,AC Perugia Calcio,FREE_TRANSFER,free transfer,TRANSFERMARKT_EXPANDED
2024/25,2024,OUT,86784,Ricardo Rodríguez,416,Torino FC,416,Torino FC,150,Real Betis Balompié,FREE_TRANSFER,free transfer,TRANSFERMARKT_EXPANDED
2024/25,2024,OUT,804799,Ange N'Guessan,416,Torino FC,416,Torino FC,26985,NK Bravo,LOAN,loan transfer,TRANSFERMARKT_EXPANDED
2024/25,2024,OUT,716668,Kevin Haveri,416,Torino FC,416,Torino FC,18642,Campobasso FC,LOAN,loan transfer,TRANSFERMARKT_EXPANDED
2024/25,2024,OUT,716668,Kevin Haveri,416,Torino FC,416,Torino FC,1104,ACR Messina,LOAN,loan transfer,TRANSFERMARKT_EXPANDED
2024/25,2024,OUT,704744,Tommaso Di Marco,416,Torino FC,416,Torino FC,9439,Feralpisalò,LOAN,loan transfer,TRANSFERMARKT_EXPANDED
2024/25,2024,OUT,704744,Tommaso Di Marco,416,Torino FC,416,Torino FC,5587,SS Juve Stabia,LOAN,loan transfer,TRANSFERMARKT_EXPANDED
2024/25,2024,OUT,1059298,Côme Bianay Balcot,416,Torino FC,416,Torino FC,4271,US Triestina,LOAN,loan transfer,TRANSFERMARKT_EXPANDED
2024/25,2024,OUT,815483,Jacopo Antolini,416,Torino FC,416,Torino FC,26789,FC Pro Vercelli 1892,LOAN,loan transfer,TRANSFERMARKT_EXPANDED
2024/25,2024,OUT,655456,Saba Sazonov,416,Torino FC,416,Torino FC,749,FC Empoli,LOAN,loan transfer,TRANSFERMARKT_EXPANDED
2024/25,2024,OUT,724108,Aaron Ciammaglichella,416,Torino FC,416,Torino FC,1103,Ternana Calcio,LOAN,loan transfer,TRANSFERMARKT_EXPANDED
2024/25,2024,OUT,617164,Pietro Passador,416,Torino FC,416,Torino FC,1103,Ternana Calcio,LOAN,loan transfer,TRANSFERMARKT_EXPANDED
2024/25,2024,OUT,551752,Demba Seck,416,Torino FC,416,Torino FC,4097,US Catanzaro,LOAN,loan transfer,TRANSFERMARKT_EXPANDED
2024/25,2024,OUT,715470,Brian Bayeye,416,Torino FC,416,Torino FC,7567,FK Radnicki Nis,LOAN,loan transfer,TRANSFERMARKT_EXPANDED
2024/25,2024,OUT,623412,Mihai Popa,416,Torino FC,416,Torino FC,7769,CFR Cluj,LOAN,loan transfer,TRANSFERMARKT_EXPANDED
2024/25,2024,OUT,704825,Alessandro Dellavalle,416,Torino FC,416,Torino FC,1385,Modena FC,LOAN,loan transfer,TRANSFERMARKT_EXPANDED
2024/25,2024,OUT,364133,Pietro Pellegri,416,Torino FC,416,Torino FC,749,FC Empoli,LOAN,loan transfer,TRANSFERMARKT_EXPANDED
2024/25,2024,OUT,417896,Nicola Rauti,416,Torino FC,416,Torino FC,2655,LR Vicenza,LOAN,loan transfer,TRANSFERMARKT_EXPANDED
2024/25,2024,OUT,617164,Pietro Passador,416,Torino FC,416,Torino FC,26789,FC Pro Vercelli 1892,LOAN,loan transfer,TRANSFERMARKT_EXPANDED
2024/25,2024,OUT,704742,Giorgio Savini,416,Torino FC,416,Torino FC,515,Without Club,FREE_AGENT_OR_END_OF_CONTRACT,-,TRANSFERMARKT_EXPANDED
2024/25,2024,OUT,706380,Lado Akhalaia,416,Torino FC,416,Torino FC,515,Without Club,FREE_AGENT_OR_END_OF_CONTRACT,-,TRANSFERMARKT_EXPANDED
2024/25,2024,OUT,183031,Koffi Djidji,416,Torino FC,416,Torino FC,515,Without Club,FREE_AGENT_OR_END_OF_CONTRACT,-,TRANSFERMARKT_EXPANDED
2024/25,2024,OUT,73794,Duván Zapata,416,Torino FC,416,Torino FC,800,Atalanta BC,LOAN_RETURN_OR_END_OF_LOAN,End of loan 30/06/2024,TRANSFERMARKT_EXPANDED
2024/25,2024,OUT,710968,Uros Kabic,416,Torino FC,416,Torino FC,159,Red Star Belgrade,LOAN_RETURN_OR_END_OF_LOAN,End of loan 30/06/2024,TRANSFERMARKT_EXPANDED
2024/25,2024,OUT,459655,Matteo Lovato,416,Torino FC,416,Torino FC,380,US Salernitana 1919,LOAN_RETURN_OR_END_OF_LOAN,End of loan 30/06/2024,TRANSFERMARKT_EXPANDED
2024/25,2024,OUT,286949,Adam Masina,416,Torino FC,416,Torino FC,410,Udinese Calcio,LOAN_RETURN_OR_END_OF_LOAN,End of loan 30/06/2024,TRANSFERMARKT_EXPANDED
2024/25,2024,OUT,413605,David Okereke,416,Torino FC,416,Torino FC,2239,US Cremonese,LOAN_RETURN_OR_END_OF_LOAN,End of loan 30/06/2024,TRANSFERMARKT_EXPANDED
2024/25,2024,IN,386446,Alessandro Buongiorno,6195,SSC Napoli,416,Torino FC,6195,SSC Napoli,PERMANENT_OR_OTHER_EXPLICIT,€36.50m,TRANSFERMARKT_EXPANDED
2024/25,2024,IN,96341,Romelu Lukaku,6195,SSC Napoli,631,Chelsea FC,6195,SSC Napoli,PERMANENT_OR_OTHER_EXPLICIT,€30.70m,TRANSFERMARKT_EXPANDED
2024/25,2024,IN,315969,Scott McTominay,6195,SSC Napoli,985,Manchester United,6195,SSC Napoli,PERMANENT_OR_OTHER_EXPLICIT,€30.50m,TRANSFERMARKT_EXPANDED
2024/25,2024,IN,469822,David Neres,6195,SSC Napoli,294,SL Benfica,6195,SSC Napoli,PERMANENT_OR_OTHER_EXPLICIT,€28.00m,TRANSFERMARKT_EXPANDED
2024/25,2024,IN,423744,Billy Gilmour,6195,SSC Napoli,1237,Brighton & Hove Albion,6195,SSC Napoli,PERMANENT_OR_OTHER_EXPLICIT,€14.75m,TRANSFERMARKT_EXPANDED
2024/25,2024,IN,662261,Rafa Marín,6195,SSC Napoli,418,Real Madrid,6195,SSC Napoli,PERMANENT_OR_OTHER_EXPLICIT,€12.00m,TRANSFERMARKT_EXPANDED
2024/25,2024,IN,346890,Noah Okafor,6195,SSC Napoli,5,AC Milan,6195,SSC Napoli,LOAN,Loan fee: €1.90m,TRANSFERMARKT_EXPANDED
2024/25,2024,IN,724178,Luis Hasa,6195,SSC Napoli,1005,US Lecce,6195,SSC Napoli,PERMANENT_OR_OTHER_EXPLICIT,€500k,TRANSFERMARKT_EXPANDED
2024/25,2024,IN,433584,Alessio Zerbin,6195,SSC Napoli,2919,AC Monza,6195,SSC Napoli,LOAN_RETURN_OR_END_OF_LOAN,End of loan 30/06/2024 €160k,TRANSFERMARKT_EXPANDED
2024/25,2024,IN,118689,Leonardo Spinazzola,6195,SSC Napoli,12,AS Roma,6195,SSC Napoli,FREE_TRANSFER,free transfer,TRANSFERMARKT_EXPANDED
2024/25,2024,IN,238993,Simone Scuffet,6195,SSC Napoli,1390,Cagliari Calcio,6195,SSC Napoli,LOAN,loan transfer,TRANSFERMARKT_EXPANDED
2024/25,2024,IN,320411,Philip Billing,6195,SSC Napoli,989,AFC Bournemouth,6195,SSC Napoli,LOAN,loan transfer,TRANSFERMARKT_EXPANDED
2024/25,2024,IN,724099,Claudio Turi,6195,SSC Napoli,12819,Napoli Primavera,6195,SSC Napoli,PERMANENT_OR_OTHER_EXPLICIT,-,TRANSFERMARKT_EXPANDED
2024/25,2024,IN,704456,Nosa Edward Obaretin,6195,SSC Napoli,4095,AC Trento,6195,SSC Napoli,LOAN_RETURN_OR_END_OF_LOAN,End of loan 30/06/2024,TRANSFERMARKT_EXPANDED
2024/25,2024,IN,535797,Lorenzo Sgarbi,6195,SSC Napoli,2331,US Avellino 1912,6195,SSC Napoli,LOAN_RETURN_OR_END_OF_LOAN,End of loan 30/06/2024,TRANSFERMARKT_EXPANDED
2024/25,2024,IN,421873,Elia Caprile,6195,SSC Napoli,749,FC Empoli,6195,SSC Napoli,LOAN_RETURN_OR_END_OF_LOAN,End of loan 30/06/2024,TRANSFERMARKT_EXPANDED
2024/25,2024,IN,703240,Gennaro Iaccarino,6195,SSC Napoli,33734,SS Monopoli 1966,6195,SSC Napoli,LOAN_RETURN_OR_END_OF_LOAN,End of loan 30/06/2024,TRANSFERMARKT_EXPANDED
2024/25,2024,IN,707295,Giuseppe Ambrosino,6195,SSC Napoli,4097,US Catanzaro,6195,SSC Napoli,LOAN_RETURN_OR_END_OF_LOAN,End of loan 30/06/2024,TRANSFERMARKT_EXPANDED
2024/25,2024,IN,395190,Francesco Mezzoni,6195,SSC Napoli,839,AC Perugia Calcio,6195,SSC Napoli,LOAN_RETURN_OR_END_OF_LOAN,End of loan 30/06/2024,TRANSFERMARKT_EXPANDED
2024/25,2024,IN,566936,Antonio Cioffi,6195,SSC Napoli,1388,Ancona Calcio,6195,SSC Napoli,LOAN_RETURN_OR_END_OF_LOAN,End of loan 30/06/2024,TRANSFERMARKT_EXPANDED
2024/25,2024,IN,377042,Michael Folorunsho,6195,SSC Napoli,276,Hellas Verona,6195,SSC Napoli,LOAN_RETURN_OR_END_OF_LOAN,End of loan 30/06/2024,TRANSFERMARKT_EXPANDED
2024/25,2024,IN,814459,Alessandro Spavone,6195,SSC Napoli,49939,Virtus Francavilla Calcio,6195,SSC Napoli,LOAN_RETURN_OR_END_OF_LOAN,End of loan 29/01/2025,TRANSFERMARKT_EXPANDED
2024/25,2024,IN,521407,Walid Cheddira,6195,SSC Napoli,8970,Frosinone Calcio,6195,SSC Napoli,LOAN_RETURN_OR_END_OF_LOAN,End of loan 30/06/2024,TRANSFERMARKT_EXPANDED
2024/25,2024,IN,820633,Coli Saco,6195,SSC Napoli,1388,Ancona Calcio,6195,SSC Napoli,LOAN_RETURN_OR_END_OF_LOAN,End of loan 30/06/2024,TRANSFERMARKT_EXPANDED
2024/25,2024,IN,397225,Alessandro Zanoli,6195,SSC Napoli,380,US Salernitana 1919,6195,SSC Napoli,LOAN_RETURN_OR_END_OF_LOAN,End of loan 30/06/2024,TRANSFERMARKT_EXPANDED
2024/25,2024,IN,818581,Matteo Marchisano,6195,SSC Napoli,7197,Potenza Calcio,6195,SSC Napoli,LOAN_RETURN_OR_END_OF_LOAN,End of loan 30/06/2024,TRANSFERMARKT_EXPANDED
2024/25,2024,IN,662562,Giuseppe D'Agostino,6195,SSC Napoli,49430,AZ Picerno,6195,SSC Napoli,LOAN_RETURN_OR_END_OF_LOAN,End of loan 30/06/2024,TRANSFERMARKT_EXPANDED
2024/25,2024,IN,358008,Gianluca Gaetano,6195,SSC Napoli,1390,Cagliari Calcio,6195,SSC Napoli,LOAN_RETURN_OR_END_OF_LOAN,End of loan 30/06/2024,TRANSFERMARKT_EXPANDED
2024/25,2024,IN,535797,Lorenzo Sgarbi,6195,SSC Napoli,332,SSC Bari,6195,SSC Napoli,LOAN_RETURN_OR_END_OF_LOAN,End of loan 07/01/2025,TRANSFERMARKT_EXPANDED
2024/25,2024,OUT,502670,Khvicha Kvaratskhelia,6195,SSC Napoli,6195,SSC Napoli,583,Paris Saint-Germain,PERMANENT_OR_OTHER_EXPLICIT,€80.00m,TRANSFERMARKT_EXPANDED
2024/25,2024,OUT,367284,Leo Østigård,6195,SSC Napoli,6195,SSC Napoli,273,Stade Rennais FC,PERMANENT_OR_OTHER_EXPLICIT,€7.37m,TRANSFERMARKT_EXPANDED
2024/25,2024,OUT,513245,Jesper Lindstrøm,6195,SSC Napoli,6195,SSC Napoli,29,Everton FC,LOAN,Loan fee: €2.44m,TRANSFERMARKT_EXPANDED
2024/25,2024,OUT,468066,Jens Cajuste,6195,SSC Napoli,6195,SSC Napoli,677,Ipswich Town,LOAN,Loan fee: €1.50m,TRANSFERMARKT_EXPANDED
2024/25,2024,OUT,735568,Natan,6195,SSC Napoli,6195,SSC Napoli,150,Real Betis Balompié,LOAN,Loan fee: €1.00m,TRANSFERMARKT_EXPANDED
2024/25,2024,OUT,377042,Michael Folorunsho,6195,SSC Napoli,6195,SSC Napoli,430,ACF Fiorentina,LOAN,Loan fee: €1.00m,TRANSFERMARKT_EXPANDED
2024/25,2024,OUT,521407,Walid Cheddira,6195,SSC Napoli,6195,SSC Napoli,714,RCD Espanyol Barcelona,LOAN,Loan fee: €500k,TRANSFERMARKT_EXPANDED
2024/25,2024,OUT,397225,Alessandro Zanoli,6195,SSC Napoli,6195,SSC Napoli,252,Genoa CFC,LOAN,Loan fee: €500k,TRANSFERMARKT_EXPANDED
2024/25,2024,OUT,433584,Alessio Zerbin,6195,SSC Napoli,6195,SSC Napoli,607,Venezia FC,LOAN,Loan fee: €300k,TRANSFERMARKT_EXPANDED
2024/25,2024,OUT,181136,Piotr Zielinski,6195,SSC Napoli,6195,SSC Napoli,46,Inter Milan,FREE_TRANSFER,free transfer,TRANSFERMARKT_EXPANDED
2024/25,2024,OUT,555557,Hubert Idasiak,6195,SSC Napoli,6195,SSC Napoli,256,LKS Lodz,FREE_TRANSFER,free transfer,TRANSFERMARKT_EXPANDED
2024/25,2024,OUT,82070,Diego Demme,6195,SSC Napoli,6195,SSC Napoli,44,Hertha BSC,FREE_TRANSFER,free transfer,TRANSFERMARKT_EXPANDED
2024/25,2024,OUT,401923,Victor Osimhen,6195,SSC Napoli,6195,SSC Napoli,141,Galatasaray,LOAN,loan transfer,TRANSFERMARKT_EXPANDED
2024/25,2024,OUT,566936,Antonio Cioffi,6195,SSC Napoli,6195,SSC Napoli,4111,Rimini FC,LOAN,loan transfer,TRANSFERMARKT_EXPANDED
2024/25,2024,OUT,703240,Gennaro Iaccarino,6195,SSC Napoli,6195,SSC Napoli,4326,AS Gubbio 1910,LOAN,loan transfer,TRANSFERMARKT_EXPANDED
2024/25,2024,OUT,535797,Lorenzo Sgarbi,6195,SSC Napoli,6195,SSC Napoli,332,SSC Bari,LOAN,loan transfer,TRANSFERMARKT_EXPANDED
2024/25,2024,OUT,704456,Nosa Edward Obaretin,6195,SSC Napoli,6195,SSC Napoli,332,SSC Bari,LOAN,loan transfer,TRANSFERMARKT_EXPANDED
2024/25,2024,OUT,535797,Lorenzo Sgarbi,6195,SSC Napoli,6195,SSC Napoli,5587,SS Juve Stabia,LOAN,loan transfer,TRANSFERMARKT_EXPANDED
2024/25,2024,OUT,662562,Giuseppe D'Agostino,6195,SSC Napoli,6195,SSC Napoli,9818,Giugliano Calcio 1928,LOAN,loan transfer,TRANSFERMARKT_EXPANDED
2024/25,2024,OUT,395190,Francesco Mezzoni,6195,SSC Napoli,6195,SSC Napoli,839,AC Perugia Calcio,LOAN,loan transfer,TRANSFERMARKT_EXPANDED
2024/25,2024,OUT,707295,Giuseppe Ambrosino,6195,SSC Napoli,6195,SSC Napoli,8970,Frosinone Calcio,LOAN,loan transfer,TRANSFERMARKT_EXPANDED
2024/25,2024,OUT,421873,Elia Caprile,6195,SSC Napoli,6195,SSC Napoli,1390,Cagliari Calcio,LOAN,loan transfer,TRANSFERMARKT_EXPANDED
2024/25,2024,OUT,818581,Matteo Marchisano,6195,SSC Napoli,6195,SSC Napoli,6266,Cavese 1919,LOAN,loan transfer,TRANSFERMARKT_EXPANDED
2024/25,2024,OUT,820633,Coli Saco,6195,SSC Napoli,6195,SSC Napoli,332,SSC Bari,LOAN,loan transfer,TRANSFERMARKT_EXPANDED
2024/25,2024,OUT,358008,Gianluca Gaetano,6195,SSC Napoli,6195,SSC Napoli,1390,Cagliari Calcio,LOAN,loan transfer,TRANSFERMARKT_EXPANDED
2024/25,2024,OUT,168157,Leander Dendoncker,6195,SSC Napoli,6195,SSC Napoli,405,Aston Villa,LOAN_RETURN_OR_END_OF_LOAN,End of loan 30/06/2024,TRANSFERMARKT_EXPANDED
2024/25,2024,OUT,87884,Mário Rui,6195,SSC Napoli,6195,SSC Napoli,515,Without Club,FREE_AGENT_OR_END_OF_CONTRACT,-,TRANSFERMARKT_EXPANDED
2024/25,2024,OUT,814459,Alessandro Spavone,6195,SSC Napoli,6195,SSC Napoli,45894,Guidonia Montecelio 1937 FC,LOAN,loan transfer,TRANSFERMARKT_EXPANDED
2024/25,2024,OUT,244192,Pierluigi Gollini,6195,SSC Napoli,6195,SSC Napoli,800,Atalanta BC,LOAN_RETURN_OR_END_OF_LOAN,End of loan 30/06/2024,TRANSFERMARKT_EXPANDED
2024/25,2024,OUT,391065,Hamed Traoré,6195,SSC Napoli,6195,SSC Napoli,989,AFC Bournemouth,LOAN_RETURN_OR_END_OF_LOAN,End of loan 30/06/2024,TRANSFERMARKT_EXPANDED
2024/25,2024,IN,490384,Koni De Winter,252,Genoa CFC,506,Juventus FC,252,Genoa CFC,PERMANENT_OR_OTHER_EXPLICIT,€11.00m,TRANSFERMARKT_EXPANDED
2024/25,2024,IN,586853,Vitinha,252,Genoa CFC,244,Olympique Marseille,252,Genoa CFC,PERMANENT_OR_OTHER_EXPLICIT,€8.30m,TRANSFERMARKT_EXPANDED
2024/25,2024,IN,566615,Mikael Egill Ellertsson,252,Genoa CFC,607,Venezia FC,252,Genoa CFC,PERMANENT_OR_OTHER_EXPLICIT,€3.50m,TRANSFERMARKT_EXPANDED
2024/25,2024,IN,226524,Morten Thorsby,252,Genoa CFC,89,1.FC Union Berlin,252,Genoa CFC,PERMANENT_OR_OTHER_EXPLICIT,€3.10m,TRANSFERMARKT_EXPANDED
2024/25,2024,IN,890385,Sebastian Otoa,252,Genoa CFC,1053,Aalborg BK,252,Genoa CFC,PERMANENT_OR_OTHER_EXPLICIT,€2.75m,TRANSFERMARKT_EXPANDED
2024/25,2024,IN,728733,Brooke Norton-Cuffy,252,Genoa CFC,9249,Arsenal FC U21,252,Genoa CFC,PERMANENT_OR_OTHER_EXPLICIT,€2.60m,TRANSFERMARKT_EXPANDED
2024/25,2024,IN,406806,Emil Bohinen,252,Genoa CFC,380,US Salernitana 1919,252,Genoa CFC,PERMANENT_OR_OTHER_EXPLICIT,€2.00m,TRANSFERMARKT_EXPANDED
2024/25,2024,IN,315865,Andrea Pinamonti,252,Genoa CFC,6574,US Sassuolo,252,Genoa CFC,LOAN,Loan fee: €2.00m,TRANSFERMARKT_EXPANDED
2024/25,2024,IN,397225,Alessandro Zanoli,252,Genoa CFC,6195,SSC Napoli,252,Genoa CFC,LOAN,Loan fee: €500k,TRANSFERMARKT_EXPANDED
2024/25,2024,IN,656441,Jean Onana,252,Genoa CFC,114,Besiktas JK,252,Genoa CFC,LOAN,Loan fee: €275k,TRANSFERMARKT_EXPANDED
2024/25,2024,IN,111426,Benjamin Siegrist,252,Genoa CFC,455,FC Rapid 1923,252,Genoa CFC,LOAN,Loan fee: €73k,TRANSFERMARKT_EXPANDED
2024/25,2024,IN,1083164,Lior Kassa,252,Genoa CFC,1064,Maccabi Haifa,252,Genoa CFC,LOAN,Loan fee: €60k,TRANSFERMARKT_EXPANDED
2024/25,2024,IN,906315,Hugo Cuenca,252,Genoa CFC,41107,Milan Futuro,252,Genoa CFC,FREE_TRANSFER,free transfer,TRANSFERMARKT_EXPANDED
2024/25,2024,IN,244192,Pierluigi Gollini,252,Genoa CFC,800,Atalanta BC,252,Genoa CFC,LOAN,loan transfer,TRANSFERMARKT_EXPANDED
2024/25,2024,IN,571607,Fabio Miretti,252,Genoa CFC,506,Juventus FC,252,Genoa CFC,LOAN,loan transfer,TRANSFERMARKT_EXPANDED
2024/25,2024,IN,234781,Maxwel Cornet,252,Genoa CFC,379,West Ham United,252,Genoa CFC,LOAN,loan transfer,TRANSFERMARKT_EXPANDED
2024/25,2024,IN,301236,Francesco Cassata,252,Genoa CFC,3522,Spezia Calcio,252,Genoa CFC,LOAN_RETURN_OR_END_OF_LOAN,End of loan 30/06/2024,TRANSFERMARKT_EXPANDED
2024/25,2024,IN,45146,Mario Balotelli,252,Genoa CFC,515,Without Club,252,Genoa CFC,FREE_AGENT_OR_END_OF_CONTRACT,-,TRANSFERMARKT_EXPANDED
2024/25,2024,IN,264116,Gastón Pereiro,252,Genoa CFC,515,Without Club,252,Genoa CFC,FREE_AGENT_OR_END_OF_CONTRACT,-,TRANSFERMARKT_EXPANDED
2024/25,2024,IN,934878,Jeff Ekhator,252,Genoa CFC,8517,Genoa U20,252,Genoa CFC,PERMANENT_OR_OTHER_EXPLICIT,-,TRANSFERMARKT_EXPANDED
2024/25,2024,IN,940135,Christos Papadopoulos,252,Genoa CFC,8517,Genoa U20,252,Genoa CFC,PERMANENT_OR_OTHER_EXPLICIT,-,TRANSFERMARKT_EXPANDED
2024/25,2024,IN,1077175,Honest Ahanor,252,Genoa CFC,8517,Genoa U20,252,Genoa CFC,PERMANENT_OR_OTHER_EXPLICIT,-,TRANSFERMARKT_EXPANDED
2024/25,2024,IN,1061820,Lorenzo Venturino,252,Genoa CFC,8517,Genoa U20,252,Genoa CFC,PERMANENT_OR_OTHER_EXPLICIT,-,TRANSFERMARKT_EXPANDED
2024/25,2024,IN,616058,Daniel Fossati,252,Genoa CFC,4326,AS Gubbio 1910,252,Genoa CFC,LOAN_RETURN_OR_END_OF_LOAN,End of loan 31/01/2025,TRANSFERMARKT_EXPANDED
2024/25,2024,IN,340151,Andrea Favilli,252,Genoa CFC,1103,Ternana Calcio,252,Genoa CFC,LOAN_RETURN_OR_END_OF_LOAN,End of loan 30/06/2024,TRANSFERMARKT_EXPANDED
2024/25,2024,IN,315862,Filippo Melegoni,252,Genoa CFC,5621,AC Reggiana 1919,252,Genoa CFC,LOAN_RETURN_OR_END_OF_LOAN,End of loan 30/06/2024,TRANSFERMARKT_EXPANDED
2024/25,2024,IN,818448,Alessandro Marcandalli,252,Genoa CFC,5621,AC Reggiana 1919,252,Genoa CFC,LOAN_RETURN_OR_END_OF_LOAN,End of loan 30/06/2024,TRANSFERMARKT_EXPANDED
2024/25,2024,IN,553757,Aleksander Buksa,252,Genoa CFC,2446,WSG Tirol,252,Genoa CFC,LOAN_RETURN_OR_END_OF_LOAN,End of loan 30/06/2024,TRANSFERMARKT_EXPANDED
2024/25,2024,IN,459665,Patrizio Masini,252,Genoa CFC,408,Ascoli Calcio,252,Genoa CFC,LOAN_RETURN_OR_END_OF_LOAN,End of loan 30/06/2024,TRANSFERMARKT_EXPANDED
2024/25,2024,IN,309393,Lennart Czyborra,252,Genoa CFC,1269,PEC Zwolle,252,Genoa CFC,LOAN_RETURN_OR_END_OF_LOAN,End of loan 30/06/2024,TRANSFERMARKT_EXPANDED
2024/25,2024,IN,477027,Elia Petrelli,252,Genoa CFC,2254,Pro Sesto 1913,252,Genoa CFC,LOAN_RETURN_OR_END_OF_LOAN,End of loan 30/06/2024,TRANSFERMARKT_EXPANDED
2024/25,2024,IN,487333,Paolo Gozzi,252,Genoa CFC,1154,Red Star FC,252,Genoa CFC,LOAN_RETURN_OR_END_OF_LOAN,End of loan 30/06/2024,TRANSFERMARKT_EXPANDED
2024/25,2024,IN,745778,Gabriele Calvani,252,Genoa CFC,14888,US Città di Pontedera,252,Genoa CFC,LOAN_RETURN_OR_END_OF_LOAN,End of loan 30/06/2024,TRANSFERMARKT_EXPANDED
2024/25,2024,IN,821052,Lorenzo Gagliardi,252,Genoa CFC,14888,US Città di Pontedera,252,Genoa CFC,LOAN_RETURN_OR_END_OF_LOAN,End of loan 21/01/2025,TRANSFERMARKT_EXPANDED
2024/25,2024,IN,650999,Federico Accornero,252,Genoa CFC,2921,Delfino Pescara 1936,252,Genoa CFC,LOAN_RETURN_OR_END_OF_LOAN,End of loan 30/06/2024,TRANSFERMARKT_EXPANDED
2024/25,2024,IN,33763,Massimo Coda,252,Genoa CFC,2239,US Cremonese,252,Genoa CFC,LOAN_RETURN_OR_END_OF_LOAN,End of loan 30/06/2024,TRANSFERMARKT_EXPANDED
2024/25,2024,IN,190634,Marko Pajac,252,Genoa CFC,5621,AC Reggiana 1919,252,Genoa CFC,LOAN_RETURN_OR_END_OF_LOAN,End of loan 30/06/2024,TRANSFERMARKT_EXPANDED
2024/25,2024,IN,536452,Luca Chierico,252,Genoa CFC,4326,AS Gubbio 1910,252,Genoa CFC,LOAN_RETURN_OR_END_OF_LOAN,End of loan 30/06/2024,TRANSFERMARKT_EXPANDED
2024/25,2024,IN,200188,Mattia Aramu,252,Genoa CFC,332,SSC Bari,252,Genoa CFC,LOAN_RETURN_OR_END_OF_LOAN,End of loan 30/06/2024,TRANSFERMARKT_EXPANDED
2024/25,2024,IN,934863,Tommaso Pittino,252,Genoa CFC,26883,USD Sestri Levante 1919,252,Genoa CFC,LOAN_RETURN_OR_END_OF_LOAN,End of loan 08/01/2025,TRANSFERMARKT_EXPANDED
2024/25,2024,IN,341019,Güven Yalçın,252,Genoa CFC,6646,Fatih Karagümrük,252,Genoa CFC,LOAN_RETURN_OR_END_OF_LOAN,End of loan 30/06/2024,TRANSFERMARKT_EXPANDED
2024/25,2024,IN,237666,Silvan Hefti,252,Genoa CFC,969,Montpellier HSC,252,Genoa CFC,LOAN_RETURN_OR_END_OF_LOAN,End of loan 30/06/2024,TRANSFERMARKT_EXPANDED
2024/25,2024,IN,655186,Brayan Boci,252,Genoa CFC,30066,FC Legnago Salus,252,Genoa CFC,LOAN_RETURN_OR_END_OF_LOAN,End of loan 30/06/2024,TRANSFERMARKT_EXPANDED
2024/25,2024,IN,242813,Filip Jagiełło,252,Genoa CFC,3522,Spezia Calcio,252,Genoa CFC,LOAN_RETURN_OR_END_OF_LOAN,End of loan 30/06/2024,TRANSFERMARKT_EXPANDED
2024/25,2024,IN,208690,George Pușcaș,252,Genoa CFC,332,SSC Bari,252,Genoa CFC,LOAN_RETURN_OR_END_OF_LOAN,End of loan 30/06/2024,TRANSFERMARKT_EXPANDED
2024/25,2024,IN,315871,Federico Valietti,252,Genoa CFC,4093,Taranto SS,252,Genoa CFC,LOAN_RETURN_OR_END_OF_LOAN,End of loan 30/06/2024,TRANSFERMARKT_EXPANDED
2024/25,2024,IN,616058,Daniel Fossati,252,Genoa CFC,26883,USD Sestri Levante 1919,252,Genoa CFC,LOAN_RETURN_OR_END_OF_LOAN,End of loan 30/06/2024,TRANSFERMARKT_EXPANDED
2024/25,2024,IN,589737,Kelvin Yeboah,252,Genoa CFC,3057,Standard Liège,252,Genoa CFC,LOAN_RETURN_OR_END_OF_LOAN,End of loan 30/06/2024,TRANSFERMARKT_EXPANDED
2024/25,2024,IN,866250,Seydou Fini,252,Genoa CFC,3057,Standard Liège,252,Genoa CFC,LOAN_RETURN_OR_END_OF_LOAN,End of loan 30/06/2024,TRANSFERMARKT_EXPANDED
2024/25,2024,OUT,554903,Mateo Retegui,252,Genoa CFC,252,Genoa CFC,800,Atalanta BC,PERMANENT_OR_OTHER_EXPLICIT,€24.50m,TRANSFERMARKT_EXPANDED
2024/25,2024,OUT,388516,Josep Martínez,252,Genoa CFC,252,Genoa CFC,46,Inter Milan,PERMANENT_OR_OTHER_EXPLICIT,€14.00m,TRANSFERMARKT_EXPANDED
2024/25,2024,OUT,305947,Albert Gudmundsson,252,Genoa CFC,252,Genoa CFC,430,ACF Fiorentina,LOAN,Loan fee: €5.85m,TRANSFERMARKT_EXPANDED
2024/25,2024,OUT,589737,Kelvin Yeboah,252,Genoa CFC,252,Genoa CFC,56089,Minnesota United FC,PERMANENT_OR_OTHER_EXPLICIT,€2.50m,TRANSFERMARKT_EXPANDED
2024/25,2024,OUT,237666,Silvan Hefti,252,Genoa CFC,252,Genoa CFC,41,Hamburger SV,PERMANENT_OR_OTHER_EXPLICIT,€1.65m,TRANSFERMARKT_EXPANDED
2024/25,2024,OUT,940135,Christos Papadopoulos,252,Genoa CFC,252,Genoa CFC,41101,Juventus Next Gen,LOAN,Loan fee: €790k,TRANSFERMARKT_EXPANDED
2024/25,2024,OUT,301236,Francesco Cassata,252,Genoa CFC,252,Genoa CFC,3522,Spezia Calcio,PERMANENT_OR_OTHER_EXPLICIT,€590k,TRANSFERMARKT_EXPANDED
2024/25,2024,OUT,341019,Güven Yalçın,252,Genoa CFC,252,Genoa CFC,8024,FC Arouca,LOAN,Loan fee: €470k,TRANSFERMARKT_EXPANDED
2024/25,2024,OUT,33763,Massimo Coda,252,Genoa CFC,252,Genoa CFC,1038,UC Sampdoria,PERMANENT_OR_OTHER_EXPLICIT,€400k,TRANSFERMARKT_EXPANDED
2024/25,2024,OUT,818448,Alessandro Marcandalli,252,Genoa CFC,252,Genoa CFC,607,Venezia FC,LOAN,Loan fee: €250k,TRANSFERMARKT_EXPANDED
2024/25,2024,OUT,330208,Alessandro Vogliacco,252,Genoa CFC,252,Genoa CFC,130,Parma Calcio 1913,LOAN,Loan fee: €180k,TRANSFERMARKT_EXPANDED
2024/25,2024,OUT,309393,Lennart Czyborra,252,Genoa CFC,252,Genoa CFC,2446,WSG Tirol,LOAN,Loan fee: €110k,TRANSFERMARKT_EXPANDED
2024/25,2024,OUT,200188,Mattia Aramu,252,Genoa CFC,252,Genoa CFC,2581,Mantova 1911,LOAN,Loan fee: €100k,TRANSFERMARKT_EXPANDED
2024/25,2024,OUT,655186,Brayan Boci,252,Genoa CFC,252,Genoa CFC,9439,Feralpisalò,FREE_TRANSFER,free transfer,TRANSFERMARKT_EXPANDED
2024/25,2024,OUT,536452,Luca Chierico,252,Genoa CFC,252,Genoa CFC,4255,SS Arezzo,FREE_TRANSFER,free transfer,TRANSFERMARKT_EXPANDED
2024/25,2024,OUT,242813,Filip Jagiełło,252,Genoa CFC,252,Genoa CFC,238,Lech Poznan,FREE_TRANSFER,free transfer,TRANSFERMARKT_EXPANDED
2024/25,2024,OUT,208690,George Pușcaș,252,Genoa CFC,252,Genoa CFC,44006,Bodrum FK,FREE_TRANSFER,free transfer,TRANSFERMARKT_EXPANDED
2024/25,2024,OUT,553757,Aleksander Buksa,252,Genoa CFC,252,Genoa CFC,428,Górnik Zabrze,FREE_TRANSFER,free transfer,TRANSFERMARKT_EXPANDED
2024/25,2024,OUT,821052,Lorenzo Gagliardi,252,Genoa CFC,252,Genoa CFC,6692,Novara FC,LOAN,loan transfer,TRANSFERMARKT_EXPANDED
2024/25,2024,OUT,477027,Elia Petrelli,252,Genoa CFC,252,Genoa CFC,9816,Forlì FC,LOAN,loan transfer,TRANSFERMARKT_EXPANDED
2024/25,2024,OUT,818929,Simone Calvani,252,Genoa CFC,252,Genoa CFC,14888,US Città di Pontedera,LOAN,loan transfer,TRANSFERMARKT_EXPANDED
2024/25,2024,OUT,462699,Franz Stolz,252,Genoa CFC,252,Genoa CFC,455,FC Rapid 1923,LOAN,loan transfer,TRANSFERMARKT_EXPANDED
2024/25,2024,OUT,487333,Paolo Gozzi,252,Genoa CFC,252,Genoa CFC,1095,ESTAC Troyes,PERMANENT_OR_OTHER_EXPLICIT,?,TRANSFERMARKT_EXPANDED
2024/25,2024,OUT,264116,Gastón Pereiro,252,Genoa CFC,252,Genoa CFC,332,SSC Bari,PERMANENT_OR_OTHER_EXPLICIT,?,TRANSFERMARKT_EXPANDED
2024/25,2024,OUT,315862,Filippo Melegoni,252,Genoa CFC,252,Genoa CFC,4159,Carrarese Calcio 1908,PERMANENT_OR_OTHER_EXPLICIT,?,TRANSFERMARKT_EXPANDED
2024/25,2024,OUT,616058,Daniel Fossati,252,Genoa CFC,252,Genoa CFC,4326,AS Gubbio 1910,LOAN,loan transfer,TRANSFERMARKT_EXPANDED
2024/25,2024,OUT,866250,Seydou Fini,252,Genoa CFC,252,Genoa CFC,798,Excelsior Rotterdam,LOAN,loan transfer,TRANSFERMARKT_EXPANDED
2024/25,2024,OUT,406806,Emil Bohinen,252,Genoa CFC,252,Genoa CFC,8970,Frosinone Calcio,LOAN,loan transfer,TRANSFERMARKT_EXPANDED
2024/25,2024,OUT,616058,Daniel Fossati,252,Genoa CFC,252,Genoa CFC,4102,AC Carpi,LOAN,loan transfer,TRANSFERMARKT_EXPANDED
2024/25,2024,OUT,566615,Mikael Egill Ellertsson,252,Genoa CFC,252,Genoa CFC,607,Venezia FC,LOAN,loan transfer,TRANSFERMARKT_EXPANDED
2024/25,2024,OUT,745778,Gabriele Calvani,252,Genoa CFC,252,Genoa CFC,19,Brescia Calcio (- 2025),LOAN,loan transfer,TRANSFERMARKT_EXPANDED
2024/25,2024,OUT,881610,David Ankeye,252,Genoa CFC,252,Genoa CFC,455,FC Rapid 1923,LOAN,loan transfer,TRANSFERMARKT_EXPANDED
2024/25,2024,OUT,340151,Andrea Favilli,252,Genoa CFC,252,Genoa CFC,332,SSC Bari,LOAN,loan transfer,TRANSFERMARKT_EXPANDED
2024/25,2024,OUT,650999,Federico Accornero,252,Genoa CFC,252,Genoa CFC,4095,AC Trento,LOAN,loan transfer,TRANSFERMARKT_EXPANDED
2024/25,2024,OUT,934863,Tommaso Pittino,252,Genoa CFC,252,Genoa CFC,4103,FC Lumezzane,LOAN,loan transfer,TRANSFERMARKT_EXPANDED
2024/25,2024,OUT,190634,Marko Pajac,252,Genoa CFC,252,Genoa CFC,515,Without Club,FREE_AGENT_OR_END_OF_CONTRACT,-,TRANSFERMARKT_EXPANDED
2024/25,2024,OUT,68864,Kevin Strootman,252,Genoa CFC,252,Genoa CFC,515,Without Club,FREE_AGENT_OR_END_OF_CONTRACT,-,TRANSFERMARKT_EXPANDED
2024/25,2024,OUT,315871,Federico Valietti,252,Genoa CFC,252,Genoa CFC,4331,FC Trapani 1905,LOAN,loan transfer,TRANSFERMARKT_EXPANDED
2024/25,2024,OUT,228444,Ridgeciano Haps,252,Genoa CFC,252,Genoa CFC,607,Venezia FC,LOAN_RETURN_OR_END_OF_LOAN,End of loan 30/06/2024,TRANSFERMARKT_EXPANDED
2024/25,2024,OUT,226524,Morten Thorsby,252,Genoa CFC,252,Genoa CFC,89,1.FC Union Berlin,LOAN_RETURN_OR_END_OF_LOAN,End of loan 30/06/2024,TRANSFERMARKT_EXPANDED
2024/25,2024,OUT,490384,Koni De Winter,252,Genoa CFC,252,Genoa CFC,506,Juventus FC,LOAN_RETURN_OR_END_OF_LOAN,End of loan 30/06/2024,TRANSFERMARKT_EXPANDED
2024/25,2024,OUT,483348,Djed Spence,252,Genoa CFC,252,Genoa CFC,148,Tottenham Hotspur,LOAN_RETURN_OR_END_OF_LOAN,End of loan 30/06/2024,TRANSFERMARKT_EXPANDED
2024/25,2024,OUT,406806,Emil Bohinen,252,Genoa CFC,252,Genoa CFC,380,US Salernitana 1919,LOAN_RETURN_OR_END_OF_LOAN,End of loan 30/06/2024,TRANSFERMARKT_EXPANDED
2024/25,2024,OUT,616628,Giorgio Cittadini,252,Genoa CFC,252,Genoa CFC,2919,AC Monza,LOAN_RETURN_OR_END_OF_LOAN,End of loan 29/06/2024,TRANSFERMARKT_EXPANDED
2024/25,2024,OUT,586853,Vitinha,252,Genoa CFC,252,Genoa CFC,244,Olympique Marseille,LOAN_RETURN_OR_END_OF_LOAN,End of loan 30/06/2024,TRANSFERMARKT_EXPANDED
2024/25,2024,OUT,244192,Pierluigi Gollini,252,Genoa CFC,252,Genoa CFC,800,Atalanta BC,LOAN_RETURN_OR_END_OF_LOAN,End of loan 23/01/2025,TRANSFERMARKT_EXPANDED
2024/25,2024,IN,539134,Daniel Maldini,2919,AC Monza,5,AC Milan,2919,AC Monza,PERMANENT_OR_OTHER_EXPLICIT,€6.50m,TRANSFERMARKT_EXPANDED
2024/25,2024,IN,311178,Georgios Kyriakopoulos,2919,AC Monza,6574,US Sassuolo,2919,AC Monza,PERMANENT_OR_OTHER_EXPLICIT,€3.68m,TRANSFERMARKT_EXPANDED
2024/25,2024,IN,312819,Silvere Ganvoula,2919,AC Monza,452,BSC Young Boys,2919,AC Monza,PERMANENT_OR_OTHER_EXPLICIT,€1.80m,TRANSFERMARKT_EXPANDED
2024/25,2024,IN,381706,Arvid Brorsson,2919,AC Monza,2719,Mjällby AIF,2919,AC Monza,PERMANENT_OR_OTHER_EXPLICIT,€500k,TRANSFERMARKT_EXPANDED
2024/25,2024,IN,543666,Stefano Turati,2919,AC Monza,6574,US Sassuolo,2919,AC Monza,LOAN,Loan fee: €500k,TRANSFERMARKT_EXPANDED
2024/25,2024,IN,699442,Kacper Urbański,2919,AC Monza,1025,Bologna FC 1909,2919,AC Monza,LOAN,Loan fee: €500k,TRANSFERMARKT_EXPANDED
2024/25,2024,IN,537171,Semuel Pizzignacco,2919,AC Monza,9439,Feralpisalò,2919,AC Monza,PERMANENT_OR_OTHER_EXPLICIT,€195k,TRANSFERMARKT_EXPANDED
2024/25,2024,IN,216179,Stefano Sensi,2919,AC Monza,46,Inter Milan,2919,AC Monza,FREE_TRANSFER,free transfer,TRANSFERMARKT_EXPANDED
2024/25,2024,IN,670845,Omari Forson,2919,AC Monza,985,Manchester United,2919,AC Monza,FREE_TRANSFER,free transfer,TRANSFERMARKT_EXPANDED
2024/25,2024,IN,993645,Tomás Palacios,2919,AC Monza,46,Inter Milan,2919,AC Monza,LOAN,loan transfer,TRANSFERMARKT_EXPANDED
2024/25,2024,IN,602124,Alessandro Bianco,2919,AC Monza,430,ACF Fiorentina,2919,AC Monza,LOAN,loan transfer,TRANSFERMARKT_EXPANDED
2024/25,2024,IN,883349,Kevin Zeroli,2919,AC Monza,5,AC Milan,2919,AC Monza,LOAN,loan transfer,TRANSFERMARKT_EXPANDED
2024/25,2024,IN,170481,Jean-Daniel Akpa Akpro,2919,AC Monza,398,SS Lazio,2919,AC Monza,LOAN,loan transfer,TRANSFERMARKT_EXPANDED
2024/25,2024,IN,797572,Stefan Lekovic,2919,AC Monza,159,Red Star Belgrade,2919,AC Monza,LOAN,loan transfer,TRANSFERMARKT_EXPANDED
2024/25,2024,IN,537171,Semuel Pizzignacco,2919,AC Monza,9439,Feralpisalò,2919,AC Monza,LOAN,loan transfer,TRANSFERMARKT_EXPANDED
2024/25,2024,IN,303116,Gaetano Castrovilli,2919,AC Monza,398,SS Lazio,2919,AC Monza,LOAN,loan transfer,TRANSFERMARKT_EXPANDED
2024/25,2024,IN,724069,Kevin Martins,2919,AC Monza,84400,Monza Primavera,2919,AC Monza,PERMANENT_OR_OTHER_EXPLICIT,-,TRANSFERMARKT_EXPANDED
2024/25,2024,IN,238752,Keita Baldé,2919,AC Monza,515,Without Club,2919,AC Monza,FREE_AGENT_OR_END_OF_CONTRACT,-,TRANSFERMARKT_EXPANDED
2024/25,2024,IN,891869,Leonardo Colombo,2919,AC Monza,84400,Monza Primavera,2919,AC Monza,PERMANENT_OR_OTHER_EXPLICIT,-,TRANSFERMARKT_EXPANDED
2024/25,2024,IN,815567,Andrea Mazza,2919,AC Monza,84400,Monza Primavera,2919,AC Monza,PERMANENT_OR_OTHER_EXPLICIT,-,TRANSFERMARKT_EXPANDED
2024/25,2024,IN,167741,Mattia Valoti,2919,AC Monza,4172,Pisa Sporting Club,2919,AC Monza,LOAN_RETURN_OR_END_OF_LOAN,End of loan 30/06/2024,TRANSFERMARKT_EXPANDED
2024/25,2024,IN,160344,Leonardo Mancuso,2919,AC Monza,458,Palermo FC,2919,AC Monza,LOAN_RETURN_OR_END_OF_LOAN,End of loan 30/06/2024,TRANSFERMARKT_EXPANDED
2024/25,2024,IN,12907,Alessio Cragno,2919,AC Monza,6574,US Sassuolo,2919,AC Monza,LOAN_RETURN_OR_END_OF_LOAN,End of loan 30/06/2024,TRANSFERMARKT_EXPANDED
2024/25,2024,IN,99232,Marco D'Alessandro,2919,AC Monza,4172,Pisa Sporting Club,2919,AC Monza,LOAN_RETURN_OR_END_OF_LOAN,End of loan 30/06/2024,TRANSFERMARKT_EXPANDED
2024/25,2024,IN,404995,Davide Diaw,2919,AC Monza,332,SSC Bari,2919,AC Monza,LOAN_RETURN_OR_END_OF_LOAN,End of loan 30/06/2024,TRANSFERMARKT_EXPANDED
2024/25,2024,IN,585982,Carlos Augusto,2919,AC Monza,46,Inter Milan,2919,AC Monza,LOAN_RETURN_OR_END_OF_LOAN,End of loan 30/06/2024,TRANSFERMARKT_EXPANDED
2024/25,2024,IN,355104,Pepín Machín,2919,AC Monza,8970,Frosinone Calcio,2919,AC Monza,LOAN_RETURN_OR_END_OF_LOAN,End of loan 28/01/2025,TRANSFERMARKT_EXPANDED
2024/25,2024,IN,199258,Andrea Petagna,2919,AC Monza,1390,Cagliari Calcio,2919,AC Monza,LOAN_RETURN_OR_END_OF_LOAN,End of loan 30/06/2024,TRANSFERMARKT_EXPANDED
2024/25,2024,IN,286275,Armando Anastasio,2919,AC Monza,4106,Casertana FC,2919,AC Monza,LOAN_RETURN_OR_END_OF_LOAN,End of loan 30/06/2024,TRANSFERMARKT_EXPANDED
2024/25,2024,IN,616628,Giorgio Cittadini,2919,AC Monza,252,Genoa CFC,2919,AC Monza,LOAN_RETURN_OR_END_OF_LOAN,End of loan 29/06/2024,TRANSFERMARKT_EXPANDED
2024/25,2024,IN,215649,Mirko Marić,2919,AC Monza,144,HNK Rijeka,2919,AC Monza,LOAN_RETURN_OR_END_OF_LOAN,End of loan 30/06/2024,TRANSFERMARKT_EXPANDED
2024/25,2024,OUT,585982,Carlos Augusto,2919,AC Monza,2919,AC Monza,46,Inter Milan,PERMANENT_OR_OTHER_EXPLICIT,€15.25m,TRANSFERMARKT_EXPANDED
2024/25,2024,OUT,539134,Daniel Maldini,2919,AC Monza,2919,AC Monza,800,Atalanta BC,PERMANENT_OR_OTHER_EXPLICIT,€13.00m,TRANSFERMARKT_EXPANDED
2024/25,2024,OUT,659516,Warren Bondo,2919,AC Monza,2919,AC Monza,5,AC Milan,PERMANENT_OR_OTHER_EXPLICIT,€10.50m,TRANSFERMARKT_EXPANDED
2024/25,2024,OUT,301238,Michele Di Gregorio,2919,AC Monza,2919,AC Monza,506,Juventus FC,LOAN,Loan fee: €4.50m,TRANSFERMARKT_EXPANDED
2024/25,2024,OUT,392959,Andrea Colpani,2919,AC Monza,2919,AC Monza,430,ACF Fiorentina,LOAN,Loan fee: €4.00m,TRANSFERMARKT_EXPANDED
2024/25,2024,OUT,210178,Pablo Marí,2919,AC Monza,2919,AC Monza,430,ACF Fiorentina,PERMANENT_OR_OTHER_EXPLICIT,€2.70m,TRANSFERMARKT_EXPANDED
2024/25,2024,OUT,67556,Milan Djuric,2919,AC Monza,2919,AC Monza,130,Parma Calcio 1913,PERMANENT_OR_OTHER_EXPLICIT,€1.50m,TRANSFERMARKT_EXPANDED
2024/25,2024,OUT,787618,Valentín Carboni,2919,AC Monza,2919,AC Monza,46,Inter Milan,LOAN_RETURN_OR_END_OF_LOAN,End of loan 30/06/2024 €250k,TRANSFERMARKT_EXPANDED
2024/25,2024,OUT,433584,Alessio Zerbin,2919,AC Monza,2919,AC Monza,6195,SSC Napoli,LOAN_RETURN_OR_END_OF_LOAN,End of loan 30/06/2024 €160k,TRANSFERMARKT_EXPANDED
2024/25,2024,OUT,357995,Davide Bettella,2919,AC Monza,2919,AC Monza,8970,Frosinone Calcio,FREE_TRANSFER,free transfer,TRANSFERMARKT_EXPANDED
2024/25,2024,OUT,99232,Marco D'Alessandro,2919,AC Monza,2919,AC Monza,4097,US Catanzaro,FREE_TRANSFER,free transfer,TRANSFERMARKT_EXPANDED
2024/25,2024,OUT,160344,Leonardo Mancuso,2919,AC Monza,2919,AC Monza,2581,Mantova 1911,FREE_TRANSFER,free transfer,TRANSFERMARKT_EXPANDED
2024/25,2024,OUT,286275,Armando Anastasio,2919,AC Monza,2919,AC Monza,1627,Catania FC,FREE_TRANSFER,free transfer,TRANSFERMARKT_EXPANDED
2024/25,2024,OUT,404995,Davide Diaw,2919,AC Monza,2919,AC Monza,4084,AS Cittadella,PERMANENT_OR_OTHER_EXPLICIT,?,TRANSFERMARKT_EXPANDED
2024/25,2024,OUT,12907,Alessio Cragno,2919,AC Monza,2919,AC Monza,1038,UC Sampdoria,PERMANENT_OR_OTHER_EXPLICIT,?,TRANSFERMARKT_EXPANDED
2024/25,2024,OUT,167741,Mattia Valoti,2919,AC Monza,2919,AC Monza,2239,US Cremonese,PERMANENT_OR_OTHER_EXPLICIT,?,TRANSFERMARKT_EXPANDED
2024/25,2024,OUT,355104,Pepín Machín,2919,AC Monza,2919,AC Monza,7077,FC Cartagena,LOAN,loan transfer,TRANSFERMARKT_EXPANDED
2024/25,2024,OUT,542588,Alessandro Sorrentino,2919,AC Monza,2919,AC Monza,8970,Frosinone Calcio,LOAN,loan transfer,TRANSFERMARKT_EXPANDED
2024/25,2024,OUT,355104,Pepín Machín,2919,AC Monza,2919,AC Monza,8970,Frosinone Calcio,LOAN,loan transfer,TRANSFERMARKT_EXPANDED
2024/25,2024,OUT,215649,Mirko Marić,2919,AC Monza,2919,AC Monza,607,Venezia FC,LOAN,loan transfer,TRANSFERMARKT_EXPANDED
2024/25,2024,OUT,20005,Papu Gómez,2919,AC Monza,2919,AC Monza,515,Without Club,FREE_AGENT_OR_END_OF_CONTRACT,-,TRANSFERMARKT_EXPANDED
2024/25,2024,OUT,88684,Giulio Donati,2919,AC Monza,2919,AC Monza,515,Without Club,FREE_AGENT_OR_END_OF_CONTRACT,-,TRANSFERMARKT_EXPANDED
2024/25,2024,OUT,1012421,Matija Popović,2919,AC Monza,2919,AC Monza,12819,Napoli Primavera,LOAN_RETURN_OR_END_OF_LOAN,End of loan 30/06/2024,TRANSFERMARKT_EXPANDED
2024/25,2024,OUT,731491,Franco Carboni,2919,AC Monza,2919,AC Monza,46,Inter Milan,LOAN_RETURN_OR_END_OF_LOAN,End of loan 08/01/2024,TRANSFERMARKT_EXPANDED
2024/25,2024,OUT,616628,Giorgio Cittadini,2919,AC Monza,2919,AC Monza,800,Atalanta BC,LOAN_RETURN_OR_END_OF_LOAN,End of loan 30/06/2024,TRANSFERMARKT_EXPANDED
2024/25,2024,OUT,311178,Georgios Kyriakopoulos,2919,AC Monza,2919,AC Monza,6574,US Sassuolo,LOAN_RETURN_OR_END_OF_LOAN,End of loan 30/06/2024,TRANSFERMARKT_EXPANDED
2024/25,2024,OUT,244491,Stefano Gori,2919,AC Monza,2919,AC Monza,506,Juventus FC,LOAN_RETURN_OR_END_OF_LOAN,End of loan 30/06/2024,TRANSFERMARKT_EXPANDED
2024/25,2024,OUT,170481,Jean-Daniel Akpa Akpro,2919,AC Monza,2919,AC Monza,398,SS Lazio,LOAN_RETURN_OR_END_OF_LOAN,End of loan 30/06/2024,TRANSFERMARKT_EXPANDED
2024/25,2024,OUT,487843,Lorenzo Colombo,2919,AC Monza,2919,AC Monza,5,AC Milan,LOAN_RETURN_OR_END_OF_LOAN,End of loan 30/06/2024,TRANSFERMARKT_EXPANDED
2024/25,2024,OUT,539134,Daniel Maldini,2919,AC Monza,2919,AC Monza,5,AC Milan,LOAN_RETURN_OR_END_OF_LOAN,End of loan 30/06/2024,TRANSFERMARKT_EXPANDED
2024/25,2024,OUT,537171,Semuel Pizzignacco,2919,AC Monza,2919,AC Monza,9439,Feralpisalò,LOAN_RETURN_OR_END_OF_LOAN,End of loan 02/02/2025,TRANSFERMARKT_EXPANDED
2024/25,2024,IN,261905,Suat Serdar,276,Hellas Verona,44,Hertha BSC,276,Hellas Verona,PERMANENT_OR_OTHER_EXPLICIT,€5.75m,TRANSFERMARKT_EXPANDED
2024/25,2024,IN,848509,Jackson Tchatchoua,276,Hellas Verona,172,Royal Charleroi SC,276,Hellas Verona,PERMANENT_OR_OTHER_EXPLICIT,€3.95m,TRANSFERMARKT_EXPANDED
2024/25,2024,IN,416386,Abdou Harroui,276,Hellas Verona,8970,Frosinone Calcio,276,Hellas Verona,PERMANENT_OR_OTHER_EXPLICIT,€2.36m,TRANSFERMARKT_EXPANDED
2024/25,2024,IN,651569,Daniel Mosquera,276,Hellas Verona,2352,CD América de Cali,276,Hellas Verona,PERMANENT_OR_OTHER_EXPLICIT,€990k,TRANSFERMARKT_EXPANDED
2024/25,2024,IN,851385,Tobias Slotsager,276,Hellas Verona,173,Odense Boldklub,276,Hellas Verona,PERMANENT_OR_OTHER_EXPLICIT,€800k,TRANSFERMARKT_EXPANDED
2024/25,2024,IN,936183,Christian Corradi,276,Hellas Verona,2655,LR Vicenza,276,Hellas Verona,PERMANENT_OR_OTHER_EXPLICIT,€750k,TRANSFERMARKT_EXPANDED
2024/25,2024,IN,676411,Dailon Livramento,276,Hellas Verona,384,MVV Maastricht,276,Hellas Verona,PERMANENT_OR_OTHER_EXPLICIT,€700k,TRANSFERMARKT_EXPANDED
2024/25,2024,IN,979766,Mathis Lambourde,276,Hellas Verona,273,Stade Rennais FC,276,Hellas Verona,PERMANENT_OR_OTHER_EXPLICIT,€460k,TRANSFERMARKT_EXPANDED
2024/25,2024,IN,586984,Daniel Oyegoke,276,Hellas Verona,43,Heart of Midlothian FC,276,Hellas Verona,PERMANENT_OR_OTHER_EXPLICIT,€400k,TRANSFERMARKT_EXPANDED
2024/25,2024,IN,977877,Ayanda Sishuba,276,Hellas Verona,826,RC Lens,276,Hellas Verona,PERMANENT_OR_OTHER_EXPLICIT,€250k,TRANSFERMARKT_EXPANDED
2024/25,2024,IN,298635,Grigoris Kastanos,276,Hellas Verona,380,US Salernitana 1919,276,Hellas Verona,LOAN,Loan fee: €211k,TRANSFERMARKT_EXPANDED
2024/25,2024,IN,860992,Nicolás Valentini,276,Hellas Verona,430,ACF Fiorentina,276,Hellas Verona,LOAN,Loan fee: €200k,TRANSFERMARKT_EXPANDED
2024/25,2024,IN,1111820,Junior Ajayi,276,Hellas Verona,19114,Sassuolo Primavera,276,Hellas Verona,PERMANENT_OR_OTHER_EXPLICIT,€150k,TRANSFERMARKT_EXPANDED
2024/25,2024,IN,745202,Yllan Okou,276,Hellas Verona,595,SC Bastia,276,Hellas Verona,LOAN,Loan fee: €150k,TRANSFERMARKT_EXPANDED
2024/25,2024,IN,395512,Antoine Bernede,276,Hellas Verona,527,FC Lausanne-Sport,276,Hellas Verona,LOAN,Loan fee: €150k,TRANSFERMARKT_EXPANDED
2024/25,2024,IN,1082519,Charlys,276,Hellas Verona,15555,EC Vitória U20,276,Hellas Verona,PERMANENT_OR_OTHER_EXPLICIT,€120k,TRANSFERMARKT_EXPANDED
2024/25,2024,IN,818898,Federico Magro,276,Hellas Verona,12816,Lazio U20,276,Hellas Verona,PERMANENT_OR_OTHER_EXPLICIT,€50k,TRANSFERMARKT_EXPANDED
2024/25,2024,IN,331498,Jordi Mboula,276,Hellas Verona,630,Racing Santander,276,Hellas Verona,FREE_TRANSFER,free transfer,TRANSFERMARKT_EXPANDED
2024/25,2024,IN,488785,Martin Frese,276,Hellas Verona,2778,FC Nordsjaelland,276,Hellas Verona,FREE_TRANSFER,free transfer,TRANSFERMARKT_EXPANDED
2024/25,2024,IN,456492,Faride Alidou,276,Hellas Verona,24,Eintracht Frankfurt,276,Hellas Verona,LOAN,loan transfer,TRANSFERMARKT_EXPANDED
2024/25,2024,IN,464598,Casper Tengstedt,276,Hellas Verona,294,SL Benfica,276,Hellas Verona,LOAN,loan transfer,TRANSFERMARKT_EXPANDED
2024/25,2024,IN,644032,Cheikh Niasse,276,Hellas Verona,452,BSC Young Boys,276,Hellas Verona,LOAN,loan transfer,TRANSFERMARKT_EXPANDED
2024/25,2024,IN,322655,Flavius Daniliuc,276,Hellas Verona,380,US Salernitana 1919,276,Hellas Verona,LOAN,loan transfer,TRANSFERMARKT_EXPANDED
2024/25,2024,IN,357796,Domagoj Bradarić,276,Hellas Verona,380,US Salernitana 1919,276,Hellas Verona,LOAN,loan transfer,TRANSFERMARKT_EXPANDED
2024/25,2024,IN,748382,Amin Sarr,276,Hellas Verona,1041,Olympique Lyon,276,Hellas Verona,LOAN,loan transfer,TRANSFERMARKT_EXPANDED
2024/25,2024,IN,709986,Giacomo Toniolo,276,Hellas Verona,16996,Hellas Verona Primavera,276,Hellas Verona,PERMANENT_OR_OTHER_EXPLICIT,-,TRANSFERMARKT_EXPANDED
2024/25,2024,IN,658674,Luan Patrick,276,Hellas Verona,515,Without Club,276,Hellas Verona,FREE_AGENT_OR_END_OF_CONTRACT,-,TRANSFERMARKT_EXPANDED
2024/25,2024,IN,964087,Alphadjo Cissè,276,Hellas Verona,16996,Hellas Verona Primavera,276,Hellas Verona,PERMANENT_OR_OTHER_EXPLICIT,-,TRANSFERMARKT_EXPANDED
2024/25,2024,IN,572443,Bruno Conti,276,Hellas Verona,45894,Guidonia Montecelio 1937 FC,276,Hellas Verona,LOAN_RETURN_OR_END_OF_LOAN,End of loan 30/06/2024,TRANSFERMARKT_EXPANDED
2024/25,2024,IN,163639,Federico Ceccherini,276,Hellas Verona,6646,Fatih Karagümrük,276,Hellas Verona,LOAN_RETURN_OR_END_OF_LOAN,End of loan 30/06/2024,TRANSFERMARKT_EXPANDED
2024/25,2024,IN,131951,Kevin Lasagna,276,Hellas Verona,6646,Fatih Karagümrük,276,Hellas Verona,LOAN_RETURN_OR_END_OF_LOAN,End of loan 30/06/2024,TRANSFERMARKT_EXPANDED
2024/25,2024,IN,701819,Daniele Ghilardi,276,Hellas Verona,1038,UC Sampdoria,276,Hellas Verona,LOAN_RETURN_OR_END_OF_LOAN,End of loan 30/06/2024,TRANSFERMARKT_EXPANDED
2024/25,2024,IN,506941,David Flakus Bosilj,276,Hellas Verona,642,De Graafschap Doetinchem,276,Hellas Verona,LOAN_RETURN_OR_END_OF_LOAN,End of loan 30/06/2024,TRANSFERMARKT_EXPANDED
2024/25,2024,IN,704335,Davide Bragantini,276,Hellas Verona,2581,Mantova 1911,276,Hellas Verona,LOAN_RETURN_OR_END_OF_LOAN,End of loan 30/06/2024,TRANSFERMARKT_EXPANDED
2024/25,2024,IN,667056,Federico Caia,276,Hellas Verona,4553,US Pergolettese 1932,276,Hellas Verona,LOAN_RETURN_OR_END_OF_LOAN,End of loan 30/06/2024,TRANSFERMARKT_EXPANDED
2024/25,2024,IN,704230,Edoardo Bernardi,276,Hellas Verona,46619,Arzignano Valchiampo,276,Hellas Verona,LOAN_RETURN_OR_END_OF_LOAN,End of loan 30/06/2024,TRANSFERMARKT_EXPANDED
2024/25,2024,IN,704423,Mattia Florio,276,Hellas Verona,2254,Pro Sesto 1913,276,Hellas Verona,LOAN_RETURN_OR_END_OF_LOAN,End of loan 30/06/2024,TRANSFERMARKT_EXPANDED
2024/25,2024,IN,391498,Mert Çetin,276,Hellas Verona,868,MKE Ankaragücü,276,Hellas Verona,LOAN_RETURN_OR_END_OF_LOAN,End of loan 30/06/2024,TRANSFERMARKT_EXPANDED
2024/25,2024,IN,374418,Mateusz Praszelik,276,Hellas Verona,4031,Cosenza Calcio,276,Hellas Verona,LOAN_RETURN_OR_END_OF_LOAN,End of loan 30/06/2024,TRANSFERMARKT_EXPANDED
2024/25,2024,IN,546527,Philip Yeboah,276,Hellas Verona,1253,Lucchese 1905,276,Hellas Verona,LOAN_RETURN_OR_END_OF_LOAN,End of loan 30/06/2024,TRANSFERMARKT_EXPANDED
2024/25,2024,IN,709986,Giacomo Toniolo,276,Hellas Verona,30066,FC Legnago Salus,276,Hellas Verona,LOAN_RETURN_OR_END_OF_LOAN,End of loan 09/01/2025,TRANSFERMARKT_EXPANDED
2024/25,2024,IN,290032,Kevin Rüegg,276,Hellas Verona,26,FC Basel 1893,276,Hellas Verona,LOAN_RETURN_OR_END_OF_LOAN,End of loan 30/06/2024,TRANSFERMARKT_EXPANDED
2024/25,2024,IN,704234,Diego Fornari,276,Hellas Verona,22556,Prodeco Calcio Montebelluna,276,Hellas Verona,LOAN_RETURN_OR_END_OF_LOAN,End of loan 30/06/2024,TRANSFERMARKT_EXPANDED
2024/25,2024,IN,623040,Yayah Kallon,276,Hellas Verona,332,SSC Bari,276,Hellas Verona,LOAN_RETURN_OR_END_OF_LOAN,End of loan 30/06/2024,TRANSFERMARKT_EXPANDED
2024/25,2024,IN,73926,Davide Faraoni,276,Hellas Verona,430,ACF Fiorentina,276,Hellas Verona,LOAN_RETURN_OR_END_OF_LOAN,End of loan 30/06/2024,TRANSFERMARKT_EXPANDED
2024/25,2024,IN,470391,Jayden Braaf,276,Hellas Verona,385,Fortuna Sittard,276,Hellas Verona,LOAN_RETURN_OR_END_OF_LOAN,End of loan 30/06/2024,TRANSFERMARKT_EXPANDED
2024/25,2024,IN,115763,Koray Günter,276,Hellas Verona,6646,Fatih Karagümrük,276,Hellas Verona,LOAN_RETURN_OR_END_OF_LOAN,End of loan 30/06/2024,TRANSFERMARKT_EXPANDED
2024/25,2024,IN,554433,Christian Pierobon,276,Hellas Verona,5587,SS Juve Stabia,276,Hellas Verona,LOAN_RETURN_OR_END_OF_LOAN,End of loan 30/06/2024,TRANSFERMARKT_EXPANDED
2024/25,2024,IN,704230,Edoardo Bernardi,276,Hellas Verona,4095,AC Trento,276,Hellas Verona,LOAN_RETURN_OR_END_OF_LOAN,End of loan 29/01/2025,TRANSFERMARKT_EXPANDED
2024/25,2024,IN,815532,Mattia Rigo,276,Hellas Verona,29251,Virtusvecomp Verona,276,Hellas Verona,LOAN_RETURN_OR_END_OF_LOAN,End of loan 20/01/2025,TRANSFERMARKT_EXPANDED
2024/25,2024,IN,623040,Yayah Kallon,276,Hellas Verona,380,US Salernitana 1919,276,Hellas Verona,LOAN_RETURN_OR_END_OF_LOAN,End of loan 02/02/2025,TRANSFERMARKT_EXPANDED
2024/25,2024,OUT,457736,Tijjani Noslin,276,Hellas Verona,276,Hellas Verona,398,SS Lazio,PERMANENT_OR_OTHER_EXPLICIT,€16.80m,TRANSFERMARKT_EXPANDED
2024/25,2024,OUT,686965,Juan Cabal,276,Hellas Verona,276,Hellas Verona,506,Juventus FC,PERMANENT_OR_OTHER_EXPLICIT,€12.80m,TRANSFERMARKT_EXPANDED
2024/25,2024,OUT,982855,Reda Belahyane,276,Hellas Verona,276,Hellas Verona,398,SS Lazio,PERMANENT_OR_OTHER_EXPLICIT,€10.30m,TRANSFERMARKT_EXPANDED
2024/25,2024,OUT,372445,Dani Silva,276,Hellas Verona,276,Hellas Verona,865,FC Midtjylland,PERMANENT_OR_OTHER_EXPLICIT,€3.00m,TRANSFERMARKT_EXPANDED
2024/25,2024,OUT,290032,Kevin Rüegg,276,Hellas Verona,276,Hellas Verona,26,FC Basel 1893,PERMANENT_OR_OTHER_EXPLICIT,€480k,TRANSFERMARKT_EXPANDED
2024/25,2024,OUT,704335,Davide Bragantini,276,Hellas Verona,276,Hellas Verona,2581,Mantova 1911,PERMANENT_OR_OTHER_EXPLICIT,€397k,TRANSFERMARKT_EXPANDED
2024/25,2024,OUT,310458,Giangiacomo Magnani,276,Hellas Verona,276,Hellas Verona,458,Palermo FC,PERMANENT_OR_OTHER_EXPLICIT,€310k,TRANSFERMARKT_EXPANDED
2024/25,2024,OUT,412513,Thomas Henry,276,Hellas Verona,276,Hellas Verona,458,Palermo FC,LOAN,Loan fee: €280k,TRANSFERMARKT_EXPANDED
2024/25,2024,OUT,977877,Ayanda Sishuba,276,Hellas Verona,276,Hellas Verona,273,Stade Rennais FC,PERMANENT_OR_OTHER_EXPLICIT,€250k,TRANSFERMARKT_EXPANDED
2024/25,2024,OUT,726526,Stefan Mitrović,276,Hellas Verona,276,Hellas Verona,2727,Oud-Heverlee Leuven,LOAN,Loan fee: €200k,TRANSFERMARKT_EXPANDED
2024/25,2024,OUT,554433,Christian Pierobon,276,Hellas Verona,276,Hellas Verona,5587,SS Juve Stabia,PERMANENT_OR_OTHER_EXPLICIT,€171k,TRANSFERMARKT_EXPANDED
2024/25,2024,OUT,776737,Joselito,276,Hellas Verona,276,Hellas Verona,839,AC Perugia Calcio,PERMANENT_OR_OTHER_EXPLICIT,€30k,TRANSFERMARKT_EXPANDED
2024/25,2024,OUT,265625,Ajdin Hrustic,276,Hellas Verona,276,Hellas Verona,380,US Salernitana 1919,FREE_TRANSFER,free transfer,TRANSFERMARKT_EXPANDED
2024/25,2024,OUT,704234,Diego Fornari,276,Hellas Verona,276,Hellas Verona,22556,Prodeco Calcio Montebelluna,FREE_TRANSFER,free transfer,TRANSFERMARKT_EXPANDED
2024/25,2024,OUT,572443,Bruno Conti,276,Hellas Verona,276,Hellas Verona,5163,Brindisi FC,FREE_TRANSFER,free transfer,TRANSFERMARKT_EXPANDED
2024/25,2024,OUT,391498,Mert Çetin,276,Hellas Verona,276,Hellas Verona,868,MKE Ankaragücü,FREE_TRANSFER,free transfer,TRANSFERMARKT_EXPANDED
2024/25,2024,OUT,506941,David Flakus Bosilj,276,Hellas Verona,276,Hellas Verona,2502,CD Castellón,FREE_TRANSFER,free transfer,TRANSFERMARKT_EXPANDED
2024/25,2024,OUT,815532,Mattia Rigo,276,Hellas Verona,276,Hellas Verona,4102,AC Carpi,LOAN,loan transfer,TRANSFERMARKT_EXPANDED
2024/25,2024,OUT,546527,Philip Yeboah,276,Hellas Verona,276,Hellas Verona,33734,SS Monopoli 1966,PERMANENT_OR_OTHER_EXPLICIT,?,TRANSFERMARKT_EXPANDED
2024/25,2024,OUT,331498,Jordi Mboula,276,Hellas Verona,276,Hellas Verona,2424,Gil Vicente FC,PERMANENT_OR_OTHER_EXPLICIT,?,TRANSFERMARKT_EXPANDED
2024/25,2024,OUT,163639,Federico Ceccherini,276,Hellas Verona,276,Hellas Verona,2239,US Cremonese,PERMANENT_OR_OTHER_EXPLICIT,?,TRANSFERMARKT_EXPANDED
2024/25,2024,OUT,623040,Yayah Kallon,276,Hellas Verona,276,Hellas Verona,380,US Salernitana 1919,LOAN,loan transfer,TRANSFERMARKT_EXPANDED
2024/25,2024,OUT,131951,Kevin Lasagna,276,Hellas Verona,276,Hellas Verona,332,SSC Bari,LOAN,loan transfer,TRANSFERMARKT_EXPANDED
2024/25,2024,OUT,462086,Elayis Tavsan,276,Hellas Verona,276,Hellas Verona,1429,Cesena FC,LOAN,loan transfer,TRANSFERMARKT_EXPANDED
2024/25,2024,OUT,709986,Giacomo Toniolo,276,Hellas Verona,276,Hellas Verona,30066,FC Legnago Salus,LOAN,loan transfer,TRANSFERMARKT_EXPANDED
2024/25,2024,OUT,374418,Mateusz Praszelik,276,Hellas Verona,276,Hellas Verona,4554,FC Südtirol,LOAN,loan transfer,TRANSFERMARKT_EXPANDED
2024/25,2024,OUT,470391,Jayden Braaf,276,Hellas Verona,276,Hellas Verona,380,US Salernitana 1919,LOAN,loan transfer,TRANSFERMARKT_EXPANDED
2024/25,2024,OUT,815529,Nicolò Calabrese,276,Hellas Verona,276,Hellas Verona,29251,Virtusvecomp Verona,LOAN,loan transfer,TRANSFERMARKT_EXPANDED
2024/25,2024,OUT,704423,Mattia Florio,276,Hellas Verona,276,Hellas Verona,46293,Caldiero Terme,LOAN,loan transfer,TRANSFERMARKT_EXPANDED
2024/25,2024,OUT,623040,Yayah Kallon,276,Hellas Verona,276,Hellas Verona,4106,Casertana FC,LOAN,loan transfer,TRANSFERMARKT_EXPANDED
2024/25,2024,OUT,748316,Juan Manuel Cruz,276,Hellas Verona,276,Hellas Verona,4031,Cosenza Calcio,LOAN,loan transfer,TRANSFERMARKT_EXPANDED
2024/25,2024,OUT,936183,Christian Corradi,276,Hellas Verona,276,Hellas Verona,4097,US Catanzaro,LOAN,loan transfer,TRANSFERMARKT_EXPANDED
2024/25,2024,OUT,704230,Edoardo Bernardi,276,Hellas Verona,276,Hellas Verona,46619,Arzignano Valchiampo,LOAN,loan transfer,TRANSFERMARKT_EXPANDED
2024/25,2024,OUT,709986,Giacomo Toniolo,276,Hellas Verona,276,Hellas Verona,4103,FC Lumezzane,LOAN,loan transfer,TRANSFERMARKT_EXPANDED
2024/25,2024,OUT,535881,Mattia Chiesa,276,Hellas Verona,276,Hellas Verona,112434,Sporting FC,LOAN,loan transfer,TRANSFERMARKT_EXPANDED
2024/25,2024,OUT,115763,Koray Günter,276,Hellas Verona,276,Hellas Verona,1467,Göztepe,LOAN,loan transfer,TRANSFERMARKT_EXPANDED
2024/25,2024,OUT,704230,Edoardo Bernardi,276,Hellas Verona,276,Hellas Verona,4095,AC Trento,LOAN,loan transfer,TRANSFERMARKT_EXPANDED
2024/25,2024,OUT,667056,Federico Caia,276,Hellas Verona,276,Hellas Verona,29251,Virtusvecomp Verona,LOAN,loan transfer,TRANSFERMARKT_EXPANDED
2024/25,2024,OUT,1082519,Charlys,276,Hellas Verona,276,Hellas Verona,4031,Cosenza Calcio,LOAN,loan transfer,TRANSFERMARKT_EXPANDED
2024/25,2024,OUT,241527,Federico Bonazzoli,276,Hellas Verona,276,Hellas Verona,380,US Salernitana 1919,LOAN_RETURN_OR_END_OF_LOAN,End of loan 30/06/2024,TRANSFERMARKT_EXPANDED
2024/25,2024,OUT,848509,Jackson Tchatchoua,276,Hellas Verona,276,Hellas Verona,172,Royal Charleroi SC,LOAN_RETURN_OR_END_OF_LOAN,End of loan 30/06/2024,TRANSFERMARKT_EXPANDED
2024/25,2024,OUT,261905,Suat Serdar,276,Hellas Verona,276,Hellas Verona,44,Hertha BSC,LOAN_RETURN_OR_END_OF_LOAN,End of loan 30/06/2024,TRANSFERMARKT_EXPANDED
2024/25,2024,OUT,377042,Michael Folorunsho,276,Hellas Verona,276,Hellas Verona,6195,SSC Napoli,LOAN_RETURN_OR_END_OF_LOAN,End of loan 30/06/2024,TRANSFERMARKT_EXPANDED
2024/25,2024,OUT,1082519,Charlys,276,Hellas Verona,276,Hellas Verona,15555,EC Vitória U20,LOAN_RETURN_OR_END_OF_LOAN,End of loan 30/06/2024,TRANSFERMARKT_EXPANDED
2024/25,2024,OUT,357158,Rúben Vinagre,276,Hellas Verona,276,Hellas Verona,336,Sporting CP,LOAN_RETURN_OR_END_OF_LOAN,End of loan 30/06/2024,TRANSFERMARKT_EXPANDED
2024/25,2024,OUT,330126,Karol Świderski,276,Hellas Verona,276,Hellas Verona,78435,Charlotte FC,LOAN_RETURN_OR_END_OF_LOAN,End of loan 30/06/2024,TRANSFERMARKT_EXPANDED
2024/25,2024,OUT,384859,Fabien Centonze,276,Hellas Verona,276,Hellas Verona,995,FC Nantes,LOAN_RETURN_OR_END_OF_LOAN,End of loan 30/06/2024,TRANSFERMARKT_EXPANDED
2024/25,2024,OUT,456492,Faride Alidou,276,Hellas Verona,276,Hellas Verona,24,Eintracht Frankfurt,LOAN_RETURN_OR_END_OF_LOAN,End of loan 22/01/2025,TRANSFERMARKT_EXPANDED
2024/25,2024,IN,555106,Filip Marchwiński,1005,US Lecce,238,Lech Poznan,1005,US Lecce,PERMANENT_OR_OTHER_EXPLICIT,€3.00m,TRANSFERMARKT_EXPANDED
2024/25,2024,IN,836441,Gaspar,1005,US Lecce,2431,CF Estrela Amadora,1005,US Lecce,PERMANENT_OR_OTHER_EXPLICIT,€2.00m,TRANSFERMARKT_EXPANDED
2024/25,2024,IN,386552,Lassana Coulibaly,1005,US Lecce,380,US Salernitana 1919,1005,US Lecce,PERMANENT_OR_OTHER_EXPLICIT,€1.80m,TRANSFERMARKT_EXPANDED
2024/25,2024,IN,649490,Konan N’Dri,1005,US Lecce,2727,Oud-Heverlee Leuven,1005,US Lecce,PERMANENT_OR_OTHER_EXPLICIT,€1.50m,TRANSFERMARKT_EXPANDED
2024/25,2024,IN,1112449,Tiago Gabriel,1005,US Lecce,2431,CF Estrela Amadora,1005,US Lecce,PERMANENT_OR_OTHER_EXPLICIT,€1.25m,TRANSFERMARKT_EXPANDED
2024/25,2024,IN,805886,Gaby Jean,1005,US Lecce,30204,FC Annecy,1005,US Lecce,PERMANENT_OR_OTHER_EXPLICIT,€1.00m,TRANSFERMARKT_EXPANDED
2024/25,2024,IN,336307,Christian Früchtl,1005,US Lecce,14,Austria Vienna,1005,US Lecce,PERMANENT_OR_OTHER_EXPLICIT,€1.00m,TRANSFERMARKT_EXPANDED
2024/25,2024,IN,728485,Danilo Veiga,1005,US Lecce,2431,CF Estrela Amadora,1005,US Lecce,PERMANENT_OR_OTHER_EXPLICIT,€1.00m,TRANSFERMARKT_EXPANDED
2024/25,2024,IN,724178,Luis Hasa,1005,US Lecce,41101,Juventus Next Gen,1005,US Lecce,PERMANENT_OR_OTHER_EXPLICIT,€150k,TRANSFERMARKT_EXPANDED
2024/25,2024,IN,354352,Frédéric Guilbert,1005,US Lecce,667,RC Strasbourg Alsace,1005,US Lecce,FREE_TRANSFER,free transfer,TRANSFERMARKT_EXPANDED
2024/25,2024,IN,187587,Ante Rebić,1005,US Lecce,114,Besiktas JK,1005,US Lecce,FREE_TRANSFER,free transfer,TRANSFERMARKT_EXPANDED
2024/25,2024,IN,339816,Tete Morente,1005,US Lecce,1531,Elche CF,1005,US Lecce,FREE_TRANSFER,free transfer,TRANSFERMARKT_EXPANDED
2024/25,2024,IN,642002,Balthazar Pierret,1005,US Lecce,7124,Quevilly - Rouen Métropole,1005,US Lecce,FREE_TRANSFER,free transfer,TRANSFERMARKT_EXPANDED
2024/25,2024,IN,247377,Kevin Bonifazi,1005,US Lecce,1025,Bologna FC 1909,1005,US Lecce,LOAN,loan transfer,TRANSFERMARKT_EXPANDED
2024/25,2024,IN,392570,Marco Sala,1005,US Lecce,1047,Como 1907,1005,US Lecce,LOAN,loan transfer,TRANSFERMARKT_EXPANDED
2024/25,2024,IN,367992,Jesper Karlsson,1005,US Lecce,1025,Bologna FC 1909,1005,US Lecce,LOAN,loan transfer,TRANSFERMARKT_EXPANDED
2024/25,2024,IN,494236,Andy Pelmard,1005,US Lecce,3524,Clermont Foot 63,1005,US Lecce,LOAN,loan transfer,TRANSFERMARKT_EXPANDED
2024/25,2024,IN,488996,Thórir Jóhann Helgason,1005,US Lecce,23,Eintracht Braunschweig,1005,US Lecce,LOAN_RETURN_OR_END_OF_LOAN,End of loan 30/06/2024,TRANSFERMARKT_EXPANDED
2024/25,2024,IN,816679,Dario Daka,1005,US Lecce,5618,Lecce Primavera,1005,US Lecce,PERMANENT_OR_OTHER_EXPLICIT,-,TRANSFERMARKT_EXPANDED
2024/25,2024,IN,802243,Ed McJannet,1005,US Lecce,5618,Lecce Primavera,1005,US Lecce,PERMANENT_OR_OTHER_EXPLICIT,-,TRANSFERMARKT_EXPANDED
2024/25,2024,IN,1118086,Sebastian Esposito,1005,US Lecce,5618,Lecce Primavera,1005,US Lecce,PERMANENT_OR_OTHER_EXPLICIT,-,TRANSFERMARKT_EXPANDED
2024/25,2024,IN,1017950,Vernon Addo,1005,US Lecce,5618,Lecce Primavera,1005,US Lecce,PERMANENT_OR_OTHER_EXPLICIT,-,TRANSFERMARKT_EXPANDED
2024/25,2024,IN,679829,Henri Salomaa,1005,US Lecce,5514,Calcio Lecco 1912,1005,US Lecce,LOAN_RETURN_OR_END_OF_LOAN,End of loan 30/06/2024,TRANSFERMARKT_EXPANDED
2024/25,2024,IN,592879,Eetu Mömmö,1005,US Lecce,23777,SJK Seinäjoki,1005,US Lecce,LOAN_RETURN_OR_END_OF_LOAN,End of loan 31/12/2024,TRANSFERMARKT_EXPANDED
2024/25,2024,IN,647534,Joel Voelkerling Persson,1005,US Lecce,499,Vitesse Arnhem,1005,US Lecce,LOAN_RETURN_OR_END_OF_LOAN,End of loan 30/06/2024,TRANSFERMARKT_EXPANDED
2024/25,2024,IN,805696,Mats Lemmens,1005,US Lecce,5514,Calcio Lecco 1912,1005,US Lecce,LOAN_RETURN_OR_END_OF_LOAN,End of loan 30/06/2024,TRANSFERMARKT_EXPANDED
2024/25,2024,IN,537765,Pablo Rodríguez,1005,US Lecce,408,Ascoli Calcio,1005,US Lecce,LOAN_RETURN_OR_END_OF_LOAN,End of loan 30/06/2024,TRANSFERMARKT_EXPANDED
2024/25,2024,IN,651002,Giacomo Faticanti,1005,US Lecce,1103,Ternana Calcio,1005,US Lecce,LOAN_RETURN_OR_END_OF_LOAN,End of loan 30/06/2024,TRANSFERMARKT_EXPANDED
2024/25,2024,IN,291276,Marcin Listkowski,1005,US Lecce,5514,Calcio Lecco 1912,1005,US Lecce,LOAN_RETURN_OR_END_OF_LOAN,End of loan 30/06/2024,TRANSFERMARKT_EXPANDED
2024/25,2024,IN,958649,Zinedin Smajlović,1005,US Lecce,5514,Calcio Lecco 1912,1005,US Lecce,LOAN_RETURN_OR_END_OF_LOAN,End of loan 30/06/2024,TRANSFERMARKT_EXPANDED
2024/25,2024,IN,457673,Gabriel Strefezza,1005,US Lecce,1047,Como 1907,1005,US Lecce,LOAN_RETURN_OR_END_OF_LOAN,End of loan 30/06/2024,TRANSFERMARKT_EXPANDED
2024/25,2024,IN,805696,Mats Lemmens,1005,US Lecce,7773,KSC Lokeren-Temse,1005,US Lecce,LOAN_RETURN_OR_END_OF_LOAN,End of loan 02/02/2025,TRANSFERMARKT_EXPANDED
2024/25,2024,IN,738119,Antonino Viola,1005,US Lecce,22344,AC Nardò,1005,US Lecce,LOAN_RETURN_OR_END_OF_LOAN,End of loan 30/06/2024,TRANSFERMARKT_EXPANDED
2024/25,2024,IN,647534,Joel Voelkerling Persson,1005,US Lecce,3622,IFK Värnamo,1005,US Lecce,LOAN_RETURN_OR_END_OF_LOAN,End of loan 31/12/2024,TRANSFERMARKT_EXPANDED
2024/25,2024,IN,679829,Henri Salomaa,1005,US Lecce,4106,Casertana FC,1005,US Lecce,LOAN_RETURN_OR_END_OF_LOAN,End of loan 29/01/2025,TRANSFERMARKT_EXPANDED
2024/25,2024,OUT,926952,Patrick Dorgu,1005,US Lecce,1005,US Lecce,985,Manchester United,PERMANENT_OR_OTHER_EXPLICIT,€30.00m,TRANSFERMARKT_EXPANDED
2024/25,2024,OUT,282144,Marin Pongracic,1005,US Lecce,1005,US Lecce,430,ACF Fiorentina,PERMANENT_OR_OTHER_EXPLICIT,€15.00m,TRANSFERMARKT_EXPANDED
2024/25,2024,OUT,569387,Valentin Gendrey,1005,US Lecce,1005,US Lecce,533,TSG 1899 Hoffenheim,PERMANENT_OR_OTHER_EXPLICIT,€9.50m,TRANSFERMARKT_EXPANDED
2024/25,2024,OUT,457673,Gabriel Strefezza,1005,US Lecce,1005,US Lecce,1047,Como 1907,PERMANENT_OR_OTHER_EXPLICIT,€4.78m,TRANSFERMARKT_EXPANDED
2024/25,2024,OUT,236041,Alexis Blin,1005,US Lecce,1005,US Lecce,458,Palermo FC,PERMANENT_OR_OTHER_EXPLICIT,€1.50m,TRANSFERMARKT_EXPANDED
2024/25,2024,OUT,724178,Luis Hasa,1005,US Lecce,1005,US Lecce,6195,SSC Napoli,PERMANENT_OR_OTHER_EXPLICIT,€500k,TRANSFERMARKT_EXPANDED
2024/25,2024,OUT,958649,Zinedin Smajlović,1005,US Lecce,1005,US Lecce,8843,Sandvikens IF,FREE_TRANSFER,free transfer,TRANSFERMARKT_EXPANDED
2024/25,2024,OUT,451154,Federico Brancolini,1005,US Lecce,1005,US Lecce,749,FC Empoli,FREE_TRANSFER,free transfer,TRANSFERMARKT_EXPANDED
2024/25,2024,OUT,240219,Lorenzo Venuti,1005,US Lecce,1005,US Lecce,1038,UC Sampdoria,FREE_TRANSFER,free transfer,TRANSFERMARKT_EXPANDED
2024/25,2024,OUT,816679,Dario Daka,1005,US Lecce,1005,US Lecce,4331,FC Trapani 1905,FREE_TRANSFER,free transfer,TRANSFERMARKT_EXPANDED
2024/25,2024,OUT,679829,Henri Salomaa,1005,US Lecce,1005,US Lecce,4106,Casertana FC,LOAN,loan transfer,TRANSFERMARKT_EXPANDED
2024/25,2024,OUT,679829,Henri Salomaa,1005,US Lecce,1005,US Lecce,1253,Lucchese 1905,LOAN,loan transfer,TRANSFERMARKT_EXPANDED
2024/25,2024,OUT,291276,Marcin Listkowski,1005,US Lecce,1005,US Lecce,2300,Jagiellonia Bialystok,PERMANENT_OR_OTHER_EXPLICIT,?,TRANSFERMARKT_EXPANDED
2024/25,2024,OUT,738119,Antonino Viola,1005,US Lecce,1005,US Lecce,22408,Altamura S.S.,PERMANENT_OR_OTHER_EXPLICIT,?,TRANSFERMARKT_EXPANDED
2024/25,2024,OUT,647534,Joel Voelkerling Persson,1005,US Lecce,1005,US Lecce,3622,IFK Värnamo,LOAN,loan transfer,TRANSFERMARKT_EXPANDED
2024/25,2024,OUT,592879,Eetu Mömmö,1005,US Lecce,1005,US Lecce,1225,FC Haka,LOAN,loan transfer,TRANSFERMARKT_EXPANDED
2024/25,2024,OUT,667640,Alexandru Borbei,1005,US Lecce,1005,US Lecce,7769,CFR Cluj,LOAN,loan transfer,TRANSFERMARKT_EXPANDED
2024/25,2024,OUT,247377,Kevin Bonifazi,1005,US Lecce,1005,US Lecce,6574,US Sassuolo,LOAN,loan transfer,TRANSFERMARKT_EXPANDED
2024/25,2024,OUT,805696,Mats Lemmens,1005,US Lecce,1005,US Lecce,54189,RWD Molenbeek,LOAN,loan transfer,TRANSFERMARKT_EXPANDED
2024/25,2024,OUT,805696,Mats Lemmens,1005,US Lecce,1005,US Lecce,7773,KSC Lokeren-Temse,LOAN,loan transfer,TRANSFERMARKT_EXPANDED
2024/25,2024,OUT,399543,Rémi Oudin,1005,US Lecce,1005,US Lecce,1038,UC Sampdoria,LOAN,loan transfer,TRANSFERMARKT_EXPANDED
2024/25,2024,OUT,537765,Pablo Rodríguez,1005,US Lecce,1005,US Lecce,630,Racing Santander,LOAN,loan transfer,TRANSFERMARKT_EXPANDED
2024/25,2024,OUT,671542,Daniel Samek,1005,US Lecce,1005,US Lecce,1897,FC Hradec Kralove,LOAN,loan transfer,TRANSFERMARKT_EXPANDED
2024/25,2024,OUT,163647,Kastriot Dermaku,1005,US Lecce,1005,US Lecce,,Retired,RETIREMENT,-,TRANSFERMARKT_EXPANDED
2024/25,2024,OUT,802243,Ed McJannet,1005,US Lecce,1005,US Lecce,22249,Audace Cerignola,LOAN,loan transfer,TRANSFERMARKT_EXPANDED
2024/25,2024,OUT,651002,Giacomo Faticanti,1005,US Lecce,1005,US Lecce,41101,Juventus Next Gen,LOAN,loan transfer,TRANSFERMARKT_EXPANDED
2024/25,2024,OUT,432092,Roberto Piccoli,1005,US Lecce,1005,US Lecce,800,Atalanta BC,LOAN_RETURN_OR_END_OF_LOAN,End of loan 30/06/2024,TRANSFERMARKT_EXPANDED
2024/25,2024,OUT,325924,Ahmed Touba,1005,US Lecce,1005,US Lecce,6890,Basaksehir FK,LOAN_RETURN_OR_END_OF_LOAN,End of loan 30/06/2024,TRANSFERMARKT_EXPANDED
2024/25,2024,OUT,300532,Pontus Almqvist,1005,US Lecce,1005,US Lecce,1083,FC Rostov,LOAN_RETURN_OR_END_OF_LOAN,End of loan 30/06/2024,TRANSFERMARKT_EXPANDED
2024/25,2024,OUT,494236,Andy Pelmard,1005,US Lecce,1005,US Lecce,3524,Clermont Foot 63,LOAN_RETURN_OR_END_OF_LOAN,End of loan 19/01/2025,TRANSFERMARKT_EXPANDED
2024/25,2024,IN,572265,Lorenzo Lucca,410,Udinese Calcio,4172,Pisa Sporting Club,410,Udinese Calcio,PERMANENT_OR_OTHER_EXPLICIT,€8.00m,TRANSFERMARKT_EXPANDED
2024/25,2024,IN,361068,Jurgen Ekkelenkamp,410,Udinese Calcio,1096,Royal Antwerp FC,410,Udinese Calcio,PERMANENT_OR_OTHER_EXPLICIT,€5.35m,TRANSFERMARKT_EXPANDED
2024/25,2024,IN,950593,Damián Pizarro,410,Udinese Calcio,2433,CSD Colo-Colo,410,Udinese Calcio,PERMANENT_OR_OTHER_EXPLICIT,€3.50m,TRANSFERMARKT_EXPANDED
2024/25,2024,IN,568617,Răzvan Sava,410,Udinese Calcio,7769,CFR Cluj,410,Udinese Calcio,PERMANENT_OR_OTHER_EXPLICIT,€2.50m,TRANSFERMARKT_EXPANDED
2024/25,2024,IN,741292,Iker Bravo,410,Udinese Calcio,15,Bayer 04 Leverkusen,410,Udinese Calcio,PERMANENT_OR_OTHER_EXPLICIT,€2.50m,TRANSFERMARKT_EXPANDED
2024/25,2024,IN,222855,Jesper Karlström,410,Udinese Calcio,238,Lech Poznan,410,Udinese Calcio,PERMANENT_OR_OTHER_EXPLICIT,€2.00m,TRANSFERMARKT_EXPANDED
2024/25,2024,IN,671799,Rui Modesto,410,Udinese Calcio,272,AIK,410,Udinese Calcio,PERMANENT_OR_OTHER_EXPLICIT,€2.00m,TRANSFERMARKT_EXPANDED
2024/25,2024,IN,380744,Egil Selvik,410,Udinese Calcio,2761,FK Haugesund,410,Udinese Calcio,FREE_TRANSFER,free transfer,TRANSFERMARKT_EXPANDED
2024/25,2024,IN,726721,Gonçalo Esteves,410,Udinese Calcio,10949,Sporting CP B,410,Udinese Calcio,FREE_TRANSFER,free transfer,TRANSFERMARKT_EXPANDED
2024/25,2024,IN,40433,Alexis Sánchez,410,Udinese Calcio,46,Inter Milan,410,Udinese Calcio,FREE_TRANSFER,free transfer,TRANSFERMARKT_EXPANDED
2024/25,2024,IN,375877,Vakoun Bayo,410,Udinese Calcio,1010,Watford FC,410,Udinese Calcio,PERMANENT_OR_OTHER_EXPLICIT,?,TRANSFERMARKT_EXPANDED
2024/25,2024,IN,654949,Sekou Diawara,410,Udinese Calcio,2974,Francs Borains,410,Udinese Calcio,PERMANENT_OR_OTHER_EXPLICIT,?,TRANSFERMARKT_EXPANDED
2024/25,2024,IN,708678,Isaak Touré,410,Udinese Calcio,1158,FC Lorient,410,Udinese Calcio,LOAN,loan transfer,TRANSFERMARKT_EXPANDED
2024/25,2024,IN,855308,Arthur Atta,410,Udinese Calcio,347,FC Metz,410,Udinese Calcio,LOAN,loan transfer,TRANSFERMARKT_EXPANDED
2024/25,2024,IN,463665,Oumar Solet,410,Udinese Calcio,515,Without Club,410,Udinese Calcio,FREE_AGENT_OR_END_OF_CONTRACT,-,TRANSFERMARKT_EXPANDED
2024/25,2024,IN,1058354,Matteo Palma,410,Udinese Calcio,10959,Udinese Primavera,410,Udinese Calcio,PERMANENT_OR_OTHER_EXPLICIT,-,TRANSFERMARKT_EXPANDED
2024/25,2024,IN,293168,Filip Benkovic,410,Udinese Calcio,449,Trabzonspor,410,Udinese Calcio,LOAN_RETURN_OR_END_OF_LOAN,End of loan 30/06/2024,TRANSFERMARKT_EXPANDED
2024/25,2024,IN,653415,Leonardo Buta,410,Udinese Calcio,2424,Gil Vicente FC,410,Udinese Calcio,LOAN_RETURN_OR_END_OF_LOAN,End of loan 30/06/2024,TRANSFERMARKT_EXPANDED
2024/25,2024,IN,586756,Festy Ebosele,410,Udinese Calcio,1010,Watford FC,410,Udinese Calcio,LOAN_RETURN_OR_END_OF_LOAN,End of loan 30/01/2025,TRANSFERMARKT_EXPANDED
2024/25,2024,IN,612059,Edoardo Piana,410,Udinese Calcio,1104,ACR Messina,410,Udinese Calcio,LOAN_RETURN_OR_END_OF_LOAN,End of loan 30/06/2024,TRANSFERMARKT_EXPANDED
2024/25,2024,IN,668228,Matheus Martins,410,Udinese Calcio,1010,Watford FC,410,Udinese Calcio,LOAN_RETURN_OR_END_OF_LOAN,End of loan 30/06/2024,TRANSFERMARKT_EXPANDED
2024/25,2024,IN,465279,Marco Ballarini,410,Udinese Calcio,4271,US Triestina,410,Udinese Calcio,LOAN_RETURN_OR_END_OF_LOAN,End of loan 31/01/2025,TRANSFERMARKT_EXPANDED
2024/25,2024,IN,925584,Axel Guessand,410,Udinese Calcio,724,FC Volendam,410,Udinese Calcio,LOAN_RETURN_OR_END_OF_LOAN,End of loan 30/06/2024,TRANSFERMARKT_EXPANDED
2024/25,2024,IN,1014243,Vivaldo Semedo,410,Udinese Calcio,724,FC Volendam,410,Udinese Calcio,LOAN_RETURN_OR_END_OF_LOAN,End of loan 30/06/2024,TRANSFERMARKT_EXPANDED
2024/25,2024,IN,876400,Simone Pafundi,410,Udinese Calcio,527,FC Lausanne-Sport,410,Udinese Calcio,LOAN_RETURN_OR_END_OF_LOAN,End of loan 31/12/2024,TRANSFERMARKT_EXPANDED
2024/25,2024,IN,654949,Sekou Diawara,410,Udinese Calcio,41274,Beerschot VA,410,Udinese Calcio,LOAN_RETURN_OR_END_OF_LOAN,End of loan 30/06/2024,TRANSFERMARKT_EXPANDED
2024/25,2024,IN,391719,Domingos Quina,410,Udinese Calcio,6912,FC Vizela,410,Udinese Calcio,LOAN_RETURN_OR_END_OF_LOAN,End of loan 30/06/2024,TRANSFERMARKT_EXPANDED
2024/25,2024,IN,286949,Adam Masina,410,Udinese Calcio,416,Torino FC,410,Udinese Calcio,LOAN_RETURN_OR_END_OF_LOAN,End of loan 30/06/2024,TRANSFERMARKT_EXPANDED
2024/25,2024,IN,797791,Antonio Tikvic,410,Udinese Calcio,1010,Watford FC,410,Udinese Calcio,LOAN_RETURN_OR_END_OF_LOAN,End of loan 31/07/2024,TRANSFERMARKT_EXPANDED
2024/25,2024,OUT,668228,Matheus Martins,410,Udinese Calcio,410,Udinese Calcio,537,Botafogo de Futebol e Regatas,PERMANENT_OR_OTHER_EXPLICIT,€10.00m,TRANSFERMARKT_EXPANDED
2024/25,2024,OUT,323954,Walace,410,Udinese Calcio,410,Udinese Calcio,609,Cruzeiro Esporte Clube,PERMANENT_OR_OTHER_EXPLICIT,€8.00m,TRANSFERMARKT_EXPANDED
2024/25,2024,OUT,528833,Lazar Samardžić,410,Udinese Calcio,410,Udinese Calcio,800,Atalanta BC,LOAN,Loan fee: €5.00m,TRANSFERMARKT_EXPANDED
2024/25,2024,OUT,491693,Nehuén Pérez,410,Udinese Calcio,410,Udinese Calcio,720,FC Porto,LOAN,Loan fee: €4.08m,TRANSFERMARKT_EXPANDED
2024/25,2024,OUT,586756,Festy Ebosele,410,Udinese Calcio,410,Udinese Calcio,6890,Basaksehir FK,PERMANENT_OR_OTHER_EXPLICIT,€1.50m,TRANSFERMARKT_EXPANDED
2024/25,2024,OUT,286949,Adam Masina,410,Udinese Calcio,410,Udinese Calcio,416,Torino FC,PERMANENT_OR_OTHER_EXPLICIT,€1.00m,TRANSFERMARKT_EXPANDED
2024/25,2024,OUT,391719,Domingos Quina,410,Udinese Calcio,410,Udinese Calcio,45457,Pafos FC,PERMANENT_OR_OTHER_EXPLICIT,€600k,TRANSFERMARKT_EXPANDED
2024/25,2024,OUT,797791,Antonio Tikvic,410,Udinese Calcio,410,Udinese Calcio,1010,Watford FC,PERMANENT_OR_OTHER_EXPLICIT,€300k,TRANSFERMARKT_EXPANDED
2024/25,2024,OUT,112302,Roberto Pereyra,410,Udinese Calcio,410,Udinese Calcio,2441,AEK Athens,FREE_TRANSFER,free transfer,TRANSFERMARKT_EXPANDED
2024/25,2024,OUT,342877,Enzo Ebosse,410,Udinese Calcio,410,Udinese Calcio,2300,Jagiellonia Bialystok,LOAN,loan transfer,TRANSFERMARKT_EXPANDED
2024/25,2024,OUT,465279,Marco Ballarini,410,Udinese Calcio,410,Udinese Calcio,1253,Lucchese 1905,LOAN,loan transfer,TRANSFERMARKT_EXPANDED
2024/25,2024,OUT,85528,Marco Silvestri,410,Udinese Calcio,410,Udinese Calcio,1038,UC Sampdoria,PERMANENT_OR_OTHER_EXPLICIT,?,TRANSFERMARKT_EXPANDED
2024/25,2024,OUT,925584,Axel Guessand,410,Udinese Calcio,410,Udinese Calcio,21101,Kristiansund BK,PERMANENT_OR_OTHER_EXPLICIT,?,TRANSFERMARKT_EXPANDED
2024/25,2024,OUT,653415,Leonardo Buta,410,Udinese Calcio,410,Udinese Calcio,979,Moreirense FC,PERMANENT_OR_OTHER_EXPLICIT,?,TRANSFERMARKT_EXPANDED
2024/25,2024,OUT,654949,Sekou Diawara,410,Udinese Calcio,410,Udinese Calcio,2974,Francs Borains,PERMANENT_OR_OTHER_EXPLICIT,?,TRANSFERMARKT_EXPANDED
2024/25,2024,OUT,380744,Egil Selvik,410,Udinese Calcio,410,Udinese Calcio,1010,Watford FC,PERMANENT_OR_OTHER_EXPLICIT,?,TRANSFERMARKT_EXPANDED
2024/25,2024,OUT,648032,James Abankwah,410,Udinese Calcio,410,Udinese Calcio,1010,Watford FC,LOAN,loan transfer,TRANSFERMARKT_EXPANDED
2024/25,2024,OUT,375877,Vakoun Bayo,410,Udinese Calcio,410,Udinese Calcio,1010,Watford FC,LOAN,loan transfer,TRANSFERMARKT_EXPANDED
2024/25,2024,OUT,726721,Gonçalo Esteves,410,Udinese Calcio,410,Udinese Calcio,322,Yverdon Sport FC,LOAN,loan transfer,TRANSFERMARKT_EXPANDED
2024/25,2024,OUT,1014243,Vivaldo Semedo,410,Udinese Calcio,410,Udinese Calcio,6912,FC Vizela,LOAN,loan transfer,TRANSFERMARKT_EXPANDED
2024/25,2024,OUT,586756,Festy Ebosele,410,Udinese Calcio,410,Udinese Calcio,1010,Watford FC,LOAN,loan transfer,TRANSFERMARKT_EXPANDED
2024/25,2024,OUT,295331,Isaac Success,410,Udinese Calcio,410,Udinese Calcio,515,Without Club,FREE_AGENT_OR_END_OF_CONTRACT,-,TRANSFERMARKT_EXPANDED
2024/25,2024,OUT,129476,Gerard Deulofeu,410,Udinese Calcio,410,Udinese Calcio,515,Without Club,FREE_AGENT_OR_END_OF_CONTRACT,-,TRANSFERMARKT_EXPANDED
2024/25,2024,OUT,293168,Filip Benkovic,410,Udinese Calcio,410,Udinese Calcio,515,Without Club,FREE_AGENT_OR_END_OF_CONTRACT,-,TRANSFERMARKT_EXPANDED
2024/25,2024,OUT,654949,Sekou Diawara,410,Udinese Calcio,410,Udinese Calcio,1253,Lucchese 1905,LOAN,loan transfer,TRANSFERMARKT_EXPANDED
2024/25,2024,OUT,797791,Antonio Tikvic,410,Udinese Calcio,410,Udinese Calcio,1010,Watford FC,LOAN,loan transfer,TRANSFERMARKT_EXPANDED
2024/25,2024,OUT,572265,Lorenzo Lucca,410,Udinese Calcio,410,Udinese Calcio,4172,Pisa Sporting Club,LOAN_RETURN_OR_END_OF_LOAN,End of loan 30/06/2024,TRANSFERMARKT_EXPANDED
2024/25,2024,OUT,481623,João Ferreira,410,Udinese Calcio,410,Udinese Calcio,1010,Watford FC,LOAN_RETURN_OR_END_OF_LOAN,End of loan 30/06/2024,TRANSFERMARKT_EXPANDED
2024/25,2024,IN,392966,Nadir Zortea,1390,Cagliari Calcio,800,Atalanta BC,1390,Cagliari Calcio,PERMANENT_OR_OTHER_EXPLICIT,€5.30m,TRANSFERMARKT_EXPANDED
2024/25,2024,IN,278531,Sebastiano Luperto,1390,Cagliari Calcio,749,FC Empoli,1390,Cagliari Calcio,PERMANENT_OR_OTHER_EXPLICIT,€3.50m,TRANSFERMARKT_EXPANDED
2024/25,2024,IN,600041,Mattia Felici,1390,Cagliari Calcio,9439,Feralpisalò,1390,Cagliari Calcio,PERMANENT_OR_OTHER_EXPLICIT,€2.10m,TRANSFERMARKT_EXPANDED
2024/25,2024,IN,432092,Roberto Piccoli,1390,Cagliari Calcio,800,Atalanta BC,1390,Cagliari Calcio,LOAN,Loan fee: €500k,TRANSFERMARKT_EXPANDED
2024/25,2024,IN,304144,Alen Sherri,1390,Cagliari Calcio,27114,KF Egnatia,1390,Cagliari Calcio,PERMANENT_OR_OTHER_EXPLICIT,€360k,TRANSFERMARKT_EXPANDED
2024/25,2024,IN,125020,José Luis Palomino,1390,Cagliari Calcio,800,Atalanta BC,1390,Cagliari Calcio,FREE_TRANSFER,free transfer,TRANSFERMARKT_EXPANDED
2024/25,2024,IN,340982,Florinel Coman,1390,Cagliari Calcio,6297,Al-Gharafa SC,1390,Cagliari Calcio,LOAN,loan transfer,TRANSFERMARKT_EXPANDED
2024/25,2024,IN,421873,Elia Caprile,1390,Cagliari Calcio,6195,SSC Napoli,1390,Cagliari Calcio,LOAN,loan transfer,TRANSFERMARKT_EXPANDED
2024/25,2024,IN,564305,Michel Adopo,1390,Cagliari Calcio,800,Atalanta BC,1390,Cagliari Calcio,LOAN,loan transfer,TRANSFERMARKT_EXPANDED
2024/25,2024,IN,358008,Gianluca Gaetano,1390,Cagliari Calcio,6195,SSC Napoli,1390,Cagliari Calcio,LOAN,loan transfer,TRANSFERMARKT_EXPANDED
2024/25,2024,IN,885226,Riyad Idrissi,1390,Cagliari Calcio,11676,Cagliari Primavera,1390,Cagliari Calcio,PERMANENT_OR_OTHER_EXPLICIT,-,TRANSFERMARKT_EXPANDED
2024/25,2024,IN,295183,Răzvan Marin,1390,Cagliari Calcio,749,FC Empoli,1390,Cagliari Calcio,LOAN_RETURN_OR_END_OF_LOAN,End of loan 30/06/2024,TRANSFERMARKT_EXPANDED
2024/25,2024,IN,736034,Isaías Delpupo,1390,Cagliari Calcio,14888,US Città di Pontedera,1390,Cagliari Calcio,LOAN_RETURN_OR_END_OF_LOAN,End of loan 30/06/2024,TRANSFERMARKT_EXPANDED
2024/25,2024,IN,705097,Davide Veroli,1390,Cagliari Calcio,4097,US Catanzaro,1390,Cagliari Calcio,LOAN_RETURN_OR_END_OF_LOAN,End of loan 30/06/2024,TRANSFERMARKT_EXPANDED
2024/25,2024,IN,469690,Nik Prelec,1390,Cagliari Calcio,2446,WSG Tirol,1390,Cagliari Calcio,LOAN_RETURN_OR_END_OF_LOAN,End of loan 30/06/2024,TRANSFERMARKT_EXPANDED
2024/25,2024,IN,701842,Nicolò Cavuoti,1390,Cagliari Calcio,9826,Olbia Calcio 1905,1390,Cagliari Calcio,LOAN_RETURN_OR_END_OF_LOAN,End of loan 30/06/2024,TRANSFERMARKT_EXPANDED
2024/25,2024,IN,621153,Luigi Palomba,1390,Cagliari Calcio,9826,Olbia Calcio 1905,1390,Cagliari Calcio,LOAN_RETURN_OR_END_OF_LOAN,End of loan 30/06/2024,TRANSFERMARKT_EXPANDED
2024/25,2024,IN,711352,Francesco Zallu,1390,Cagliari Calcio,9826,Olbia Calcio 1905,1390,Cagliari Calcio,LOAN_RETURN_OR_END_OF_LOAN,End of loan 30/06/2024,TRANSFERMARKT_EXPANDED
2024/25,2024,IN,472176,Salvatore Boccia,1390,Cagliari Calcio,6692,Novara FC,1390,Cagliari Calcio,LOAN_RETURN_OR_END_OF_LOAN,End of loan 30/06/2024,TRANSFERMARKT_EXPANDED
2024/25,2024,IN,354909,Giorgio Altare,1390,Cagliari Calcio,607,Venezia FC,1390,Cagliari Calcio,LOAN_RETURN_OR_END_OF_LOAN,End of loan 30/06/2024,TRANSFERMARKT_EXPANDED
2024/25,2024,IN,650224,Christos Kourfalidis,1390,Cagliari Calcio,9439,Feralpisalò,1390,Cagliari Calcio,LOAN_RETURN_OR_END_OF_LOAN,End of loan 30/06/2024,TRANSFERMARKT_EXPANDED
2024/25,2024,IN,535740,Giuseppe Ciocci,1390,Cagliari Calcio,14888,US Città di Pontedera,1390,Cagliari Calcio,LOAN_RETURN_OR_END_OF_LOAN,End of loan 30/06/2024,TRANSFERMARKT_EXPANDED
2024/25,2024,IN,685506,Christian Travaglini,1390,Cagliari Calcio,4093,Taranto SS,1390,Cagliari Calcio,LOAN_RETURN_OR_END_OF_LOAN,End of loan 30/06/2024,TRANSFERMARKT_EXPANDED
2024/25,2024,IN,264116,Gastón Pereiro,1390,Cagliari Calcio,1103,Ternana Calcio,1390,Cagliari Calcio,LOAN_RETURN_OR_END_OF_LOAN,End of loan 30/06/2024,TRANSFERMARKT_EXPANDED
2024/25,2024,IN,610878,Jacopo Desogus,1390,Cagliari Calcio,4326,AS Gubbio 1910,1390,Cagliari Calcio,LOAN_RETURN_OR_END_OF_LOAN,End of loan 30/06/2024,TRANSFERMARKT_EXPANDED
2024/25,2024,IN,481836,Gianluca Contini,1390,Cagliari Calcio,49939,Virtus Francavilla Calcio,1390,Cagliari Calcio,LOAN_RETURN_OR_END_OF_LOAN,End of loan 30/06/2024,TRANSFERMARKT_EXPANDED
2024/25,2024,OUT,385394,Alberto Dossena,1390,Cagliari Calcio,1390,Cagliari Calcio,1047,Como 1907,PERMANENT_OR_OTHER_EXPLICIT,€9.34m,TRANSFERMARKT_EXPANDED
2024/25,2024,OUT,982267,Ibrahim Sulemana,1390,Cagliari Calcio,1390,Cagliari Calcio,800,Atalanta BC,PERMANENT_OR_OTHER_EXPLICIT,€7.40m,TRANSFERMARKT_EXPANDED
2024/25,2024,OUT,354909,Giorgio Altare,1390,Cagliari Calcio,1390,Cagliari Calcio,607,Venezia FC,PERMANENT_OR_OTHER_EXPLICIT,€1.50m,TRANSFERMARKT_EXPANDED
2024/25,2024,OUT,130394,Gianluca Lapadula,1390,Cagliari Calcio,1390,Cagliari Calcio,3522,Spezia Calcio,PERMANENT_OR_OTHER_EXPLICIT,€300k,TRANSFERMARKT_EXPANDED
2024/25,2024,OUT,650224,Christos Kourfalidis,1390,Cagliari Calcio,1390,Cagliari Calcio,4031,Cosenza Calcio,PERMANENT_OR_OTHER_EXPLICIT,€250k,TRANSFERMARKT_EXPANDED
2024/25,2024,OUT,736034,Isaías Delpupo,1390,Cagliari Calcio,1390,Cagliari Calcio,475,Sint-Truidense VV,PERMANENT_OR_OTHER_EXPLICIT,€200k,TRANSFERMARKT_EXPANDED
2024/25,2024,OUT,705097,Davide Veroli,1390,Cagliari Calcio,1390,Cagliari Calcio,1038,UC Sampdoria,LOAN,Loan fee: €200k,TRANSFERMARKT_EXPANDED
2024/25,2024,OUT,208172,Mateusz Wieteska,1390,Cagliari Calcio,1390,Cagliari Calcio,1091,PAOK Thessaloniki,LOAN,Loan fee: €145k,TRANSFERMARKT_EXPANDED
2024/25,2024,OUT,469690,Nik Prelec,1390,Cagliari Calcio,1390,Cagliari Calcio,14,Austria Vienna,LOAN,Loan fee: €100k,TRANSFERMARKT_EXPANDED
2024/25,2024,OUT,885226,Riyad Idrissi,1390,Cagliari Calcio,1390,Cagliari Calcio,1385,Modena FC,LOAN,Loan fee: €100k,TRANSFERMARKT_EXPANDED
2024/25,2024,OUT,310527,Paulo Azzi,1390,Cagliari Calcio,1390,Cagliari Calcio,2239,US Cremonese,PERMANENT_OR_OTHER_EXPLICIT,€50k,TRANSFERMARKT_EXPANDED
2024/25,2024,OUT,315063,Nahitan Nández,1390,Cagliari Calcio,1390,Cagliari Calcio,26069,Al-Qadsiah FC,FREE_TRANSFER,free transfer,TRANSFERMARKT_EXPANDED
2024/25,2024,OUT,481836,Gianluca Contini,1390,Cagliari Calcio,1390,Cagliari Calcio,29251,Virtusvecomp Verona,FREE_TRANSFER,free transfer,TRANSFERMARKT_EXPANDED
2024/25,2024,OUT,711352,Francesco Zallu,1390,Cagliari Calcio,1390,Cagliari Calcio,4326,AS Gubbio 1910,FREE_TRANSFER,free transfer,TRANSFERMARKT_EXPANDED
2024/25,2024,OUT,685506,Christian Travaglini,1390,Cagliari Calcio,1390,Cagliari Calcio,4146,Aurora Pro Patria,PERMANENT_OR_OTHER_EXPLICIT,?,TRANSFERMARKT_EXPANDED
2024/25,2024,OUT,472176,Salvatore Boccia,1390,Cagliari Calcio,1390,Cagliari Calcio,46619,Arzignano Valchiampo,PERMANENT_OR_OTHER_EXPLICIT,?,TRANSFERMARKT_EXPANDED
2024/25,2024,OUT,610878,Jacopo Desogus,1390,Cagliari Calcio,1390,Cagliari Calcio,4084,AS Cittadella,PERMANENT_OR_OTHER_EXPLICIT,?,TRANSFERMARKT_EXPANDED
2024/25,2024,OUT,701842,Nicolò Cavuoti,1390,Cagliari Calcio,1390,Cagliari Calcio,9439,Feralpisalò,LOAN,loan transfer,TRANSFERMARKT_EXPANDED
2024/25,2024,OUT,621153,Luigi Palomba,1390,Cagliari Calcio,1390,Cagliari Calcio,7030,Vis Pesaro 1898,LOAN,loan transfer,TRANSFERMARKT_EXPANDED
2024/25,2024,OUT,238993,Simone Scuffet,1390,Cagliari Calcio,1390,Cagliari Calcio,6195,SSC Napoli,LOAN,loan transfer,TRANSFERMARKT_EXPANDED
2024/25,2024,OUT,144244,Pantelis Hatzidiakos,1390,Cagliari Calcio,1390,Cagliari Calcio,190,FC Copenhagen,LOAN,loan transfer,TRANSFERMARKT_EXPANDED
2024/25,2024,OUT,258482,Boris Radunović,1390,Cagliari Calcio,1390,Cagliari Calcio,332,SSC Bari,LOAN,loan transfer,TRANSFERMARKT_EXPANDED
2024/25,2024,OUT,457674,Alessandro Di Pardo,1390,Cagliari Calcio,1390,Cagliari Calcio,1385,Modena FC,LOAN,loan transfer,TRANSFERMARKT_EXPANDED
2024/25,2024,OUT,264116,Gastón Pereiro,1390,Cagliari Calcio,1390,Cagliari Calcio,515,Without Club,FREE_AGENT_OR_END_OF_CONTRACT,-,TRANSFERMARKT_EXPANDED
2024/25,2024,OUT,51736,Marco Mancosu,1390,Cagliari Calcio,1390,Cagliari Calcio,,Retired,RETIREMENT,-,TRANSFERMARKT_EXPANDED
2024/25,2024,OUT,41912,Simone Aresti,1390,Cagliari Calcio,1390,Cagliari Calcio,,Retired,RETIREMENT,-,TRANSFERMARKT_EXPANDED
2024/25,2024,OUT,613393,Gaetano Oristanio,1390,Cagliari Calcio,1390,Cagliari Calcio,46,Inter Milan,LOAN_RETURN_OR_END_OF_LOAN,End of loan 30/06/2024,TRANSFERMARKT_EXPANDED
2024/25,2024,OUT,358166,Eldor Shomurodov,1390,Cagliari Calcio,1390,Cagliari Calcio,12,AS Roma,LOAN_RETURN_OR_END_OF_LOAN,End of loan 30/06/2024,TRANSFERMARKT_EXPANDED
2024/25,2024,OUT,199258,Andrea Petagna,1390,Cagliari Calcio,1390,Cagliari Calcio,2919,AC Monza,LOAN_RETURN_OR_END_OF_LOAN,End of loan 30/06/2024,TRANSFERMARKT_EXPANDED
2024/25,2024,OUT,358008,Gianluca Gaetano,1390,Cagliari Calcio,1390,Cagliari Calcio,6195,SSC Napoli,LOAN_RETURN_OR_END_OF_LOAN,End of loan 30/06/2024,TRANSFERMARKT_EXPANDED
2024/25,2024,IN,936745,Ismaël Konaté,749,FC Empoli,11676,Cagliari Primavera,749,FC Empoli,PERMANENT_OR_OTHER_EXPLICIT,€100k,TRANSFERMARKT_EXPANDED
2024/25,2024,IN,433181,Tino Anjorin,749,FC Empoli,631,Chelsea FC,749,FC Empoli,FREE_TRANSFER,free transfer,TRANSFERMARKT_EXPANDED
2024/25,2024,IN,451154,Federico Brancolini,749,FC Empoli,1005,US Lecce,749,FC Empoli,FREE_TRANSFER,free transfer,TRANSFERMARKT_EXPANDED
2024/25,2024,IN,85528,Marco Silvestri,749,FC Empoli,1038,UC Sampdoria,749,FC Empoli,PERMANENT_OR_OTHER_EXPLICIT,?,TRANSFERMARKT_EXPANDED
2024/25,2024,IN,538918,Sebastiano Esposito,749,FC Empoli,46,Inter Milan,749,FC Empoli,LOAN,loan transfer,TRANSFERMARKT_EXPANDED
2024/25,2024,IN,431811,Ola Solbakken,749,FC Empoli,12,AS Roma,749,FC Empoli,LOAN,loan transfer,TRANSFERMARKT_EXPANDED
2024/25,2024,IN,493702,Mattia Viti,749,FC Empoli,417,OGC Nice,749,FC Empoli,LOAN,loan transfer,TRANSFERMARKT_EXPANDED
2024/25,2024,IN,487843,Lorenzo Colombo,749,FC Empoli,5,AC Milan,749,FC Empoli,LOAN,loan transfer,TRANSFERMARKT_EXPANDED
2024/25,2024,IN,495722,Devis Vásquez,749,FC Empoli,5,AC Milan,749,FC Empoli,LOAN,loan transfer,TRANSFERMARKT_EXPANDED
2024/25,2024,IN,364133,Pietro Pellegri,749,FC Empoli,416,Torino FC,749,FC Empoli,LOAN,loan transfer,TRANSFERMARKT_EXPANDED
2024/25,2024,IN,337725,Christian Kouamé,749,FC Empoli,430,ACF Fiorentina,749,FC Empoli,LOAN,loan transfer,TRANSFERMARKT_EXPANDED
2024/25,2024,IN,335147,Junior Sambia,749,FC Empoli,380,US Salernitana 1919,749,FC Empoli,LOAN,loan transfer,TRANSFERMARKT_EXPANDED
2024/25,2024,IN,655456,Saba Sazonov,749,FC Empoli,416,Torino FC,749,FC Empoli,LOAN,loan transfer,TRANSFERMARKT_EXPANDED
2024/25,2024,IN,88682,Mattia De Sciglio,749,FC Empoli,506,Juventus FC,749,FC Empoli,LOAN,loan transfer,TRANSFERMARKT_EXPANDED
2024/25,2024,IN,203842,Viktor Kovalenko,749,FC Empoli,515,Without Club,749,FC Empoli,FREE_AGENT_OR_END_OF_CONTRACT,-,TRANSFERMARKT_EXPANDED
2024/25,2024,IN,960941,Jacopo Bacci,749,FC Empoli,8492,Empoli Primavera,749,FC Empoli,PERMANENT_OR_OTHER_EXPLICIT,-,TRANSFERMARKT_EXPANDED
2024/25,2024,IN,942814,Lorenzo Tosto,749,FC Empoli,8492,Empoli Primavera,749,FC Empoli,PERMANENT_OR_OTHER_EXPLICIT,-,TRANSFERMARKT_EXPANDED
2024/25,2024,IN,935777,Jacopo Seghetti,749,FC Empoli,8492,Empoli Primavera,749,FC Empoli,PERMANENT_OR_OTHER_EXPLICIT,-,TRANSFERMARKT_EXPANDED
2024/25,2024,IN,821678,Emiliano Filippis,749,FC Empoli,27568,US Follonica Gavorrano,749,FC Empoli,LOAN_RETURN_OR_END_OF_LOAN,End of loan 30/06/2024,TRANSFERMARKT_EXPANDED
2024/25,2024,IN,183841,Petar Stojanović,749,FC Empoli,1038,UC Sampdoria,749,FC Empoli,LOAN_RETURN_OR_END_OF_LOAN,End of loan 30/06/2024,TRANSFERMARKT_EXPANDED
2024/25,2024,IN,432088,Giacomo Siniega,749,FC Empoli,2253,SEF Torres 1903,749,FC Empoli,LOAN_RETURN_OR_END_OF_LOAN,End of loan 30/06/2024,TRANSFERMARKT_EXPANDED
2024/25,2024,IN,616169,Duccio Degli Innocenti,749,FC Empoli,5514,Calcio Lecco 1912,749,FC Empoli,LOAN_RETURN_OR_END_OF_LOAN,End of loan 30/06/2024,TRANSFERMARKT_EXPANDED
2024/25,2024,IN,709500,Alessandro Renzi,749,FC Empoli,4255,SS Arezzo,749,FC Empoli,LOAN_RETURN_OR_END_OF_LOAN,End of loan 30/06/2024,TRANSFERMARKT_EXPANDED
2024/25,2024,IN,691476,Alessio Rossi,749,FC Empoli,704,Calcio Foggia 1920,749,FC Empoli,LOAN_RETURN_OR_END_OF_LOAN,End of loan 30/06/2024,TRANSFERMARKT_EXPANDED
2024/25,2024,IN,459697,Niccolò Chiorra,749,FC Empoli,1253,Lucchese 1905,749,FC Empoli,LOAN_RETURN_OR_END_OF_LOAN,End of loan 30/06/2024,TRANSFERMARKT_EXPANDED
2024/25,2024,IN,814445,Lorenzo Ignacchiti,749,FC Empoli,14888,US Città di Pontedera,749,FC Empoli,LOAN_RETURN_OR_END_OF_LOAN,End of loan 30/06/2024,TRANSFERMARKT_EXPANDED
2024/25,2024,IN,691529,Valerio Biagini,749,FC Empoli,1210,US Livorno 1915,749,FC Empoli,LOAN_RETURN_OR_END_OF_LOAN,End of loan 30/06/2024,TRANSFERMARKT_EXPANDED
2024/25,2024,IN,672836,Nicolò Evangelisti,749,FC Empoli,46337,Pineto Calcio,749,FC Empoli,LOAN_RETURN_OR_END_OF_LOAN,End of loan 30/06/2024,TRANSFERMARKT_EXPANDED
2024/25,2024,IN,357998,Davide Merola,749,FC Empoli,2921,Delfino Pescara 1936,749,FC Empoli,LOAN_RETURN_OR_END_OF_LOAN,End of loan 30/06/2024,TRANSFERMARKT_EXPANDED
2024/25,2024,IN,606160,Herculano Nabian,749,FC Empoli,2639,UD Leiria,749,FC Empoli,LOAN_RETURN_OR_END_OF_LOAN,End of loan 30/01/2025,TRANSFERMARKT_EXPANDED
2024/25,2024,IN,193867,Liam Henderson,749,FC Empoli,458,Palermo FC,749,FC Empoli,LOAN_RETURN_OR_END_OF_LOAN,End of loan 30/06/2024,TRANSFERMARKT_EXPANDED
2024/25,2024,IN,814446,Luca Marianucci,749,FC Empoli,2254,Pro Sesto 1913,749,FC Empoli,LOAN_RETURN_OR_END_OF_LOAN,End of loan 30/06/2024,TRANSFERMARKT_EXPANDED
2024/25,2024,IN,192638,Nicolas Haas,749,FC Empoli,434,FC Luzern,749,FC Empoli,LOAN_RETURN_OR_END_OF_LOAN,End of loan 30/06/2024,TRANSFERMARKT_EXPANDED
2024/25,2024,IN,603891,Emmanuel Ekong,749,FC Empoli,999,NK Istra 1961,749,FC Empoli,LOAN_RETURN_OR_END_OF_LOAN,End of loan 30/06/2024,TRANSFERMARKT_EXPANDED
2024/25,2024,IN,728516,Lovro Stubljar,749,FC Empoli,6248,NK Domzale,749,FC Empoli,LOAN_RETURN_OR_END_OF_LOAN,End of loan 30/06/2024,TRANSFERMARKT_EXPANDED
2024/25,2024,IN,705063,Samuele Angori,749,FC Empoli,14888,US Città di Pontedera,749,FC Empoli,LOAN_RETURN_OR_END_OF_LOAN,End of loan 30/06/2024,TRANSFERMARKT_EXPANDED
2024/25,2024,IN,525660,Francesco Donati,749,FC Empoli,4255,SS Arezzo,749,FC Empoli,LOAN_RETURN_OR_END_OF_LOAN,End of loan 30/06/2024,TRANSFERMARKT_EXPANDED
2024/25,2024,IN,745427,Gabriele Guarino,749,FC Empoli,1385,Modena FC,749,FC Empoli,LOAN_RETURN_OR_END_OF_LOAN,End of loan 30/06/2024,TRANSFERMARKT_EXPANDED
2024/25,2024,IN,728516,Lovro Stubljar,749,FC Empoli,710,NK Celje,749,FC Empoli,LOAN_RETURN_OR_END_OF_LOAN,End of loan 31/12/2024,TRANSFERMARKT_EXPANDED
2024/25,2024,IN,935782,Francesco Vallarelli,749,FC Empoli,4095,AC Trento,749,FC Empoli,LOAN_RETURN_OR_END_OF_LOAN,End of loan 09/01/2025,TRANSFERMARKT_EXPANDED
2024/25,2024,IN,933857,Giuseppe Brugognone,749,FC Empoli,26883,USD Sestri Levante 1919,749,FC Empoli,LOAN_RETURN_OR_END_OF_LOAN,End of loan 22/01/2025,TRANSFERMARKT_EXPANDED
2024/25,2024,IN,641555,Matteo Morelli,749,FC Empoli,4333,US Grosseto 1912,749,FC Empoli,LOAN_RETURN_OR_END_OF_LOAN,End of loan 30/06/2024,TRANSFERMARKT_EXPANDED
2024/25,2024,OUT,345458,Sebastian Walukiewicz,749,FC Empoli,749,FC Empoli,416,Torino FC,PERMANENT_OR_OTHER_EXPLICIT,€4.70m,TRANSFERMARKT_EXPANDED
2024/25,2024,OUT,278531,Sebastiano Luperto,749,FC Empoli,749,FC Empoli,1390,Cagliari Calcio,PERMANENT_OR_OTHER_EXPLICIT,€3.50m,TRANSFERMARKT_EXPANDED
2024/25,2024,OUT,705063,Samuele Angori,749,FC Empoli,749,FC Empoli,4172,Pisa Sporting Club,PERMANENT_OR_OTHER_EXPLICIT,€1.40m,TRANSFERMARKT_EXPANDED
2024/25,2024,OUT,603891,Emmanuel Ekong,749,FC Empoli,749,FC Empoli,496,Malmö FF,PERMANENT_OR_OTHER_EXPLICIT,€1.00m,TRANSFERMARKT_EXPANDED
2024/25,2024,OUT,357998,Davide Merola,749,FC Empoli,749,FC Empoli,2921,Delfino Pescara 1936,PERMANENT_OR_OTHER_EXPLICIT,€150k,TRANSFERMARKT_EXPANDED
2024/25,2024,OUT,525660,Francesco Donati,749,FC Empoli,749,FC Empoli,1103,Ternana Calcio,PERMANENT_OR_OTHER_EXPLICIT,€25k,TRANSFERMARKT_EXPANDED
2024/25,2024,OUT,709500,Alessandro Renzi,749,FC Empoli,749,FC Empoli,4255,SS Arezzo,FREE_TRANSFER,free transfer,TRANSFERMARKT_EXPANDED
2024/25,2024,OUT,432088,Giacomo Siniega,749,FC Empoli,749,FC Empoli,1210,US Livorno 1915,FREE_TRANSFER,free transfer,TRANSFERMARKT_EXPANDED
2024/25,2024,OUT,157501,M'Baye Niang,749,FC Empoli,749,FC Empoli,6603,Wydad Casablanca,FREE_TRANSFER,free transfer,TRANSFERMARKT_EXPANDED
2024/25,2024,OUT,672836,Nicolò Evangelisti,749,FC Empoli,749,FC Empoli,4541,UC AlbinoLeffe,FREE_TRANSFER,free transfer,TRANSFERMARKT_EXPANDED
2024/25,2024,OUT,814450,Riccardo Fini,749,FC Empoli,749,FC Empoli,4095,AC Trento,PERMANENT_OR_OTHER_EXPLICIT,?,TRANSFERMARKT_EXPANDED
2024/25,2024,OUT,745427,Gabriele Guarino,749,FC Empoli,749,FC Empoli,4159,Carrarese Calcio 1908,LOAN,loan transfer,TRANSFERMARKT_EXPANDED
2024/25,2024,OUT,728516,Lovro Stubljar,749,FC Empoli,749,FC Empoli,710,NK Celje,LOAN,loan transfer,TRANSFERMARKT_EXPANDED
2024/25,2024,OUT,814445,Lorenzo Ignacchiti,749,FC Empoli,749,FC Empoli,5621,AC Reggiana 1919,LOAN,loan transfer,TRANSFERMARKT_EXPANDED
2024/25,2024,OUT,616169,Duccio Degli Innocenti,749,FC Empoli,749,FC Empoli,3522,Spezia Calcio,LOAN,loan transfer,TRANSFERMARKT_EXPANDED
2024/25,2024,OUT,641555,Matteo Morelli,749,FC Empoli,749,FC Empoli,27568,US Follonica Gavorrano,LOAN,loan transfer,TRANSFERMARKT_EXPANDED
2024/25,2024,OUT,728516,Lovro Stubljar,749,FC Empoli,749,FC Empoli,6248,NK Domzale,LOAN,loan transfer,TRANSFERMARKT_EXPANDED
2024/25,2024,OUT,606160,Herculano Nabian,749,FC Empoli,749,FC Empoli,46854,Mérida AD,LOAN,loan transfer,TRANSFERMARKT_EXPANDED
2024/25,2024,OUT,301240,Samuele Perisan,749,FC Empoli,749,FC Empoli,1038,UC Sampdoria,LOAN,loan transfer,TRANSFERMARKT_EXPANDED
2024/25,2024,OUT,933857,Giuseppe Brugognone,749,FC Empoli,749,FC Empoli,704,Calcio Foggia 1920,LOAN,loan transfer,TRANSFERMARKT_EXPANDED
2024/25,2024,OUT,935782,Francesco Vallarelli,749,FC Empoli,749,FC Empoli,9818,Giugliano Calcio 1928,LOAN,loan transfer,TRANSFERMARKT_EXPANDED
2024/25,2024,OUT,459697,Niccolò Chiorra,749,FC Empoli,749,FC Empoli,4159,Carrarese Calcio 1908,LOAN,loan transfer,TRANSFERMARKT_EXPANDED
2024/25,2024,OUT,467994,Luca Belardinelli,749,FC Empoli,749,FC Empoli,4554,FC Südtirol,LOAN,loan transfer,TRANSFERMARKT_EXPANDED
2024/25,2024,OUT,183841,Petar Stojanović,749,FC Empoli,749,FC Empoli,380,US Salernitana 1919,LOAN,loan transfer,TRANSFERMARKT_EXPANDED
2024/25,2024,OUT,931567,Stiven Shpendi,749,FC Empoli,749,FC Empoli,4159,Carrarese Calcio 1908,LOAN,loan transfer,TRANSFERMARKT_EXPANDED
2024/25,2024,OUT,691476,Alessio Rossi,749,FC Empoli,749,FC Empoli,515,Without Club,FREE_AGENT_OR_END_OF_CONTRACT,-,TRANSFERMARKT_EXPANDED
2024/25,2024,OUT,84765,Francesco Caputo,749,FC Empoli,749,FC Empoli,515,Without Club,FREE_AGENT_OR_END_OF_CONTRACT,-,TRANSFERMARKT_EXPANDED
2024/25,2024,OUT,77825,Etrit Berisha,749,FC Empoli,749,FC Empoli,,Career break,PERMANENT_OR_OTHER_EXPLICIT,-,TRANSFERMARKT_EXPANDED
2024/25,2024,OUT,111347,Lorenzo Tonelli,749,FC Empoli,749,FC Empoli,,Retired,RETIREMENT,-,TRANSFERMARKT_EXPANDED
2024/25,2024,OUT,88683,Mattia Destro,749,FC Empoli,749,FC Empoli,515,Without Club,FREE_AGENT_OR_END_OF_CONTRACT,-,TRANSFERMARKT_EXPANDED
2024/25,2024,OUT,821678,Emiliano Filippis,749,FC Empoli,749,FC Empoli,34499,US Pianese,LOAN,loan transfer,TRANSFERMARKT_EXPANDED
2024/25,2024,OUT,144143,Bartosz Bereszyński,749,FC Empoli,749,FC Empoli,1038,UC Sampdoria,LOAN_RETURN_OR_END_OF_LOAN,End of loan 30/06/2024,TRANSFERMARKT_EXPANDED
2024/25,2024,OUT,550106,Matteo Cancellieri,749,FC Empoli,749,FC Empoli,398,SS Lazio,LOAN_RETURN_OR_END_OF_LOAN,End of loan 30/06/2024,TRANSFERMARKT_EXPANDED
2024/25,2024,OUT,421873,Elia Caprile,749,FC Empoli,749,FC Empoli,6195,SSC Napoli,LOAN_RETURN_OR_END_OF_LOAN,End of loan 30/06/2024,TRANSFERMARKT_EXPANDED
2024/25,2024,OUT,459151,Nicolò Cambiaghi,749,FC Empoli,749,FC Empoli,800,Atalanta BC,LOAN_RETURN_OR_END_OF_LOAN,End of loan 30/06/2024,TRANSFERMARKT_EXPANDED
2024/25,2024,OUT,295183,Răzvan Marin,749,FC Empoli,749,FC Empoli,1390,Cagliari Calcio,LOAN_RETURN_OR_END_OF_LOAN,End of loan 30/06/2024,TRANSFERMARKT_EXPANDED
2024/25,2024,OUT,203842,Viktor Kovalenko,749,FC Empoli,749,FC Empoli,800,Atalanta BC,LOAN_RETURN_OR_END_OF_LOAN,End of loan 30/06/2024,TRANSFERMARKT_EXPANDED
2024/25,2024,OUT,257751,Simone Bastoni,749,FC Empoli,749,FC Empoli,3522,Spezia Calcio,LOAN_RETURN_OR_END_OF_LOAN,End of loan 30/06/2024,TRANSFERMARKT_EXPANDED
2024/25,2024,OUT,197751,Alberto Cerri,749,FC Empoli,749,FC Empoli,1047,Como 1907,LOAN_RETURN_OR_END_OF_LOAN,End of loan 30/06/2024,TRANSFERMARKT_EXPANDED
2024/25,2024,IN,707844,Mandela Keita,130,Parma Calcio 1913,1096,Royal Antwerp FC,130,Parma Calcio 1913,PERMANENT_OR_OTHER_EXPLICIT,€11.90m,TRANSFERMARKT_EXPANDED
2024/25,2024,IN,432298,Zion Suzuki,130,Parma Calcio 1913,475,Sint-Truidense VV,130,Parma Calcio 1913,PERMANENT_OR_OTHER_EXPLICIT,€11.20m,TRANSFERMARKT_EXPANDED
2024/25,2024,IN,1086619,Giovanni Leoni,130,Parma Calcio 1913,1038,UC Sampdoria,130,Parma Calcio 1913,PERMANENT_OR_OTHER_EXPLICIT,€7.70m,TRANSFERMARKT_EXPANDED
2024/25,2024,IN,663237,Jacob Ondrejka,130,Parma Calcio 1913,1096,Royal Antwerp FC,130,Parma Calcio 1913,PERMANENT_OR_OTHER_EXPLICIT,€6.80m,TRANSFERMARKT_EXPANDED
2024/25,2024,IN,702324,Rachid Kouda,130,Parma Calcio 1913,3522,Spezia Calcio,130,Parma Calcio 1913,PERMANENT_OR_OTHER_EXPLICIT,€4.00m,TRANSFERMARKT_EXPANDED
2024/25,2024,IN,661212,Mathias Løvik,130,Parma Calcio 1913,687,Molde FK,130,Parma Calcio 1913,PERMANENT_OR_OTHER_EXPLICIT,€3.78m,TRANSFERMARKT_EXPANDED
2024/25,2024,IN,856530,Mateo Pellegrino,130,Parma Calcio 1913,1029,CA Vélez Sarsfield,130,Parma Calcio 1913,PERMANENT_OR_OTHER_EXPLICIT,€3.22m,TRANSFERMARKT_EXPANDED
2024/25,2024,IN,1028162,Antoine Joujou,130,Parma Calcio 1913,738,Le Havre AC,130,Parma Calcio 1913,PERMANENT_OR_OTHER_EXPLICIT,€2.70m,TRANSFERMARKT_EXPANDED
2024/25,2024,IN,300532,Pontus Almqvist,130,Parma Calcio 1913,1083,FC Rostov,130,Parma Calcio 1913,PERMANENT_OR_OTHER_EXPLICIT,€2.00m,TRANSFERMARKT_EXPANDED
2024/25,2024,IN,67556,Milan Djuric,130,Parma Calcio 1913,2919,AC Monza,130,Parma Calcio 1913,PERMANENT_OR_OTHER_EXPLICIT,€1.50m,TRANSFERMARKT_EXPANDED
2024/25,2024,IN,550106,Matteo Cancellieri,130,Parma Calcio 1913,398,SS Lazio,130,Parma Calcio 1913,LOAN,Loan fee: €1.20m,TRANSFERMARKT_EXPANDED
2024/25,2024,IN,330208,Alessandro Vogliacco,130,Parma Calcio 1913,252,Genoa CFC,130,Parma Calcio 1913,LOAN,Loan fee: €180k,TRANSFERMARKT_EXPANDED
2024/25,2024,IN,86083,Richard Marcone,130,Parma Calcio 1913,4096,FC Turris 1944,130,Parma Calcio 1913,FREE_TRANSFER,free transfer,TRANSFERMARKT_EXPANDED
2024/25,2024,IN,445126,Emanuele Valeri,130,Parma Calcio 1913,8970,Frosinone Calcio,130,Parma Calcio 1913,FREE_TRANSFER,free transfer,TRANSFERMARKT_EXPANDED
2024/25,2024,IN,902573,Mateusz Kowalski,130,Parma Calcio 1913,5243,Parma Primavera,130,Parma Calcio 1913,PERMANENT_OR_OTHER_EXPLICIT,-,TRANSFERMARKT_EXPANDED
2024/25,2024,IN,159337,Roberto Inglese,130,Parma Calcio 1913,5514,Calcio Lecco 1912,130,Parma Calcio 1913,LOAN_RETURN_OR_END_OF_LOAN,End of loan 30/06/2024,TRANSFERMARKT_EXPANDED
2024/25,2024,IN,199635,Eric Lanini,130,Parma Calcio 1913,4171,Benevento Calcio,130,Parma Calcio 1913,LOAN_RETURN_OR_END_OF_LOAN,End of loan 30/06/2024,TRANSFERMARKT_EXPANDED
2024/25,2024,IN,419723,Elias Cobbaut,130,Parma Calcio 1913,354,KV Mechelen,130,Parma Calcio 1913,LOAN_RETURN_OR_END_OF_LOAN,End of loan 30/06/2024,TRANSFERMARKT_EXPANDED
2024/25,2024,IN,542593,Stefano Palmucci,130,Parma Calcio 1913,4033,Fermana FC,130,Parma Calcio 1913,LOAN_RETURN_OR_END_OF_LOAN,End of loan 30/06/2024,TRANSFERMARKT_EXPANDED
2024/25,2024,IN,806955,Dario Sits,130,Parma Calcio 1913,2722,SPAL,130,Parma Calcio 1913,LOAN_RETURN_OR_END_OF_LOAN,End of loan 30/06/2024,TRANSFERMARKT_EXPANDED
2024/25,2024,IN,604207,Filippo Rinaldi,130,Parma Calcio 1913,9826,Olbia Calcio 1905,130,Parma Calcio 1913,LOAN_RETURN_OR_END_OF_LOAN,End of loan 30/06/2024,TRANSFERMARKT_EXPANDED
2024/25,2024,IN,388125,Stanko Juric,130,Parma Calcio 1913,366,Real Valladolid CF,130,Parma Calcio 1913,LOAN_RETURN_OR_END_OF_LOAN,End of loan 30/06/2024,TRANSFERMARKT_EXPANDED
2024/25,2024,IN,790885,Daniele Iacoponi,130,Parma Calcio 1913,4111,Rimini FC,130,Parma Calcio 1913,LOAN_RETURN_OR_END_OF_LOAN,End of loan 30/06/2024,TRANSFERMARKT_EXPANDED
2024/25,2024,IN,701002,Giovanni Vaglica,130,Parma Calcio 1913,4095,AC Trento,130,Parma Calcio 1913,LOAN_RETURN_OR_END_OF_LOAN,End of loan 30/06/2024,TRANSFERMARKT_EXPANDED
2024/25,2024,IN,411312,Fabian Pavone,130,Parma Calcio 1913,4096,FC Turris 1944,130,Parma Calcio 1913,LOAN_RETURN_OR_END_OF_LOAN,End of loan 30/06/2024,TRANSFERMARKT_EXPANDED
2024/25,2024,IN,202979,Gennaro Tutino,130,Parma Calcio 1913,4031,Cosenza Calcio,130,Parma Calcio 1913,LOAN_RETURN_OR_END_OF_LOAN,End of loan 30/06/2024,TRANSFERMARKT_EXPANDED
2024/25,2024,IN,743574,Antonello Vona,130,Parma Calcio 1913,5163,Brindisi FC,130,Parma Calcio 1913,LOAN_RETURN_OR_END_OF_LOAN,End of loan 30/06/2024,TRANSFERMARKT_EXPANDED
2024/25,2024,IN,743523,Nathan Buayi-Kiala,130,Parma Calcio 1913,290,AJ Auxerre,130,Parma Calcio 1913,LOAN_RETURN_OR_END_OF_LOAN,End of loan 30/06/2024,TRANSFERMARKT_EXPANDED
2024/25,2024,OUT,160668,Antonio Colak,130,Parma Calcio 1913,130,Parma Calcio 1913,3522,Spezia Calcio,PERMANENT_OR_OTHER_EXPLICIT,€2.50m,TRANSFERMARKT_EXPANDED
2024/25,2024,OUT,202979,Gennaro Tutino,130,Parma Calcio 1913,130,Parma Calcio 1913,4031,Cosenza Calcio,PERMANENT_OR_OTHER_EXPLICIT,€2.50m,TRANSFERMARKT_EXPANDED
2024/25,2024,OUT,592975,Woyo Coulibaly,130,Parma Calcio 1913,130,Parma Calcio 1913,1003,Leicester City,PERMANENT_OR_OTHER_EXPLICIT,€2.00m,TRANSFERMARKT_EXPANDED
2024/25,2024,OUT,388125,Stanko Juric,130,Parma Calcio 1913,130,Parma Calcio 1913,366,Real Valladolid CF,PERMANENT_OR_OTHER_EXPLICIT,€950k,TRANSFERMARKT_EXPANDED
2024/25,2024,OUT,700643,Martin Turk,130,Parma Calcio 1913,130,Parma Calcio 1913,318,Ruch Chorzow,PERMANENT_OR_OTHER_EXPLICIT,€150k,TRANSFERMARKT_EXPANDED
2024/25,2024,OUT,542593,Stefano Palmucci,130,Parma Calcio 1913,130,Parma Calcio 1913,4033,Fermana FC,FREE_TRANSFER,free transfer,TRANSFERMARKT_EXPANDED
2024/25,2024,OUT,159337,Roberto Inglese,130,Parma Calcio 1913,130,Parma Calcio 1913,1627,Catania FC,FREE_TRANSFER,free transfer,TRANSFERMARKT_EXPANDED
2024/25,2024,OUT,411312,Fabian Pavone,130,Parma Calcio 1913,130,Parma Calcio 1913,1415,Città di Teramo 1913,FREE_TRANSFER,free transfer,TRANSFERMARKT_EXPANDED
2024/25,2024,OUT,189340,Gianluca Di Chiara,130,Parma Calcio 1913,130,Parma Calcio 1913,8970,Frosinone Calcio,FREE_TRANSFER,free transfer,TRANSFERMARKT_EXPANDED
2024/25,2024,OUT,199635,Eric Lanini,130,Parma Calcio 1913,130,Parma Calcio 1913,4171,Benevento Calcio,FREE_TRANSFER,free transfer,TRANSFERMARKT_EXPANDED
2024/25,2024,OUT,613781,Vasilios Zagaritis,130,Parma Calcio 1913,130,Parma Calcio 1913,723,Almere City FC,FREE_TRANSFER,free transfer,TRANSFERMARKT_EXPANDED
2024/25,2024,OUT,419723,Elias Cobbaut,130,Parma Calcio 1913,130,Parma Calcio 1913,197,AC Sparta Prague,FREE_TRANSFER,free transfer,TRANSFERMARKT_EXPANDED
2024/25,2024,OUT,743574,Antonello Vona,130,Parma Calcio 1913,130,Parma Calcio 1913,22045,Latina Calcio 1932,PERMANENT_OR_OTHER_EXPLICIT,?,TRANSFERMARKT_EXPANDED
2024/25,2024,OUT,182889,Wylan Cyprien,130,Parma Calcio 1913,130,Parma Calcio 1913,4768,Changchun Yatai,PERMANENT_OR_OTHER_EXPLICIT,?,TRANSFERMARKT_EXPANDED
2024/25,2024,OUT,95736,Leandro Chichizola,130,Parma Calcio 1913,130,Parma Calcio 1913,3522,Spezia Calcio,PERMANENT_OR_OTHER_EXPLICIT,?,TRANSFERMARKT_EXPANDED
2024/25,2024,OUT,701002,Giovanni Vaglica,130,Parma Calcio 1913,130,Parma Calcio 1913,4146,Aurora Pro Patria,PERMANENT_OR_OTHER_EXPLICIT,?,TRANSFERMARKT_EXPANDED
2024/25,2024,OUT,743523,Nathan Buayi-Kiala,130,Parma Calcio 1913,130,Parma Calcio 1913,290,AJ Auxerre,PERMANENT_OR_OTHER_EXPLICIT,?,TRANSFERMARKT_EXPANDED
2024/25,2024,OUT,858677,Peter Amoran,130,Parma Calcio 1913,130,Parma Calcio 1913,839,AC Perugia Calcio,LOAN,loan transfer,TRANSFERMARKT_EXPANDED
2024/25,2024,OUT,604207,Filippo Rinaldi,130,Parma Calcio 1913,130,Parma Calcio 1913,9439,Feralpisalò,LOAN,loan transfer,TRANSFERMARKT_EXPANDED
2024/25,2024,OUT,182517,Anthony Partipilo,130,Parma Calcio 1913,130,Parma Calcio 1913,8970,Frosinone Calcio,LOAN,loan transfer,TRANSFERMARKT_EXPANDED
2024/25,2024,OUT,708186,Tjas Begic,130,Parma Calcio 1913,130,Parma Calcio 1913,8970,Frosinone Calcio,LOAN,loan transfer,TRANSFERMARKT_EXPANDED
2024/25,2024,OUT,806955,Dario Sits,130,Parma Calcio 1913,130,Parma Calcio 1913,500,Helmond Sport,LOAN,loan transfer,TRANSFERMARKT_EXPANDED
2024/25,2024,OUT,1028162,Antoine Joujou,130,Parma Calcio 1913,130,Parma Calcio 1913,738,Le Havre AC,LOAN,loan transfer,TRANSFERMARKT_EXPANDED
2024/25,2024,OUT,702324,Rachid Kouda,130,Parma Calcio 1913,130,Parma Calcio 1913,3522,Spezia Calcio,LOAN,loan transfer,TRANSFERMARKT_EXPANDED
2024/25,2024,OUT,790885,Daniele Iacoponi,130,Parma Calcio 1913,130,Parma Calcio 1913,515,Without Club,FREE_AGENT_OR_END_OF_CONTRACT,-,TRANSFERMARKT_EXPANDED
2024/25,2024,OUT,55854,Cristian Ansaldi,130,Parma Calcio 1913,130,Parma Calcio 1913,,Retired,RETIREMENT,-,TRANSFERMARKT_EXPANDED
2024/25,2024,IN,948294,Nico Paz,1047,Como 1907,418,Real Madrid,1047,Como 1907,PERMANENT_OR_OTHER_EXPLICIT,€66.00m,TRANSFERMARKT_EXPANDED
2024/25,2024,IN,395237,Maxence Caqueret,1047,Como 1907,1041,Olympique Lyon,1047,Como 1907,PERMANENT_OR_OTHER_EXPLICIT,€15.00m,TRANSFERMARKT_EXPANDED
2024/25,2024,IN,523318,Anastasios Douvikas,1047,Como 1907,940,Celta de Vigo,1047,Como 1907,PERMANENT_OR_OTHER_EXPLICIT,€14.00m,TRANSFERMARKT_EXPANDED
2024/25,2024,IN,1061282,Assane Diao,1047,Como 1907,150,Real Betis Balompié,1047,Como 1907,PERMANENT_OR_OTHER_EXPLICIT,€12.00m,TRANSFERMARKT_EXPANDED
2024/25,2024,IN,385394,Alberto Dossena,1047,Como 1907,1390,Cagliari Calcio,1047,Como 1907,PERMANENT_OR_OTHER_EXPLICIT,€9.34m,TRANSFERMARKT_EXPANDED
2024/25,2024,IN,405670,Yannik Engelhardt,1047,Como 1907,38,Fortuna Düsseldorf,1047,Como 1907,PERMANENT_OR_OTHER_EXPLICIT,€8.00m,TRANSFERMARKT_EXPANDED
2024/25,2024,IN,256339,Emil Audero,1047,Como 1907,1038,UC Sampdoria,1047,Como 1907,PERMANENT_OR_OTHER_EXPLICIT,€6.00m,TRANSFERMARKT_EXPANDED
2024/25,2024,IN,749552,Alieu Fadera,1047,Como 1907,1184,KRC Genk,1047,Como 1907,PERMANENT_OR_OTHER_EXPLICIT,€5.00m,TRANSFERMARKT_EXPANDED
2024/25,2024,IN,457673,Gabriel Strefezza,1047,Como 1907,1005,US Lecce,1047,Como 1907,PERMANENT_OR_OTHER_EXPLICIT,€4.78m,TRANSFERMARKT_EXPANDED
2024/25,2024,IN,167727,Andrea Belotti,1047,Como 1907,12,AS Roma,1047,Como 1907,PERMANENT_OR_OTHER_EXPLICIT,€4.10m,TRANSFERMARKT_EXPANDED
2024/25,2024,IN,160938,Marc Oliver Kempf,1047,Como 1907,44,Hertha BSC,1047,Como 1907,PERMANENT_OR_OTHER_EXPLICIT,€2.50m,TRANSFERMARKT_EXPANDED
2024/25,2024,IN,522681,Ben Lhassine Kone,1047,Como 1907,416,Torino FC,1047,Como 1907,PERMANENT_OR_OTHER_EXPLICIT,€2.15m,TRANSFERMARKT_EXPANDED
2024/25,2024,IN,290537,Jean Butez,1047,Como 1907,1096,Royal Antwerp FC,1047,Como 1907,PERMANENT_OR_OTHER_EXPLICIT,€2.10m,TRANSFERMARKT_EXPANDED
2024/25,2024,IN,633306,Iván Azón,1047,Como 1907,142,Real Zaragoza,1047,Como 1907,PERMANENT_OR_OTHER_EXPLICIT,€2.00m,TRANSFERMARKT_EXPANDED
2024/25,2024,IN,336125,Mërgim Vojvoda,1047,Como 1907,416,Torino FC,1047,Como 1907,PERMANENT_OR_OTHER_EXPLICIT,€2.00m,TRANSFERMARKT_EXPANDED
2024/25,2024,IN,571271,Ivan Smolcic,1047,Como 1907,144,HNK Rijeka,1047,Como 1907,PERMANENT_OR_OTHER_EXPLICIT,€1.60m,TRANSFERMARKT_EXPANDED
2024/25,2024,IN,488052,Matthias Braunöder,1047,Como 1907,14,Austria Vienna,1047,Como 1907,PERMANENT_OR_OTHER_EXPLICIT,€1.50m,TRANSFERMARKT_EXPANDED
2024/25,2024,IN,315857,Marco Curto,1047,Como 1907,4554,FC Südtirol,1047,Como 1907,PERMANENT_OR_OTHER_EXPLICIT,€1.00m,TRANSFERMARKT_EXPANDED
2024/25,2024,IN,324690,Jonathan Ikoné,1047,Como 1907,430,ACF Fiorentina,1047,Como 1907,LOAN,Loan fee: €1.00m,TRANSFERMARKT_EXPANDED
2024/25,2024,IN,704979,Peter Kovacik,1047,Como 1907,20063,Zeleziarne Podbrezova,1047,Como 1907,PERMANENT_OR_OTHER_EXPLICIT,€600k,TRANSFERMARKT_EXPANDED
2024/25,2024,IN,164770,Raphaël Varane,1047,Como 1907,985,Manchester United,1047,Como 1907,FREE_TRANSFER,free transfer,TRANSFERMARKT_EXPANDED
2024/25,2024,IN,877672,Ali Jasim,1047,Como 1907,42035,Al-Kahrbaa Club,1047,Como 1907,FREE_TRANSFER,free transfer,TRANSFERMARKT_EXPANDED
2024/25,2024,IN,7825,Pepe Reina,1047,Como 1907,1050,Villarreal CF,1047,Como 1907,FREE_TRANSFER,free transfer,TRANSFERMARKT_EXPANDED
2024/25,2024,IN,207917,Alberto Moreno,1047,Como 1907,1050,Villarreal CF,1047,Como 1907,FREE_TRANSFER,free transfer,TRANSFERMARKT_EXPANDED
2024/25,2024,IN,85370,Sergi Roberto,1047,Como 1907,131,FC Barcelona,1047,Como 1907,FREE_TRANSFER,free transfer,TRANSFERMARKT_EXPANDED
2024/25,2024,IN,490423,Ignace Van der Brempt,1047,Como 1907,409,Red Bull Salzburg,1047,Como 1907,LOAN,loan transfer,TRANSFERMARKT_EXPANDED
2024/25,2024,IN,709957,Álex Valle,1047,Como 1907,131,FC Barcelona,1047,Como 1907,LOAN,loan transfer,TRANSFERMARKT_EXPANDED
2024/25,2024,IN,226025,Luca Mazzitelli,1047,Como 1907,8970,Frosinone Calcio,1047,Como 1907,LOAN,loan transfer,TRANSFERMARKT_EXPANDED
2024/25,2024,IN,668547,Máximo Perrone,1047,Como 1907,281,Manchester City,1047,Como 1907,LOAN,loan transfer,TRANSFERMARKT_EXPANDED
2024/25,2024,IN,315857,Marco Curto,1047,Como 1907,1429,Cesena FC,1047,Como 1907,LOAN_RETURN_OR_END_OF_LOAN,End of loan 23/01/2025,TRANSFERMARKT_EXPANDED
2024/25,2024,IN,207929,Dele Alli,1047,Como 1907,515,Without Club,1047,Como 1907,FREE_AGENT_OR_END_OF_CONTRACT,-,TRANSFERMARKT_EXPANDED
2024/25,2024,IN,1004723,Fellipe Jack,1047,Como 1907,14694,Como Primavera,1047,Como 1907,PERMANENT_OR_OTHER_EXPLICIT,-,TRANSFERMARKT_EXPANDED
2024/25,2024,IN,981136,Fabio Rispoli,1047,Como 1907,14694,Como Primavera,1047,Como 1907,PERMANENT_OR_OTHER_EXPLICIT,-,TRANSFERMARKT_EXPANDED
2024/25,2024,IN,704156,Nicholas Gioacchini,1047,Como 1907,51772,FC Cincinnati,1047,Como 1907,LOAN_RETURN_OR_END_OF_LOAN,End of loan 31/12/2024,TRANSFERMARKT_EXPANDED
2024/25,2024,IN,704979,Peter Kovacik,1047,Como 1907,2300,Jagiellonia Bialystok,1047,Como 1907,LOAN_RETURN_OR_END_OF_LOAN,End of loan 03/02/2025,TRANSFERMARKT_EXPANDED
2024/25,2024,IN,357983,Simone Ghidotti,1047,Como 1907,2331,US Avellino 1912,1047,Como 1907,LOAN_RETURN_OR_END_OF_LOAN,End of loan 30/06/2024,TRANSFERMARKT_EXPANDED
2024/25,2024,IN,532495,Marlon Mustapha,1047,Como 1907,65,SpVgg Greuther Fürth,1047,Como 1907,LOAN_RETURN_OR_END_OF_LOAN,End of loan 03/02/2025,TRANSFERMARKT_EXPANDED
2024/25,2024,IN,225055,Jean-Pierre Nsame,1047,Como 1907,255,Legia Warszawa,1047,Como 1907,LOAN_RETURN_OR_END_OF_LOAN,End of loan 28/01/2025,TRANSFERMARKT_EXPANDED
2024/25,2024,IN,532495,Marlon Mustapha,1047,Como 1907,38,Fortuna Düsseldorf,1047,Como 1907,LOAN_RETURN_OR_END_OF_LOAN,End of loan 30/06/2024,TRANSFERMARKT_EXPANDED
2024/25,2024,IN,572780,Liam Kerrigan,1047,Como 1907,6692,Novara FC,1047,Como 1907,LOAN_RETURN_OR_END_OF_LOAN,End of loan 30/06/2024,TRANSFERMARKT_EXPANDED
2024/25,2024,IN,197751,Alberto Cerri,1047,Como 1907,749,FC Empoli,1047,Como 1907,LOAN_RETURN_OR_END_OF_LOAN,End of loan 30/06/2024,TRANSFERMARKT_EXPANDED
2024/25,2024,IN,199070,Tommaso Arrigoni,1047,Como 1907,4554,FC Südtirol,1047,Como 1907,LOAN_RETURN_OR_END_OF_LOAN,End of loan 30/06/2024,TRANSFERMARKT_EXPANDED
2024/25,2024,IN,287367,Luca Vignali,1047,Como 1907,3522,Spezia Calcio,1047,Como 1907,LOAN_RETURN_OR_END_OF_LOAN,End of loan 30/06/2024,TRANSFERMARKT_EXPANDED
2024/25,2024,IN,933552,Marco Tremolada,1047,Como 1907,24898,AC Renate,1047,Como 1907,LOAN_RETURN_OR_END_OF_LOAN,End of loan 30/06/2024,TRANSFERMARKT_EXPANDED
2024/25,2024,OUT,317057,Adrian Semper,1047,Como 1907,1047,Como 1907,4172,Pisa Sporting Club,PERMANENT_OR_OTHER_EXPLICIT,€2.28m,TRANSFERMARKT_EXPANDED
2024/25,2024,OUT,406632,Cas Odenthal,1047,Como 1907,1047,Como 1907,6574,US Sassuolo,PERMANENT_OR_OTHER_EXPLICIT,€1.20m,TRANSFERMARKT_EXPANDED
2024/25,2024,OUT,225055,Jean-Pierre Nsame,1047,Como 1907,1047,Como 1907,255,Legia Warszawa,PERMANENT_OR_OTHER_EXPLICIT,€575k,TRANSFERMARKT_EXPANDED
2024/25,2024,OUT,136135,Matteo Solini,1047,Como 1907,1047,Como 1907,2581,Mantova 1911,PERMANENT_OR_OTHER_EXPLICIT,€50k,TRANSFERMARKT_EXPANDED
2024/25,2024,OUT,934465,Mattia Lanzarotti,1047,Como 1907,1047,Como 1907,14891,FBC Saronno 1910,FREE_TRANSFER,free transfer,TRANSFERMARKT_EXPANDED
2024/25,2024,OUT,704156,Nicholas Gioacchini,1047,Como 1907,1047,Como 1907,6676,Asteras Aktor,FREE_TRANSFER,free transfer,TRANSFERMARKT_EXPANDED
2024/25,2024,OUT,448538,Moutir Chajia,1047,Como 1907,1047,Como 1907,11344,Dinamo Batumi,FREE_TRANSFER,free transfer,TRANSFERMARKT_EXPANDED
2024/25,2024,OUT,532495,Marlon Mustapha,1047,Como 1907,1047,Como 1907,65,SpVgg Greuther Fürth,LOAN,loan transfer,TRANSFERMARKT_EXPANDED
2024/25,2024,OUT,933552,Marco Tremolada,1047,Como 1907,1047,Como 1907,4103,FC Lumezzane,LOAN,loan transfer,TRANSFERMARKT_EXPANDED
2024/25,2024,OUT,165873,Federico Barba,1047,Como 1907,1047,Como 1907,321,FC Sion,PERMANENT_OR_OTHER_EXPLICIT,?,TRANSFERMARKT_EXPANDED
2024/25,2024,OUT,287367,Luca Vignali,1047,Como 1907,1047,Como 1907,3522,Spezia Calcio,PERMANENT_OR_OTHER_EXPLICIT,?,TRANSFERMARKT_EXPANDED
2024/25,2024,OUT,199070,Tommaso Arrigoni,1047,Como 1907,1047,Como 1907,4554,FC Südtirol,PERMANENT_OR_OTHER_EXPLICIT,?,TRANSFERMARKT_EXPANDED
2024/25,2024,OUT,392570,Marco Sala,1047,Como 1907,1047,Como 1907,1005,US Lecce,LOAN,loan transfer,TRANSFERMARKT_EXPANDED
2024/25,2024,OUT,197751,Alberto Cerri,1047,Como 1907,1047,Como 1907,380,US Salernitana 1919,LOAN,loan transfer,TRANSFERMARKT_EXPANDED
2024/25,2024,OUT,325993,Oliver Abildgaard,1047,Como 1907,1047,Como 1907,4172,Pisa Sporting Club,LOAN,loan transfer,TRANSFERMARKT_EXPANDED
2024/25,2024,OUT,309977,Samuel Ballet,1047,Como 1907,1047,Como 1907,260,FC Zürich,LOAN,loan transfer,TRANSFERMARKT_EXPANDED
2024/25,2024,OUT,572780,Liam Kerrigan,1047,Como 1907,1047,Como 1907,28643,SK Beveren,LOAN,loan transfer,TRANSFERMARKT_EXPANDED
2024/25,2024,OUT,704979,Peter Kovacik,1047,Como 1907,1047,Como 1907,2300,Jagiellonia Bialystok,LOAN,loan transfer,TRANSFERMARKT_EXPANDED
2024/25,2024,OUT,256339,Emil Audero,1047,Como 1907,1047,Como 1907,458,Palermo FC,LOAN,loan transfer,TRANSFERMARKT_EXPANDED
2024/25,2024,OUT,877672,Ali Jasim,1047,Como 1907,1047,Como 1907,723,Almere City FC,LOAN,loan transfer,TRANSFERMARKT_EXPANDED
2024/25,2024,OUT,315857,Marco Curto,1047,Como 1907,1047,Como 1907,1038,UC Sampdoria,LOAN,loan transfer,TRANSFERMARKT_EXPANDED
2024/25,2024,OUT,167727,Andrea Belotti,1047,Como 1907,1047,Como 1907,294,SL Benfica,LOAN,loan transfer,TRANSFERMARKT_EXPANDED
2024/25,2024,OUT,412649,Tommaso Cassandro,1047,Como 1907,1047,Como 1907,4097,US Catanzaro,LOAN,loan transfer,TRANSFERMARKT_EXPANDED
2024/25,2024,OUT,704979,Peter Kovacik,1047,Como 1907,1047,Como 1907,20063,Zeleziarne Podbrezova,LOAN,loan transfer,TRANSFERMARKT_EXPANDED
2024/25,2024,OUT,532495,Marlon Mustapha,1047,Como 1907,1047,Como 1907,3551,SCR Altach,LOAN,loan transfer,TRANSFERMARKT_EXPANDED
2024/25,2024,OUT,522681,Ben Lhassine Kone,1047,Como 1907,1047,Como 1907,8970,Frosinone Calcio,LOAN,loan transfer,TRANSFERMARKT_EXPANDED
2024/25,2024,OUT,225055,Jean-Pierre Nsame,1047,Como 1907,1047,Como 1907,255,Legia Warszawa,LOAN,loan transfer,TRANSFERMARKT_EXPANDED
2024/25,2024,OUT,226025,Luca Mazzitelli,1047,Como 1907,1047,Como 1907,6574,US Sassuolo,LOAN,loan transfer,TRANSFERMARKT_EXPANDED
2024/25,2024,OUT,315857,Marco Curto,1047,Como 1907,1047,Como 1907,1429,Cesena FC,LOAN,loan transfer,TRANSFERMARKT_EXPANDED
2024/25,2024,OUT,691678,Tommaso Fumagalli,1047,Como 1907,1047,Como 1907,4031,Cosenza Calcio,LOAN,loan transfer,TRANSFERMARKT_EXPANDED
2024/25,2024,OUT,265033,Nikolas Ioannou,1047,Como 1907,1047,Como 1907,1038,UC Sampdoria,LOAN,loan transfer,TRANSFERMARKT_EXPANDED
2024/25,2024,OUT,357983,Simone Ghidotti,1047,Como 1907,1047,Como 1907,1038,UC Sampdoria,LOAN,loan transfer,TRANSFERMARKT_EXPANDED
2024/25,2024,OUT,241052,Alessandro Bellemo,1047,Como 1907,1047,Como 1907,1038,UC Sampdoria,LOAN,loan transfer,TRANSFERMARKT_EXPANDED
2024/25,2024,OUT,704156,Nicholas Gioacchini,1047,Como 1907,1047,Como 1907,51772,FC Cincinnati,LOAN,loan transfer,TRANSFERMARKT_EXPANDED
2024/25,2024,OUT,130360,Simone Verdi,1047,Como 1907,1047,Como 1907,6574,US Sassuolo,LOAN,loan transfer,TRANSFERMARKT_EXPANDED
2024/25,2024,OUT,981136,Fabio Rispoli,1047,Como 1907,1047,Como 1907,29251,Virtusvecomp Verona,LOAN,loan transfer,TRANSFERMARKT_EXPANDED
2024/25,2024,OUT,164770,Raphaël Varane,1047,Como 1907,1047,Como 1907,,Retired,RETIREMENT,-,TRANSFERMARKT_EXPANDED
2024/25,2024,OUT,134883,Daniele Baselli,1047,Como 1907,1047,Como 1907,515,Without Club,FREE_AGENT_OR_END_OF_CONTRACT,-,TRANSFERMARKT_EXPANDED
2024/25,2024,OUT,457673,Gabriel Strefezza,1047,Como 1907,1047,Como 1907,1005,US Lecce,LOAN_RETURN_OR_END_OF_LOAN,End of loan 30/06/2024,TRANSFERMARKT_EXPANDED
2024/25,2024,OUT,488052,Matthias Braunöder,1047,Como 1907,1047,Como 1907,14,Austria Vienna,LOAN_RETURN_OR_END_OF_LOAN,End of loan 30/06/2024,TRANSFERMARKT_EXPANDED
2024/25,2024,OUT,315857,Marco Curto,1047,Como 1907,1047,Como 1907,4554,FC Südtirol,LOAN_RETURN_OR_END_OF_LOAN,End of loan 30/06/2024,TRANSFERMARKT_EXPANDED
2024/25,2024,OUT,522681,Ben Lhassine Kone,1047,Como 1907,1047,Como 1907,416,Torino FC,LOAN_RETURN_OR_END_OF_LOAN,End of loan 30/06/2024,TRANSFERMARKT_EXPANDED
2024/25,2024,IN,613393,Gaetano Oristanio,607,Venezia FC,46,Inter Milan,607,Venezia FC,PERMANENT_OR_OTHER_EXPLICIT,€4.00m,TRANSFERMARKT_EXPANDED
2024/25,2024,IN,666268,Daniel Fila,607,Venezia FC,62,SK Slavia Prague,607,Venezia FC,PERMANENT_OR_OTHER_EXPLICIT,€4.00m,TRANSFERMARKT_EXPANDED
2024/25,2024,IN,707809,Joël Schingtienne,607,Venezia FC,2727,Oud-Heverlee Leuven,607,Venezia FC,PERMANENT_OR_OTHER_EXPLICIT,€3.00m,TRANSFERMARKT_EXPANDED
2024/25,2024,IN,439914,John Yeboah,607,Venezia FC,9644,Raków Częstochowa,607,Venezia FC,PERMANENT_OR_OTHER_EXPLICIT,€2.50m,TRANSFERMARKT_EXPANDED
2024/25,2024,IN,698560,Cheick Condé,607,Venezia FC,260,FC Zürich,607,Venezia FC,PERMANENT_OR_OTHER_EXPLICIT,€2.00m,TRANSFERMARKT_EXPANDED
2024/25,2024,IN,655009,Richie Sagrado,607,Venezia FC,2727,Oud-Heverlee Leuven,607,Venezia FC,PERMANENT_OR_OTHER_EXPLICIT,€2.00m,TRANSFERMARKT_EXPANDED
2024/25,2024,IN,354909,Giorgio Altare,607,Venezia FC,1390,Cagliari Calcio,607,Venezia FC,PERMANENT_OR_OTHER_EXPLICIT,€1.50m,TRANSFERMARKT_EXPANDED
2024/25,2024,IN,924349,Issa Doumbia,607,Venezia FC,4541,UC AlbinoLeffe,607,Venezia FC,PERMANENT_OR_OTHER_EXPLICIT,€1.00m,TRANSFERMARKT_EXPANDED
2024/25,2024,IN,527698,Kike Pérez,607,Venezia FC,366,Real Valladolid CF,607,Venezia FC,PERMANENT_OR_OTHER_EXPLICIT,€1.00m,TRANSFERMARKT_EXPANDED
2024/25,2024,IN,357991,Alessandro Plizzari,607,Venezia FC,2921,Delfino Pescara 1936,607,Venezia FC,PERMANENT_OR_OTHER_EXPLICIT,€450k,TRANSFERMARKT_EXPANDED
2024/25,2024,IN,433584,Alessio Zerbin,607,Venezia FC,6195,SSC Napoli,607,Venezia FC,LOAN,Loan fee: €300k,TRANSFERMARKT_EXPANDED
2024/25,2024,IN,818448,Alessandro Marcandalli,607,Venezia FC,252,Genoa CFC,607,Venezia FC,LOAN,Loan fee: €250k,TRANSFERMARKT_EXPANDED
2024/25,2024,IN,731510,Giovanni Di Renzo,607,Venezia FC,22045,Latina Calcio 1932,607,Venezia FC,PERMANENT_OR_OTHER_EXPLICIT,€100k,TRANSFERMARKT_EXPANDED
2024/25,2024,IN,911485,Noah Baudouin,607,Venezia FC,1408,Piacenza Calcio 1919,607,Venezia FC,FREE_TRANSFER,free transfer,TRANSFERMARKT_EXPANDED
2024/25,2024,IN,184894,Alfred Duncan,607,Venezia FC,430,ACF Fiorentina,607,Venezia FC,FREE_TRANSFER,free transfer,TRANSFERMARKT_EXPANDED
2024/25,2024,IN,303657,Ionuț Radu,607,Venezia FC,46,Inter Milan,607,Venezia FC,FREE_TRANSFER,free transfer,TRANSFERMARKT_EXPANDED
2024/25,2024,IN,567454,Lorenzo Lucchesi,607,Venezia FC,430,ACF Fiorentina,607,Venezia FC,LOAN,loan transfer,TRANSFERMARKT_EXPANDED
2024/25,2024,IN,731491,Franco Carboni,607,Venezia FC,46,Inter Milan,607,Venezia FC,LOAN,loan transfer,TRANSFERMARKT_EXPANDED
2024/25,2024,IN,552223,Filip Stanković,607,Venezia FC,46,Inter Milan,607,Venezia FC,LOAN,loan transfer,TRANSFERMARKT_EXPANDED
2024/25,2024,IN,215649,Mirko Marić,607,Venezia FC,2919,AC Monza,607,Venezia FC,LOAN,loan transfer,TRANSFERMARKT_EXPANDED
2024/25,2024,IN,818888,Antonio Raimondo,607,Venezia FC,1025,Bologna FC 1909,607,Venezia FC,LOAN,loan transfer,TRANSFERMARKT_EXPANDED
2024/25,2024,IN,566615,Mikael Egill Ellertsson,607,Venezia FC,252,Genoa CFC,607,Venezia FC,LOAN,loan transfer,TRANSFERMARKT_EXPANDED
2024/25,2024,IN,430280,Hans Nicolussi Caviglia,607,Venezia FC,506,Juventus FC,607,Venezia FC,LOAN,loan transfer,TRANSFERMARKT_EXPANDED
2024/25,2024,IN,520530,Fali Candé,607,Venezia FC,347,FC Metz,607,Venezia FC,LOAN,loan transfer,TRANSFERMARKT_EXPANDED
2024/25,2024,IN,936684,Saad El Haddad,607,Venezia FC,17257,Venezia Primavera,607,Venezia FC,PERMANENT_OR_OTHER_EXPLICIT,-,TRANSFERMARKT_EXPANDED
2024/25,2024,IN,361081,Daishawn Redan,607,Venezia FC,4271,US Triestina,607,Venezia FC,LOAN_RETURN_OR_END_OF_LOAN,End of loan 30/06/2024,TRANSFERMARKT_EXPANDED
2024/25,2024,IN,228444,Ridgeciano Haps,607,Venezia FC,252,Genoa CFC,607,Venezia FC,LOAN_RETURN_OR_END_OF_LOAN,End of loan 30/06/2024,TRANSFERMARKT_EXPANDED
2024/25,2024,IN,659781,Jack de Vries,607,Venezia FC,7030,Vis Pesaro 1898,607,Venezia FC,LOAN_RETURN_OR_END_OF_LOAN,End of loan 30/06/2024,TRANSFERMARKT_EXPANDED
2024/25,2024,IN,818040,Afonso Peixoto,607,Venezia FC,7030,Vis Pesaro 1898,607,Venezia FC,LOAN_RETURN_OR_END_OF_LOAN,End of loan 30/06/2024,TRANSFERMARKT_EXPANDED
2024/25,2024,IN,983675,Babacar Diop,607,Venezia FC,7030,Vis Pesaro 1898,607,Venezia FC,LOAN_RETURN_OR_END_OF_LOAN,End of loan 30/06/2024,TRANSFERMARKT_EXPANDED
2024/25,2024,IN,616228,Filippo Neri,607,Venezia FC,7030,Vis Pesaro 1898,607,Venezia FC,LOAN_RETURN_OR_END_OF_LOAN,End of loan 30/06/2024,TRANSFERMARKT_EXPANDED
2024/25,2024,IN,336160,Andrija Novakovich,607,Venezia FC,5514,Calcio Lecco 1912,607,Venezia FC,LOAN_RETURN_OR_END_OF_LOAN,End of loan 30/06/2024,TRANSFERMARKT_EXPANDED
2024/25,2024,IN,287875,Luca Fiordilino,607,Venezia FC,9439,Feralpisalò,607,Venezia FC,LOAN_RETURN_OR_END_OF_LOAN,End of loan 30/06/2024,TRANSFERMARKT_EXPANDED
2024/25,2024,IN,1044795,Lorenzo Da Pozzo,607,Venezia FC,7030,Vis Pesaro 1898,607,Venezia FC,LOAN_RETURN_OR_END_OF_LOAN,End of loan 30/06/2024,TRANSFERMARKT_EXPANDED
2024/25,2024,IN,216599,Domen Crnigoj,607,Venezia FC,5621,AC Reggiana 1919,607,Venezia FC,LOAN_RETURN_OR_END_OF_LOAN,End of loan 30/06/2024,TRANSFERMARKT_EXPANDED
2024/25,2024,IN,271622,Óttar Magnús Karlsson,607,Venezia FC,7030,Vis Pesaro 1898,607,Venezia FC,LOAN_RETURN_OR_END_OF_LOAN,End of loan 30/06/2024,TRANSFERMARKT_EXPANDED
2024/25,2024,IN,344600,Michaël Cuisance,607,Venezia FC,81,VfL Osnabrück,607,Venezia FC,LOAN_RETURN_OR_END_OF_LOAN,End of loan 30/06/2024,TRANSFERMARKT_EXPANDED
2024/25,2024,IN,678035,Jay Enem,607,Venezia FC,4590,Ethnikos Achna,607,Venezia FC,LOAN_RETURN_OR_END_OF_LOAN,End of loan 30/06/2024,TRANSFERMARKT_EXPANDED
2024/25,2024,IN,718088,Damiano Pecile,607,Venezia FC,7030,Vis Pesaro 1898,607,Venezia FC,LOAN_RETURN_OR_END_OF_LOAN,End of loan 30/06/2024,TRANSFERMARKT_EXPANDED
2024/25,2024,IN,806524,Hilmir Rafn Mikaelsson,607,Venezia FC,21101,Kristiansund BK,607,Venezia FC,LOAN_RETURN_OR_END_OF_LOAN,End of loan 31/12/2024,TRANSFERMARKT_EXPANDED
2024/25,2024,OUT,670096,Tanner Tessmann,607,Venezia FC,607,Venezia FC,1041,Olympique Lyon,PERMANENT_OR_OTHER_EXPLICIT,€6.00m,TRANSFERMARKT_EXPANDED
2024/25,2024,OUT,173491,Joel Pohjanpalo,607,Venezia FC,607,Venezia FC,458,Palermo FC,PERMANENT_OR_OTHER_EXPLICIT,€4.75m,TRANSFERMARKT_EXPANDED
2024/25,2024,OUT,566615,Mikael Egill Ellertsson,607,Venezia FC,607,Venezia FC,252,Genoa CFC,PERMANENT_OR_OTHER_EXPLICIT,€3.50m,TRANSFERMARKT_EXPANDED
2024/25,2024,OUT,372720,Nicholas Pierini,607,Venezia FC,607,Venezia FC,6574,US Sassuolo,PERMANENT_OR_OTHER_EXPLICIT,€1.60m,TRANSFERMARKT_EXPANDED
2024/25,2024,OUT,806524,Hilmir Rafn Mikaelsson,607,Venezia FC,607,Venezia FC,239,Viking FK,PERMANENT_OR_OTHER_EXPLICIT,€500k,TRANSFERMARKT_EXPANDED
2024/25,2024,OUT,488784,Magnus Kofod Andersen,607,Venezia FC,607,Venezia FC,197,AC Sparta Prague,PERMANENT_OR_OTHER_EXPLICIT,€500k,TRANSFERMARKT_EXPANDED
2024/25,2024,OUT,344600,Michaël Cuisance,607,Venezia FC,607,Venezia FC,44,Hertha BSC,PERMANENT_OR_OTHER_EXPLICIT,€300k,TRANSFERMARKT_EXPANDED
2024/25,2024,OUT,271622,Óttar Magnús Karlsson,607,Venezia FC,607,Venezia FC,2722,SPAL,PERMANENT_OR_OTHER_EXPLICIT,€50k,TRANSFERMARKT_EXPANDED
2024/25,2024,OUT,911485,Noah Baudouin,607,Venezia FC,607,Venezia FC,124530,US Monnaie Football,FREE_TRANSFER,free transfer,TRANSFERMARKT_EXPANDED
2024/25,2024,OUT,239934,Maximilian Ullmann,607,Venezia FC,607,Venezia FC,4441,Wolfsberger AC,FREE_TRANSFER,free transfer,TRANSFERMARKT_EXPANDED
2024/25,2024,OUT,287875,Luca Fiordilino,607,Venezia FC,607,Venezia FC,4271,US Triestina,FREE_TRANSFER,free transfer,TRANSFERMARKT_EXPANDED
2024/25,2024,OUT,1044795,Lorenzo Da Pozzo,607,Venezia FC,607,Venezia FC,34499,US Pianese,LOAN,loan transfer,TRANSFERMARKT_EXPANDED
2024/25,2024,OUT,678035,Jay Enem,607,Venezia FC,607,Venezia FC,91288,Omonia 29th May,LOAN,loan transfer,TRANSFERMARKT_EXPANDED
2024/25,2024,OUT,323929,Bruno Bertinato,607,Venezia FC,607,Venezia FC,10247,Portuguesa,PERMANENT_OR_OTHER_EXPLICIT,?,TRANSFERMARKT_EXPANDED
2024/25,2024,OUT,361081,Daishawn Redan,607,Venezia FC,607,Venezia FC,2331,US Avellino 1912,PERMANENT_OR_OTHER_EXPLICIT,?,TRANSFERMARKT_EXPANDED
2024/25,2024,OUT,459945,Nunzio Lella,607,Venezia FC,607,Venezia FC,332,SSC Bari,LOAN,loan transfer,TRANSFERMARKT_EXPANDED
2024/25,2024,OUT,567454,Lorenzo Lucchesi,607,Venezia FC,607,Venezia FC,5621,AC Reggiana 1919,LOAN,loan transfer,TRANSFERMARKT_EXPANDED
2024/25,2024,OUT,616228,Filippo Neri,607,Venezia FC,607,Venezia FC,18642,Campobasso FC,LOAN,loan transfer,TRANSFERMARKT_EXPANDED
2024/25,2024,OUT,357991,Alessandro Plizzari,607,Venezia FC,607,Venezia FC,2921,Delfino Pescara 1936,LOAN,loan transfer,TRANSFERMARKT_EXPANDED
2024/25,2024,OUT,818040,Afonso Peixoto,607,Venezia FC,607,Venezia FC,7030,Vis Pesaro 1898,LOAN,loan transfer,TRANSFERMARKT_EXPANDED
2024/25,2024,OUT,392881,Antonio Candela,607,Venezia FC,607,Venezia FC,366,Real Valladolid CF,LOAN,loan transfer,TRANSFERMARKT_EXPANDED
2024/25,2024,OUT,336160,Andrija Novakovich,607,Venezia FC,607,Venezia FC,332,SSC Bari,LOAN,loan transfer,TRANSFERMARKT_EXPANDED
2024/25,2024,OUT,354909,Giorgio Altare,607,Venezia FC,607,Venezia FC,1038,UC Sampdoria,LOAN,loan transfer,TRANSFERMARKT_EXPANDED
2024/25,2024,OUT,98322,Denis Cheryshev,607,Venezia FC,607,Venezia FC,515,Without Club,FREE_AGENT_OR_END_OF_CONTRACT,-,TRANSFERMARKT_EXPANDED
2024/25,2024,OUT,198873,Marco Modolo,607,Venezia FC,607,Venezia FC,,Retired,RETIREMENT,-,TRANSFERMARKT_EXPANDED
2024/25,2024,OUT,47513,Mato Jajalo,607,Venezia FC,607,Venezia FC,,Retired,RETIREMENT,-,TRANSFERMARKT_EXPANDED
2024/25,2024,OUT,718088,Damiano Pecile,607,Venezia FC,607,Venezia FC,515,Without Club,FREE_AGENT_OR_END_OF_CONTRACT,-,TRANSFERMARKT_EXPANDED
2024/25,2024,OUT,731510,Giovanni Di Renzo,607,Venezia FC,607,Venezia FC,7030,Vis Pesaro 1898,LOAN,loan transfer,TRANSFERMARKT_EXPANDED
2024/25,2024,OUT,346562,Marco Olivieri,607,Venezia FC,607,Venezia FC,41101,Juventus Next Gen,LOAN_RETURN_OR_END_OF_LOAN,End of loan 30/06/2024,TRANSFERMARKT_EXPANDED
2024/25,2024,OUT,354909,Giorgio Altare,607,Venezia FC,607,Venezia FC,1390,Cagliari Calcio,LOAN_RETURN_OR_END_OF_LOAN,End of loan 30/06/2024,TRANSFERMARKT_EXPANDED
2024/25,2024,OUT,818888,Antonio Raimondo,607,Venezia FC,607,Venezia FC,1025,Bologna FC 1909,LOAN_RETURN_OR_END_OF_LOAN,End of loan 08/01/2025,TRANSFERMARKT_EXPANDED
2024/25,2024,OUT,1004344,Ali Dembélé,607,Venezia FC,607,Venezia FC,416,Torino FC,LOAN_RETURN_OR_END_OF_LOAN,End of loan 30/06/2024,TRANSFERMARKT_EXPANDED
