event_id,season,player_id,player_name,from_club_id,from_club,to_club_id,to_club,semantic_type,fee_text,paired_internal_faces,source_faces
TM-2022-00001,2022/23,1014243,Vivaldo Semedo,10959,Udinese Primavera,410,Udinese Calcio,PERMANENT_OR_OTHER_EXPLICIT,-,0,IN
TM-2022-00002,2022/23,102470,Antonino Ragusa,1005,US Lecce,515,Without Club,FREE_AGENT_OR_END_OF_CONTRACT,-,0,OUT
TM-2022-00003,2022/23,104597,Bram Nuytinck,410,Udinese Calcio,1038,UC Sampdoria,FREE_TRANSFER,free transfer,1,IN+OUT
TM-2022-00004,2022/23,111433,Frédéric Veseli,380,US Salernitana 1919,4171,Benevento Calcio,PERMANENT_OR_OTHER_EXPLICIT,?,0,OUT
TM-2022-00005,2022/23,112465,Sérgio Oliveira,12,AS Roma,720,FC Porto,LOAN_RETURN_OR_END_OF_LOAN,End of loan 30/06/2022,0,OUT
TM-2022-00006,2022/23,115763,Koray Günter,276,Hellas Verona,1038,UC Sampdoria,LOAN,Loan fee: €95k,1,IN+OUT
TM-2022-00007,2022/23,119031,Kaan Ayhan,6574,US Sassuolo,141,Galatasaray,LOAN,Loan fee: €400k,0,OUT
TM-2022-00008,2022/23,119115,Diego Falcinelli,1025,Bologna FC 1909,1385,Modena FC,FREE_TRANSFER,free transfer,0,OUT
TM-2022-00009,2022/23,122153,Paul Pogba,985,Manchester United,506,Juventus FC,FREE_TRANSFER,free transfer,0,IN
TM-2022-00010,2022/23,123261,Vlad Chiricheș,6574,US Sassuolo,2239,US Cremonese,PERMANENT_OR_OTHER_EXPLICIT,€2.00m,1,IN+OUT
TM-2022-00011,2022/23,123742,Gastón Ramírez,2919,AC Monza,515,Without Club,FREE_AGENT_OR_END_OF_CONTRACT,-,0,OUT
TM-2022-00012,2022/23,126540,Samuel Umtiti,131,FC Barcelona,1005,US Lecce,LOAN,Loan fee: €500k,0,IN
TM-2022-00013,2022/23,126656,Faouzi Ghoulam,6195,SSC Napoli,515,Without Club,FREE_AGENT_OR_END_OF_CONTRACT,-,0,OUT
TM-2022-00014,2022/23,126711,Kévin Malcuit,6195,SSC Napoli,868,MKE Ankaragücü,FREE_TRANSFER,free transfer,0,OUT
TM-2022-00015,2022/23,128223,Álvaro Morata,506,Juventus FC,13,Atlético de Madrid,LOAN_RETURN_OR_END_OF_LOAN,End of loan 30/06/2022,0,OUT
TM-2022-00016,2022/23,12907,Alessio Cragno,1390,Cagliari Calcio,2919,AC Monza,LOAN,Loan fee: €400k,0,IN
TM-2022-00017,2022/23,129588,Dennis Praet,416,Torino FC,1003,Leicester City,LOAN_RETURN_OR_END_OF_LOAN,End of loan 30/06/2022,0,OUT
TM-2022-00018,2022/23,130360,Simone Verdi,380,US Salernitana 1919,416,Torino FC,LOAN_RETURN_OR_END_OF_LOAN,End of loan 30/06/2022,1,IN+OUT
TM-2022-00019,2022/23,130360,Simone Verdi,416,Torino FC,276,Hellas Verona,LOAN,loan transfer,1,IN+OUT
TM-2022-00020,2022/23,130365,Alessandro Florenzi,12,AS Roma,5,AC Milan,PERMANENT_OR_OTHER_EXPLICIT,€3.15m,1,IN+OUT
TM-2022-00021,2022/23,130365,Alessandro Florenzi,5,AC Milan,12,AS Roma,LOAN_RETURN_OR_END_OF_LOAN,End of loan 30/06/2022,1,IN+OUT
TM-2022-00022,2022/23,130388,Antonio Santurro,410,Udinese Calcio,515,Without Club,FREE_AGENT_OR_END_OF_CONTRACT,-,0,OUT
TM-2022-00023,2022/23,131075,Francesco Acerbi,398,SS Lazio,46,Inter Milan,LOAN,loan transfer,1,IN+OUT
TM-2022-00024,2022/23,131102,Jeison Murillo,940,Celta de Vigo,1038,UC Sampdoria,LOAN_RETURN_OR_END_OF_LOAN,End of loan 30/06/2022,0,IN
TM-2022-00025,2022/23,131731,Mehdi Bourabia,3522,Spezia Calcio,6574,US Sassuolo,LOAN_RETURN_OR_END_OF_LOAN,End of loan 30/06/2022,1,IN+OUT
TM-2022-00026,2022/23,131731,Mehdi Bourabia,6574,US Sassuolo,3522,Spezia Calcio,PERMANENT_OR_OTHER_EXPLICIT,€1.65m,1,IN+OUT
TM-2022-00027,2022/23,133964,Lorenzo Insigne,6195,SSC Napoli,11141,Toronto FC,FREE_TRANSFER,free transfer,0,OUT
TM-2022-00028,2022/23,134383,Tommaso Morosini,2919,AC Monza,74951,Sangiuliano City,LOAN,loan transfer,0,OUT
TM-2022-00029,2022/23,134383,Tommaso Morosini,5514,Calcio Lecco 1912,2919,AC Monza,LOAN_RETURN_OR_END_OF_LOAN,End of loan 30/06/2022,0,IN
TM-2022-00030,2022/23,134936,Jesé,515,Without Club,1038,UC Sampdoria,FREE_AGENT_OR_END_OF_CONTRACT,-,0,IN
TM-2022-00031,2022/23,134983,Andrea La Mantia,749,FC Empoli,2722,SPAL,LOAN,loan transfer,0,OUT
TM-2022-00032,2022/23,135208,Riza Durmisi,1244,CD Leganés,398,SS Lazio,LOAN_RETURN_OR_END_OF_LOAN,End of loan 29/01/2023,0,IN
TM-2022-00033,2022/23,135208,Riza Durmisi,398,SS Lazio,1244,CD Leganés,LOAN,loan transfer,0,OUT
TM-2022-00034,2022/23,135208,Riza Durmisi,398,SS Lazio,648,CD Tenerife,LOAN,loan transfer,0,OUT
TM-2022-00035,2022/23,135208,Riza Durmisi,468,Sparta Rotterdam,398,SS Lazio,LOAN_RETURN_OR_END_OF_LOAN,End of loan 30/06/2022,0,IN
TM-2022-00036,2022/23,136133,Andrea Schiavone,380,US Salernitana 1919,4554,FC Südtirol,FREE_TRANSFER,free transfer,0,OUT
TM-2022-00037,2022/23,136514,Charalabos Lykogiannis,1390,Cagliari Calcio,1025,Bologna FC 1909,FREE_TRANSFER,free transfer,0,IN
TM-2022-00038,2022/23,140757,Daniel Bessa,276,Hellas Verona,38040,Kalba FC,FREE_TRANSFER,free transfer,0,OUT
TM-2022-00039,2022/23,140804,Jordan Lukaku,2655,LR Vicenza,398,SS Lazio,LOAN_RETURN_OR_END_OF_LOAN,End of loan 30/06/2022,0,IN
TM-2022-00040,2022/23,140804,Jordan Lukaku,398,SS Lazio,4032,SD Ponferradina,FREE_TRANSFER,free transfer,0,OUT
TM-2022-00041,2022/23,143559,Matija Nastasić,430,ACF Fiorentina,237,RCD Mallorca,FREE_TRANSFER,free transfer,0,OUT
TM-2022-00042,2022/23,143812,Matías Vecino,46,Inter Milan,398,SS Lazio,FREE_TRANSFER,free transfer,1,IN+OUT
TM-2022-00043,2022/23,144143,Bartosz Bereszyński,1038,UC Sampdoria,6195,SSC Napoli,LOAN,loan transfer,1,IN+OUT
TM-2022-00044,2022/23,146143,Zinédine Machach,6195,SSC Napoli,553,Ionikos Nikea,FREE_TRANSFER,free transfer,0,OUT
TM-2022-00045,2022/23,146143,Zinédine Machach,709,Kispest–Honvéd FC,6195,SSC Napoli,LOAN_RETURN_OR_END_OF_LOAN,End of loan 30/06/2022,0,IN
TM-2022-00046,2022/23,146752,Gianluca Caprari,1038,UC Sampdoria,276,Hellas Verona,PERMANENT_OR_OTHER_EXPLICIT,€5.00m,1,IN+OUT
TM-2022-00047,2022/23,146752,Gianluca Caprari,276,Hellas Verona,1038,UC Sampdoria,LOAN_RETURN_OR_END_OF_LOAN,End of loan 30/06/2022,1,IN+OUT
TM-2022-00048,2022/23,146752,Gianluca Caprari,276,Hellas Verona,2919,AC Monza,LOAN,Loan fee: €3.20m,1,IN+OUT
TM-2022-00049,2022/23,148252,Remo Freuler,800,Atalanta BC,703,Nottingham Forest,PERMANENT_OR_OTHER_EXPLICIT,€8.30m,0,OUT
TM-2022-00050,2022/23,148368,Divock Origi,31,Liverpool FC,5,AC Milan,FREE_TRANSFER,free transfer,0,IN
TM-2022-00051,2022/23,155802,Luca Strizzolo,2239,US Cremonese,1385,Modena FC,LOAN,loan transfer,0,OUT
TM-2022-00052,2022/23,155802,Luca Strizzolo,2239,US Cremonese,839,AC Perugia Calcio,LOAN,loan transfer,0,OUT
TM-2022-00053,2022/23,155802,Luca Strizzolo,839,AC Perugia Calcio,2239,US Cremonese,LOAN_RETURN_OR_END_OF_LOAN,End of loan 09/01/2023,0,IN
TM-2022-00054,2022/23,159883,Ernesto Torregrossa,1038,UC Sampdoria,4172,Pisa Sporting Club,PERMANENT_OR_OTHER_EXPLICIT,€1.80m,0,OUT
TM-2022-00055,2022/23,159883,Ernesto Torregrossa,4172,Pisa Sporting Club,1038,UC Sampdoria,LOAN_RETURN_OR_END_OF_LOAN,End of loan 30/01/2023,0,IN
TM-2022-00056,2022/23,160344,Leonardo Mancuso,2919,AC Monza,1047,Como 1907,LOAN,loan transfer,0,OUT
TM-2022-00057,2022/23,160344,Leonardo Mancuso,2919,AC Monza,749,FC Empoli,LOAN_RETURN_OR_END_OF_LOAN,End of loan 30/06/2022,1,IN+OUT
TM-2022-00058,2022/23,160344,Leonardo Mancuso,749,FC Empoli,2919,AC Monza,PERMANENT_OR_OTHER_EXPLICIT,€2.79m,1,IN+OUT
TM-2022-00059,2022/23,160357,Mario Sampirisi,2919,AC Monza,8970,Frosinone Calcio,LOAN,loan transfer,0,OUT
TM-2022-00060,2022/23,160561,Fabio Lucioni,1005,US Lecce,8970,Frosinone Calcio,LOAN,loan transfer,0,OUT
TM-2022-00061,2022/23,161011,Filip Kostic,24,Eintracht Frankfurt,506,Juventus FC,PERMANENT_OR_OTHER_EXPLICIT,€14.70m,0,IN
TM-2022-00062,2022/23,162961,Valerio Verre,1038,UC Sampdoria,458,Palermo FC,LOAN,loan transfer,0,OUT
TM-2022-00063,2022/23,162961,Valerio Verre,749,FC Empoli,1038,UC Sampdoria,LOAN_RETURN_OR_END_OF_LOAN,End of loan 30/06/2022,1,IN+OUT
TM-2022-00064,2022/23,163582,Salvatore Molina,2919,AC Monza,332,SSC Bari,PERMANENT_OR_OTHER_EXPLICIT,?,0,OUT
TM-2022-00065,2022/23,163652,Jacopo Furlan,749,FC Empoli,839,AC Perugia Calcio,PERMANENT_OR_OTHER_EXPLICIT,€300k,0,OUT
TM-2022-00066,2022/23,164020,Marco Pinato,21331,Pordenone Calcio,6574,US Sassuolo,LOAN_RETURN_OR_END_OF_LOAN,End of loan 30/06/2022,0,IN
TM-2022-00067,2022/23,164020,Marco Pinato,6574,US Sassuolo,21331,Pordenone Calcio,FREE_TRANSFER,free transfer,0,OUT
TM-2022-00068,2022/23,164231,Romario Benzar,1005,US Lecce,29831,FCV Farul Constanta,FREE_TRANSFER,free transfer,0,OUT
TM-2022-00069,2022/23,164771,Jordan Veretout,12,AS Roma,244,Olympique Marseille,PERMANENT_OR_OTHER_EXPLICIT,€12.45m,0,OUT
TM-2022-00070,2022/23,164913,Soualiho Meïté,294,SL Benfica,2239,US Cremonese,LOAN,loan transfer,0,IN
TM-2022-00071,2022/23,166237,Leandro Paredes,583,Paris Saint-Germain,506,Juventus FC,LOAN,Loan fee: €2.50m,0,IN
TM-2022-00072,2022/23,167685,Alessandro Micai,1386,Reggina 1914,380,US Salernitana 1919,LOAN_RETURN_OR_END_OF_LOAN,End of loan 30/06/2022,0,IN
TM-2022-00073,2022/23,167685,Alessandro Micai,380,US Salernitana 1919,4031,Cosenza Calcio,FREE_TRANSFER,free transfer,0,OUT
TM-2022-00074,2022/23,167727,Andrea Belotti,416,Torino FC,12,AS Roma,FREE_TRANSFER,free transfer,1,IN+OUT
TM-2022-00075,2022/23,167741,Mattia Valoti,2722,SPAL,2919,AC Monza,PERMANENT_OR_OTHER_EXPLICIT,€2.75m,0,IN
TM-2022-00076,2022/23,167741,Mattia Valoti,2919,AC Monza,2722,SPAL,LOAN_RETURN_OR_END_OF_LOAN,End of loan 30/06/2022,0,OUT
TM-2022-00077,2022/23,167796,Paolo Faragò,1005,US Lecce,1390,Cagliari Calcio,LOAN_RETURN_OR_END_OF_LOAN,End of loan 30/06/2022,0,OUT
TM-2022-00078,2022/23,170481,Jean-Daniel Akpa Akpro,398,SS Lazio,749,FC Empoli,LOAN,loan transfer,1,IN+OUT
TM-2022-00079,2022/23,171159,Leo Stulac,749,FC Empoli,458,Palermo FC,LOAN,loan transfer,0,OUT
TM-2022-00080,2022/23,174488,Marios Ikonomou,515,Without Club,1038,UC Sampdoria,FREE_AGENT_OR_END_OF_CONTRACT,-,0,IN
TM-2022-00081,2022/23,174733,Omar Colley,1038,UC Sampdoria,114,Besiktas JK,PERMANENT_OR_OTHER_EXPLICIT,€2.30m,0,OUT
TM-2022-00082,2022/23,180805,Zan Majer,1005,US Lecce,1386,Reggina 1914,FREE_TRANSFER,free transfer,0,OUT
TM-2022-00083,2022/23,182581,Tonny Vilhena,714,RCD Espanyol Barcelona,380,US Salernitana 1919,LOAN,Loan fee: €300k,0,IN
TM-2022-00084,2022/23,182923,Stefano Denswil,1025,Bologna FC 1909,449,Trabzonspor,FREE_TRANSFER,free transfer,0,OUT
TM-2022-00085,2022/23,182923,Stefano Denswil,449,Trabzonspor,1025,Bologna FC 1909,LOAN_RETURN_OR_END_OF_LOAN,End of loan 30/06/2022,0,IN
TM-2022-00086,2022/23,183841,Petar Stojanović,419,GNK Dinamo Zagreb,749,FC Empoli,PERMANENT_OR_OTHER_EXPLICIT,€1.20m,0,IN
TM-2022-00087,2022/23,183841,Petar Stojanović,749,FC Empoli,419,GNK Dinamo Zagreb,LOAN_RETURN_OR_END_OF_LOAN,End of loan 30/06/2022,0,OUT
TM-2022-00088,2022/23,184892,Florian Thauvin,7055,Tigres UANL,410,Udinese Calcio,FREE_TRANSFER,free transfer,0,IN
TM-2022-00089,2022/23,186368,Valentino Lazaro,294,SL Benfica,46,Inter Milan,LOAN_RETURN_OR_END_OF_LOAN,End of loan 30/06/2022,0,IN
TM-2022-00090,2022/23,186368,Valentino Lazaro,46,Inter Milan,416,Torino FC,LOAN,loan transfer,1,IN+OUT
TM-2022-00091,2022/23,187245,Mitchell Dijks,1025,Bologna FC 1909,515,Without Club,FREE_AGENT_OR_END_OF_CONTRACT,-,0,OUT
TM-2022-00092,2022/23,191891,Arkadiusz Milik,244,Olympique Marseille,506,Juventus FC,LOAN,Loan fee: €750k,0,IN
TM-2022-00093,2022/23,191891,Arkadiusz Milik,244,Olympique Marseille,6195,SSC Napoli,LOAN_RETURN_OR_END_OF_LOAN,End of loan 30/06/2022,0,IN
TM-2022-00094,2022/23,191891,Arkadiusz Milik,6195,SSC Napoli,244,Olympique Marseille,PERMANENT_OR_OTHER_EXPLICIT,€9.70m,0,OUT
TM-2022-00095,2022/23,192875,William Troost-Ekong,1010,Watford FC,380,US Salernitana 1919,LOAN,Loan fee: €500k,0,IN
TM-2022-00096,2022/23,194549,Simy,130,Parma Calcio 1913,380,US Salernitana 1919,LOAN_RETURN_OR_END_OF_LOAN,End of loan 30/06/2022,0,IN
TM-2022-00097,2022/23,194549,Simy,380,US Salernitana 1919,4171,Benevento Calcio,LOAN,loan transfer,0,OUT
TM-2022-00098,2022/23,195171,Samu Castillejo,5,AC Milan,1049,Valencia CF,FREE_TRANSFER,free transfer,0,OUT
TM-2022-00099,2022/23,197300,Federico Bernardeschi,506,Juventus FC,11141,Toronto FC,FREE_TRANSFER,free transfer,0,OUT
TM-2022-00100,2022/23,197470,Mattia Caldara,5,AC Milan,3522,Spezia Calcio,LOAN,loan transfer,1,IN+OUT
TM-2022-00101,2022/23,197470,Mattia Caldara,607,Venezia FC,5,AC Milan,LOAN_RETURN_OR_END_OF_LOAN,End of loan 30/06/2022,0,IN
TM-2022-00102,2022/23,197473,Alberto Grassi,130,Parma Calcio 1913,749,FC Empoli,LOAN,loan transfer,0,IN
TM-2022-00103,2022/23,197491,Alex Ferrari,1038,UC Sampdoria,2239,US Cremonese,LOAN,loan transfer,1,IN+OUT
TM-2022-00104,2022/23,197743,Filippo Costa,130,Parma Calcio 1913,6195,SSC Napoli,LOAN_RETURN_OR_END_OF_LOAN,End of loan 30/06/2022,0,IN
TM-2022-00105,2022/23,197743,Filippo Costa,6195,SSC Napoli,704,Calcio Foggia 1920,LOAN,loan transfer,0,OUT
TM-2022-00106,2022/23,197745,Riccardo Fiamozzi,749,FC Empoli,515,Without Club,FREE_AGENT_OR_END_OF_CONTRACT,-,0,OUT
TM-2022-00107,2022/23,197747,Alessio Romagnoli,5,AC Milan,398,SS Lazio,FREE_TRANSFER,free transfer,1,IN+OUT
TM-2022-00108,2022/23,197929,Ivan Provedel,3522,Spezia Calcio,398,SS Lazio,PERMANENT_OR_OTHER_EXPLICIT,€2.55m,1,IN+OUT
TM-2022-00109,2022/23,199258,Andrea Petagna,6195,SSC Napoli,2919,AC Monza,LOAN,Loan fee: €2.50m,1,IN+OUT
TM-2022-00110,2022/23,199896,Giuseppe Fella,380,US Salernitana 1919,458,Palermo FC,PERMANENT_OR_OTHER_EXPLICIT,€320k,0,OUT
TM-2022-00111,2022/23,199896,Giuseppe Fella,458,Palermo FC,380,US Salernitana 1919,LOAN_RETURN_OR_END_OF_LOAN,End of loan 30/06/2022,0,IN
TM-2022-00112,2022/23,199971,Michele Cavion,2655,LR Vicenza,380,US Salernitana 1919,LOAN_RETURN_OR_END_OF_LOAN,End of loan 30/06/2022,0,IN
TM-2022-00113,2022/23,199971,Michele Cavion,380,US Salernitana 1919,2655,LR Vicenza,PERMANENT_OR_OTHER_EXPLICIT,?,0,OUT
TM-2022-00114,2022/23,200194,Federico Mattiello,2721,US Alessandria Calcio 1912,800,Atalanta BC,LOAN_RETURN_OR_END_OF_LOAN,End of loan 30/06/2022,0,IN
TM-2022-00115,2022/23,200194,Federico Mattiello,800,Atalanta BC,515,Without Club,FREE_AGENT_OR_END_OF_CONTRACT,-,0,OUT
TM-2022-00116,2022/23,201040,Marco Benassi,430,ACF Fiorentina,2239,US Cremonese,LOAN,loan transfer,1,IN+OUT
TM-2022-00117,2022/23,201040,Marco Benassi,749,FC Empoli,430,ACF Fiorentina,LOAN_RETURN_OR_END_OF_LOAN,End of loan 30/06/2022,1,IN+OUT
TM-2022-00118,2022/23,202979,Gennaro Tutino,130,Parma Calcio 1913,6195,SSC Napoli,LOAN_RETURN_OR_END_OF_LOAN,End of loan 30/06/2022,0,IN
TM-2022-00119,2022/23,202979,Gennaro Tutino,6195,SSC Napoli,130,Parma Calcio 1913,PERMANENT_OR_OTHER_EXPLICIT,€5.80m,0,OUT
TM-2022-00120,2022/23,203842,Viktor Kovalenko,3522,Spezia Calcio,800,Atalanta BC,LOAN_RETURN_OR_END_OF_LOAN,End of loan 30/06/2022,1,IN+OUT
TM-2022-00121,2022/23,203842,Viktor Kovalenko,800,Atalanta BC,3522,Spezia Calcio,LOAN,Loan fee: €100k,1,IN+OUT
TM-2022-00122,2022/23,205940,Marko Pjaca,416,Torino FC,506,Juventus FC,LOAN_RETURN_OR_END_OF_LOAN,End of loan 30/06/2022,1,IN+OUT
TM-2022-00123,2022/23,205940,Marko Pjaca,506,Juventus FC,749,FC Empoli,LOAN,loan transfer,1,IN+OUT
TM-2022-00124,2022/23,206050,Paulo Dybala,506,Juventus FC,12,AS Roma,FREE_TRANSFER,free transfer,1,IN+OUT
TM-2022-00125,2022/23,207715,Ibrahima Mbaye,1025,Bologna FC 1909,7769,CFR Cluj,FREE_TRANSFER,free transfer,0,OUT
TM-2022-00126,2022/23,207877,Ruslan Malinovskyi,800,Atalanta BC,244,Olympique Marseille,LOAN,loan transfer,0,OUT
TM-2022-00127,2022/23,208166,Bartłomiej Drągowski,430,ACF Fiorentina,3522,Spezia Calcio,PERMANENT_OR_OTHER_EXPLICIT,€2.45m,1,IN+OUT
TM-2022-00128,2022/23,210178,Pablo Marí,11,Arsenal FC,2919,AC Monza,LOAN,loan transfer,0,IN
TM-2022-00129,2022/23,210178,Pablo Marí,410,Udinese Calcio,11,Arsenal FC,LOAN_RETURN_OR_END_OF_LOAN,End of loan 30/06/2022,0,OUT
TM-2022-00130,2022/23,210363,Mariusz Stępiński,10586,Aris Limassol,276,Hellas Verona,LOAN_RETURN_OR_END_OF_LOAN,End of loan 30/06/2022,0,IN
TM-2022-00131,2022/23,210363,Mariusz Stępiński,276,Hellas Verona,10586,Aris Limassol,PERMANENT_OR_OTHER_EXPLICIT,€150k,0,OUT
TM-2022-00132,2022/23,213854,Cedric Gondo,2239,US Cremonese,408,Ascoli Calcio,LOAN,loan transfer,0,OUT
TM-2022-00133,2022/23,215089,Djavan Anderson,1269,PEC Zwolle,398,SS Lazio,LOAN_RETURN_OR_END_OF_LOAN,End of loan 30/06/2022,0,IN
TM-2022-00134,2022/23,215089,Djavan Anderson,398,SS Lazio,988,Oxford United,FREE_TRANSFER,free transfer,0,OUT
TM-2022-00135,2022/23,215616,Erick Pulgar,141,Galatasaray,430,ACF Fiorentina,LOAN_RETURN_OR_END_OF_LOAN,End of loan 30/06/2022,0,IN
TM-2022-00136,2022/23,215616,Erick Pulgar,430,ACF Fiorentina,614,CR Flamengo,PERMANENT_OR_OTHER_EXPLICIT,€2.80m,0,OUT
TM-2022-00137,2022/23,215649,Mirko Marić,4083,FC Crotone,2919,AC Monza,LOAN_RETURN_OR_END_OF_LOAN,End of loan 30/06/2022,0,IN
TM-2022-00138,2022/23,216179,Stefano Sensi,1038,UC Sampdoria,46,Inter Milan,LOAN_RETURN_OR_END_OF_LOAN,End of loan 30/06/2022,1,IN+OUT
TM-2022-00139,2022/23,216179,Stefano Sensi,46,Inter Milan,2919,AC Monza,LOAN,loan transfer,1,IN+OUT
TM-2022-00140,2022/23,216569,Jérémie Boga,6574,US Sassuolo,800,Atalanta BC,PERMANENT_OR_OTHER_EXPLICIT,€22.00m,1,IN+OUT
TM-2022-00141,2022/23,216569,Jérémie Boga,800,Atalanta BC,6574,US Sassuolo,LOAN_RETURN_OR_END_OF_LOAN,End of loan 30/06/2022,1,IN+OUT
TM-2022-00142,2022/23,216599,Domen Crnigoj,607,Venezia FC,380,US Salernitana 1919,LOAN,Loan fee: €350k,0,IN
TM-2022-00143,2022/23,21763,Federico Peluso,6574,US Sassuolo,515,Without Club,FREE_AGENT_OR_END_OF_CONTRACT,-,0,OUT
TM-2022-00144,2022/23,218306,César Falletti,1025,Bologna FC 1909,1103,Ternana Calcio,PERMANENT_OR_OTHER_EXPLICIT,€1.20m,0,OUT
TM-2022-00145,2022/23,218306,César Falletti,1103,Ternana Calcio,1025,Bologna FC 1909,LOAN_RETURN_OR_END_OF_LOAN,End of loan 30/06/2022,0,IN
TM-2022-00146,2022/23,22068,Franck Ribéry,380,US Salernitana 1919,,Retired,RETIREMENT,-,0,OUT
TM-2022-00147,2022/23,221421,Kleis Bozhanaj,3268,Casa Pia AC,3522,Spezia Calcio,LOAN_RETURN_OR_END_OF_LOAN,End of loan 30/06/2022,0,IN
TM-2022-00148,2022/23,221421,Kleis Bozhanaj,3522,Spezia Calcio,4159,Carrarese Calcio 1908,LOAN,loan transfer,0,OUT
TM-2022-00149,2022/23,221421,Kleis Bozhanaj,3522,Spezia Calcio,4159,Carrarese Calcio 1908,PERMANENT_OR_OTHER_EXPLICIT,€40k,0,OUT
TM-2022-00150,2022/23,221421,Kleis Bozhanaj,4159,Carrarese Calcio 1908,3522,Spezia Calcio,LOAN_RETURN_OR_END_OF_LOAN,End of loan 04/01/2023,0,IN
TM-2022-00151,2022/23,222209,Thomas Strakosha,398,SS Lazio,1148,Brentford FC,FREE_TRANSFER,free transfer,0,OUT
TM-2022-00152,2022/23,22318,Federico Marchetti,515,Without Club,3522,Spezia Calcio,FREE_AGENT_OR_END_OF_CONTRACT,-,0,IN
TM-2022-00153,2022/23,223974,Stefan Posch,533,TSG 1899 Hoffenheim,1025,Bologna FC 1909,LOAN,Loan fee: €350k,0,IN
TM-2022-00154,2022/23,224044,Tiago Casasola,2239,US Cremonese,8970,Frosinone Calcio,LOAN_RETURN_OR_END_OF_LOAN,End of loan 29/06/2022,0,OUT
TM-2022-00155,2022/23,224044,Tiago Casasola,398,SS Lazio,839,AC Perugia Calcio,FREE_TRANSFER,free transfer,0,OUT
TM-2022-00156,2022/23,224044,Tiago Casasola,8970,Frosinone Calcio,398,SS Lazio,LOAN_RETURN_OR_END_OF_LOAN,End of loan 30/06/2022,0,IN
TM-2022-00157,2022/23,226025,Luca Mazzitelli,2919,AC Monza,8970,Frosinone Calcio,LOAN,Loan fee: €185k,0,OUT
TM-2022-00158,2022/23,226080,Anton Kresic,144,HNK Rijeka,800,Atalanta BC,LOAN_RETURN_OR_END_OF_LOAN,End of loan 30/06/2022,0,IN
TM-2022-00159,2022/23,226080,Anton Kresic,800,Atalanta BC,144,HNK Rijeka,PERMANENT_OR_OTHER_EXPLICIT,€150k,0,OUT
TM-2022-00160,2022/23,226093,Lorenco Simic,1005,US Lecce,408,Ascoli Calcio,PERMANENT_OR_OTHER_EXPLICIT,?,0,OUT
TM-2022-00161,2022/23,226524,Morten Thorsby,1038,UC Sampdoria,89,1.FC Union Berlin,PERMANENT_OR_OTHER_EXPLICIT,€3.00m,0,OUT
TM-2022-00162,2022/23,227081,Joaquín Correa,398,SS Lazio,46,Inter Milan,PERMANENT_OR_OTHER_EXPLICIT,€27.30m,1,IN+OUT
TM-2022-00163,2022/23,227081,Joaquín Correa,46,Inter Milan,398,SS Lazio,LOAN_RETURN_OR_END_OF_LOAN,End of loan 30/06/2022,1,IN+OUT
TM-2022-00164,2022/23,227347,Valentin Antov,208,CSKA-Sofia,2919,AC Monza,PERMANENT_OR_OTHER_EXPLICIT,€3.90m,0,IN
TM-2022-00165,2022/23,227347,Valentin Antov,2919,AC Monza,208,CSKA-Sofia,LOAN_RETURN_OR_END_OF_LOAN,End of loan 30/06/2022,0,OUT
TM-2022-00166,2022/23,228761,Jony,2448,Sporting Gijón,398,SS Lazio,LOAN_RETURN_OR_END_OF_LOAN,End of loan 30/06/2022,0,IN
TM-2022-00167,2022/23,228761,Jony,398,SS Lazio,2448,Sporting Gijón,LOAN,loan transfer,0,OUT
TM-2022-00168,2022/23,232418,Ondrej Duda,3,1.FC Köln,276,Hellas Verona,LOAN,loan transfer,0,IN
TM-2022-00169,2022/23,234509,André Onana,610,Ajax Amsterdam,46,Inter Milan,FREE_TRANSFER,free transfer,0,IN
TM-2022-00170,2022/23,237658,Michel Aebischer,1025,Bologna FC 1909,452,BSC Young Boys,LOAN_RETURN_OR_END_OF_LOAN,End of loan 30/06/2022,0,OUT
TM-2022-00171,2022/23,237658,Michel Aebischer,452,BSC Young Boys,1025,Bologna FC 1909,PERMANENT_OR_OTHER_EXPLICIT,€3.00m,0,IN
TM-2022-00172,2022/23,238537,Wladimiro Falcone,1038,UC Sampdoria,1005,US Lecce,LOAN,loan transfer,1,IN+OUT
TM-2022-00173,2022/23,238654,Jaime Báez,2239,US Cremonese,8970,Frosinone Calcio,PERMANENT_OR_OTHER_EXPLICIT,?,0,OUT
TM-2022-00174,2022/23,238947,Elio Capradossi,2722,SPAL,3522,Spezia Calcio,LOAN_RETURN_OR_END_OF_LOAN,End of loan 30/06/2022,0,IN
TM-2022-00175,2022/23,238947,Elio Capradossi,3522,Spezia Calcio,1390,Cagliari Calcio,PERMANENT_OR_OTHER_EXPLICIT,€200k,0,OUT
TM-2022-00176,2022/23,238950,Francesco Di Mariano,1005,US Lecce,458,Palermo FC,PERMANENT_OR_OTHER_EXPLICIT,€1.00m,0,OUT
TM-2022-00177,2022/23,239099,Pietro Ceccaroni,607,Venezia FC,1005,US Lecce,LOAN,loan transfer,0,IN
TM-2022-00178,2022/23,239941,Lukas Haraslin,197,AC Sparta Prague,6574,US Sassuolo,LOAN_RETURN_OR_END_OF_LOAN,End of loan 30/06/2022,0,IN
TM-2022-00179,2022/23,239941,Lukas Haraslin,6574,US Sassuolo,197,AC Sparta Prague,PERMANENT_OR_OTHER_EXPLICIT,€1.50m,0,OUT
TM-2022-00180,2022/23,239962,Denis Vavro,190,FC Copenhagen,398,SS Lazio,LOAN_RETURN_OR_END_OF_LOAN,End of loan 30/06/2022,0,IN
TM-2022-00181,2022/23,239962,Denis Vavro,398,SS Lazio,190,FC Copenhagen,PERMANENT_OR_OTHER_EXPLICIT,€4.50m,0,OUT
TM-2022-00182,2022/23,240094,Dramane Konaté,12469,KF Skënderbeu,276,Hellas Verona,LOAN_RETURN_OR_END_OF_LOAN,End of loan 22/08/2022,0,IN
TM-2022-00183,2022/23,240094,Dramane Konaté,19164,Paganese Calcio 1926,276,Hellas Verona,FREE_TRANSFER,free transfer,0,IN
TM-2022-00184,2022/23,240094,Dramane Konaté,276,Hellas Verona,12469,KF Skënderbeu,LOAN,loan transfer,0,OUT
TM-2022-00185,2022/23,240094,Dramane Konaté,276,Hellas Verona,4562,Aglianese Calcio 1923,FREE_TRANSFER,free transfer,0,OUT
TM-2022-00186,2022/23,240349,Cristiano Lombardi,1386,Reggina 1914,398,SS Lazio,LOAN_RETURN_OR_END_OF_LOAN,End of loan 30/06/2022,0,IN
TM-2022-00187,2022/23,240349,Cristiano Lombardi,398,SS Lazio,4271,US Triestina,LOAN,loan transfer,0,OUT
TM-2022-00188,2022/23,240357,Luca Palmiero,4031,Cosenza Calcio,6195,SSC Napoli,LOAN_RETURN_OR_END_OF_LOAN,End of loan 30/06/2022,0,IN
TM-2022-00189,2022/23,240357,Luca Palmiero,6195,SSC Napoli,2921,Delfino Pescara 1936,PERMANENT_OR_OTHER_EXPLICIT,€125k,0,OUT
TM-2022-00190,2022/23,240675,Simone Perilli,19,Brescia Calcio (- 2025),276,Hellas Verona,FREE_TRANSFER,free transfer,0,IN
TM-2022-00191,2022/23,240786,Riccardo Gagliolo,380,US Salernitana 1919,1386,Reggina 1914,PERMANENT_OR_OTHER_EXPLICIT,€1.20m,0,OUT
TM-2022-00192,2022/23,240897,Arturo Calabresi,1005,US Lecce,4172,Pisa Sporting Club,PERMANENT_OR_OTHER_EXPLICIT,?,0,OUT
TM-2022-00193,2022/23,241527,Federico Bonazzoli,1038,UC Sampdoria,380,US Salernitana 1919,PERMANENT_OR_OTHER_EXPLICIT,€5.00m,1,IN+OUT
TM-2022-00194,2022/23,241527,Federico Bonazzoli,380,US Salernitana 1919,1038,UC Sampdoria,LOAN_RETURN_OR_END_OF_LOAN,End of loan 30/06/2022,1,IN+OUT
TM-2022-00195,2022/23,241889,Antonio Barreca,1005,US Lecce,162,AS Monaco,LOAN_RETURN_OR_END_OF_LOAN,End of loan 30/06/2022,0,OUT
TM-2022-00196,2022/23,241923,Lorenzo Montipò,276,Hellas Verona,4171,Benevento Calcio,LOAN_RETURN_OR_END_OF_LOAN,End of loan 30/06/2022,0,OUT
TM-2022-00197,2022/23,241923,Lorenzo Montipò,4171,Benevento Calcio,276,Hellas Verona,PERMANENT_OR_OTHER_EXPLICIT,€1.10m,0,IN
TM-2022-00198,2022/23,242469,Mario Gargiulo,1005,US Lecce,1385,Modena FC,PERMANENT_OR_OTHER_EXPLICIT,€800k,0,OUT
TM-2022-00199,2022/23,243225,Samuel Mráz,13222,CD Mirandés,3522,Spezia Calcio,LOAN_RETURN_OR_END_OF_LOAN,End of loan 23/01/2023,0,IN
TM-2022-00200,2022/23,243225,Samuel Mráz,3522,Spezia Calcio,13222,CD Mirandés,LOAN,loan transfer,0,OUT
TM-2022-00201,2022/23,243225,Samuel Mráz,3522,Spezia Calcio,3899,Anorthosis Famagusta,LOAN,loan transfer,0,OUT
TM-2022-00202,2022/23,243225,Samuel Mráz,540,Slovan Bratislava,3522,Spezia Calcio,LOAN_RETURN_OR_END_OF_LOAN,End of loan 30/06/2022,0,IN
TM-2022-00203,2022/23,243879,Charles Pickel,3329,FC Famalicão,2239,US Cremonese,PERMANENT_OR_OTHER_EXPLICIT,€3.80m,0,IN
TM-2022-00204,2022/23,244192,Pierluigi Gollini,148,Tottenham Hotspur,800,Atalanta BC,LOAN_RETURN_OR_END_OF_LOAN,End of loan 30/06/2022,0,IN
TM-2022-00205,2022/23,244192,Pierluigi Gollini,430,ACF Fiorentina,800,Atalanta BC,LOAN_RETURN_OR_END_OF_LOAN,End of loan 24/01/2023,1,IN+OUT
TM-2022-00206,2022/23,244192,Pierluigi Gollini,800,Atalanta BC,430,ACF Fiorentina,LOAN,Loan fee: €490k,1,IN+OUT
TM-2022-00207,2022/23,244192,Pierluigi Gollini,800,Atalanta BC,6195,SSC Napoli,LOAN,Loan fee: €400k,1,IN+OUT
TM-2022-00208,2022/23,244491,Stefano Gori,1047,Como 1907,506,Juventus FC,LOAN_RETURN_OR_END_OF_LOAN,End of loan 30/06/2022,0,IN
TM-2022-00209,2022/23,244491,Stefano Gori,506,Juventus FC,839,AC Perugia Calcio,LOAN,loan transfer,0,OUT
TM-2022-00210,2022/23,245056,Saša Lukić,416,Torino FC,931,Fulham FC,PERMANENT_OR_OTHER_EXPLICIT,€9.80m,0,OUT
TM-2022-00211,2022/23,245078,Nemanja Radonjic,244,Olympique Marseille,416,Torino FC,LOAN,loan transfer,0,IN
TM-2022-00212,2022/23,246291,Diego Llorente,399,Leeds United,12,AS Roma,LOAN,Loan fee: €500k,0,IN
TM-2022-00213,2022/23,249126,Harry Winks,148,Tottenham Hotspur,1038,UC Sampdoria,LOAN,loan transfer,0,IN
TM-2022-00214,2022/23,250153,Pasquale Mazzocchi,380,US Salernitana 1919,607,Venezia FC,LOAN_RETURN_OR_END_OF_LOAN,End of loan 30/06/2022,0,OUT
TM-2022-00215,2022/23,250153,Pasquale Mazzocchi,607,Venezia FC,380,US Salernitana 1919,PERMANENT_OR_OTHER_EXPLICIT,€1.00m,0,IN
TM-2022-00216,2022/23,250683,Nikita Contini,1038,UC Sampdoria,6195,SSC Napoli,LOAN_RETURN_OR_END_OF_LOAN,End of loan 12/01/2023,1,IN+OUT
TM-2022-00217,2022/23,250683,Nikita Contini,4083,FC Crotone,6195,SSC Napoli,LOAN_RETURN_OR_END_OF_LOAN,End of loan 30/06/2022,0,IN
TM-2022-00218,2022/23,250683,Nikita Contini,6195,SSC Napoli,1038,UC Sampdoria,LOAN,Loan fee: €50k,1,IN+OUT
TM-2022-00219,2022/23,250683,Nikita Contini,6195,SSC Napoli,1386,Reggina 1914,LOAN,Loan fee: €25k,0,OUT
TM-2022-00220,2022/23,250781,Roberto Pirrello,4031,Cosenza Calcio,749,FC Empoli,LOAN_RETURN_OR_END_OF_LOAN,End of loan 30/06/2022,0,IN
TM-2022-00221,2022/23,250781,Roberto Pirrello,749,FC Empoli,21331,Pordenone Calcio,FREE_TRANSFER,free transfer,0,OUT
TM-2022-00222,2022/23,251075,Zeki Çelik,1082,LOSC Lille,12,AS Roma,PERMANENT_OR_OTHER_EXPLICIT,€7.40m,0,IN
TM-2022-00223,2022/23,25488,Antonio Candreva,1038,UC Sampdoria,380,US Salernitana 1919,LOAN,Loan fee: €1.00m,1,IN+OUT
TM-2022-00224,2022/23,25508,Salvatore Sirigu,252,Genoa CFC,6195,SSC Napoli,FREE_TRANSFER,free transfer,0,IN
TM-2022-00225,2022/23,25508,Salvatore Sirigu,6195,SSC Napoli,430,ACF Fiorentina,FREE_TRANSFER,free transfer,1,IN+OUT
TM-2022-00226,2022/23,255450,Aleksey Miranchuk,800,Atalanta BC,416,Torino FC,LOAN,Loan fee: €980k,1,IN+OUT
TM-2022-00227,2022/23,256267,Vedat Muriqi,237,RCD Mallorca,398,SS Lazio,LOAN_RETURN_OR_END_OF_LOAN,End of loan 30/06/2022,0,IN
TM-2022-00228,2022/23,256267,Vedat Muriqi,398,SS Lazio,237,RCD Mallorca,PERMANENT_OR_OTHER_EXPLICIT,€11.90m,0,OUT
TM-2022-00229,2022/23,257462,Luka Jović,418,Real Madrid,430,ACF Fiorentina,FREE_TRANSFER,free transfer,0,IN
TM-2022-00230,2022/23,263267,Riad Bajic,19,Brescia Calcio (- 2025),410,Udinese Calcio,LOAN_RETURN_OR_END_OF_LOAN,End of loan 30/06/2022,0,IN
TM-2022-00231,2022/23,263267,Riad Bajic,410,Udinese Calcio,11688,Giresunspor,FREE_TRANSFER,free transfer,0,OUT
TM-2022-00232,2022/23,264514,Luca Vido,2239,US Cremonese,800,Atalanta BC,LOAN_RETURN_OR_END_OF_LOAN,End of loan 30/06/2022,1,IN+OUT
TM-2022-00233,2022/23,264514,Luca Vido,2722,SPAL,2239,US Cremonese,LOAN_RETURN_OR_END_OF_LOAN,End of loan 29/06/2022,0,IN
TM-2022-00234,2022/23,264514,Luca Vido,800,Atalanta BC,458,Palermo FC,LOAN,loan transfer,0,OUT
TM-2022-00235,2022/23,265078,Patrick Cutrone,749,FC Empoli,543,Wolverhampton Wanderers,LOAN_RETURN_OR_END_OF_LOAN,End of loan 30/06/2022,0,OUT
TM-2022-00236,2022/23,265320,Emanuele Cicerelli,398,SS Lazio,1386,Reggina 1914,LOAN,loan transfer,0,OUT
TM-2022-00237,2022/23,265320,Emanuele Cicerelli,8970,Frosinone Calcio,398,SS Lazio,LOAN_RETURN_OR_END_OF_LOAN,End of loan 30/06/2022,0,IN
TM-2022-00238,2022/23,265625,Ajdin Hrustic,24,Eintracht Frankfurt,276,Hellas Verona,PERMANENT_OR_OTHER_EXPLICIT,€500k,0,IN
TM-2022-00239,2022/23,266795,Gonzalo Escalante,1108,Deportivo Alavés,398,SS Lazio,LOAN_RETURN_OR_END_OF_LOAN,End of loan 30/06/2022,0,IN
TM-2022-00240,2022/23,266795,Gonzalo Escalante,2239,US Cremonese,398,SS Lazio,LOAN_RETURN_OR_END_OF_LOAN,End of loan 24/01/2023,1,IN+OUT
TM-2022-00241,2022/23,266795,Gonzalo Escalante,398,SS Lazio,2239,US Cremonese,LOAN,loan transfer,1,IN+OUT
TM-2022-00242,2022/23,266795,Gonzalo Escalante,398,SS Lazio,2687,Cádiz CF,LOAN,loan transfer,0,OUT
TM-2022-00243,2022/23,267614,Julian Kristoffersen,380,US Salernitana 1919,29251,Virtus Verona,LOAN,loan transfer,0,OUT
TM-2022-00244,2022/23,267614,Julian Kristoffersen,4031,Cosenza Calcio,380,US Salernitana 1919,LOAN_RETURN_OR_END_OF_LOAN,End of loan 30/06/2022,0,IN
TM-2022-00245,2022/23,268178,Arkadiusz Reca,3522,Spezia Calcio,800,Atalanta BC,LOAN_RETURN_OR_END_OF_LOAN,End of loan 30/06/2022,1,IN+OUT
TM-2022-00246,2022/23,268178,Arkadiusz Reca,800,Atalanta BC,3522,Spezia Calcio,PERMANENT_OR_OTHER_EXPLICIT,€3.90m,1,IN+OUT
TM-2022-00247,2022/23,268429,Sandi Lovrić,2790,FC Lugano,410,Udinese Calcio,FREE_TRANSFER,free transfer,0,IN
TM-2022-00248,2022/23,272261,Antonín Barák,276,Hellas Verona,430,ACF Fiorentina,LOAN,Loan fee: €1.46m,1,IN+OUT
TM-2022-00249,2022/23,272261,Antonín Barák,276,Hellas Verona,430,ACF Fiorentina,PERMANENT_OR_OTHER_EXPLICIT,€7.86m,1,IN+OUT
TM-2022-00250,2022/23,272261,Antonín Barák,430,ACF Fiorentina,276,Hellas Verona,LOAN_RETURN_OR_END_OF_LOAN,End of loan 30/01/2023,1,IN+OUT
TM-2022-00251,2022/23,272812,Kingsley Ehizibue,3,1.FC Köln,410,Udinese Calcio,PERMANENT_OR_OTHER_EXPLICIT,€1.50m,0,IN
TM-2022-00252,2022/23,273132,Robin Gosens,46,Inter Milan,800,Atalanta BC,LOAN_RETURN_OR_END_OF_LOAN,End of loan 30/06/2022,1,IN+OUT
TM-2022-00253,2022/23,273132,Robin Gosens,800,Atalanta BC,46,Inter Milan,PERMANENT_OR_OTHER_EXPLICIT,€27.40m,1,IN+OUT
TM-2022-00254,2022/23,273236,Marlon,660,Shakhtar Donetsk,2919,AC Monza,LOAN,loan transfer,0,IN
TM-2022-00255,2022/23,278531,Sebastiano Luperto,6195,SSC Napoli,749,FC Empoli,LOAN,Loan fee: €500k,1,IN+OUT
TM-2022-00256,2022/23,278531,Sebastiano Luperto,749,FC Empoli,6195,SSC Napoli,LOAN_RETURN_OR_END_OF_LOAN,End of loan 30/06/2022,1,IN+OUT
TM-2022-00257,2022/23,279823,Stefano Moreo,19,Brescia Calcio (- 2025),749,FC Empoli,LOAN_RETURN_OR_END_OF_LOAN,End of loan 30/06/2022,0,IN
TM-2022-00258,2022/23,279823,Stefano Moreo,749,FC Empoli,19,Brescia Calcio (- 2025),PERMANENT_OR_OTHER_EXPLICIT,€800k,0,OUT
TM-2022-00259,2022/23,280730,Álvaro Odriozola,430,ACF Fiorentina,418,Real Madrid,LOAN_RETURN_OR_END_OF_LOAN,End of loan 30/06/2022,0,OUT
TM-2022-00260,2022/23,281900,Paolo Bartolomei,2239,US Cremonese,839,AC Perugia Calcio,FREE_TRANSFER,free transfer,0,OUT
TM-2022-00261,2022/23,282144,Marin Pongracic,82,VfL Wolfsburg,1005,US Lecce,LOAN,loan transfer,0,IN
TM-2022-00262,2022/23,282388,Giovanni Simeone,1390,Cagliari Calcio,276,Hellas Verona,PERMANENT_OR_OTHER_EXPLICIT,€10.50m,0,IN
TM-2022-00263,2022/23,282388,Giovanni Simeone,276,Hellas Verona,1390,Cagliari Calcio,LOAN_RETURN_OR_END_OF_LOAN,End of loan 30/06/2022,0,OUT
TM-2022-00264,2022/23,282388,Giovanni Simeone,276,Hellas Verona,6195,SSC Napoli,LOAN,Loan fee: €3.10m,1,IN+OUT
TM-2022-00265,2022/23,282810,Carles Pérez,12,AS Roma,940,Celta de Vigo,LOAN,Loan fee: €1.00m,0,OUT
TM-2022-00266,2022/23,283233,Jacob Rasmussen,430,ACF Fiorentina,234,Feyenoord Rotterdam,LOAN,loan transfer,0,OUT
TM-2022-00267,2022/23,283233,Jacob Rasmussen,499,Vitesse Arnhem,430,ACF Fiorentina,LOAN_RETURN_OR_END_OF_LOAN,End of loan 30/06/2022,0,IN
TM-2022-00268,2022/23,283528,Ignacio Pussetto,1010,Watford FC,1038,UC Sampdoria,LOAN,loan transfer,0,IN
TM-2022-00269,2022/23,283528,Ignacio Pussetto,410,Udinese Calcio,1010,Watford FC,LOAN_RETURN_OR_END_OF_LOAN,End of loan 30/06/2022,0,OUT
TM-2022-00270,2022/23,283735,Mattia Zaccagni,276,Hellas Verona,398,SS Lazio,PERMANENT_OR_OTHER_EXPLICIT,€7.10m,1,IN+OUT
TM-2022-00271,2022/23,283735,Mattia Zaccagni,398,SS Lazio,276,Hellas Verona,LOAN_RETURN_OR_END_OF_LOAN,End of loan 30/06/2022,1,IN+OUT
TM-2022-00272,2022/23,285845,Ainsley Maitland-Niles,12,AS Roma,11,Arsenal FC,LOAN_RETURN_OR_END_OF_LOAN,End of loan 30/06/2022,0,OUT
TM-2022-00273,2022/23,286047,Guglielmo Vicario,1390,Cagliari Calcio,749,FC Empoli,PERMANENT_OR_OTHER_EXPLICIT,€8.50m,0,IN
TM-2022-00274,2022/23,286047,Guglielmo Vicario,749,FC Empoli,1390,Cagliari Calcio,LOAN_RETURN_OR_END_OF_LOAN,End of loan 30/06/2022,0,OUT
TM-2022-00275,2022/23,286275,Armando Anastasio,21331,Pordenone Calcio,2919,AC Monza,LOAN_RETURN_OR_END_OF_LOAN,End of loan 30/06/2022,0,IN
TM-2022-00276,2022/23,286275,Armando Anastasio,2919,AC Monza,26789,FC Pro Vercelli 1892,LOAN,loan transfer,0,OUT
TM-2022-00277,2022/23,286415,Pau López,12,AS Roma,244,Olympique Marseille,PERMANENT_OR_OTHER_EXPLICIT,€12.00m,0,OUT
TM-2022-00278,2022/23,286415,Pau López,244,Olympique Marseille,12,AS Roma,LOAN_RETURN_OR_END_OF_LOAN,End of loan 30/06/2022,0,IN
TM-2022-00279,2022/23,286949,Adam Masina,1010,Watford FC,410,Udinese Calcio,PERMANENT_OR_OTHER_EXPLICIT,€5.00m,0,IN
TM-2022-00280,2022/23,287367,Luca Vignali,1047,Como 1907,3522,Spezia Calcio,LOAN_RETURN_OR_END_OF_LOAN,End of loan 30/06/2022,0,IN
TM-2022-00281,2022/23,287367,Luca Vignali,3522,Spezia Calcio,1047,Como 1907,FREE_TRANSFER,free transfer,0,OUT
TM-2022-00282,2022/23,287600,Paweł Jaroszyński,252,Genoa CFC,380,US Salernitana 1919,PERMANENT_OR_OTHER_EXPLICIT,€1.45m,0,IN
TM-2022-00283,2022/23,287600,Paweł Jaroszyński,380,US Salernitana 1919,252,Genoa CFC,LOAN_RETURN_OR_END_OF_LOAN,End of loan 30/06/2022,0,OUT
TM-2022-00284,2022/23,287600,Paweł Jaroszyński,380,US Salernitana 1919,5689,Cracovia,LOAN,loan transfer,0,OUT
TM-2022-00285,2022/23,287636,Mirko Esposito,2581,Mantova 1911,380,US Salernitana 1919,LOAN_RETURN_OR_END_OF_LOAN,End of loan 30/06/2022,0,IN
TM-2022-00286,2022/23,287636,Mirko Esposito,380,US Salernitana 1919,515,Without Club,FREE_AGENT_OR_END_OF_CONTRACT,-,0,OUT
TM-2022-00287,2022/23,287638,Leonardo Fontanesi,6574,US Sassuolo,,Retired,RETIREMENT,-,0,OUT
TM-2022-00288,2022/23,287663,Luca Valzania,2239,US Cremonese,2722,SPAL,LOAN,loan transfer,0,OUT
TM-2022-00289,2022/23,287663,Luca Valzania,2239,US Cremonese,800,Atalanta BC,LOAN_RETURN_OR_END_OF_LOAN,End of loan 30/06/2022,1,IN+OUT
TM-2022-00290,2022/23,287663,Luca Valzania,800,Atalanta BC,2239,US Cremonese,PERMANENT_OR_OTHER_EXPLICIT,€3.00m,1,IN+OUT
TM-2022-00291,2022/23,287700,Mohamed Fares,416,Torino FC,398,SS Lazio,LOAN_RETURN_OR_END_OF_LOAN,End of loan 30/06/2022,1,IN+OUT
TM-2022-00292,2022/23,287710,Gabriel Lunetta,2721,US Alessandria Calcio 1912,800,Atalanta BC,LOAN_RETURN_OR_END_OF_LOAN,End of loan 30/06/2022,0,IN
TM-2022-00293,2022/23,287710,Gabriel Lunetta,800,Atalanta BC,144,HNK Rijeka,PERMANENT_OR_OTHER_EXPLICIT,?,0,OUT
TM-2022-00294,2022/23,287876,Antonino La Gumina,1038,UC Sampdoria,4171,Benevento Calcio,LOAN,loan transfer,0,OUT
TM-2022-00295,2022/23,287876,Antonino La Gumina,1047,Como 1907,1038,UC Sampdoria,LOAN_RETURN_OR_END_OF_LOAN,End of loan 30/06/2022,0,IN
TM-2022-00296,2022/23,288896,Francesco Deli,21331,Pordenone Calcio,2239,US Cremonese,LOAN_RETURN_OR_END_OF_LOAN,End of loan 30/06/2022,0,IN
TM-2022-00297,2022/23,288896,Francesco Deli,2239,US Cremonese,21331,Pordenone Calcio,FREE_TRANSFER,free transfer,0,OUT
TM-2022-00298,2022/23,289165,Patryk Dziczek,398,SS Lazio,6112,Piast Gliwice,FREE_TRANSFER,free transfer,0,OUT
TM-2022-00299,2022/23,290017,Hassane Kamara,1010,Watford FC,410,Udinese Calcio,PERMANENT_OR_OTHER_EXPLICIT,€19.00m,0,IN
TM-2022-00300,2022/23,290017,Hassane Kamara,410,Udinese Calcio,1010,Watford FC,LOAN,loan transfer,0,OUT
TM-2022-00301,2022/23,290032,Kevin Rüegg,276,Hellas Verona,452,BSC Young Boys,LOAN,Loan fee: €150k,0,OUT
TM-2022-00302,2022/23,290032,Kevin Rüegg,2790,FC Lugano,276,Hellas Verona,LOAN_RETURN_OR_END_OF_LOAN,End of loan 30/06/2022,0,IN
TM-2022-00303,2022/23,291276,Marcin Listkowski,1005,US Lecce,19,Brescia Calcio (- 2025),LOAN,loan transfer,0,OUT
TM-2022-00304,2022/23,291400,Giovanni Crociata,2722,SPAL,749,FC Empoli,LOAN_RETURN_OR_END_OF_LOAN,End of loan 30/06/2022,0,IN
TM-2022-00305,2022/23,291400,Giovanni Crociata,4554,FC Südtirol,749,FC Empoli,LOAN_RETURN_OR_END_OF_LOAN,End of loan 09/01/2023,0,IN
TM-2022-00306,2022/23,291400,Giovanni Crociata,749,FC Empoli,4084,AS Cittadella,LOAN,loan transfer,0,OUT
TM-2022-00307,2022/23,291400,Giovanni Crociata,749,FC Empoli,4554,FC Südtirol,LOAN,loan transfer,0,OUT
TM-2022-00308,2022/23,291422,Lys Mousset,380,US Salernitana 1919,350,Sheffield United,LOAN_RETURN_OR_END_OF_LOAN,End of loan 30/06/2022,0,OUT
TM-2022-00309,2022/23,291522,Tommaso Fantacci,14888,US Città di Pontedera,749,FC Empoli,LOAN_RETURN_OR_END_OF_LOAN,End of loan 30/01/2023,0,IN
TM-2022-00310,2022/23,291522,Tommaso Fantacci,4326,AS Gubbio 1910,749,FC Empoli,LOAN_RETURN_OR_END_OF_LOAN,End of loan 30/06/2022,0,IN
TM-2022-00311,2022/23,291522,Tommaso Fantacci,749,FC Empoli,14888,US Città di Pontedera,LOAN,loan transfer,0,OUT
TM-2022-00312,2022/23,291522,Tommaso Fantacci,749,FC Empoli,46619,Arzignano Valchiampo,LOAN,loan transfer,0,OUT
TM-2022-00313,2022/23,29260,Giorgio Chiellini,506,Juventus FC,51828,Los Angeles FC,FREE_TRANSFER,free transfer,0,OUT
TM-2022-00314,2022/23,293168,Filip Benkovic,410,Udinese Calcio,23,Eintracht Braunschweig,LOAN,loan transfer,0,OUT
TM-2022-00315,2022/23,293169,Josip Brekalo,416,Torino FC,82,VfL Wolfsburg,LOAN_RETURN_OR_END_OF_LOAN,End of loan 30/06/2022,0,OUT
TM-2022-00316,2022/23,293169,Josip Brekalo,82,VfL Wolfsburg,430,ACF Fiorentina,PERMANENT_OR_OTHER_EXPLICIT,€1.70m,0,IN
TM-2022-00317,2022/23,293200,Nikola Vlašić,379,West Ham United,416,Torino FC,LOAN,loan transfer,0,IN
TM-2022-00318,2022/23,294808,Franck Kessié,5,AC Milan,131,FC Barcelona,FREE_TRANSFER,free transfer,0,OUT
TM-2022-00319,2022/23,295183,Răzvan Marin,1390,Cagliari Calcio,749,FC Empoli,LOAN,Loan fee: €1.00m,0,IN
TM-2022-00320,2022/23,29559,Guillermo Ochoa,3631,CF América,380,US Salernitana 1919,FREE_TRANSFER,free transfer,0,IN
TM-2022-00321,2022/23,297630,Marco Carraro,4031,Cosenza Calcio,800,Atalanta BC,LOAN_RETURN_OR_END_OF_LOAN,End of loan 30/06/2022,0,IN
TM-2022-00322,2022/23,297630,Marco Carraro,800,Atalanta BC,4083,FC Crotone,LOAN,loan transfer,0,OUT
TM-2022-00323,2022/23,297645,Riccardo Marchizza,749,FC Empoli,6574,US Sassuolo,LOAN_RETURN_OR_END_OF_LOAN,End of loan 30/06/2022,1,IN+OUT
TM-2022-00324,2022/23,297648,Simone Muratore,7179,CD Tondela,800,Atalanta BC,LOAN_RETURN_OR_END_OF_LOAN,End of loan 30/06/2022,0,IN
TM-2022-00325,2022/23,298635,Grigoris Kastanos,380,US Salernitana 1919,41101,Juventus Next Gen,LOAN_RETURN_OR_END_OF_LOAN,End of loan 30/06/2022,0,OUT
TM-2022-00326,2022/23,298635,Grigoris Kastanos,41101,Juventus Next Gen,380,US Salernitana 1919,PERMANENT_OR_OTHER_EXPLICIT,€300k,0,IN
TM-2022-00327,2022/23,298976,Borja Mayoral,12,AS Roma,418,Real Madrid,LOAN_RETURN_OR_END_OF_LOAN,End of loan 30/06/2022,0,OUT
TM-2022-00328,2022/23,298976,Borja Mayoral,3709,Getafe CF,12,AS Roma,LOAN_RETURN_OR_END_OF_LOAN,End of loan 29/06/2022,0,IN
TM-2022-00329,2022/23,301238,Michele Di Gregorio,2919,AC Monza,46,Inter Milan,LOAN_RETURN_OR_END_OF_LOAN,End of loan 30/06/2022,1,IN+OUT
TM-2022-00330,2022/23,301238,Michele Di Gregorio,46,Inter Milan,2919,AC Monza,PERMANENT_OR_OTHER_EXPLICIT,€5.90m,1,IN+OUT
TM-2022-00331,2022/23,301240,Samuele Perisan,21331,Pordenone Calcio,749,FC Empoli,PERMANENT_OR_OTHER_EXPLICIT,€650k,0,IN
TM-2022-00332,2022/23,302497,Nicola Mosti,1385,Modena FC,2919,AC Monza,LOAN_RETURN_OR_END_OF_LOAN,End of loan 30/06/2022,0,IN
TM-2022-00333,2022/23,302497,Nicola Mosti,2919,AC Monza,1385,Modena FC,PERMANENT_OR_OTHER_EXPLICIT,?,0,OUT
TM-2022-00334,2022/23,303657,Ionuț Radu,2239,US Cremonese,46,Inter Milan,LOAN_RETURN_OR_END_OF_LOAN,End of loan 24/01/2023,1,IN+OUT
TM-2022-00335,2022/23,303657,Ionuț Radu,46,Inter Milan,2239,US Cremonese,LOAN,loan transfer,1,IN+OUT
TM-2022-00336,2022/23,303657,Ionuț Radu,46,Inter Milan,290,AJ Auxerre,LOAN,loan transfer,0,OUT
TM-2022-00337,2022/23,30767,Gabriel Paletta,2919,AC Monza,,Retired,RETIREMENT,-,0,OUT
TM-2022-00338,2022/23,308278,Rey Manaj,3522,Spezia Calcio,131,FC Barcelona,LOAN_RETURN_OR_END_OF_LOAN,End of loan 30/06/2022,0,OUT
TM-2022-00339,2022/23,308279,Rolando Mandragora,416,Torino FC,506,Juventus FC,LOAN_RETURN_OR_END_OF_LOAN,End of loan 30/06/2022,1,IN+OUT
TM-2022-00340,2022/23,308279,Rolando Mandragora,506,Juventus FC,430,ACF Fiorentina,PERMANENT_OR_OTHER_EXPLICIT,€8.20m,1,IN+OUT
TM-2022-00341,2022/23,309944,Tyronne Ebuehi,10330,SL Benfica B,749,FC Empoli,FREE_TRANSFER,free transfer,0,IN
TM-2022-00342,2022/23,310458,Giangiacomo Magnani,1038,UC Sampdoria,276,Hellas Verona,LOAN_RETURN_OR_END_OF_LOAN,End of loan 30/06/2022,1,IN+OUT
TM-2022-00343,2022/23,311178,Georgios Kyriakopoulos,6574,US Sassuolo,1025,Bologna FC 1909,LOAN,Loan fee: €200k,1,IN+OUT
TM-2022-00344,2022/23,312341,Luca Ravanelli,2239,US Cremonese,8970,Frosinone Calcio,LOAN,loan transfer,0,OUT
TM-2022-00345,2022/23,312678,Léo Duarte,5,AC Milan,6890,Basaksehir FK,PERMANENT_OR_OTHER_EXPLICIT,€2.00m,0,OUT
TM-2022-00346,2022/23,312678,Léo Duarte,6890,Basaksehir FK,5,AC Milan,LOAN_RETURN_OR_END_OF_LOAN,End of loan 30/06/2022,0,IN
TM-2022-00347,2022/23,312735,Bryan Cabezas,800,Atalanta BC,515,Without Club,FREE_AGENT_OR_END_OF_CONTRACT,-,0,OUT
TM-2022-00348,2022/23,312773,Daniele Sommariva,2919,AC Monza,2921,Delfino Pescara 1936,FREE_TRANSFER,free transfer,0,OUT
TM-2022-00349,2022/23,312862,Dalbert,1390,Cagliari Calcio,46,Inter Milan,LOAN_RETURN_OR_END_OF_LOAN,End of loan 30/06/2022,0,IN
TM-2022-00350,2022/23,313477,Paolo Ghiglione,252,Genoa CFC,2239,US Cremonese,PERMANENT_OR_OTHER_EXPLICIT,€300k,0,IN
TM-2022-00351,2022/23,313830,Pablo Galdames,252,Genoa CFC,2239,US Cremonese,LOAN,loan transfer,0,IN
TM-2022-00352,2022/23,314965,Pedro Pereira,2919,AC Monza,11282,Alanyaspor,LOAN,loan transfer,0,OUT
TM-2022-00353,2022/23,314965,Pedro Pereira,2919,AC Monza,294,SL Benfica,LOAN_RETURN_OR_END_OF_LOAN,End of loan 30/06/2022,0,OUT
TM-2022-00354,2022/23,314965,Pedro Pereira,294,SL Benfica,2919,AC Monza,PERMANENT_OR_OTHER_EXPLICIT,€2.87m,0,IN
TM-2022-00355,2022/23,315850,Marco Tumminello,1386,Reggina 1914,800,Atalanta BC,LOAN_RETURN_OR_END_OF_LOAN,End of loan 30/06/2022,0,IN
TM-2022-00356,2022/23,315850,Marco Tumminello,800,Atalanta BC,4083,FC Crotone,PERMANENT_OR_OTHER_EXPLICIT,?,0,OUT
TM-2022-00357,2022/23,315856,Christian Capone,1103,Ternana Calcio,800,Atalanta BC,LOAN_RETURN_OR_END_OF_LOAN,End of loan 30/06/2022,0,IN
TM-2022-00358,2022/23,315856,Christian Capone,4554,FC Südtirol,800,Atalanta BC,LOAN_RETURN_OR_END_OF_LOAN,End of loan 04/01/2023,0,IN
TM-2022-00359,2022/23,315856,Christian Capone,800,Atalanta BC,4554,FC Südtirol,LOAN,loan transfer,0,OUT
TM-2022-00360,2022/23,315856,Christian Capone,800,Atalanta BC,5621,AC Reggiana 1919,LOAN,loan transfer,0,OUT
TM-2022-00361,2022/23,315859,Gabriele Gori,4031,Cosenza Calcio,430,ACF Fiorentina,LOAN_RETURN_OR_END_OF_LOAN,End of loan 30/06/2022,0,IN
TM-2022-00362,2022/23,315859,Gabriele Gori,430,ACF Fiorentina,1386,Reggina 1914,LOAN,loan transfer,0,OUT
TM-2022-00363,2022/23,315862,Filippo Melegoni,252,Genoa CFC,800,Atalanta BC,LOAN_RETURN_OR_END_OF_LOAN,End of loan 30/06/2022,0,IN
TM-2022-00364,2022/23,315862,Filippo Melegoni,800,Atalanta BC,252,Genoa CFC,PERMANENT_OR_OTHER_EXPLICIT,€4.00m,0,OUT
TM-2022-00365,2022/23,315865,Andrea Pinamonti,46,Inter Milan,6574,US Sassuolo,LOAN,loan transfer,1,IN+OUT
TM-2022-00366,2022/23,315865,Andrea Pinamonti,749,FC Empoli,46,Inter Milan,LOAN_RETURN_OR_END_OF_LOAN,End of loan 30/06/2022,1,IN+OUT
TM-2022-00367,2022/23,315867,Gianluca Scamacca,6574,US Sassuolo,379,West Ham United,PERMANENT_OR_OTHER_EXPLICIT,€38.60m,0,OUT
TM-2022-00368,2022/23,316934,Nikola Moro,121,Dynamo Moscow,1025,Bologna FC 1909,LOAN,Loan fee: €1.50m,0,IN
TM-2022-00369,2022/23,317806,Cyriel Dessers,1184,KRC Genk,2239,US Cremonese,PERMANENT_OR_OTHER_EXPLICIT,€6.50m,0,IN
TM-2022-00370,2022/23,318077,Lucas Torreira,430,ACF Fiorentina,11,Arsenal FC,LOAN_RETURN_OR_END_OF_LOAN,End of loan 30/06/2022,0,OUT
TM-2022-00371,2022/23,319177,Stefano Greco,12,AS Roma,7197,Potenza Calcio,FREE_TRANSFER,free transfer,0,OUT
TM-2022-00372,2022/23,319177,Stefano Greco,7197,Potenza Calcio,12,AS Roma,LOAN_RETURN_OR_END_OF_LOAN,End of loan 30/06/2022,0,IN
TM-2022-00373,2022/23,32113,Armando Izzo,416,Torino FC,2919,AC Monza,LOAN,loan transfer,1,IN+OUT
TM-2022-00374,2022/23,322305,Jean-Victor Makengo,410,Udinese Calcio,1158,FC Lorient,PERMANENT_OR_OTHER_EXPLICIT,€11.00m,0,OUT
TM-2022-00375,2022/23,322655,Flavius Daniliuc,417,OGC Nice,380,US Salernitana 1919,PERMANENT_OR_OTHER_EXPLICIT,€5.80m,0,IN
TM-2022-00376,2022/23,323147,Enrico Brignola,4171,Benevento Calcio,6574,US Sassuolo,LOAN_RETURN_OR_END_OF_LOAN,End of loan 30/06/2022,0,IN
TM-2022-00377,2022/23,323147,Enrico Brignola,6574,US Sassuolo,4171,Benevento Calcio,PERMANENT_OR_OTHER_EXPLICIT,€1,0,OUT
TM-2022-00378,2022/23,323255,Giacomo Satalino,6574,US Sassuolo,4159,Carrarese Calcio 1908,LOAN,loan transfer,0,OUT
TM-2022-00379,2022/23,324282,Fabio Depaoli,1038,UC Sampdoria,276,Hellas Verona,LOAN,loan transfer,1,IN+OUT
TM-2022-00380,2022/23,324282,Fabio Depaoli,276,Hellas Verona,1038,UC Sampdoria,LOAN_RETURN_OR_END_OF_LOAN,End of loan 30/06/2022,1,IN+OUT
TM-2022-00381,2022/23,324351,Panagiotis Retsos,276,Hellas Verona,683,Olympiacos Piraeus,LOAN,loan transfer,0,OUT
TM-2022-00382,2022/23,324377,Youssef Maleh,430,ACF Fiorentina,1005,US Lecce,LOAN,Loan fee: €500k,1,IN+OUT
TM-2022-00383,2022/23,324378,Valerio Mantovani,2721,US Alessandria Calcio 1912,380,US Salernitana 1919,LOAN_RETURN_OR_END_OF_LOAN,End of loan 30/06/2022,0,IN
TM-2022-00384,2022/23,324378,Valerio Mantovani,380,US Salernitana 1919,1103,Ternana Calcio,LOAN,loan transfer,0,OUT
TM-2022-00385,2022/23,324804,Yann Karamoh,130,Parma Calcio 1913,416,Torino FC,PERMANENT_OR_OTHER_EXPLICIT,€1.00m,0,IN
TM-2022-00386,2022/23,325993,Oliver Abildgaard,2698,Rubin Kazan,276,Hellas Verona,LOAN,Loan fee: €150k,0,IN
TM-2022-00387,2022/23,326031,Matthijs de Ligt,506,Juventus FC,27,Bayern Munich,PERMANENT_OR_OTHER_EXPLICIT,€67.00m,0,OUT
TM-2022-00388,2022/23,327757,Krzysztof Piatek,430,ACF Fiorentina,44,Hertha BSC,LOAN_RETURN_OR_END_OF_LOAN,End of loan 30/06/2022,0,OUT
TM-2022-00389,2022/23,327757,Krzysztof Piatek,44,Hertha BSC,380,US Salernitana 1919,LOAN,Loan fee: €1.00m,0,IN
TM-2022-00390,2022/23,330659,Justin Kluivert,12,AS Roma,1049,Valencia CF,LOAN,loan transfer,0,OUT
TM-2022-00391,2022/23,330659,Justin Kluivert,417,OGC Nice,12,AS Roma,LOAN_RETURN_OR_END_OF_LOAN,End of loan 30/06/2022,0,IN
TM-2022-00392,2022/23,331514,Bobby Adekanye,398,SS Lazio,1435,Go Ahead Eagles,FREE_TRANSFER,free transfer,0,OUT
TM-2022-00393,2022/23,331514,Bobby Adekanye,4083,FC Crotone,398,SS Lazio,LOAN_RETURN_OR_END_OF_LOAN,End of loan 30/06/2022,0,IN
TM-2022-00394,2022/23,332179,Matteo Pessina,800,Atalanta BC,2919,AC Monza,LOAN,Loan fee: €3.20m,1,IN+OUT
TM-2022-00395,2022/23,332697,Weston McKennie,506,Juventus FC,399,Leeds United,LOAN,Loan fee: €1.25m,0,OUT
TM-2022-00396,2022/23,334341,Francesco Orlando,2721,US Alessandria Calcio 1912,380,US Salernitana 1919,LOAN_RETURN_OR_END_OF_LOAN,End of loan 30/06/2022,0,IN
TM-2022-00397,2022/23,334341,Francesco Orlando,380,US Salernitana 1919,1387,ACR Siena 1904,LOAN,loan transfer,0,OUT
TM-2022-00398,2022/23,334526,Denis Zakaria,506,Juventus FC,631,Chelsea FC,LOAN,Loan fee: €3.00m,0,OUT
TM-2022-00399,2022/23,335147,Junior Sambia,969,Montpellier HSC,380,US Salernitana 1919,FREE_TRANSFER,free transfer,0,IN
TM-2022-00400,2022/23,336960,Giuseppe Pezzella,130,Parma Calcio 1913,1005,US Lecce,LOAN,loan transfer,0,IN
TM-2022-00401,2022/23,336960,Giuseppe Pezzella,800,Atalanta BC,130,Parma Calcio 1913,LOAN_RETURN_OR_END_OF_LOAN,End of loan 30/06/2022,0,OUT
TM-2022-00402,2022/23,337149,Andrea Meroni,2239,US Cremonese,6574,US Sassuolo,LOAN_RETURN_OR_END_OF_LOAN,End of loan 30/06/2022,1,IN+OUT
TM-2022-00403,2022/23,337149,Andrea Meroni,6574,US Sassuolo,4031,Cosenza Calcio,FREE_TRANSFER,free transfer,0,OUT
TM-2022-00404,2022/23,33763,Massimo Coda,1005,US Lecce,252,Genoa CFC,PERMANENT_OR_OTHER_EXPLICIT,€1.50m,0,OUT
TM-2022-00405,2022/23,337716,Claud Adjapong,1386,Reggina 1914,6574,US Sassuolo,LOAN_RETURN_OR_END_OF_LOAN,End of loan 30/06/2022,0,IN
TM-2022-00406,2022/23,337716,Claud Adjapong,6574,US Sassuolo,408,Ascoli Calcio,PERMANENT_OR_OTHER_EXPLICIT,?,0,OUT
TM-2022-00407,2022/23,337725,Christian Kouamé,58,RSC Anderlecht,430,ACF Fiorentina,LOAN_RETURN_OR_END_OF_LOAN,End of loan 30/06/2022,0,IN
TM-2022-00408,2022/23,337809,Simone Mazzocchi,1103,Ternana Calcio,800,Atalanta BC,LOAN_RETURN_OR_END_OF_LOAN,End of loan 30/06/2022,0,IN
TM-2022-00409,2022/23,337809,Simone Mazzocchi,800,Atalanta BC,4554,FC Südtirol,LOAN,loan transfer,0,OUT
TM-2022-00410,2022/23,338032,Deyovaisio Zeefuik,44,Hertha BSC,276,Hellas Verona,LOAN,loan transfer,0,IN
TM-2022-00411,2022/23,338670,Mile Svilar,294,SL Benfica,12,AS Roma,FREE_TRANSFER,free transfer,0,IN
TM-2022-00412,2022/23,338672,Zinho Vanheusden,252,Genoa CFC,46,Inter Milan,LOAN_RETURN_OR_END_OF_LOAN,End of loan 30/06/2022,0,IN
TM-2022-00413,2022/23,338672,Zinho Vanheusden,46,Inter Milan,1090,AZ Alkmaar,LOAN,loan transfer,0,OUT
TM-2022-00414,2022/23,339707,Cristo,366,Real Valladolid CF,410,Udinese Calcio,LOAN_RETURN_OR_END_OF_LOAN,End of loan 30/06/2022,0,IN
TM-2022-00415,2022/23,339707,Cristo,410,Udinese Calcio,2448,Sporting Gijón,LOAN,loan transfer,0,OUT
TM-2022-00416,2022/23,339782,Alessandro Rossi,33734,SS Monopoli 1966,398,SS Lazio,LOAN_RETURN_OR_END_OF_LOAN,End of loan 30/06/2022,0,IN
TM-2022-00417,2022/23,339782,Alessandro Rossi,398,SS Lazio,45894,Monterosi Tuscia FC,LOAN,loan transfer,0,OUT
TM-2022-00418,2022/23,340070,Simone Edera,416,Torino FC,21331,Pordenone Calcio,PERMANENT_OR_OTHER_EXPLICIT,?,0,OUT
TM-2022-00419,2022/23,340151,Andrea Favilli,2919,AC Monza,252,Genoa CFC,LOAN_RETURN_OR_END_OF_LOAN,End of loan 30/06/2022,0,OUT
TM-2022-00420,2022/23,340260,Raúl Asencio,1005,US Lecce,4084,AS Cittadella,FREE_TRANSFER,free transfer,0,OUT
TM-2022-00421,2022/23,340394,Abdelhamid Sabiri,1038,UC Sampdoria,408,Ascoli Calcio,LOAN_RETURN_OR_END_OF_LOAN,End of loan 30/06/2022,0,OUT
TM-2022-00422,2022/23,340394,Abdelhamid Sabiri,1038,UC Sampdoria,430,ACF Fiorentina,PERMANENT_OR_OTHER_EXPLICIT,€2.50m,1,IN+OUT
TM-2022-00423,2022/23,340394,Abdelhamid Sabiri,408,Ascoli Calcio,1038,UC Sampdoria,PERMANENT_OR_OTHER_EXPLICIT,€1.00m,0,IN
TM-2022-00424,2022/23,340394,Abdelhamid Sabiri,430,ACF Fiorentina,1038,UC Sampdoria,LOAN,loan transfer,1,IN+OUT
TM-2022-00425,2022/23,340707,Leonardo Sernicola,2239,US Cremonese,6574,US Sassuolo,LOAN_RETURN_OR_END_OF_LOAN,End of loan 30/06/2022,1,IN+OUT
TM-2022-00426,2022/23,340707,Leonardo Sernicola,6574,US Sassuolo,2239,US Cremonese,FREE_TRANSFER,free transfer,1,IN+OUT
TM-2022-00427,2022/23,340879,Merih Demiral,506,Juventus FC,800,Atalanta BC,PERMANENT_OR_OTHER_EXPLICIT,€21.00m,1,IN+OUT
TM-2022-00428,2022/23,340879,Merih Demiral,800,Atalanta BC,506,Juventus FC,LOAN_RETURN_OR_END_OF_LOAN,End of loan 30/06/2022,1,IN+OUT
TM-2022-00429,2022/23,341092,Federico Chiesa,430,ACF Fiorentina,506,Juventus FC,PERMANENT_OR_OTHER_EXPLICIT,€44.60m,1,IN+OUT
TM-2022-00430,2022/23,341092,Federico Chiesa,506,Juventus FC,430,ACF Fiorentina,LOAN_RETURN_OR_END_OF_LOAN,End of loan 30/06/2022,1,IN+OUT
TM-2022-00431,2022/23,341498,Eugenio D'Ursi,2921,Delfino Pescara 1936,6195,SSC Napoli,LOAN_RETURN_OR_END_OF_LOAN,End of loan 30/06/2022,0,IN
TM-2022-00432,2022/23,341498,Eugenio D'Ursi,6195,SSC Napoli,4083,FC Crotone,PERMANENT_OR_OTHER_EXPLICIT,€183k,0,OUT
TM-2022-00433,2022/23,341498,Eugenio D'Ursi,6195,SSC Napoli,704,Calcio Foggia 1920,LOAN,Loan fee: €50k,0,OUT
TM-2022-00434,2022/23,341498,Eugenio D'Ursi,704,Calcio Foggia 1920,6195,SSC Napoli,LOAN_RETURN_OR_END_OF_LOAN,End of loan 05/01/2023,0,IN
TM-2022-00435,2022/23,341647,Cengiz Ünder,12,AS Roma,244,Olympique Marseille,PERMANENT_OR_OTHER_EXPLICIT,€11.40m,0,OUT
TM-2022-00436,2022/23,341647,Cengiz Ünder,244,Olympique Marseille,12,AS Roma,LOAN_RETURN_OR_END_OF_LOAN,End of loan 30/06/2022,0,IN
TM-2022-00437,2022/23,342046,Axel Tuanzebe,6195,SSC Napoli,985,Manchester United,LOAN_RETURN_OR_END_OF_LOAN,End of loan 30/06/2022,0,OUT
TM-2022-00438,2022/23,342405,Mattias Svanberg,1025,Bologna FC 1909,82,VfL Wolfsburg,PERMANENT_OR_OTHER_EXPLICIT,€9.50m,0,OUT
TM-2022-00439,2022/23,342877,Enzo Ebosse,1420,Angers SCO,410,Udinese Calcio,PERMANENT_OR_OTHER_EXPLICIT,€4.00m,0,IN
TM-2022-00440,2022/23,343963,Petar Micin,31297,SKF Sered,410,Udinese Calcio,LOAN_RETURN_OR_END_OF_LOAN,End of loan 30/06/2022,0,IN
TM-2022-00441,2022/23,343963,Petar Micin,410,Udinese Calcio,788,FK Napredak Krusevac,PERMANENT_OR_OTHER_EXPLICIT,?,0,OUT
TM-2022-00442,2022/23,344595,Aurélien Nguiamba,3522,Spezia Calcio,2300,Jagiellonia Bialystok,LOAN,loan transfer,0,OUT
TM-2022-00443,2022/23,344600,Michaël Cuisance,607,Venezia FC,1038,UC Sampdoria,LOAN,loan transfer,0,IN
TM-2022-00444,2022/23,344806,Lubomir Tupta,276,Hellas Verona,2921,Delfino Pescara 1936,FREE_TRANSFER,free transfer,0,OUT
TM-2022-00445,2022/23,344806,Lubomir Tupta,697,FC Slovan Liberec,276,Hellas Verona,LOAN_RETURN_OR_END_OF_LOAN,End of loan 30/06/2022,0,IN
TM-2022-00446,2022/23,345189,Luka Lochoshvili,4441,Wolfsberger AC,2239,US Cremonese,PERMANENT_OR_OTHER_EXPLICIT,€1.60m,0,IN
TM-2022-00447,2022/23,345458,Sebastian Walukiewicz,1390,Cagliari Calcio,749,FC Empoli,LOAN,loan transfer,0,IN
TM-2022-00448,2022/23,345473,Nicolás Schiappacasse,6574,US Sassuolo,7477,Miramar Misiones,FREE_TRANSFER,free transfer,0,OUT
TM-2022-00449,2022/23,345590,Jens Odgaard,235,RKC Waalwijk,6574,US Sassuolo,LOAN_RETURN_OR_END_OF_LOAN,End of loan 30/06/2022,0,IN
TM-2022-00450,2022/23,345590,Jens Odgaard,6574,US Sassuolo,1090,AZ Alkmaar,PERMANENT_OR_OTHER_EXPLICIT,€3.59m,0,OUT
TM-2022-00451,2022/23,346528,Stefano Mazzini,4159,Carrarese Calcio 1908,800,Atalanta BC,LOAN_RETURN_OR_END_OF_LOAN,End of loan 30/06/2022,0,IN
TM-2022-00452,2022/23,346528,Stefano Mazzini,800,Atalanta BC,4339,Aquila Montevarchi 1902,LOAN,loan transfer,0,OUT
TM-2022-00453,2022/23,346561,Luca Ranieri,380,US Salernitana 1919,430,ACF Fiorentina,LOAN_RETURN_OR_END_OF_LOAN,End of loan 30/06/2022,1,IN+OUT
TM-2022-00454,2022/23,346567,Luca Pellegrini,24,Eintracht Frankfurt,506,Juventus FC,LOAN_RETURN_OR_END_OF_LOAN,End of loan 30/01/2023,0,IN
TM-2022-00455,2022/23,346567,Luca Pellegrini,506,Juventus FC,24,Eintracht Frankfurt,LOAN,loan transfer,0,OUT
TM-2022-00456,2022/23,346567,Luca Pellegrini,506,Juventus FC,398,SS Lazio,LOAN,loan transfer,1,IN+OUT
TM-2022-00457,2022/23,348601,Mehdi Léris,19,Brescia Calcio (- 2025),1038,UC Sampdoria,LOAN_RETURN_OR_END_OF_LOAN,End of loan 30/06/2022,0,IN
TM-2022-00458,2022/23,350219,Fabián Ruiz,6195,SSC Napoli,583,Paris Saint-Germain,PERMANENT_OR_OTHER_EXPLICIT,€22.50m,0,OUT
TM-2022-00459,2022/23,351955,Federico Baschirotto,408,Ascoli Calcio,1005,US Lecce,PERMANENT_OR_OTHER_EXPLICIT,€280k,0,IN
TM-2022-00460,2022/23,353796,Giulio Maggiore,3522,Spezia Calcio,380,US Salernitana 1919,PERMANENT_OR_OTHER_EXPLICIT,€3.50m,1,IN+OUT
TM-2022-00461,2022/23,354361,Frank Anguissa,6195,SSC Napoli,931,Fulham FC,LOAN_RETURN_OR_END_OF_LOAN,End of loan 30/06/2022,0,OUT
TM-2022-00462,2022/23,354361,Frank Anguissa,931,Fulham FC,6195,SSC Napoli,PERMANENT_OR_OTHER_EXPLICIT,€16.00m,0,IN
TM-2022-00463,2022/23,355501,Amadou Diawara,12,AS Roma,58,RSC Anderlecht,PERMANENT_OR_OTHER_EXPLICIT,€1.89m,0,OUT
TM-2022-00464,2022/23,355915,Cristian Romero,148,Tottenham Hotspur,800,Atalanta BC,LOAN_RETURN_OR_END_OF_LOAN,End of loan 29/08/2022,0,IN
TM-2022-00465,2022/23,355915,Cristian Romero,800,Atalanta BC,148,Tottenham Hotspur,PERMANENT_OR_OTHER_EXPLICIT,€53.80m,0,OUT
TM-2022-00466,2022/23,357003,Martin Erlić,3522,Spezia Calcio,6574,US Sassuolo,LOAN_RETURN_OR_END_OF_LOAN,End of loan 30/06/2022,1,IN+OUT
TM-2022-00467,2022/23,357796,Domagoj Bradarić,1082,LOSC Lille,380,US Salernitana 1919,PERMANENT_OR_OTHER_EXPLICIT,€5.00m,0,IN
TM-2022-00468,2022/23,357983,Simone Ghidotti,430,ACF Fiorentina,1047,Como 1907,FREE_TRANSFER,free transfer,0,OUT
TM-2022-00469,2022/23,357983,Simone Ghidotti,4326,AS Gubbio 1910,430,ACF Fiorentina,LOAN_RETURN_OR_END_OF_LOAN,End of loan 30/06/2022,0,IN
TM-2022-00470,2022/23,357991,Alessandro Plizzari,1005,US Lecce,5,AC Milan,LOAN_RETURN_OR_END_OF_LOAN,End of loan 30/06/2022,1,IN+OUT
TM-2022-00471,2022/23,357991,Alessandro Plizzari,5,AC Milan,2921,Delfino Pescara 1936,PERMANENT_OR_OTHER_EXPLICIT,€425k,0,OUT
TM-2022-00472,2022/23,357992,Raoul Bellanova,1390,Cagliari Calcio,46,Inter Milan,LOAN,Loan fee: €3.12m,0,IN
TM-2022-00473,2022/23,357995,Davide Bettella,2919,AC Monza,458,Palermo FC,LOAN,loan transfer,0,OUT
TM-2022-00474,2022/23,357995,Davide Bettella,2919,AC Monza,800,Atalanta BC,LOAN_RETURN_OR_END_OF_LOAN,End of loan 30/06/2022,1,IN+OUT
TM-2022-00475,2022/23,357995,Davide Bettella,800,Atalanta BC,2919,AC Monza,PERMANENT_OR_OTHER_EXPLICIT,€5.00m,1,IN+OUT
TM-2022-00476,2022/23,357998,Davide Merola,4031,Cosenza Calcio,749,FC Empoli,LOAN_RETURN_OR_END_OF_LOAN,End of loan 30/01/2023,0,IN
TM-2022-00477,2022/23,357998,Davide Merola,704,Calcio Foggia 1920,749,FC Empoli,LOAN_RETURN_OR_END_OF_LOAN,End of loan 30/06/2022,0,IN
TM-2022-00478,2022/23,357998,Davide Merola,749,FC Empoli,2921,Delfino Pescara 1936,LOAN,loan transfer,0,OUT
TM-2022-00479,2022/23,357998,Davide Merola,749,FC Empoli,4031,Cosenza Calcio,LOAN,loan transfer,0,OUT
TM-2022-00480,2022/23,358002,Emanuele Matteucci,14888,US Città di Pontedera,749,FC Empoli,LOAN_RETURN_OR_END_OF_LOAN,End of loan 30/06/2022,0,IN
TM-2022-00481,2022/23,358002,Emanuele Matteucci,749,FC Empoli,2581,Mantova 1911,FREE_TRANSFER,free transfer,0,OUT
TM-2022-00482,2022/23,358003,Simone Canestrelli,4083,FC Crotone,749,FC Empoli,LOAN_RETURN_OR_END_OF_LOAN,End of loan 30/06/2022,0,IN
TM-2022-00483,2022/23,358003,Simone Canestrelli,4172,Pisa Sporting Club,749,FC Empoli,LOAN_RETURN_OR_END_OF_LOAN,End of loan 29/01/2023,0,IN
TM-2022-00484,2022/23,358003,Simone Canestrelli,749,FC Empoli,4172,Pisa Sporting Club,LOAN,loan transfer,0,OUT
TM-2022-00485,2022/23,358003,Simone Canestrelli,749,FC Empoli,4172,Pisa Sporting Club,PERMANENT_OR_OTHER_EXPLICIT,€2.60m,0,OUT
TM-2022-00486,2022/23,358008,Gianluca Gaetano,2239,US Cremonese,6195,SSC Napoli,LOAN_RETURN_OR_END_OF_LOAN,End of loan 30/06/2022,1,IN+OUT
TM-2022-00487,2022/23,358032,Cyril Ngonge,202,FC Groningen,276,Hellas Verona,PERMANENT_OR_OTHER_EXPLICIT,€550k,0,IN
TM-2022-00488,2022/23,358166,Eldor Shomurodov,12,AS Roma,3522,Spezia Calcio,LOAN,Loan fee: €1.33m,1,IN+OUT
TM-2022-00489,2022/23,360516,Reda Boultam,380,US Salernitana 1919,999,NK Istra 1961,LOAN,loan transfer,0,OUT
TM-2022-00490,2022/23,360516,Reda Boultam,4031,Cosenza Calcio,380,US Salernitana 1919,LOAN_RETURN_OR_END_OF_LOAN,End of loan 30/06/2022,0,IN
TM-2022-00491,2022/23,361104,Sergiño Dest,131,FC Barcelona,5,AC Milan,LOAN,loan transfer,0,IN
TM-2022-00492,2022/23,362842,Arthur Melo,506,Juventus FC,31,Liverpool FC,LOAN,Loan fee: €4.50m,0,OUT
TM-2022-00493,2022/23,362981,Marco Varnier,1047,Como 1907,800,Atalanta BC,LOAN_RETURN_OR_END_OF_LOAN,End of loan 30/06/2022,0,IN
TM-2022-00494,2022/23,362981,Marco Varnier,800,Atalanta BC,2722,SPAL,LOAN,loan transfer,0,OUT
TM-2022-00495,2022/23,363178,Giacomo Vrioni,2446,WSG Tirol,506,Juventus FC,LOAN_RETURN_OR_END_OF_LOAN,End of loan 30/06/2022,0,IN
TM-2022-00496,2022/23,363178,Giacomo Vrioni,506,Juventus FC,626,New England Revolution,PERMANENT_OR_OTHER_EXPLICIT,€3.65m,0,OUT
TM-2022-00497,2022/23,363223,Jack Hendry,2239,US Cremonese,2282,Club Brugge KV,LOAN_RETURN_OR_END_OF_LOAN,End of loan 26/01/2023 €500k,0,OUT
TM-2022-00498,2022/23,363223,Jack Hendry,2282,Club Brugge KV,2239,US Cremonese,LOAN,Loan fee: €600k,0,IN
TM-2022-00499,2022/23,364133,Pietro Pellegri,162,AS Monaco,416,Torino FC,PERMANENT_OR_OTHER_EXPLICIT,€4.20m,0,IN
TM-2022-00500,2022/23,364133,Pietro Pellegri,416,Torino FC,162,AS Monaco,LOAN_RETURN_OR_END_OF_LOAN,End of loan 30/06/2022,0,OUT
TM-2022-00501,2022/23,364136,Lorenzo Gavioli,1386,Reggina 1914,46,Inter Milan,LOAN_RETURN_OR_END_OF_LOAN,End of loan 30/06/2022,0,IN
TM-2022-00502,2022/23,364136,Lorenzo Gavioli,46,Inter Milan,1386,Reggina 1914,FREE_TRANSFER,free transfer,0,OUT
TM-2022-00503,2022/23,367284,Leo Østigård,1237,Brighton & Hove Albion,6195,SSC Napoli,PERMANENT_OR_OTHER_EXPLICIT,€5.50m,0,IN
TM-2022-00504,2022/23,367464,Luís Maximiano,16795,Granada CF,398,SS Lazio,PERMANENT_OR_OTHER_EXPLICIT,€10.50m,0,IN
TM-2022-00505,2022/23,368891,Arthur Theate,1025,Bologna FC 1909,273,Stade Rennais FC,PERMANENT_OR_OTHER_EXPLICIT,€19.00m,0,OUT
TM-2022-00506,2022/23,368891,Arthur Theate,1025,Bologna FC 1909,2861,KV Oostende (-2024),LOAN_RETURN_OR_END_OF_LOAN,End of loan 30/06/2022,0,OUT
TM-2022-00507,2022/23,368891,Arthur Theate,2861,KV Oostende (-2024),1025,Bologna FC 1909,PERMANENT_OR_OTHER_EXPLICIT,€6.75m,0,IN
TM-2022-00508,2022/23,370701,Michele Cerofolini,2721,US Alessandria Calcio 1912,430,ACF Fiorentina,LOAN_RETURN_OR_END_OF_LOAN,End of loan 30/06/2022,0,IN
TM-2022-00509,2022/23,371013,Ivor Pandur,276,Hellas Verona,385,Fortuna Sittard,LOAN,Loan fee: €190k,0,OUT
TM-2022-00510,2022/23,371247,Gabriel Brazão,2722,SPAL,46,Inter Milan,LOAN_RETURN_OR_END_OF_LOAN,End of loan 03/08/2023,0,IN
TM-2022-00511,2022/23,371247,Gabriel Brazão,46,Inter Milan,2722,SPAL,LOAN,loan transfer,0,OUT
TM-2022-00512,2022/23,371247,Gabriel Brazão,609,Cruzeiro Esporte Clube,46,Inter Milan,LOAN_RETURN_OR_END_OF_LOAN,End of loan 31/01/2023,0,IN
TM-2022-00513,2022/23,371851,Jaka Bijol,2410,CSKA Moscow,410,Udinese Calcio,PERMANENT_OR_OTHER_EXPLICIT,€5.76m,0,IN
TM-2022-00514,2022/23,372809,Petko Hristov,3522,Spezia Calcio,607,Venezia FC,LOAN,loan transfer,0,OUT
TM-2022-00515,2022/23,373899,Jacopo Segre,416,Torino FC,458,Palermo FC,PERMANENT_OR_OTHER_EXPLICIT,€500k,0,OUT
TM-2022-00516,2022/23,373899,Jacopo Segre,839,AC Perugia Calcio,416,Torino FC,LOAN_RETURN_OR_END_OF_LOAN,End of loan 30/06/2022,0,IN
TM-2022-00517,2022/23,374418,Mateusz Praszelik,276,Hellas Verona,4031,Cosenza Calcio,LOAN,loan transfer,0,OUT
TM-2022-00518,2022/23,374418,Mateusz Praszelik,276,Hellas Verona,759,Slask Wroclaw,LOAN_RETURN_OR_END_OF_LOAN,End of loan 31/12/2022,0,OUT
TM-2022-00519,2022/23,374418,Mateusz Praszelik,759,Slask Wroclaw,276,Hellas Verona,PERMANENT_OR_OTHER_EXPLICIT,€2.00m,0,IN
TM-2022-00520,2022/23,375816,Manuel De Luca,839,AC Perugia Calcio,1038,UC Sampdoria,LOAN_RETURN_OR_END_OF_LOAN,End of loan 30/06/2022,0,IN
TM-2022-00521,2022/23,375857,Kristijan Bistrovic,1005,US Lecce,2410,CSKA Moscow,LOAN_RETURN_OR_END_OF_LOAN,End of loan 17/01/2023,0,OUT
TM-2022-00522,2022/23,375857,Kristijan Bistrovic,2410,CSKA Moscow,1005,US Lecce,LOAN,Loan fee: €300k,0,IN
TM-2022-00523,2022/23,376514,Mathías Olivera,3709,Getafe CF,6195,SSC Napoli,PERMANENT_OR_OTHER_EXPLICIT,€16.50m,0,IN
TM-2022-00524,2022/23,37666,Arturo Vidal,46,Inter Milan,614,CR Flamengo,FREE_TRANSFER,free transfer,0,OUT
TM-2022-00525,2022/23,377042,Michael Folorunsho,1386,Reggina 1914,6195,SSC Napoli,LOAN_RETURN_OR_END_OF_LOAN,End of loan 30/06/2022,0,IN
TM-2022-00526,2022/23,377042,Michael Folorunsho,6195,SSC Napoli,332,SSC Bari,LOAN,loan transfer,0,OUT
TM-2022-00527,2022/23,37834,Felipe Caicedo,46,Inter Milan,252,Genoa CFC,LOAN_RETURN_OR_END_OF_LOAN,End of loan 30/06/2022,0,OUT
TM-2022-00528,2022/23,38607,Federico Di Francesco,2722,SPAL,1005,US Lecce,PERMANENT_OR_OTHER_EXPLICIT,€800k,0,IN
TM-2022-00529,2022/23,38607,Federico Di Francesco,749,FC Empoli,2722,SPAL,LOAN_RETURN_OR_END_OF_LOAN,End of loan 30/06/2022,0,OUT
TM-2022-00530,2022/23,386447,Alessandro Fiordaliso,2239,US Cremonese,2722,SPAL,PERMANENT_OR_OTHER_EXPLICIT,?,0,OUT
TM-2022-00531,2022/23,386755,Gianluca Frabotta,1005,US Lecce,8970,Frosinone Calcio,LOAN,loan transfer,0,OUT
TM-2022-00532,2022/23,386755,Gianluca Frabotta,276,Hellas Verona,506,Juventus FC,LOAN_RETURN_OR_END_OF_LOAN,End of loan 30/06/2022,1,IN+OUT
TM-2022-00533,2022/23,386755,Gianluca Frabotta,506,Juventus FC,1005,US Lecce,LOAN,loan transfer,1,IN+OUT
TM-2022-00534,2022/23,386914,Sam Lammers,24,Eintracht Frankfurt,800,Atalanta BC,LOAN_RETURN_OR_END_OF_LOAN,End of loan 30/06/2022,0,IN
TM-2022-00535,2022/23,386914,Sam Lammers,749,FC Empoli,1038,UC Sampdoria,LOAN,loan transfer,1,IN+OUT
TM-2022-00536,2022/23,386914,Sam Lammers,800,Atalanta BC,749,FC Empoli,LOAN,Loan fee: €500k,1,IN+OUT
TM-2022-00537,2022/23,386967,Przemysław Wiśniewski,607,Venezia FC,3522,Spezia Calcio,PERMANENT_OR_OTHER_EXPLICIT,€3.81m,0,IN
TM-2022-00538,2022/23,387234,Szymon Żurkowski,430,ACF Fiorentina,3522,Spezia Calcio,LOAN,loan transfer,1,IN+OUT
TM-2022-00539,2022/23,387234,Szymon Żurkowski,749,FC Empoli,430,ACF Fiorentina,LOAN_RETURN_OR_END_OF_LOAN,End of loan 30/06/2022,1,IN+OUT
TM-2022-00540,2022/23,388382,Assan Ceesay,260,FC Zürich,1005,US Lecce,FREE_TRANSFER,free transfer,0,IN
TM-2022-00541,2022/23,389581,Eyob Zambataro,5514,Calcio Lecco 1912,800,Atalanta BC,LOAN_RETURN_OR_END_OF_LOAN,End of loan 30/06/2022,0,IN
TM-2022-00542,2022/23,389581,Eyob Zambataro,800,Atalanta BC,5514,Calcio Lecco 1912,FREE_TRANSFER,free transfer,0,OUT
TM-2022-00543,2022/23,389837,Nicolò Casale,276,Hellas Verona,398,SS Lazio,PERMANENT_OR_OTHER_EXPLICIT,€8.00m,1,IN+OUT
TM-2022-00544,2022/23,390117,Samuele Damiani,458,Palermo FC,749,FC Empoli,LOAN_RETURN_OR_END_OF_LOAN,End of loan 30/06/2022,0,IN
TM-2022-00545,2022/23,390117,Samuele Damiani,749,FC Empoli,458,Palermo FC,PERMANENT_OR_OTHER_EXPLICIT,€300k,0,OUT
TM-2022-00546,2022/23,390120,Davide Zappella,2921,Delfino Pescara 1936,749,FC Empoli,LOAN_RETURN_OR_END_OF_LOAN,End of loan 30/06/2022,0,IN
TM-2022-00547,2022/23,390120,Davide Zappella,749,FC Empoli,20519,Virtus Entella,PERMANENT_OR_OTHER_EXPLICIT,€20k,0,OUT
TM-2022-00548,2022/23,390159,Vincenzo Millico,4031,Cosenza Calcio,416,Torino FC,LOAN_RETURN_OR_END_OF_LOAN,End of loan 30/06/2022,0,IN
TM-2022-00549,2022/23,390159,Vincenzo Millico,416,Torino FC,1390,Cagliari Calcio,PERMANENT_OR_OTHER_EXPLICIT,€18k,0,OUT
TM-2022-00550,2022/23,390160,Salvatore Esposito,2722,SPAL,3522,Spezia Calcio,LOAN,loan transfer,0,IN
TM-2022-00551,2022/23,390163,Andrea Ghion,6574,US Sassuolo,4097,US Catanzaro,LOAN,loan transfer,0,OUT
TM-2022-00552,2022/23,390163,Andrea Ghion,839,AC Perugia Calcio,6574,US Sassuolo,LOAN_RETURN_OR_END_OF_LOAN,End of loan 24/08/2022,0,IN
TM-2022-00553,2022/23,390177,Nedim Bajrami,749,FC Empoli,6574,US Sassuolo,LOAN,loan transfer,1,IN+OUT
TM-2022-00554,2022/23,390304,Federico Ravaglia,1025,Bologna FC 1909,1386,Reggina 1914,LOAN,loan transfer,0,OUT
TM-2022-00555,2022/23,390304,Federico Ravaglia,1386,Reggina 1914,1025,Bologna FC 1909,LOAN_RETURN_OR_END_OF_LOAN,End of loan 13/01/2023,0,IN
TM-2022-00556,2022/23,390304,Federico Ravaglia,8970,Frosinone Calcio,1025,Bologna FC 1909,LOAN_RETURN_OR_END_OF_LOAN,End of loan 30/06/2022,0,IN
TM-2022-00557,2022/23,391049,Gabriel Meli,4554,FC Südtirol,749,FC Empoli,LOAN_RETURN_OR_END_OF_LOAN,End of loan 30/06/2022,0,IN
TM-2022-00558,2022/23,391049,Gabriel Meli,749,FC Empoli,27624,US Recanatese,LOAN,loan transfer,0,OUT
TM-2022-00559,2022/23,391049,Gabriel Meli,749,FC Empoli,8699,Apollon Larisa,LOAN,loan transfer,0,OUT
TM-2022-00560,2022/23,391049,Gabriel Meli,8699,Apollon Larisa,749,FC Empoli,LOAN_RETURN_OR_END_OF_LOAN,End of loan 31/12/2022,0,IN
TM-2022-00561,2022/23,391065,Hamed Traoré,6574,US Sassuolo,989,AFC Bournemouth,LOAN,loan transfer,0,OUT
TM-2022-00562,2022/23,391066,Giuseppe Montaperto,1415,Teramo Calcio 1913,749,FC Empoli,LOAN_RETURN_OR_END_OF_LOAN,End of loan 30/06/2022,0,IN
TM-2022-00563,2022/23,391066,Giuseppe Montaperto,749,FC Empoli,22249,Audace Cerignola,FREE_TRANSFER,free transfer,0,OUT
TM-2022-00564,2022/23,391498,Mert Çetin,1005,US Lecce,276,Hellas Verona,LOAN_RETURN_OR_END_OF_LOAN,End of loan 17/01/2023,1,IN+OUT
TM-2022-00565,2022/23,391498,Mert Çetin,276,Hellas Verona,1005,US Lecce,LOAN,loan transfer,1,IN+OUT
TM-2022-00566,2022/23,391498,Mert Çetin,276,Hellas Verona,3840,Adana Demirspor,LOAN,Loan fee: €50k,0,OUT
TM-2022-00567,2022/23,391498,Mert Çetin,3205,Kayserispor,276,Hellas Verona,LOAN_RETURN_OR_END_OF_LOAN,End of loan 30/06/2022,0,IN
TM-2022-00568,2022/23,391899,Matteo Stoppa,1038,UC Sampdoria,458,Palermo FC,LOAN,loan transfer,0,OUT
TM-2022-00569,2022/23,391899,Matteo Stoppa,5587,SS Juve Stabia,1038,UC Sampdoria,LOAN_RETURN_OR_END_OF_LOAN,End of loan 30/06/2022,0,IN
TM-2022-00570,2022/23,391931,Marco Alia,398,SS Lazio,45894,Monterosi Tuscia FC,FREE_TRANSFER,free transfer,0,OUT
TM-2022-00571,2022/23,391931,Marco Alia,45894,Monterosi Tuscia FC,398,SS Lazio,LOAN_RETURN_OR_END_OF_LOAN,End of loan 01/07/2022,0,IN
TM-2022-00572,2022/23,392033,Gabriele Ferrarini,2919,AC Monza,1385,Modena FC,LOAN,loan transfer,0,OUT
TM-2022-00573,2022/23,392033,Gabriele Ferrarini,430,ACF Fiorentina,2919,AC Monza,LOAN,loan transfer,1,IN+OUT
TM-2022-00574,2022/23,392033,Gabriele Ferrarini,839,AC Perugia Calcio,430,ACF Fiorentina,LOAN_RETURN_OR_END_OF_LOAN,End of loan 30/06/2022,0,IN
TM-2022-00575,2022/23,392085,Nicolò Zaniolo,12,AS Roma,141,Galatasaray,PERMANENT_OR_OTHER_EXPLICIT,€15.00m,0,OUT
TM-2022-00576,2022/23,392500,Felice D'Amico,1038,UC Sampdoria,2254,Pro Sesto 1913,LOAN,loan transfer,0,OUT
TM-2022-00577,2022/23,392500,Felice D'Amico,4326,AS Gubbio 1910,1038,UC Sampdoria,LOAN_RETURN_OR_END_OF_LOAN,End of loan 30/06/2022,0,IN
TM-2022-00578,2022/23,392538,Tommaso Pobega,416,Torino FC,5,AC Milan,LOAN_RETURN_OR_END_OF_LOAN,End of loan 30/06/2022,1,IN+OUT
TM-2022-00579,2022/23,392545,Frank Tsadjout,408,Ascoli Calcio,5,AC Milan,LOAN_RETURN_OR_END_OF_LOAN,End of loan 30/06/2022,0,IN
TM-2022-00580,2022/23,392545,Frank Tsadjout,5,AC Milan,2239,US Cremonese,PERMANENT_OR_OTHER_EXPLICIT,€400k,1,IN+OUT
TM-2022-00581,2022/23,392570,Marco Sala,4083,FC Crotone,6574,US Sassuolo,LOAN_RETURN_OR_END_OF_LOAN,End of loan 30/06/2022,0,IN
TM-2022-00582,2022/23,392570,Marco Sala,6574,US Sassuolo,458,Palermo FC,LOAN,loan transfer,0,OUT
TM-2022-00583,2022/23,392771,Ethan Ampadu,631,Chelsea FC,3522,Spezia Calcio,LOAN,loan transfer,0,IN
TM-2022-00584,2022/23,392953,Alberto Alari,4553,US Pergolettese 1932,800,Atalanta BC,LOAN_RETURN_OR_END_OF_LOAN,End of loan 30/06/2022,0,IN
TM-2022-00585,2022/23,392953,Alberto Alari,800,Atalanta BC,91510,Dolomiti Bellunesi,FREE_TRANSFER,free transfer,0,OUT
TM-2022-00586,2022/23,392956,Enrico Delprato,130,Parma Calcio 1913,800,Atalanta BC,LOAN_RETURN_OR_END_OF_LOAN,End of loan 30/06/2022,0,IN
TM-2022-00587,2022/23,392956,Enrico Delprato,800,Atalanta BC,130,Parma Calcio 1913,PERMANENT_OR_OTHER_EXPLICIT,€2.75m,0,OUT
TM-2022-00588,2022/23,392958,Enrico Zanoni,4096,FC Turris 1944,800,Atalanta BC,LOAN_RETURN_OR_END_OF_LOAN,End of loan 30/06/2022,0,IN
TM-2022-00589,2022/23,392958,Enrico Zanoni,800,Atalanta BC,36137,Costa Orientale Sarda,FREE_TRANSFER,free transfer,0,OUT
TM-2022-00590,2022/23,392959,Andrea Colpani,2919,AC Monza,800,Atalanta BC,LOAN_RETURN_OR_END_OF_LOAN,End of loan 30/06/2022,1,IN+OUT
TM-2022-00591,2022/23,392959,Andrea Colpani,800,Atalanta BC,2919,AC Monza,PERMANENT_OR_OTHER_EXPLICIT,€11.00m,1,IN+OUT
TM-2022-00592,2022/23,392963,Salvatore Elia,4171,Benevento Calcio,800,Atalanta BC,LOAN_RETURN_OR_END_OF_LOAN,End of loan 30/06/2022,0,IN
TM-2022-00593,2022/23,392963,Salvatore Elia,800,Atalanta BC,458,Palermo FC,LOAN,Loan fee: €150k,0,OUT
TM-2022-00594,2022/23,392964,Emmanuel Latte Lath,2722,SPAL,800,Atalanta BC,LOAN_RETURN_OR_END_OF_LOAN,End of loan 30/06/2022,0,IN
TM-2022-00595,2022/23,392964,Emmanuel Latte Lath,800,Atalanta BC,257,FC St. Gallen 1879,LOAN,loan transfer,0,OUT
TM-2022-00596,2022/23,392966,Nadir Zortea,380,US Salernitana 1919,800,Atalanta BC,LOAN_RETURN_OR_END_OF_LOAN,End of loan 30/06/2022,1,IN+OUT
TM-2022-00597,2022/23,392966,Nadir Zortea,800,Atalanta BC,6574,US Sassuolo,LOAN,Loan fee: €500k,1,IN+OUT
TM-2022-00598,2022/23,393804,Sofian Kiyine,398,SS Lazio,2727,Oud-Heverlee Leuven,PERMANENT_OR_OTHER_EXPLICIT,€1.70m,0,OUT
TM-2022-00599,2022/23,393804,Sofian Kiyine,607,Venezia FC,398,SS Lazio,LOAN_RETURN_OR_END_OF_LOAN,End of loan 30/06/2022,0,IN
TM-2022-00600,2022/23,393904,Filippo Delli Carri,380,US Salernitana 1919,41101,Juventus Next Gen,LOAN_RETURN_OR_END_OF_LOAN,End of loan 30/06/2022,0,OUT
TM-2022-00601,2022/23,394152,Emanuel Aiwu,170,Rapid Vienna,2239,US Cremonese,PERMANENT_OR_OTHER_EXPLICIT,€3.50m,0,IN
TM-2022-00602,2022/23,394346,Emanuel Vignato,1025,Bologna FC 1909,749,FC Empoli,LOAN,loan transfer,1,IN+OUT
TM-2022-00603,2022/23,394373,Riccardo Collodel,1253,Lucchese Calcio,2239,US Cremonese,LOAN_RETURN_OR_END_OF_LOAN,End of loan 30/06/2022,0,IN
TM-2022-00604,2022/23,394373,Riccardo Collodel,2239,US Cremonese,1387,ACR Siena 1904,FREE_TRANSFER,free transfer,0,OUT
TM-2022-00605,2022/23,394855,Tommaso Farabegoli,1038,UC Sampdoria,74951,Sangiuliano City,PERMANENT_OR_OTHER_EXPLICIT,?,0,OUT
TM-2022-00606,2022/23,394855,Tommaso Farabegoli,1388,Ancona Calcio,1038,UC Sampdoria,LOAN_RETURN_OR_END_OF_LOAN,End of loan 30/06/2022,0,IN
TM-2022-00607,2022/23,395083,Andreaw Gravillon,1421,Stade Reims,416,Torino FC,LOAN,Loan fee: €400k,0,IN
TM-2022-00608,2022/23,395083,Andreaw Gravillon,1421,Stade Reims,46,Inter Milan,LOAN_RETURN_OR_END_OF_LOAN,End of loan 30/06/2022,0,IN
TM-2022-00609,2022/23,395083,Andreaw Gravillon,46,Inter Milan,1421,Stade Reims,PERMANENT_OR_OTHER_EXPLICIT,€3.00m,0,OUT
TM-2022-00610,2022/23,395190,Francesco Mezzoni,1307,US Pistoiese 1921,6195,SSC Napoli,LOAN_RETURN_OR_END_OF_LOAN,End of loan 30/06/2022,0,IN
TM-2022-00611,2022/23,395190,Francesco Mezzoni,6195,SSC Napoli,1388,Ancona Calcio,LOAN,loan transfer,0,OUT
TM-2022-00612,2022/23,395195,Emir Murati,5,AC Milan,515,Without Club,FREE_AGENT_OR_END_OF_CONTRACT,-,0,OUT
TM-2022-00613,2022/23,395236,Yacine Adli,40,FC Girondins Bordeaux,5,AC Milan,LOAN_RETURN_OR_END_OF_LOAN,End of loan 30/06/2022,0,IN
TM-2022-00614,2022/23,395739,Kevin Piscopo,24898,AC Renate,749,FC Empoli,LOAN_RETURN_OR_END_OF_LOAN,End of loan 30/06/2022,0,IN
TM-2022-00615,2022/23,395739,Kevin Piscopo,749,FC Empoli,21331,Pordenone Calcio,PERMANENT_OR_OTHER_EXPLICIT,?,0,OUT
TM-2022-00616,2022/23,397225,Alessandro Zanoli,6195,SSC Napoli,1038,UC Sampdoria,LOAN,loan transfer,1,IN+OUT
TM-2022-00617,2022/23,397721,Gioacchino Galeotafiore,4167,1913 Seregno Calcio,380,US Salernitana 1919,LOAN_RETURN_OR_END_OF_LOAN,End of loan 30/06/2022,0,IN
TM-2022-00618,2022/23,398031,Fabio Maistro,398,SS Lazio,2722,SPAL,PERMANENT_OR_OTHER_EXPLICIT,€500k,0,OUT
TM-2022-00619,2022/23,398031,Fabio Maistro,408,Ascoli Calcio,398,SS Lazio,LOAN_RETURN_OR_END_OF_LOAN,End of loan 30/06/2022,0,IN
TM-2022-00620,2022/23,398163,Gonzalo Villar,1038,UC Sampdoria,12,AS Roma,LOAN_RETURN_OR_END_OF_LOAN,End of loan 12/01/2023,1,IN+OUT
TM-2022-00621,2022/23,398163,Gonzalo Villar,12,AS Roma,1038,UC Sampdoria,LOAN,loan transfer,1,IN+OUT
TM-2022-00622,2022/23,398163,Gonzalo Villar,12,AS Roma,3709,Getafe CF,LOAN,loan transfer,0,OUT
TM-2022-00623,2022/23,398163,Gonzalo Villar,3709,Getafe CF,12,AS Roma,LOAN_RETURN_OR_END_OF_LOAN,End of loan 30/06/2022,0,IN
TM-2022-00624,2022/23,398808,Martin Hongla,1096,Royal Antwerp FC,276,Hellas Verona,PERMANENT_OR_OTHER_EXPLICIT,€3.70m,0,IN
TM-2022-00625,2022/23,398808,Martin Hongla,276,Hellas Verona,1096,Royal Antwerp FC,LOAN_RETURN_OR_END_OF_LOAN,End of loan 30/06/2022,0,OUT
TM-2022-00626,2022/23,398808,Martin Hongla,276,Hellas Verona,366,Real Valladolid CF,LOAN,loan transfer,0,OUT
TM-2022-00627,2022/23,399543,Rémi Oudin,40,FC Girondins Bordeaux,1005,US Lecce,LOAN,loan transfer,0,IN
TM-2022-00628,2022/23,399907,Ognjen Stijepovic,1307,US Pistoiese 1921,3522,Spezia Calcio,LOAN_RETURN_OR_END_OF_LOAN,End of loan 30/06/2022,0,IN
TM-2022-00629,2022/23,399907,Ognjen Stijepovic,3522,Spezia Calcio,4059,NS Mura,FREE_TRANSFER,free transfer,0,OUT
TM-2022-00630,2022/23,399907,Ognjen Stijepovic,3522,Spezia Calcio,4324,Imolese Calcio 1919,LOAN,loan transfer,0,OUT
TM-2022-00631,2022/23,399907,Ognjen Stijepovic,4324,Imolese Calcio 1919,3522,Spezia Calcio,LOAN_RETURN_OR_END_OF_LOAN,End of loan 16/01/2023,0,IN
TM-2022-00632,2022/23,400485,Adam Ounas,6195,SSC Napoli,1082,LOSC Lille,PERMANENT_OR_OTHER_EXPLICIT,€2.50m,0,OUT
TM-2022-00633,2022/23,400577,Biagio Morrone,33734,SS Monopoli 1966,398,SS Lazio,LOAN_RETURN_OR_END_OF_LOAN,End of loan 30/06/2022,0,IN
TM-2022-00634,2022/23,400577,Biagio Morrone,398,SS Lazio,27624,US Recanatese,FREE_TRANSFER,free transfer,0,OUT
TM-2022-00635,2022/23,401529,Dodô,660,Shakhtar Donetsk,430,ACF Fiorentina,PERMANENT_OR_OTHER_EXPLICIT,€15.40m,0,IN
TM-2022-00636,2022/23,401648,Alessio Girgi,800,Atalanta BC,2253,SEF Torres 1903,PERMANENT_OR_OTHER_EXPLICIT,?,0,OUT
TM-2022-00637,2022/23,401648,Alessio Girgi,9439,Feralpisalò,800,Atalanta BC,LOAN_RETURN_OR_END_OF_LOAN,End of loan 30/06/2022,0,IN
TM-2022-00638,2022/23,401920,Kingsley Michael,1025,Bologna FC 1909,266,SV Ried,LOAN,loan transfer,0,OUT
TM-2022-00639,2022/23,401920,Kingsley Michael,266,SV Ried,1025,Bologna FC 1909,LOAN_RETURN_OR_END_OF_LOAN,End of loan 30/04/2023,0,IN
TM-2022-00640,2022/23,401935,Orji Okwonkwo,4084,AS Cittadella,1025,Bologna FC 1909,LOAN_RETURN_OR_END_OF_LOAN,End of loan 30/06/2022,0,IN
TM-2022-00641,2022/23,40433,Alexis Sánchez,46,Inter Milan,244,Olympique Marseille,FREE_TRANSFER,free transfer,0,OUT
TM-2022-00642,2022/23,404969,Filippo Nardi,1047,Como 1907,2239,US Cremonese,LOAN_RETURN_OR_END_OF_LOAN,End of loan 30/06/2022,0,IN
TM-2022-00643,2022/23,404969,Filippo Nardi,2239,US Cremonese,5621,AC Reggiana 1919,LOAN,loan transfer,0,OUT
TM-2022-00644,2022/23,404995,Davide Diaw,2655,LR Vicenza,2919,AC Monza,LOAN_RETURN_OR_END_OF_LOAN,End of loan 30/06/2022,0,IN
TM-2022-00645,2022/23,404995,Davide Diaw,2919,AC Monza,1385,Modena FC,LOAN,loan transfer,0,OUT
TM-2022-00646,2022/23,405885,Giacomo Raspadori,6574,US Sassuolo,6195,SSC Napoli,LOAN,Loan fee: €5.00m,1,IN+OUT
TM-2022-00647,2022/23,406040,Ademola Lookman,23826,RB Leipzig,800,Atalanta BC,PERMANENT_OR_OTHER_EXPLICIT,€16.10m,0,IN
TM-2022-00648,2022/23,406806,Emil Bohinen,2410,CSKA Moscow,380,US Salernitana 1919,PERMANENT_OR_OTHER_EXPLICIT,€3.85m,0,IN
TM-2022-00649,2022/23,406806,Emil Bohinen,380,US Salernitana 1919,2410,CSKA Moscow,LOAN_RETURN_OR_END_OF_LOAN,End of loan 30/06/2022,0,OUT
TM-2022-00650,2022/23,406912,Gabriele Bellodi,2721,US Alessandria Calcio 1912,5,AC Milan,LOAN_RETURN_OR_END_OF_LOAN,End of loan 30/06/2022,0,IN
TM-2022-00651,2022/23,406912,Gabriele Bellodi,5,AC Milan,9826,Olbia Calcio 1905,LOAN,loan transfer,0,OUT
TM-2022-00652,2022/23,407265,Luca Zanimacchia,2239,US Cremonese,130,Parma Calcio 1913,LOAN,loan transfer,0,OUT
TM-2022-00653,2022/23,407265,Luca Zanimacchia,2239,US Cremonese,41101,Juventus Next Gen,LOAN_RETURN_OR_END_OF_LOAN,End of loan 30/06/2022,0,OUT
TM-2022-00654,2022/23,407265,Luca Zanimacchia,41101,Juventus Next Gen,2239,US Cremonese,PERMANENT_OR_OTHER_EXPLICIT,€3.00m,0,IN
TM-2022-00655,2022/23,407734,Olaf Kobacki,800,Atalanta BC,6107,Arka Gdynia,PERMANENT_OR_OTHER_EXPLICIT,€180k,0,OUT
TM-2022-00656,2022/23,407885,Wajdi Kechrida,380,US Salernitana 1919,3060,Atromitos Athens,FREE_TRANSFER,free transfer,0,OUT
TM-2022-00657,2022/23,409553,Franco Ferrari,2921,Delfino Pescara 1936,6195,SSC Napoli,LOAN_RETURN_OR_END_OF_LOAN,End of loan 30/06/2022,0,IN
TM-2022-00658,2022/23,409553,Franco Ferrari,6195,SSC Napoli,2655,LR Vicenza,PERMANENT_OR_OTHER_EXPLICIT,€350k,0,OUT
TM-2022-00659,2022/23,410305,Erik Gerbi,1038,UC Sampdoria,2254,Pro Sesto 1913,LOAN,loan transfer,0,OUT
TM-2022-00660,2022/23,410305,Erik Gerbi,39835,SSU Politehnica Timisoara,1038,UC Sampdoria,LOAN_RETURN_OR_END_OF_LOAN,End of loan 30/06/2022,0,IN
TM-2022-00661,2022/23,412513,Thomas Henry,607,Venezia FC,276,Hellas Verona,PERMANENT_OR_OTHER_EXPLICIT,€5.23m,0,IN
TM-2022-00662,2022/23,412649,Tommaso Cassandro,4084,AS Cittadella,1005,US Lecce,PERMANENT_OR_OTHER_EXPLICIT,€250k,0,IN
TM-2022-00663,2022/23,413565,Jhon Lucumí,1184,KRC Genk,1025,Bologna FC 1909,PERMANENT_OR_OTHER_EXPLICIT,€10.40m,0,IN
TM-2022-00664,2022/23,413605,David Okereke,2282,Club Brugge KV,2239,US Cremonese,PERMANENT_OR_OTHER_EXPLICIT,€2.50m,0,IN
TM-2022-00665,2022/23,413942,John Björkengren,1005,US Lecce,19,Brescia Calcio (- 2025),LOAN,loan transfer,0,OUT
TM-2022-00666,2022/23,41414,Lucas Leiva,398,SS Lazio,210,Grêmio Foot-Ball Porto Alegrense,FREE_TRANSFER,free transfer,0,OUT
TM-2022-00667,2022/23,415801,Nicola Borghetto,276,Hellas Verona,4033,Fermana FC,FREE_TRANSFER,free transfer,0,OUT
TM-2022-00668,2022/23,415801,Nicola Borghetto,45894,Monterosi Tuscia FC,276,Hellas Verona,LOAN_RETURN_OR_END_OF_LOAN,End of loan 30/06/2022,0,IN
TM-2022-00669,2022/23,416371,Davide Zugaro,29251,Virtus Verona,46,Inter Milan,LOAN_RETURN_OR_END_OF_LOAN,End of loan 30/06/2022,0,IN
TM-2022-00670,2022/23,416371,Davide Zugaro,46,Inter Milan,74951,Sangiuliano City,LOAN,loan transfer,0,OUT
TM-2022-00671,2022/23,416386,Abdou Harroui,468,Sparta Rotterdam,6574,US Sassuolo,PERMANENT_OR_OTHER_EXPLICIT,€1.00m,0,IN
TM-2022-00672,2022/23,416386,Abdou Harroui,6574,US Sassuolo,468,Sparta Rotterdam,LOAN_RETURN_OR_END_OF_LOAN,End of loan 30/06/2022,0,OUT
TM-2022-00673,2022/23,416665,Edoardo Scanagatta,19164,Paganese Calcio 1926,800,Atalanta BC,LOAN_RETURN_OR_END_OF_LOAN,End of loan 30/06/2022,0,IN
TM-2022-00674,2022/23,416665,Edoardo Scanagatta,800,Atalanta BC,9818,Giugliano Calcio 1928,FREE_TRANSFER,free transfer,0,OUT
TM-2022-00675,2022/23,417896,Nicola Rauti,2921,Delfino Pescara 1936,416,Torino FC,LOAN_RETURN_OR_END_OF_LOAN,End of loan 30/06/2022,0,IN
TM-2022-00676,2022/23,417896,Nicola Rauti,416,Torino FC,2722,SPAL,LOAN,loan transfer,0,OUT
TM-2022-00677,2022/23,418543,Perr Schuurs,610,Ajax Amsterdam,416,Torino FC,PERMANENT_OR_OTHER_EXPLICIT,€9.40m,0,IN
TM-2022-00678,2022/23,418559,Erik Botheim,16704,FC Krasnodar,380,US Salernitana 1919,FREE_TRANSFER,free transfer,0,IN
TM-2022-00679,2022/23,418571,Hamza Rafia,2239,US Cremonese,41101,Juventus Next Gen,LOAN_RETURN_OR_END_OF_LOAN,End of loan 30/06/2022,0,OUT
TM-2022-00680,2022/23,418652,Leroy Abanda,5,AC Milan,2715,RFC Seraing,FREE_TRANSFER,free transfer,0,OUT
TM-2022-00681,2022/23,418652,Leroy Abanda,7042,US Boulogne,5,AC Milan,LOAN_RETURN_OR_END_OF_LOAN,End of loan 30/06/2022,0,IN
TM-2022-00682,2022/23,419061,Vladyslav Supryaga,1038,UC Sampdoria,338,Dynamo Kyiv,LOAN_RETURN_OR_END_OF_LOAN,End of loan 30/06/2022,0,OUT
TM-2022-00683,2022/23,419890,Nicolò Francofonte,1038,UC Sampdoria,4326,AS Gubbio 1910,FREE_TRANSFER,free transfer,0,OUT
TM-2022-00684,2022/23,419890,Nicolò Francofonte,4326,AS Gubbio 1910,1038,UC Sampdoria,LOAN_RETURN_OR_END_OF_LOAN,End of loan 30/06/2022,0,IN
TM-2022-00685,2022/23,420179,Gianluca Saro,4083,FC Crotone,2239,US Cremonese,PERMANENT_OR_OTHER_EXPLICIT,?,0,IN
TM-2022-00686,2022/23,420513,Lorenzo Babbi,1253,Lucchese Calcio,800,Atalanta BC,LOAN_RETURN_OR_END_OF_LOAN,End of loan 30/06/2022,0,IN
TM-2022-00687,2022/23,420513,Lorenzo Babbi,800,Atalanta BC,9826,Olbia Calcio 1905,LOAN,loan transfer,0,OUT
TM-2022-00688,2022/23,421446,Gabriele Capanni,1103,Ternana Calcio,5,AC Milan,LOAN_RETURN_OR_END_OF_LOAN,End of loan 30/06/2022,0,IN
TM-2022-00689,2022/23,421446,Gabriele Capanni,5,AC Milan,1103,Ternana Calcio,FREE_TRANSFER,free transfer,0,OUT
TM-2022-00690,2022/23,421765,Alessio Riccardi,12,AS Roma,22045,Latina Calcio 1932,FREE_TRANSFER,free transfer,0,OUT
TM-2022-00691,2022/23,421766,Ludovico Gelmi,26789,FC Pro Vercelli 1892,800,Atalanta BC,LOAN_RETURN_OR_END_OF_LOAN,End of loan 30/06/2022,0,IN
TM-2022-00692,2022/23,421766,Ludovico Gelmi,800,Atalanta BC,9826,Olbia Calcio 1905,LOAN,loan transfer,0,OUT
TM-2022-00693,2022/23,421768,Alessandro Cortinovis,1386,Reggina 1914,800,Atalanta BC,LOAN_RETURN_OR_END_OF_LOAN,End of loan 30/06/2022,0,IN
TM-2022-00694,2022/23,421768,Alessandro Cortinovis,276,Hellas Verona,4031,Cosenza Calcio,LOAN,loan transfer,0,OUT
TM-2022-00695,2022/23,421768,Alessandro Cortinovis,800,Atalanta BC,276,Hellas Verona,LOAN,loan transfer,1,IN+OUT
TM-2022-00696,2022/23,421769,Davide Ghislandi,4096,FC Turris 1944,800,Atalanta BC,LOAN_RETURN_OR_END_OF_LOAN,End of loan 30/06/2022,0,IN
TM-2022-00697,2022/23,421769,Davide Ghislandi,800,Atalanta BC,4271,US Triestina,LOAN,loan transfer,0,OUT
TM-2022-00698,2022/23,421773,Riccardo Tonin,1429,Cesena FC,5,AC Milan,LOAN_RETURN_OR_END_OF_LOAN,End of loan 30/06/2022,0,IN
TM-2022-00699,2022/23,421773,Riccardo Tonin,5,AC Milan,704,Calcio Foggia 1920,FREE_TRANSFER,free transfer,0,OUT
TM-2022-00700,2022/23,421775,Nicolò Armini,1408,Piacenza Calcio 1919,398,SS Lazio,LOAN_RETURN_OR_END_OF_LOAN,End of loan 30/06/2022,0,IN
TM-2022-00701,2022/23,421775,Nicolò Armini,398,SS Lazio,7197,Potenza Calcio,LOAN,loan transfer,0,OUT
TM-2022-00702,2022/23,421780,Edoardo Vergani,380,US Salernitana 1919,2921,Delfino Pescara 1936,FREE_TRANSFER,free transfer,0,OUT
TM-2022-00703,2022/23,421871,Salvatore Pezzella,12,AS Roma,4271,US Triestina,FREE_TRANSFER,free transfer,0,OUT
TM-2022-00704,2022/23,421871,Salvatore Pezzella,1387,ACR Siena 1904,12,AS Roma,LOAN_RETURN_OR_END_OF_LOAN,End of loan 30/06/2022,0,IN
TM-2022-00705,2022/23,422355,Jens Petter Hauge,24,Eintracht Frankfurt,5,AC Milan,LOAN_RETURN_OR_END_OF_LOAN,End of loan 30/06/2022,0,IN
TM-2022-00706,2022/23,422355,Jens Petter Hauge,5,AC Milan,24,Eintracht Frankfurt,PERMANENT_OR_OTHER_EXPLICIT,€8.20m,0,OUT
TM-2022-00707,2022/23,423436,Santiago Ascacíbar,2239,US Cremonese,44,Hertha BSC,LOAN_RETURN_OR_END_OF_LOAN,End of loan 15/01/2023,0,OUT
TM-2022-00708,2022/23,423436,Santiago Ascacíbar,44,Hertha BSC,2239,US Cremonese,LOAN,loan transfer,0,IN
TM-2022-00709,2022/23,423614,Gabriele Corbo,1025,Bologna FC 1909,4078,CF Montréal,FREE_TRANSFER,free transfer,0,OUT
TM-2022-00710,2022/23,423614,Gabriele Corbo,4078,CF Montréal,1025,Bologna FC 1909,LOAN_RETURN_OR_END_OF_LOAN,End of loan 31/12/2022,0,IN
TM-2022-00711,2022/23,423615,Leonardo Benedetti,1038,UC Sampdoria,332,SSC Bari,LOAN,loan transfer,0,OUT
TM-2022-00712,2022/23,423615,Leonardo Benedetti,4324,Imolese Calcio 1919,1038,UC Sampdoria,LOAN_RETURN_OR_END_OF_LOAN,End of loan 30/06/2022,0,IN
TM-2022-00713,2022/23,424042,Nahuel Molina,410,Udinese Calcio,13,Atlético de Madrid,PERMANENT_OR_OTHER_EXPLICIT,€20.00m,0,OUT
TM-2022-00714,2022/23,42460,Ivan Perisic,46,Inter Milan,148,Tottenham Hotspur,FREE_TRANSFER,free transfer,0,OUT
TM-2022-00715,2022/23,425462,Felipe Vizeu,410,Udinese Calcio,2481,FC Sheriff Tiraspol,PERMANENT_OR_OTHER_EXPLICIT,?,0,OUT
TM-2022-00716,2022/23,425462,Felipe Vizeu,943,Yokohama FC,410,Udinese Calcio,LOAN_RETURN_OR_END_OF_LOAN,End of loan 30/06/2022,0,IN
TM-2022-00717,2022/23,425918,Jakub Kiwior,3522,Spezia Calcio,11,Arsenal FC,PERMANENT_OR_OTHER_EXPLICIT,€19.50m,0,OUT
TM-2022-00718,2022/23,426244,Lorenzo Colombini,3522,Spezia Calcio,24898,AC Renate,LOAN,loan transfer,0,OUT
TM-2022-00719,2022/23,426244,Lorenzo Colombini,44223,AS Giana Erminio,3522,Spezia Calcio,LOAN_RETURN_OR_END_OF_LOAN,End of loan 30/06/2022,0,IN
TM-2022-00720,2022/23,427197,William Bianda,1159,AS Nancy-Lorraine,12,AS Roma,LOAN_RETURN_OR_END_OF_LOAN,End of loan 30/06/2022,0,IN
TM-2022-00721,2022/23,428563,Lewis Ferguson,370,Aberdeen FC,1025,Bologna FC 1909,PERMANENT_OR_OTHER_EXPLICIT,€2.00m,0,IN
TM-2022-00722,2022/23,430280,Hans Nicolussi Caviglia,41101,Juventus Next Gen,380,US Salernitana 1919,LOAN,Loan fee: €80k,0,IN
TM-2022-00723,2022/23,430503,Jacopo Da Riva,2722,SPAL,800,Atalanta BC,LOAN_RETURN_OR_END_OF_LOAN,End of loan 30/06/2022,0,IN
TM-2022-00724,2022/23,430503,Jacopo Da Riva,800,Atalanta BC,1047,Como 1907,LOAN,loan transfer,0,OUT
TM-2022-00725,2022/23,431698,Bosko Sutalo,276,Hellas Verona,800,Atalanta BC,LOAN_RETURN_OR_END_OF_LOAN,End of loan 30/06/2022,1,IN+OUT
TM-2022-00726,2022/23,431698,Bosko Sutalo,800,Atalanta BC,419,GNK Dinamo Zagreb,PERMANENT_OR_OTHER_EXPLICIT,€4.05m,0,OUT
TM-2022-00727,2022/23,431811,Ola Solbakken,501,FK Bodø/Glimt,12,AS Roma,FREE_TRANSFER,free transfer,0,IN
TM-2022-00728,2022/23,432088,Giacomo Siniega,4333,US Grosseto 1912,749,FC Empoli,LOAN_RETURN_OR_END_OF_LOAN,End of loan 30/06/2022,0,IN
TM-2022-00729,2022/23,432088,Giacomo Siniega,749,FC Empoli,39818,San Donato Tavarnelle,LOAN,loan transfer,0,OUT
TM-2022-00730,2022/23,432089,Emmanuel Gyabuaa,800,Atalanta BC,2921,Delfino Pescara 1936,LOAN,loan transfer,0,OUT
TM-2022-00731,2022/23,432089,Emmanuel Gyabuaa,839,AC Perugia Calcio,800,Atalanta BC,LOAN_RETURN_OR_END_OF_LOAN,End of loan 30/06/2022,0,IN
TM-2022-00732,2022/23,432090,Nicolò Fagioli,2239,US Cremonese,506,Juventus FC,LOAN_RETURN_OR_END_OF_LOAN,End of loan 30/06/2022,1,IN+OUT
TM-2022-00733,2022/23,432092,Roberto Piccoli,252,Genoa CFC,800,Atalanta BC,LOAN_RETURN_OR_END_OF_LOAN,End of loan 30/06/2022 €800k,0,IN
TM-2022-00734,2022/23,432092,Roberto Piccoli,276,Hellas Verona,800,Atalanta BC,LOAN_RETURN_OR_END_OF_LOAN,End of loan 30/01/2023,1,IN+OUT
TM-2022-00735,2022/23,432092,Roberto Piccoli,800,Atalanta BC,276,Hellas Verona,LOAN,loan transfer,1,IN+OUT
TM-2022-00736,2022/23,432092,Roberto Piccoli,800,Atalanta BC,749,FC Empoli,LOAN,loan transfer,1,IN+OUT
TM-2022-00737,2022/23,433584,Alessio Zerbin,8970,Frosinone Calcio,6195,SSC Napoli,LOAN_RETURN_OR_END_OF_LOAN,End of loan 30/06/2022,0,IN
TM-2022-00738,2022/23,434676,Ronaldo Vieira,1038,UC Sampdoria,416,Torino FC,LOAN,loan transfer,1,IN+OUT
TM-2022-00739,2022/23,435213,Léo Sena,3522,Spezia Calcio,3197,Goiás EC,FREE_TRANSFER,free transfer,0,OUT
TM-2022-00740,2022/23,435648,Joshua Zirkzee,27,Bayern Munich,1025,Bologna FC 1909,PERMANENT_OR_OTHER_EXPLICIT,€27.50m,0,IN
TM-2022-00741,2022/23,435772,Charles De Ketelaere,2282,Club Brugge KV,5,AC Milan,PERMANENT_OR_OTHER_EXPLICIT,€37.50m,0,IN
TM-2022-00742,2022/23,438682,Daniel Fuzato,12,AS Roma,13241,UD Ibiza,FREE_TRANSFER,free transfer,0,OUT
TM-2022-00743,2022/23,439072,Matías Viña,12,AS Roma,989,AFC Bournemouth,LOAN,Loan fee: €750k,0,OUT
TM-2022-00744,2022/23,44327,Andrea Ranocchia,2919,AC Monza,,Retired,RETIREMENT,-,0,OUT
TM-2022-00745,2022/23,44327,Andrea Ranocchia,46,Inter Milan,2919,AC Monza,FREE_TRANSFER,free transfer,1,IN+OUT
TM-2022-00746,2022/23,444662,Niccolò Corrado,46,Inter Milan,1103,Ternana Calcio,PERMANENT_OR_OTHER_EXPLICIT,€90k,0,OUT
TM-2022-00747,2022/23,444662,Niccolò Corrado,9439,Feralpisalò,46,Inter Milan,LOAN_RETURN_OR_END_OF_LOAN,End of loan 30/06/2022,0,IN
TM-2022-00748,2022/23,448466,Jovane Cabral,398,SS Lazio,336,Sporting CP,LOAN_RETURN_OR_END_OF_LOAN,End of loan 30/06/2022,0,OUT
TM-2022-00749,2022/23,449151,Junior Messias,4083,FC Crotone,5,AC Milan,PERMANENT_OR_OTHER_EXPLICIT,€6.20m,0,IN
TM-2022-00750,2022/23,449151,Junior Messias,5,AC Milan,4083,FC Crotone,LOAN_RETURN_OR_END_OF_LOAN,End of loan 30/06/2022,0,OUT
TM-2022-00751,2022/23,450417,Dylan Bronn,347,FC Metz,380,US Salernitana 1919,PERMANENT_OR_OTHER_EXPLICIT,€1.56m,0,IN
TM-2022-00752,2022/23,450936,Tanguy Ndombélé,148,Tottenham Hotspur,6195,SSC Napoli,LOAN,Loan fee: €500k,0,IN
TM-2022-00753,2022/23,451154,Federico Brancolini,430,ACF Fiorentina,1005,US Lecce,FREE_TRANSFER,free transfer,1,IN+OUT
TM-2022-00754,2022/23,451310,Maxime Leverbe,1038,UC Sampdoria,4171,Benevento Calcio,LOAN,loan transfer,0,OUT
TM-2022-00755,2022/23,451310,Maxime Leverbe,4172,Pisa Sporting Club,1038,UC Sampdoria,LOAN,Loan fee: €125k,0,IN
TM-2022-00756,2022/23,45320,Ángel Di María,583,Paris Saint-Germain,506,Juventus FC,FREE_TRANSFER,free transfer,0,IN
TM-2022-00757,2022/23,45389,Samuel Di Carmine,2239,US Cremonese,839,AC Perugia Calcio,FREE_TRANSFER,free transfer,0,OUT
TM-2022-00758,2022/23,455068,Emil Kornvig,3522,Spezia Calcio,4031,Cosenza Calcio,LOAN,loan transfer,0,OUT
TM-2022-00759,2022/23,455068,Emil Kornvig,5817,Sönderjyske Fodbold,3522,Spezia Calcio,LOAN_RETURN_OR_END_OF_LOAN,End of loan 30/06/2022,0,IN
TM-2022-00760,2022/23,45581,Joel Obi,380,US Salernitana 1919,1386,Reggina 1914,FREE_TRANSFER,free transfer,0,OUT
TM-2022-00761,2022/23,457235,Devid Eugene Bouah,12,AS Roma,1386,Reggina 1914,FREE_TRANSFER,free transfer,0,OUT
TM-2022-00762,2022/23,457235,Devid Eugene Bouah,1415,Teramo Calcio 1913,12,AS Roma,LOAN_RETURN_OR_END_OF_LOAN,End of loan 30/06/2022,0,IN
TM-2022-00763,2022/23,457236,Luca Falbo,398,SS Lazio,33734,SS Monopoli 1966,FREE_TRANSFER,free transfer,0,OUT
TM-2022-00764,2022/23,457420,Matteo Figoli,3522,Spezia Calcio,4553,US Pergolettese 1932,FREE_TRANSFER,free transfer,0,OUT
TM-2022-00765,2022/23,457420,Matteo Figoli,4159,Carrarese Calcio 1908,3522,Spezia Calcio,LOAN_RETURN_OR_END_OF_LOAN,End of loan 30/06/2022,0,IN
TM-2022-00766,2022/23,457422,Samuele Mulattieri,4083,FC Crotone,46,Inter Milan,LOAN_RETURN_OR_END_OF_LOAN,End of loan 30/06/2022,0,IN
TM-2022-00767,2022/23,457422,Samuele Mulattieri,46,Inter Milan,8970,Frosinone Calcio,LOAN,loan transfer,0,OUT
TM-2022-00768,2022/23,457440,Alessandro Pilati,2581,Mantova 1911,6574,US Sassuolo,LOAN_RETURN_OR_END_OF_LOAN,End of loan 30/06/2022,0,IN
TM-2022-00769,2022/23,457440,Alessandro Pilati,6574,US Sassuolo,9439,Feralpisalò,PERMANENT_OR_OTHER_EXPLICIT,€25k,0,OUT
TM-2022-00770,2022/23,457444,Giuseppe Aurelio,4326,AS Gubbio 1910,6574,US Sassuolo,LOAN_RETURN_OR_END_OF_LOAN,End of loan 30/06/2022,0,IN
TM-2022-00771,2022/23,457444,Giuseppe Aurelio,6574,US Sassuolo,14888,US Città di Pontedera,PERMANENT_OR_OTHER_EXPLICIT,?,0,OUT
TM-2022-00772,2022/23,457931,Luiz Felipe,398,SS Lazio,150,Real Betis Balompié,FREE_TRANSFER,free transfer,0,OUT
TM-2022-00773,2022/23,458096,Matteo Salvi,4333,US Grosseto 1912,800,Atalanta BC,LOAN_RETURN_OR_END_OF_LOAN,End of loan 30/06/2022,0,IN
TM-2022-00774,2022/23,458096,Matteo Salvi,800,Atalanta BC,515,Without Club,FREE_AGENT_OR_END_OF_CONTRACT,-,0,OUT
TM-2022-00775,2022/23,458777,Giacomo Quagliata,1304,Heracles Almelo,2239,US Cremonese,PERMANENT_OR_OTHER_EXPLICIT,€2.00m,0,IN
TM-2022-00776,2022/23,459128,Marco Brescianini,2919,AC Monza,5,AC Milan,LOAN_RETURN_OR_END_OF_LOAN,End of loan 30/06/2022,1,IN+OUT
TM-2022-00777,2022/23,459128,Marco Brescianini,5,AC Milan,4031,Cosenza Calcio,LOAN,loan transfer,0,OUT
TM-2022-00778,2022/23,459147,Erdis Kraja,5514,Calcio Lecco 1912,800,Atalanta BC,LOAN_RETURN_OR_END_OF_LOAN,End of loan 30/06/2022,0,IN
TM-2022-00779,2022/23,459147,Erdis Kraja,800,Atalanta BC,2921,Delfino Pescara 1936,LOAN,loan transfer,0,OUT
TM-2022-00780,2022/23,459149,Lorenzo Peli,1047,Como 1907,800,Atalanta BC,LOAN_RETURN_OR_END_OF_LOAN,End of loan 30/06/2022,0,IN
TM-2022-00781,2022/23,459149,Lorenzo Peli,6692,Novara FC,800,Atalanta BC,LOAN_RETURN_OR_END_OF_LOAN,End of loan 31/01/2023,0,IN
TM-2022-00782,2022/23,459149,Lorenzo Peli,800,Atalanta BC,14888,US Città di Pontedera,LOAN,loan transfer,0,OUT
TM-2022-00783,2022/23,459149,Lorenzo Peli,800,Atalanta BC,6692,Novara FC,LOAN,loan transfer,0,OUT
TM-2022-00784,2022/23,459151,Nicolò Cambiaghi,21331,Pordenone Calcio,800,Atalanta BC,LOAN_RETURN_OR_END_OF_LOAN,End of loan 30/06/2022,0,IN
TM-2022-00785,2022/23,459151,Nicolò Cambiaghi,800,Atalanta BC,749,FC Empoli,LOAN,Loan fee: €500k,1,IN+OUT
TM-2022-00786,2022/23,459152,Matteo Pedrini,2581,Mantova 1911,800,Atalanta BC,LOAN_RETURN_OR_END_OF_LOAN,End of loan 30/06/2022,0,IN
TM-2022-00787,2022/23,459152,Matteo Pedrini,800,Atalanta BC,2581,Mantova 1911,FREE_TRANSFER,free transfer,0,OUT
TM-2022-00788,2022/23,459231,Francesco Cerretelli,2239,US Cremonese,4159,Carrarese Calcio 1908,LOAN,loan transfer,0,OUT
TM-2022-00789,2022/23,459231,Francesco Cerretelli,2254,Pro Sesto 1913,2239,US Cremonese,LOAN_RETURN_OR_END_OF_LOAN,End of loan 30/06/2022,0,IN
TM-2022-00790,2022/23,459277,Antonino Fradella,39818,San Donato Tavarnelle,749,FC Empoli,LOAN_RETURN_OR_END_OF_LOAN,End of loan 30/06/2022,0,IN
TM-2022-00791,2022/23,459277,Antonino Fradella,749,FC Empoli,39818,San Donato Tavarnelle,FREE_TRANSFER,free transfer,0,OUT
TM-2022-00792,2022/23,459644,Adama Sane,22045,Latina Calcio 1932,276,Hellas Verona,LOAN_RETURN_OR_END_OF_LOAN,End of loan 30/06/2022,0,IN
TM-2022-00793,2022/23,459644,Adama Sane,276,Hellas Verona,30326,Gelbison,LOAN,loan transfer,0,OUT
TM-2022-00794,2022/23,459655,Matteo Lovato,1390,Cagliari Calcio,800,Atalanta BC,LOAN_RETURN_OR_END_OF_LOAN,End of loan 30/06/2022,0,IN
TM-2022-00795,2022/23,459655,Matteo Lovato,800,Atalanta BC,380,US Salernitana 1919,PERMANENT_OR_OTHER_EXPLICIT,€7.00m,1,IN+OUT
TM-2022-00796,2022/23,459658,Andrea Cambiaso,252,Genoa CFC,506,Juventus FC,PERMANENT_OR_OTHER_EXPLICIT,€15.50m,0,IN
TM-2022-00797,2022/23,459658,Andrea Cambiaso,506,Juventus FC,1025,Bologna FC 1909,LOAN,Loan fee: €2.00m,1,IN+OUT
TM-2022-00798,2022/23,459661,Eddie Salcedo,252,Genoa CFC,46,Inter Milan,LOAN_RETURN_OR_END_OF_LOAN,End of loan 30/06/2022,0,IN
TM-2022-00799,2022/23,459661,Eddie Salcedo,332,SSC Bari,46,Inter Milan,LOAN_RETURN_OR_END_OF_LOAN,End of loan 30/01/2023,0,IN
TM-2022-00800,2022/23,459661,Eddie Salcedo,3522,Spezia Calcio,252,Genoa CFC,LOAN_RETURN_OR_END_OF_LOAN,End of loan 29/06/2022,0,OUT
TM-2022-00801,2022/23,459661,Eddie Salcedo,46,Inter Milan,252,Genoa CFC,LOAN,loan transfer,0,OUT
TM-2022-00802,2022/23,459661,Eddie Salcedo,46,Inter Milan,332,SSC Bari,LOAN,loan transfer,0,OUT
TM-2022-00803,2022/23,459697,Niccolò Chiorra,4093,Taranto SS,749,FC Empoli,LOAN_RETURN_OR_END_OF_LOAN,End of loan 30/06/2022,0,IN
TM-2022-00804,2022/23,459697,Niccolò Chiorra,749,FC Empoli,2581,Mantova 1911,LOAN,loan transfer,0,OUT
TM-2022-00805,2022/23,459707,Eduard Duțu,1386,Reggina 1914,430,ACF Fiorentina,LOAN_RETURN_OR_END_OF_LOAN,End of loan 05/01/2023,0,IN
TM-2022-00806,2022/23,459707,Eduard Duțu,430,ACF Fiorentina,1386,Reggina 1914,LOAN,loan transfer,0,OUT
TM-2022-00807,2022/23,459707,Eduard Duțu,430,ACF Fiorentina,4326,AS Gubbio 1910,LOAN,loan transfer,0,OUT
TM-2022-00808,2022/23,459707,Eduard Duțu,4339,Aquila Montevarchi 1902,430,ACF Fiorentina,LOAN_RETURN_OR_END_OF_LOAN,End of loan 30/06/2022,0,IN
TM-2022-00809,2022/23,459763,Marco Carnesecchi,2239,US Cremonese,800,Atalanta BC,LOAN_RETURN_OR_END_OF_LOAN,End of loan 30/06/2022,1,IN+OUT
TM-2022-00810,2022/23,459763,Marco Carnesecchi,800,Atalanta BC,2239,US Cremonese,LOAN,loan transfer,1,IN+OUT
TM-2022-00811,2022/23,459842,Sébastian Breza,1025,Bologna FC 1909,4159,Carrarese Calcio 1908,LOAN,loan transfer,0,OUT
TM-2022-00812,2022/23,459842,Sébastian Breza,4078,CF Montréal,1025,Bologna FC 1909,LOAN_RETURN_OR_END_OF_LOAN,End of loan 31/12/2022,0,IN
TM-2022-00813,2022/23,459892,Filippo D'Andrea,1415,Teramo Calcio 1913,380,US Salernitana 1919,LOAN_RETURN_OR_END_OF_LOAN,End of loan 30/06/2022,0,IN
TM-2022-00814,2022/23,459892,Filippo D'Andrea,380,US Salernitana 1919,22249,Audace Cerignola,FREE_TRANSFER,free transfer,0,OUT
TM-2022-00815,2022/23,459991,Marco Pompetti,2921,Delfino Pescara 1936,46,Inter Milan,LOAN_RETURN_OR_END_OF_LOAN,End of loan 30/06/2022,0,IN
TM-2022-00816,2022/23,459991,Marco Pompetti,46,Inter Milan,4554,FC Südtirol,LOAN,loan transfer,0,OUT
TM-2022-00817,2022/23,460658,Christian Koffi,3520,FC Sète 34,430,ACF Fiorentina,LOAN_RETURN_OR_END_OF_LOAN,End of loan 30/06/2022,0,IN
TM-2022-00818,2022/23,460658,Christian Koffi,430,ACF Fiorentina,67212,CF Intercity,FREE_TRANSFER,free transfer,0,OUT
TM-2022-00819,2022/23,461019,Samuele Birindelli,4172,Pisa Sporting Club,2919,AC Monza,PERMANENT_OR_OTHER_EXPLICIT,€1.60m,0,IN
TM-2022-00820,2022/23,46105,Ivan Radovanovic,380,US Salernitana 1919,515,Without Club,FREE_AGENT_OR_END_OF_CONTRACT,-,0,OUT
TM-2022-00821,2022/23,46156,Aleksandar Kolarov,46,Inter Milan,,Retired,RETIREMENT,-,0,OUT
TM-2022-00822,2022/23,461833,Caleb Okoli,2239,US Cremonese,800,Atalanta BC,LOAN_RETURN_OR_END_OF_LOAN,End of loan 30/06/2022,1,IN+OUT
TM-2022-00823,2022/23,461906,João Moutinho,45604,Orlando City SC,3522,Spezia Calcio,FREE_TRANSFER,free transfer,0,IN
TM-2022-00824,2022/23,462251,Jorge Silva,398,SS Lazio,515,Without Club,FREE_AGENT_OR_END_OF_CONTRACT,-,0,OUT
TM-2022-00825,2022/23,464446,Andri Fannar Baldursson,1025,Bologna FC 1909,467,NEC Nijmegen,LOAN,loan transfer,0,OUT
TM-2022-00826,2022/23,464446,Andri Fannar Baldursson,190,FC Copenhagen,1025,Bologna FC 1909,LOAN_RETURN_OR_END_OF_LOAN,End of loan 30/06/2022,0,IN
TM-2022-00827,2022/23,465279,Marco Ballarini,410,Udinese Calcio,4095,AC Trento,LOAN,loan transfer,0,OUT
TM-2022-00828,2022/23,465565,Dimitrije Kamenovic,398,SS Lazio,197,AC Sparta Prague,LOAN,loan transfer,0,OUT
TM-2022-00829,2022/23,465667,Giorgio Brogni,19164,Paganese Calcio 1926,800,Atalanta BC,LOAN_RETURN_OR_END_OF_LOAN,End of loan 30/06/2022,0,IN
TM-2022-00830,2022/23,465667,Giorgio Brogni,800,Atalanta BC,1388,Ancona Calcio,LOAN,loan transfer,0,OUT
TM-2022-00831,2022/23,467992,Samuele Ricci,416,Torino FC,749,FC Empoli,LOAN_RETURN_OR_END_OF_LOAN,End of loan 30/06/2022,1,IN+OUT
TM-2022-00832,2022/23,467992,Samuele Ricci,749,FC Empoli,416,Torino FC,PERMANENT_OR_OTHER_EXPLICIT,€10.80m,1,IN+OUT
TM-2022-00833,2022/23,467994,Luca Belardinelli,26789,FC Pro Vercelli 1892,749,FC Empoli,LOAN_RETURN_OR_END_OF_LOAN,End of loan 30/06/2022,0,IN
TM-2022-00834,2022/23,467994,Luca Belardinelli,749,FC Empoli,4554,FC Südtirol,LOAN,loan transfer,0,OUT
TM-2022-00835,2022/23,468301,Marcos Antônio,660,Shakhtar Donetsk,398,SS Lazio,PERMANENT_OR_OTHER_EXPLICIT,€7.50m,0,IN
TM-2022-00836,2022/23,469018,Antonio Metlika,1038,UC Sampdoria,74951,Sangiuliano City,LOAN,loan transfer,0,OUT
TM-2022-00837,2022/23,469018,Antonio Metlika,29251,Virtus Verona,1038,UC Sampdoria,FREE_TRANSFER,free transfer,0,IN
TM-2022-00838,2022/23,469211,Liberato Cacace,475,Sint-Truidense VV,749,FC Empoli,PERMANENT_OR_OTHER_EXPLICIT,€3.00m,0,IN
TM-2022-00839,2022/23,469211,Liberato Cacace,749,FC Empoli,475,Sint-Truidense VV,LOAN_RETURN_OR_END_OF_LOAN,End of loan 30/06/2022,0,OUT
TM-2022-00840,2022/23,469690,Nik Prelec,1038,UC Sampdoria,2446,WSG Tirol,FREE_TRANSFER,free transfer,0,OUT
TM-2022-00841,2022/23,469690,Nik Prelec,4772,NK Olimpija Ljubljana,1038,UC Sampdoria,LOAN_RETURN_OR_END_OF_LOAN,End of loan 30/06/2022,0,IN
TM-2022-00842,2022/23,470152,Dennis Politic,1211,Port Vale FC,2239,US Cremonese,LOAN_RETURN_OR_END_OF_LOAN,End of loan 31/05/2023,0,IN
TM-2022-00843,2022/23,470152,Dennis Politic,2239,US Cremonese,1211,Port Vale FC,LOAN,loan transfer,0,OUT
TM-2022-00844,2022/23,470391,Jayden Braaf,17,Borussia Dortmund II,276,Hellas Verona,LOAN,loan transfer,0,IN
TM-2022-00845,2022/23,470794,Ivan Ilić,276,Hellas Verona,416,Torino FC,LOAN,loan transfer,1,IN+OUT
TM-2022-00846,2022/23,471004,Luis Binks,1025,Bologna FC 1909,1047,Como 1907,LOAN,loan transfer,0,OUT
TM-2022-00847,2022/23,472161,Mamadou Coulibaly,380,US Salernitana 1919,1103,Ternana Calcio,LOAN,Loan fee: €100k,0,OUT
TM-2022-00848,2022/23,472161,Mamadou Coulibaly,380,US Salernitana 1919,410,Udinese Calcio,LOAN_RETURN_OR_END_OF_LOAN,End of loan 30/06/2022,1,IN+OUT
TM-2022-00849,2022/23,472161,Mamadou Coulibaly,410,Udinese Calcio,380,US Salernitana 1919,PERMANENT_OR_OTHER_EXPLICIT,€3.00m,1,IN+OUT
TM-2022-00850,2022/23,473871,Thomas Battistella,410,Udinese Calcio,1385,Modena FC,PERMANENT_OR_OTHER_EXPLICIT,€700k,0,OUT
TM-2022-00851,2022/23,473871,Thomas Battistella,4159,Carrarese Calcio 1908,410,Udinese Calcio,LOAN_RETURN_OR_END_OF_LOAN,End of loan 30/06/2022,0,IN
TM-2022-00852,2022/23,473887,David Heidenreich,2722,SPAL,800,Atalanta BC,LOAN_RETURN_OR_END_OF_LOAN,End of loan 30/06/2022,0,IN
TM-2022-00853,2022/23,473887,David Heidenreich,800,Atalanta BC,1322,FK Jablonec,LOAN,loan transfer,0,OUT
TM-2022-00854,2022/23,47513,Mato Jajalo,410,Udinese Calcio,607,Venezia FC,PERMANENT_OR_OTHER_EXPLICIT,?,0,OUT
TM-2022-00855,2022/23,475208,Bryan Reynolds,12,AS Roma,968,KVC Westerlo,LOAN,loan transfer,0,OUT
TM-2022-00856,2022/23,475208,Bryan Reynolds,601,KV Kortrijk,12,AS Roma,LOAN_RETURN_OR_END_OF_LOAN,End of loan 30/06/2022,0,IN
TM-2022-00857,2022/23,476066,Matteo Pinelli,17136,NK Krsko,6574,US Sassuolo,LOAN_RETURN_OR_END_OF_LOAN,End of loan 30/06/2022,0,IN
TM-2022-00858,2022/23,476066,Matteo Pinelli,6574,US Sassuolo,4085,Fidelis Andria 2018,LOAN,loan transfer,0,OUT
TM-2022-00859,2022/23,479158,Marco Zunno,2239,US Cremonese,1408,Piacenza Calcio 1919,LOAN,loan transfer,0,OUT
TM-2022-00860,2022/23,479158,Marco Zunno,4163,US Fiorenzuola 1922,2239,US Cremonese,LOAN_RETURN_OR_END_OF_LOAN,End of loan 30/06/2022,0,IN
TM-2022-00861,2022/23,480046,Simone Giordano,1038,UC Sampdoria,408,Ascoli Calcio,LOAN,loan transfer,0,OUT
TM-2022-00862,2022/23,480046,Simone Giordano,1408,Piacenza Calcio 1919,1038,UC Sampdoria,LOAN_RETURN_OR_END_OF_LOAN,End of loan 30/06/2022,0,IN
TM-2022-00863,2022/23,481173,Mady Camara,683,Olympiacos Piraeus,12,AS Roma,LOAN,Loan fee: €1.50m,0,IN
TM-2022-00864,2022/23,481344,Alessandro Russo,475,Sint-Truidense VV,6574,US Sassuolo,LOAN_RETURN_OR_END_OF_LOAN,End of loan 30/06/2022,0,IN
TM-2022-00865,2022/23,481834,Andrea Carboni,1390,Cagliari Calcio,2919,AC Monza,PERMANENT_OR_OTHER_EXPLICIT,€4.00m,0,IN
TM-2022-00866,2022/23,481834,Andrea Carboni,2919,AC Monza,607,Venezia FC,LOAN,loan transfer,0,OUT
TM-2022-00867,2022/23,482107,Magnus Warming,416,Torino FC,105,SV Darmstadt 98,LOAN,loan transfer,0,OUT
TM-2022-00868,2022/23,482792,Simone Rabbi,1025,Bologna FC 1909,2722,SPAL,FREE_TRANSFER,free transfer,0,OUT
TM-2022-00869,2022/23,482792,Simone Rabbi,1408,Piacenza Calcio 1919,1025,Bologna FC 1909,LOAN_RETURN_OR_END_OF_LOAN,End of loan 30/06/2022,0,IN
TM-2022-00870,2022/23,482836,David Strelec,3522,Spezia Calcio,1386,Reggina 1914,LOAN,loan transfer,0,OUT
TM-2022-00871,2022/23,484160,Alex Sposito,14888,US Città di Pontedera,749,FC Empoli,LOAN_RETURN_OR_END_OF_LOAN,End of loan 30/06/2022,0,IN
TM-2022-00872,2022/23,484160,Alex Sposito,749,FC Empoli,74951,Sangiuliano City,PERMANENT_OR_OTHER_EXPLICIT,?,0,OUT
TM-2022-00873,2022/23,486347,Tibo Persyn,46,Inter Milan,3892,FC Eindhoven,LOAN,loan transfer,0,OUT
TM-2022-00874,2022/23,486347,Tibo Persyn,5380,Inter Milan Primavera,46,Inter Milan,PERMANENT_OR_OTHER_EXPLICIT,-,0,IN
TM-2022-00875,2022/23,487828,Manuel Gasparini,30066,FC Legnago Salus,410,Udinese Calcio,LOAN_RETURN_OR_END_OF_LOAN,End of loan 31/01/2022,0,IN
TM-2022-00876,2022/23,487828,Manuel Gasparini,410,Udinese Calcio,7197,Potenza Calcio,FREE_TRANSFER,free transfer,0,OUT
TM-2022-00877,2022/23,487829,Christian Dalle Mura,21331,Pordenone Calcio,430,ACF Fiorentina,LOAN_RETURN_OR_END_OF_LOAN,End of loan 30/06/2022,0,IN
TM-2022-00878,2022/23,487829,Christian Dalle Mura,430,ACF Fiorentina,2722,SPAL,LOAN,loan transfer,0,OUT
TM-2022-00879,2022/23,487830,Christian Dimarco,4163,US Fiorenzuola 1922,46,Inter Milan,LOAN_RETURN_OR_END_OF_LOAN,End of loan 30/06/2022,0,IN
TM-2022-00880,2022/23,487830,Christian Dimarco,46,Inter Milan,9439,Feralpisalò,PERMANENT_OR_OTHER_EXPLICIT,?,0,OUT
TM-2022-00881,2022/23,487834,Lorenzo Pirola,2919,AC Monza,46,Inter Milan,LOAN_RETURN_OR_END_OF_LOAN,End of loan 30/06/2022,1,IN+OUT
TM-2022-00882,2022/23,487834,Lorenzo Pirola,46,Inter Milan,380,US Salernitana 1919,LOAN,Loan fee: €900k,1,IN+OUT
TM-2022-00883,2022/23,487838,Niccolò Squizzato,46,Inter Milan,24898,AC Renate,LOAN,loan transfer,0,OUT
TM-2022-00884,2022/23,487838,Niccolò Squizzato,5587,SS Juve Stabia,46,Inter Milan,LOAN_RETURN_OR_END_OF_LOAN,End of loan 30/06/2022,0,IN
TM-2022-00885,2022/23,487839,Simone Trimboli,1038,UC Sampdoria,24029,Ferencvárosi TC II,LOAN,loan transfer,0,OUT
TM-2022-00886,2022/23,487840,Andrea Viviani,49430,AZ Picerno,800,Atalanta BC,LOAN_RETURN_OR_END_OF_LOAN,End of loan 30/06/2022,0,IN
TM-2022-00887,2022/23,487840,Andrea Viviani,800,Atalanta BC,39818,San Donato Tavarnelle,LOAN,loan transfer,0,OUT
TM-2022-00888,2022/23,487843,Lorenzo Colombo,2722,SPAL,5,AC Milan,LOAN_RETURN_OR_END_OF_LOAN,End of loan 30/06/2022,0,IN
TM-2022-00889,2022/23,487843,Lorenzo Colombo,5,AC Milan,1005,US Lecce,LOAN,loan transfer,1,IN+OUT
TM-2022-00890,2022/23,487845,Antonio Reda,5514,Calcio Lecco 1912,800,Atalanta BC,LOAN_RETURN_OR_END_OF_LOAN,End of loan 30/06/2022,0,IN
TM-2022-00891,2022/23,487845,Antonio Reda,800,Atalanta BC,50047,Fossano Calcio,FREE_TRANSFER,free transfer,0,OUT
TM-2022-00892,2022/23,487846,Guillaume Renault,26789,FC Pro Vercelli 1892,800,Atalanta BC,LOAN_RETURN_OR_END_OF_LOAN,End of loan 30/01/2023,0,IN
TM-2022-00893,2022/23,487846,Guillaume Renault,800,Atalanta BC,2721,US Alessandria Calcio 1912,LOAN,loan transfer,0,OUT
TM-2022-00894,2022/23,489611,Filippo Ranocchia,506,Juventus FC,2919,AC Monza,LOAN,Loan fee: €500k,1,IN+OUT
TM-2022-00895,2022/23,490384,Koni De Winter,41101,Juventus Next Gen,749,FC Empoli,LOAN,loan transfer,0,IN
TM-2022-00896,2022/23,491648,Diego Valencia,3277,CD Universidad Católica,380,US Salernitana 1919,PERMANENT_OR_OTHER_EXPLICIT,€2.50m,0,IN
TM-2022-00897,2022/23,491693,Nehuén Pérez,13,Atlético de Madrid,410,Udinese Calcio,PERMANENT_OR_OTHER_EXPLICIT,€8.00m,0,IN
TM-2022-00898,2022/23,491693,Nehuén Pérez,410,Udinese Calcio,13,Atlético de Madrid,LOAN_RETURN_OR_END_OF_LOAN,End of loan 30/06/2022,0,OUT
TM-2022-00899,2022/23,492313,Rodrigo Guth,467,NEC Nijmegen,800,Atalanta BC,LOAN_RETURN_OR_END_OF_LOAN,End of loan 30/06/2022,0,IN
TM-2022-00900,2022/23,492313,Rodrigo Guth,800,Atalanta BC,385,Fortuna Sittard,PERMANENT_OR_OTHER_EXPLICIT,€1.10m,0,OUT
TM-2022-00901,2022/23,492627,Marco Frigerio,1253,Lucchese Calcio,5,AC Milan,LOAN_RETURN_OR_END_OF_LOAN,End of loan 30/06/2022,0,IN
TM-2022-00902,2022/23,492627,Marco Frigerio,5,AC Milan,704,Calcio Foggia 1920,FREE_TRANSFER,free transfer,0,OUT
TM-2022-00903,2022/23,49275,Albin Ekdal,1038,UC Sampdoria,3522,Spezia Calcio,FREE_TRANSFER,free transfer,1,IN+OUT
TM-2022-00904,2022/23,493702,Mattia Viti,749,FC Empoli,417,OGC Nice,PERMANENT_OR_OTHER_EXPLICIT,€13.00m,0,OUT
TM-2022-00905,2022/23,49499,Georginio Wijnaldum,583,Paris Saint-Germain,12,AS Roma,LOAN,loan transfer,0,IN
TM-2022-00906,2022/23,495722,Devis Vásquez,11855,Club Guaraní,5,AC Milan,PERMANENT_OR_OTHER_EXPLICIT,€810k,0,IN
TM-2022-00907,2022/23,496270,Gianmarco Cangiano,1025,Bologna FC 1909,332,SSC Bari,LOAN,loan transfer,0,OUT
TM-2022-00908,2022/23,496270,Gianmarco Cangiano,1025,Bologna FC 1909,385,Fortuna Sittard,LOAN,loan transfer,0,OUT
TM-2022-00909,2022/23,496270,Gianmarco Cangiano,332,SSC Bari,1025,Bologna FC 1909,LOAN_RETURN_OR_END_OF_LOAN,End of loan 10/01/2023,0,IN
TM-2022-00910,2022/23,496270,Gianmarco Cangiano,4083,FC Crotone,1025,Bologna FC 1909,LOAN_RETURN_OR_END_OF_LOAN,End of loan 30/06/2022,0,IN
TM-2022-00911,2022/23,496745,Emil Holm,5817,Sönderjyske Fodbold,3522,Spezia Calcio,LOAN_RETURN_OR_END_OF_LOAN,End of loan 30/06/2022,0,IN
TM-2022-00912,2022/23,497312,Federico Artioli,4333,US Grosseto 1912,6574,US Sassuolo,LOAN_RETURN_OR_END_OF_LOAN,End of loan 30/06/2022,0,IN
TM-2022-00913,2022/23,497312,Federico Artioli,6574,US Sassuolo,4553,US Pergolettese 1932,LOAN,loan transfer,0,OUT
TM-2022-00914,2022/23,499830,Samuele Spalluto,1103,Ternana Calcio,430,ACF Fiorentina,LOAN_RETURN_OR_END_OF_LOAN,End of loan 11/01/2023,0,IN
TM-2022-00915,2022/23,499830,Samuele Spalluto,430,ACF Fiorentina,1103,Ternana Calcio,LOAN,loan transfer,0,OUT
TM-2022-00916,2022/23,499830,Samuele Spalluto,430,ACF Fiorentina,6692,Novara FC,LOAN,loan transfer,0,OUT
TM-2022-00917,2022/23,499830,Samuele Spalluto,4326,AS Gubbio 1910,430,ACF Fiorentina,LOAN_RETURN_OR_END_OF_LOAN,End of loan 30/06/2022,0,IN
TM-2022-00918,2022/23,500164,Laurens Serpe,252,Genoa CFC,3522,Spezia Calcio,PERMANENT_OR_OTHER_EXPLICIT,?,0,IN
TM-2022-00919,2022/23,500164,Laurens Serpe,3522,Spezia Calcio,4324,Imolese Calcio 1919,LOAN,loan transfer,0,OUT
TM-2022-00920,2022/23,500419,Mattia Novella,33734,SS Monopoli 1966,398,SS Lazio,LOAN_RETURN_OR_END_OF_LOAN,End of loan 30/06/2022,0,IN
TM-2022-00921,2022/23,500419,Mattia Novella,398,SS Lazio,49430,AZ Picerno,LOAN,loan transfer,0,OUT
TM-2022-00922,2022/23,50057,Aaron Ramsey,506,Juventus FC,417,OGC Nice,FREE_TRANSFER,free transfer,0,OUT
TM-2022-00923,2022/23,502670,Khvicha Kvaratskhelia,11344,Dinamo Batumi,6195,SSC Napoli,PERMANENT_OR_OTHER_EXPLICIT,€13.30m,0,IN
TM-2022-00924,2022/23,502821,Riccardo Calafiori,12,AS Roma,26,FC Basel 1893,PERMANENT_OR_OTHER_EXPLICIT,€10.54m,0,OUT
TM-2022-00925,2022/23,502821,Riccardo Calafiori,252,Genoa CFC,12,AS Roma,LOAN_RETURN_OR_END_OF_LOAN,End of loan 30/06/2022,0,IN
TM-2022-00926,2022/23,503075,Isak Hien,1044,Djurgårdens IF,276,Hellas Verona,PERMANENT_OR_OTHER_EXPLICIT,€4.60m,0,IN
TM-2022-00927,2022/23,503482,Min-jae Kim,36,Fenerbahce,6195,SSC Napoli,PERMANENT_OR_OTHER_EXPLICIT,€19.00m,0,IN
TM-2022-00928,2022/23,503638,Mohamed Ihattaren,610,Ajax Amsterdam,506,Juventus FC,LOAN_RETURN_OR_END_OF_LOAN,End of loan 31/12/2022,0,IN
TM-2022-00929,2022/23,503881,Aster Vranckx,82,VfL Wolfsburg,5,AC Milan,LOAN,Loan fee: €1.33m,0,IN
TM-2022-00930,2022/23,50617,Stefan Strandberg,380,US Salernitana 1919,76,Vålerenga Fotball Elite,FREE_TRANSFER,free transfer,0,OUT
TM-2022-00931,2022/23,506941,David Flakus Bosilj,16996,Hellas Verona Primavera,276,Hellas Verona,PERMANENT_OR_OTHER_EXPLICIT,-,0,IN
TM-2022-00932,2022/23,506941,David Flakus Bosilj,276,Hellas Verona,26985,NK Bravo,LOAN,loan transfer,0,OUT
TM-2022-00933,2022/23,508371,Emil Konradsen Ceide,195,Rosenborg BK,6574,US Sassuolo,PERMANENT_OR_OTHER_EXPLICIT,€2.85m,0,IN
TM-2022-00934,2022/23,508371,Emil Konradsen Ceide,6574,US Sassuolo,195,Rosenborg BK,LOAN_RETURN_OR_END_OF_LOAN,End of loan 30/06/2022,0,OUT
TM-2022-00935,2022/23,509022,Federico Gatti,8970,Frosinone Calcio,506,Juventus FC,LOAN_RETURN_OR_END_OF_LOAN,End of loan 30/06/2022,0,IN
TM-2022-00936,2022/23,516716,Bremer,416,Torino FC,506,Juventus FC,PERMANENT_OR_OTHER_EXPLICIT,€51.30m,1,IN+OUT
TM-2022-00937,2022/23,521964,Malick Thiaw,33,FC Schalke 04,5,AC Milan,PERMANENT_OR_OTHER_EXPLICIT,€12.80m,0,IN
TM-2022-00938,2022/23,522681,Ben Lhassine Kone,4083,FC Crotone,416,Torino FC,LOAN_RETURN_OR_END_OF_LOAN,End of loan 30/06/2022,0,IN
TM-2022-00939,2022/23,522681,Ben Lhassine Kone,416,Torino FC,8970,Frosinone Calcio,LOAN,loan transfer,0,OUT
TM-2022-00940,2022/23,52312,Sebastian Giovinco,1038,UC Sampdoria,515,Without Club,FREE_AGENT_OR_END_OF_CONTRACT,-,0,OUT
TM-2022-00941,2022/23,525660,Francesco Donati,5587,SS Juve Stabia,749,FC Empoli,LOAN_RETURN_OR_END_OF_LOAN,End of loan 30/06/2022,0,IN
TM-2022-00942,2022/23,525660,Francesco Donati,749,FC Empoli,408,Ascoli Calcio,LOAN,loan transfer,0,OUT
TM-2022-00943,2022/23,525704,Nicolò Rovella,252,Genoa CFC,506,Juventus FC,LOAN_RETURN_OR_END_OF_LOAN,End of loan 30/06/2022,0,IN
TM-2022-00944,2022/23,525704,Nicolò Rovella,506,Juventus FC,2919,AC Monza,LOAN,Loan fee: €490k,1,IN+OUT
TM-2022-00945,2022/23,527180,Joshua Tenkorang,18642,US Campobasso 1919,2239,US Cremonese,PERMANENT_OR_OTHER_EXPLICIT,€200k,0,IN
TM-2022-00946,2022/23,527180,Joshua Tenkorang,2239,US Cremonese,20519,Virtus Entella,LOAN,loan transfer,0,OUT
TM-2022-00947,2022/23,530848,Andrea Adamoli,2254,Pro Sesto 1913,749,FC Empoli,LOAN_RETURN_OR_END_OF_LOAN,End of loan 30/06/2022,0,IN
TM-2022-00948,2022/23,530848,Andrea Adamoli,749,FC Empoli,26955,USD Brianza Olginatese,FREE_TRANSFER,free transfer,0,OUT
TM-2022-00949,2022/23,532937,Johan Vásquez,252,Genoa CFC,2239,US Cremonese,LOAN,Loan fee: €500k,0,IN
TM-2022-00950,2022/23,533321,Stefano Girelli,2239,US Cremonese,5514,Calcio Lecco 1912,LOAN,loan transfer,0,OUT
TM-2022-00951,2022/23,533321,Stefano Girelli,4553,US Pergolettese 1932,2239,US Cremonese,LOAN_RETURN_OR_END_OF_LOAN,End of loan 30/06/2022,0,IN
TM-2022-00952,2022/23,534083,Edoardo Pierozzi,2721,US Alessandria Calcio 1912,430,ACF Fiorentina,LOAN_RETURN_OR_END_OF_LOAN,End of loan 28/07/2022,0,IN
TM-2022-00953,2022/23,534083,Edoardo Pierozzi,430,ACF Fiorentina,1047,Como 1907,LOAN,loan transfer,0,OUT
TM-2022-00954,2022/23,534083,Edoardo Pierozzi,430,ACF Fiorentina,458,Palermo FC,LOAN,loan transfer,0,OUT
TM-2022-00955,2022/23,534083,Edoardo Pierozzi,458,Palermo FC,430,ACF Fiorentina,LOAN_RETURN_OR_END_OF_LOAN,End of loan 11/01/2023,0,IN
TM-2022-00956,2022/23,534084,Niccolò Pierozzi,4146,Aurora Pro Patria,430,ACF Fiorentina,LOAN_RETURN_OR_END_OF_LOAN,End of loan 30/06/2022,0,IN
TM-2022-00957,2022/23,534084,Niccolò Pierozzi,430,ACF Fiorentina,1386,Reggina 1914,LOAN,loan transfer,0,OUT
TM-2022-00958,2022/23,534121,Andrea Marino,1408,Piacenza Calcio 1919,398,SS Lazio,LOAN_RETURN_OR_END_OF_LOAN,End of loan 30/06/2022,0,IN
TM-2022-00959,2022/23,534121,Andrea Marino,398,SS Lazio,4085,Fidelis Andria 2018,LOAN,loan transfer,0,OUT
TM-2022-00960,2022/23,534174,Samuele Vianni,4095,AC Trento,416,Torino FC,LOAN_RETURN_OR_END_OF_LOAN,End of loan 30/06/2022,0,IN
TM-2022-00961,2022/23,534174,Samuele Vianni,416,Torino FC,1408,Piacenza Calcio 1919,LOAN,loan transfer,0,OUT
TM-2022-00962,2022/23,535469,Valentin Mihăilă,800,Atalanta BC,130,Parma Calcio 1913,LOAN_RETURN_OR_END_OF_LOAN,End of loan 30/06/2022,0,OUT
TM-2022-00963,2022/23,535793,Jacopo Gianelli,2254,Pro Sesto 1913,46,Inter Milan,LOAN_RETURN_OR_END_OF_LOAN,End of loan 30/06/2022,0,IN
TM-2022-00964,2022/23,535797,Lorenzo Sgarbi,24898,AC Renate,6195,SSC Napoli,LOAN_RETURN_OR_END_OF_LOAN,End of loan 11/01/2023,0,IN
TM-2022-00965,2022/23,535797,Lorenzo Sgarbi,30066,FC Legnago Salus,6195,SSC Napoli,LOAN_RETURN_OR_END_OF_LOAN,End of loan 30/06/2022,0,IN
TM-2022-00966,2022/23,535797,Lorenzo Sgarbi,6195,SSC Napoli,2254,Pro Sesto 1913,LOAN,loan transfer,0,OUT
TM-2022-00967,2022/23,535797,Lorenzo Sgarbi,6195,SSC Napoli,24898,AC Renate,LOAN,loan transfer,0,OUT
TM-2022-00968,2022/23,535881,Mattia Chiesa,276,Hellas Verona,2581,Mantova 1911,LOAN,loan transfer,0,OUT
TM-2022-00969,2022/23,536520,Ruben Providence,12,AS Roma,4467,TSV Hartberg,LOAN,loan transfer,0,OUT
TM-2022-00970,2022/23,536520,Ruben Providence,68403,Estoril Praia U23,12,AS Roma,LOAN_RETURN_OR_END_OF_LOAN,End of loan 30/06/2022,0,IN
TM-2022-00971,2022/23,536814,Daniele Solcia,4167,1913 Seregno Calcio,800,Atalanta BC,LOAN_RETURN_OR_END_OF_LOAN,End of loan 30/06/2022,0,IN
TM-2022-00972,2022/23,536814,Daniele Solcia,800,Atalanta BC,49939,Virtus Francavilla Calcio,LOAN,loan transfer,0,OUT
TM-2022-00973,2022/23,536816,Niccolò Ghisleni,800,Atalanta BC,4337,Acireale Calcio,FREE_TRANSFER,free transfer,0,OUT
TM-2022-00974,2022/23,536948,Ertijon Gega,1038,UC Sampdoria,7030,Vis Pesaro 1898,LOAN,loan transfer,0,OUT
TM-2022-00975,2022/23,536948,Ertijon Gega,6266,Cavese 1919,1038,UC Sampdoria,FREE_TRANSFER,free transfer,0,IN
TM-2022-00976,2022/23,537488,Dion Ruffo Luci,1025,Bologna FC 1909,4096,FC Turris 1944,LOAN,loan transfer,0,OUT
TM-2022-00977,2022/23,537488,Dion Ruffo Luci,4095,AC Trento,1025,Bologna FC 1909,LOAN_RETURN_OR_END_OF_LOAN,End of loan 30/01/2023,0,IN
TM-2022-00978,2022/23,537546,Riccardo Burgio,1104,ACR Messina,800,Atalanta BC,LOAN_RETURN_OR_END_OF_LOAN,End of loan 30/06/2022,0,IN
TM-2022-00979,2022/23,537546,Riccardo Burgio,800,Atalanta BC,45894,Monterosi Tuscia FC,FREE_TRANSFER,free transfer,0,OUT
TM-2022-00980,2022/23,537548,Fabrizio Bagheria,2254,Pro Sesto 1913,46,Inter Milan,LOAN_RETURN_OR_END_OF_LOAN,End of loan 30/06/2022,0,IN
TM-2022-00981,2022/23,537548,Fabrizio Bagheria,27624,US Recanatese,46,Inter Milan,LOAN_RETURN_OR_END_OF_LOAN,End of loan 12/01/2023,0,IN
TM-2022-00982,2022/23,537548,Fabrizio Bagheria,46,Inter Milan,1210,US Livorno 1915,LOAN,loan transfer,0,OUT
TM-2022-00983,2022/23,537548,Fabrizio Bagheria,46,Inter Milan,27624,US Recanatese,LOAN,loan transfer,0,OUT
TM-2022-00984,2022/23,537668,Nunzio Brandi,1253,Lucchese Calcio,276,Hellas Verona,LOAN_RETURN_OR_END_OF_LOAN,End of loan 30/06/2022,0,IN
TM-2022-00985,2022/23,537668,Nunzio Brandi,276,Hellas Verona,4093,Taranto SS,FREE_TRANSFER,free transfer,0,OUT
TM-2022-00986,2022/23,537765,Pablo Rodríguez,1005,US Lecce,19,Brescia Calcio (- 2025),LOAN,loan transfer,0,OUT
TM-2022-00987,2022/23,538072,Ibrahim Karamoko,1199,Royal Excelsior Virton,416,Torino FC,LOAN_RETURN_OR_END_OF_LOAN,End of loan 30/06/2022,0,IN
TM-2022-00988,2022/23,538072,Ibrahim Karamoko,416,Torino FC,12748,EA Guingamp B,PERMANENT_OR_OTHER_EXPLICIT,?,0,OUT
TM-2022-00989,2022/23,538079,Alessio Furlanetto,12816,Lazio U19,398,SS Lazio,PERMANENT_OR_OTHER_EXPLICIT,-,0,IN
TM-2022-00990,2022/23,538079,Alessio Furlanetto,398,SS Lazio,24898,AC Renate,LOAN,loan transfer,0,OUT
TM-2022-00991,2022/23,538569,Tommaso Milanese,12,AS Roma,2239,US Cremonese,PERMANENT_OR_OTHER_EXPLICIT,€750k,1,IN+OUT
TM-2022-00992,2022/23,538569,Tommaso Milanese,2239,US Cremonese,607,Venezia FC,LOAN,loan transfer,0,OUT
TM-2022-00993,2022/23,538569,Tommaso Milanese,2721,US Alessandria Calcio 1912,12,AS Roma,LOAN_RETURN_OR_END_OF_LOAN,End of loan 30/06/2022,0,IN
TM-2022-00994,2022/23,538918,Sebastiano Esposito,26,FC Basel 1893,46,Inter Milan,LOAN_RETURN_OR_END_OF_LOAN,End of loan 30/06/2022,0,IN
TM-2022-00995,2022/23,538918,Sebastiano Esposito,46,Inter Milan,332,SSC Bari,LOAN,loan transfer,0,OUT
TM-2022-00996,2022/23,538918,Sebastiano Esposito,46,Inter Milan,58,RSC Anderlecht,LOAN,loan transfer,0,OUT
TM-2022-00997,2022/23,538918,Sebastiano Esposito,58,RSC Anderlecht,46,Inter Milan,LOAN_RETURN_OR_END_OF_LOAN,End of loan 30/01/2023,0,IN
TM-2022-00998,2022/23,538919,Matías Fonseca,4324,Imolese Calcio 1919,46,Inter Milan,LOAN_RETURN_OR_END_OF_LOAN,End of loan 29/01/2023,0,IN
TM-2022-00999,2022/23,538919,Matías Fonseca,4553,US Pergolettese 1932,46,Inter Milan,LOAN_RETURN_OR_END_OF_LOAN,End of loan 30/06/2022,0,IN
TM-2022-01000,2022/23,538919,Matías Fonseca,46,Inter Milan,2403,Montevideo Wanderers,FREE_TRANSFER,free transfer,0,OUT
TM-2022-01001,2022/23,538919,Matías Fonseca,46,Inter Milan,4324,Imolese Calcio 1919,LOAN,loan transfer,0,OUT
TM-2022-01002,2022/23,538974,Janis Antiste,3522,Spezia Calcio,6574,US Sassuolo,PERMANENT_OR_OTHER_EXPLICIT,€5.68m,1,IN+OUT
TM-2022-01003,2022/23,538974,Janis Antiste,6574,US Sassuolo,1416,Amiens SC,LOAN,Loan fee: €390k,0,OUT
TM-2022-01004,2022/23,539134,Daniel Maldini,5,AC Milan,3522,Spezia Calcio,LOAN,loan transfer,1,IN+OUT
TM-2022-01005,2022/23,539154,Leandro Sanca,3268,Casa Pia AC,3522,Spezia Calcio,LOAN_RETURN_OR_END_OF_LOAN,End of loan 30/06/2022,0,IN
TM-2022-01006,2022/23,539154,Leandro Sanca,3522,Spezia Calcio,3329,FC Famalicão,LOAN,loan transfer,0,OUT
TM-2022-01007,2022/23,539220,Angelo Ndreçka,1415,Teramo Calcio 1913,398,SS Lazio,LOAN_RETURN_OR_END_OF_LOAN,End of loan 30/06/2022,0,IN
TM-2022-01008,2022/23,539220,Angelo Ndreçka,398,SS Lazio,4146,Aurora Pro Patria,FREE_TRANSFER,free transfer,0,OUT
TM-2022-01009,2022/23,539632,Lorenzo Moretti,1307,US Pistoiese 1921,46,Inter Milan,LOAN_RETURN_OR_END_OF_LOAN,End of loan 30/06/2022,0,IN
TM-2022-01010,2022/23,539632,Lorenzo Moretti,46,Inter Milan,2331,US Avellino 1912,PERMANENT_OR_OTHER_EXPLICIT,?,0,OUT
TM-2022-01011,2022/23,540827,Suf Podgoreanu,3522,Spezia Calcio,1064,Maccabi Haifa,LOAN,loan transfer,0,OUT
TM-2022-01012,2022/23,540941,Mikkel Damsgaard,1038,UC Sampdoria,1148,Brentford FC,PERMANENT_OR_OTHER_EXPLICIT,€15.00m,0,OUT
TM-2022-01013,2022/23,541282,Antonio Russo,380,US Salernitana 1919,4093,Taranto SS,PERMANENT_OR_OTHER_EXPLICIT,?,0,OUT
TM-2022-01014,2022/23,542572,Sergio Maselli,1005,US Lecce,5587,SS Juve Stabia,FREE_TRANSFER,free transfer,0,OUT
TM-2022-01015,2022/23,542572,Sergio Maselli,704,Calcio Foggia 1920,1005,US Lecce,LOAN_RETURN_OR_END_OF_LOAN,End of loan 30/06/2022,0,IN
TM-2022-01016,2022/23,542588,Alessandro Sorrentino,2921,Delfino Pescara 1936,2919,AC Monza,PERMANENT_OR_OTHER_EXPLICIT,€800k,0,IN
TM-2022-01017,2022/23,543666,Stefano Turati,1386,Reggina 1914,6574,US Sassuolo,LOAN_RETURN_OR_END_OF_LOAN,End of loan 30/06/2022,0,IN
TM-2022-01018,2022/23,543666,Stefano Turati,6574,US Sassuolo,8970,Frosinone Calcio,LOAN,loan transfer,0,OUT
TM-2022-01019,2022/23,543736,Krisztofer Horváth,30660,Szeged-Csanád - GA,416,Torino FC,LOAN_RETURN_OR_END_OF_LOAN,End of loan 30/06/2022,0,IN
TM-2022-01020,2022/23,543736,Krisztofer Horváth,416,Torino FC,12423,Kecskeméti TE,LOAN,loan transfer,0,OUT
TM-2022-01021,2022/23,543736,Krisztofer Horváth,416,Torino FC,84,Debreceni VSC,LOAN,loan transfer,0,OUT
TM-2022-01022,2022/23,543736,Krisztofer Horváth,84,Debreceni VSC,416,Torino FC,LOAN_RETURN_OR_END_OF_LOAN,End of loan 10/01/2023,0,IN
TM-2022-01023,2022/23,543771,Kristjan Asllani,749,FC Empoli,46,Inter Milan,LOAN,loan transfer,1,IN+OUT
TM-2022-01024,2022/23,545538,Lameck Banda,3785,Maccabi Petah Tikva,1005,US Lecce,PERMANENT_OR_OTHER_EXPLICIT,€2.00m,0,IN
TM-2022-01025,2022/23,546176,Brian Oddei,6574,US Sassuolo,11083,NK Rudes,LOAN,loan transfer,0,OUT
TM-2022-01026,2022/23,546627,Jacopo Pellegrini,21331,Pordenone Calcio,6574,US Sassuolo,LOAN_RETURN_OR_END_OF_LOAN,End of loan 30/06/2022,0,IN
TM-2022-01027,2022/23,546627,Jacopo Pellegrini,6574,US Sassuolo,5621,AC Reggiana 1919,LOAN,loan transfer,0,OUT
TM-2022-01028,2022/23,546880,Brandon Soppy,410,Udinese Calcio,800,Atalanta BC,PERMANENT_OR_OTHER_EXPLICIT,€9.90m,1,IN+OUT
TM-2022-01029,2022/23,547827,Andrei Mărginean,1104,ACR Messina,6574,US Sassuolo,LOAN_RETURN_OR_END_OF_LOAN,End of loan 30/06/2022,0,IN
TM-2022-01030,2022/23,547827,Andrei Mărginean,6574,US Sassuolo,6692,Novara FC,LOAN,loan transfer,0,OUT
TM-2022-01031,2022/23,54984,Diego Perotti,380,US Salernitana 1919,515,Without Club,FREE_AGENT_OR_END_OF_CONTRACT,-,0,OUT
TM-2022-01032,2022/23,550106,Matteo Cancellieri,276,Hellas Verona,398,SS Lazio,LOAN,loan transfer,1,IN+OUT
TM-2022-01033,2022/23,550116,Ilario Monterisi,1005,US Lecce,8970,Frosinone Calcio,LOAN,loan transfer,0,OUT
TM-2022-01034,2022/23,550116,Ilario Monterisi,4085,Fidelis Andria 2018,1005,US Lecce,LOAN_RETURN_OR_END_OF_LOAN,End of loan 30/06/2022,0,IN
TM-2022-01035,2022/23,552059,Lukas Vorlicky,11998,Atalanta Primavera,800,Atalanta BC,PERMANENT_OR_OTHER_EXPLICIT,-,0,IN
TM-2022-01036,2022/23,552549,Matheus Henrique,210,Grêmio Foot-Ball Porto Alegrense,6574,US Sassuolo,PERMANENT_OR_OTHER_EXPLICIT,€7.00m,0,IN
TM-2022-01037,2022/23,552549,Matheus Henrique,6574,US Sassuolo,210,Grêmio Foot-Ball Porto Alegrense,LOAN_RETURN_OR_END_OF_LOAN,End of loan 30/06/2022,0,OUT
TM-2022-01038,2022/23,552751,Luigi Aquino,1038,UC Sampdoria,4096,FC Turris 1944,LOAN,loan transfer,0,OUT
TM-2022-01039,2022/23,552751,Luigi Aquino,4096,FC Turris 1944,1038,UC Sampdoria,LOAN_RETURN_OR_END_OF_LOAN,End of loan 10/01/2023,0,IN
TM-2022-01040,2022/23,554397,Antonis Siatounis,2919,AC Monza,20519,Virtus Entella,FREE_TRANSFER,free transfer,0,OUT
TM-2022-01041,2022/23,555557,Hubert Idasiak,12819,Napoli Primavera,6195,SSC Napoli,PERMANENT_OR_OTHER_EXPLICIT,-,0,IN
TM-2022-01042,2022/23,556173,Omar Khailoti,1025,Bologna FC 1909,6692,Novara FC,PERMANENT_OR_OTHER_EXPLICIT,?,0,OUT
TM-2022-01043,2022/23,556173,Omar Khailoti,4159,Carrarese Calcio 1908,1025,Bologna FC 1909,LOAN_RETURN_OR_END_OF_LOAN,End of loan 30/06/2022,0,IN
TM-2022-01044,2022/23,556385,Destiny Udogie,148,Tottenham Hotspur,410,Udinese Calcio,LOAN,loan transfer,0,IN
TM-2022-01045,2022/23,556385,Destiny Udogie,276,Hellas Verona,410,Udinese Calcio,PERMANENT_OR_OTHER_EXPLICIT,€5.20m,1,IN+OUT
TM-2022-01046,2022/23,556385,Destiny Udogie,410,Udinese Calcio,148,Tottenham Hotspur,PERMANENT_OR_OTHER_EXPLICIT,€18.00m,0,OUT
TM-2022-01047,2022/23,556385,Destiny Udogie,410,Udinese Calcio,276,Hellas Verona,LOAN_RETURN_OR_END_OF_LOAN,End of loan 30/06/2022,1,IN+OUT
TM-2022-01048,2022/23,556397,Luca Lombardi,4324,Imolese Calcio 1919,749,FC Empoli,LOAN_RETURN_OR_END_OF_LOAN,End of loan 30/06/2022,0,IN
TM-2022-01049,2022/23,556397,Luca Lombardi,749,FC Empoli,1388,Ancona Calcio,FREE_TRANSFER,free transfer,0,OUT
TM-2022-01050,2022/23,557132,Matteo Saccani,2921,Delfino Pescara 1936,6574,US Sassuolo,LOAN_RETURN_OR_END_OF_LOAN,End of loan 31/01/2023,0,IN
TM-2022-01051,2022/23,557132,Matteo Saccani,6574,US Sassuolo,2921,Delfino Pescara 1936,LOAN,loan transfer,0,OUT
TM-2022-01052,2022/23,557132,Matteo Saccani,6574,US Sassuolo,4553,US Pergolettese 1932,LOAN,loan transfer,0,OUT
TM-2022-01053,2022/23,557132,Matteo Saccani,7030,Vis Pesaro 1898,6574,US Sassuolo,LOAN_RETURN_OR_END_OF_LOAN,End of loan 30/06/2022,0,IN
TM-2022-01054,2022/23,55735,Henrikh Mkhitaryan,12,AS Roma,46,Inter Milan,FREE_TRANSFER,free transfer,1,IN+OUT
TM-2022-01055,2022/23,557556,Lorenzo Sabattini,1038,UC Sampdoria,23051,Flaminia Civita Castellana,FREE_TRANSFER,free transfer,0,OUT
TM-2022-01056,2022/23,557556,Lorenzo Sabattini,1388,Ancona Calcio,1038,UC Sampdoria,LOAN_RETURN_OR_END_OF_LOAN,End of loan 30/06/2022,0,IN
TM-2022-01057,2022/23,55854,Cristian Ansaldi,416,Torino FC,130,Parma Calcio 1913,FREE_TRANSFER,free transfer,0,OUT
TM-2022-01058,2022/23,561150,Vittorio Agostinelli,1386,Reggina 1914,430,ACF Fiorentina,LOAN_RETURN_OR_END_OF_LOAN,End of loan 30/01/2023,0,IN
TM-2022-01059,2022/23,561150,Vittorio Agostinelli,430,ACF Fiorentina,4031,Cosenza Calcio,LOAN,loan transfer,0,OUT
TM-2022-01060,2022/23,562030,Musa Juwara,1025,Bologna FC 1909,173,Odense Boldklub,LOAN,loan transfer,0,OUT
TM-2022-01061,2022/23,562259,Antonio Mionic,4339,Aquila Montevarchi 1902,5,AC Milan,LOAN_RETURN_OR_END_OF_LOAN,End of loan 30/06/2022,0,IN
TM-2022-01062,2022/23,562259,Antonio Mionic,5,AC Milan,2721,US Alessandria Calcio 1912,LOAN,loan transfer,0,OUT
TM-2022-01063,2022/23,562287,Christian Celesia,19164,Paganese Calcio 1926,416,Torino FC,LOAN_RETURN_OR_END_OF_LOAN,End of loan 30/06/2022,0,IN
TM-2022-01064,2022/23,562287,Christian Celesia,416,Torino FC,1104,ACR Messina,LOAN,loan transfer,0,OUT
TM-2022-01065,2022/23,562287,Christian Celesia,416,Torino FC,7197,Potenza Calcio,LOAN,loan transfer,0,OUT
TM-2022-01066,2022/23,562287,Christian Celesia,7197,Potenza Calcio,416,Torino FC,LOAN_RETURN_OR_END_OF_LOAN,End of loan 25/01/2023,0,IN
TM-2022-01067,2022/23,56416,Dries Mertens,6195,SSC Napoli,141,Galatasaray,FREE_TRANSFER,free transfer,0,OUT
TM-2022-01068,2022/23,564305,Michel Adopo,22294,US Viterbese 1908,416,Torino FC,LOAN_RETURN_OR_END_OF_LOAN,End of loan 30/06/2022,0,IN
TM-2022-01069,2022/23,564785,Kristian Thorstvedt,1184,KRC Genk,6574,US Sassuolo,PERMANENT_OR_OTHER_EXPLICIT,€10.15m,0,IN
TM-2022-01070,2022/23,564793,Michael Brentan,1038,UC Sampdoria,4541,UC AlbinoLeffe,PERMANENT_OR_OTHER_EXPLICIT,?,0,OUT
TM-2022-01071,2022/23,564793,Michael Brentan,2254,Pro Sesto 1913,1038,UC Sampdoria,LOAN_RETURN_OR_END_OF_LOAN,End of loan 30/06/2022,0,IN
TM-2022-01072,2022/23,565041,Alessandro Lovisa,21331,Pordenone Calcio,430,ACF Fiorentina,LOAN_RETURN_OR_END_OF_LOAN,End of loan 30/06/2022,0,IN
TM-2022-01073,2022/23,565041,Alessandro Lovisa,430,ACF Fiorentina,4271,US Triestina,FREE_TRANSFER,free transfer,0,OUT
TM-2022-01074,2022/23,565162,Giacomo Fedel,26237,Molfetta Calcio,410,Udinese Calcio,LOAN_RETURN_OR_END_OF_LOAN,End of loan 30/06/2022,0,IN
TM-2022-01075,2022/23,565162,Giacomo Fedel,410,Udinese Calcio,22344,AC Nardò,FREE_TRANSFER,free transfer,0,OUT
TM-2022-01076,2022/23,566615,Mikael Egill Ellertsson,2722,SPAL,3522,Spezia Calcio,LOAN_RETURN_OR_END_OF_LOAN,End of loan 30/06/2022,0,IN
TM-2022-01077,2022/23,566615,Mikael Egill Ellertsson,3522,Spezia Calcio,607,Venezia FC,PERMANENT_OR_OTHER_EXPLICIT,€1.50m,0,OUT
TM-2022-01078,2022/23,566963,Sabino Signorile,4167,1913 Seregno Calcio,5,AC Milan,LOAN_RETURN_OR_END_OF_LOAN,End of loan 30/06/2022,0,IN
TM-2022-01079,2022/23,566963,Sabino Signorile,5,AC Milan,22249,Audace Cerignola,FREE_TRANSFER,free transfer,0,OUT
TM-2022-01080,2022/23,567129,Josh Doig,903,Hibernian FC,276,Hellas Verona,PERMANENT_OR_OTHER_EXPLICIT,€3.40m,0,IN
TM-2022-01081,2022/23,567217,Ebrima Colley,3522,Spezia Calcio,800,Atalanta BC,LOAN_RETURN_OR_END_OF_LOAN,End of loan 30/06/2022,1,IN+OUT
TM-2022-01082,2022/23,567217,Ebrima Colley,800,Atalanta BC,6646,Fatih Karagümrük,LOAN,Loan fee: €50k,0,OUT
TM-2022-01083,2022/23,567444,Emanuel Ercolano,1038,UC Sampdoria,4096,FC Turris 1944,LOAN,loan transfer,0,OUT
TM-2022-01084,2022/23,567444,Emanuel Ercolano,22045,Latina Calcio 1932,1038,UC Sampdoria,LOAN_RETURN_OR_END_OF_LOAN,End of loan 30/06/2022,0,IN
TM-2022-01085,2022/23,567445,Marco Somma,1038,UC Sampdoria,14888,US Città di Pontedera,LOAN,loan transfer,0,OUT
TM-2022-01086,2022/23,567445,Marco Somma,12001,Sampdoria Primavera,1038,UC Sampdoria,PERMANENT_OR_OTHER_EXPLICIT,-,0,IN
TM-2022-01087,2022/23,567469,Alessandro Barbetta,6089,Casarano Calcio,6574,US Sassuolo,LOAN_RETURN_OR_END_OF_LOAN,End of loan 02/01/2023,0,IN
TM-2022-01088,2022/23,567469,Alessandro Barbetta,6574,US Sassuolo,34499,US Pianese,LOAN,loan transfer,0,OUT
TM-2022-01089,2022/23,567470,Samuel Giovane,11998,Atalanta Primavera,800,Atalanta BC,PERMANENT_OR_OTHER_EXPLICIT,-,0,IN
TM-2022-01090,2022/23,567470,Samuel Giovane,800,Atalanta BC,408,Ascoli Calcio,LOAN,loan transfer,0,OUT
TM-2022-01091,2022/23,568559,Radu Drăgușin,380,US Salernitana 1919,506,Juventus FC,LOAN_RETURN_OR_END_OF_LOAN,End of loan 30/06/2022,1,IN+OUT
TM-2022-01092,2022/23,568559,Radu Drăgușin,506,Juventus FC,252,Genoa CFC,LOAN,loan transfer,0,OUT
TM-2022-01093,2022/23,569384,Lucien Agoumé,3911,Stade Brestois 29,46,Inter Milan,LOAN_RETURN_OR_END_OF_LOAN,End of loan 30/06/2022,0,IN
TM-2022-01094,2022/23,569384,Lucien Agoumé,46,Inter Milan,1095,ESTAC Troyes,LOAN,loan transfer,0,OUT
TM-2022-01095,2022/23,571607,Fabio Miretti,41101,Juventus Next Gen,506,Juventus FC,PERMANENT_OR_OTHER_EXPLICIT,-,0,IN
TM-2022-01096,2022/23,572443,Bruno Conti,11676,Cagliari Primavera,276,Hellas Verona,PERMANENT_OR_OTHER_EXPLICIT,€100k,0,IN
TM-2022-01097,2022/23,572443,Bruno Conti,276,Hellas Verona,2581,Mantova 1911,LOAN,loan transfer,0,OUT
TM-2022-01098,2022/23,57354,Giuseppe Bellusci,2919,AC Monza,408,Ascoli Calcio,FREE_TRANSFER,free transfer,0,OUT
TM-2022-01099,2022/23,57354,Giuseppe Bellusci,408,Ascoli Calcio,2919,AC Monza,LOAN_RETURN_OR_END_OF_LOAN,End of loan 30/06/2022,0,IN
TM-2022-01100,2022/23,573979,Tòfol Montiel,18687,CD Atlético Baleares,430,ACF Fiorentina,LOAN_RETURN_OR_END_OF_LOAN,End of loan 30/06/2022,0,IN
TM-2022-01101,2022/23,573979,Tòfol Montiel,430,ACF Fiorentina,8494,RCD Mallorca B,FREE_TRANSFER,free transfer,0,OUT
TM-2022-01102,2022/23,574164,Marco Molla,1025,Bologna FC 1909,4324,Imolese Calcio 1919,LOAN,loan transfer,0,OUT
TM-2022-01103,2022/23,574495,Kristoffer Askildsen,1038,UC Sampdoria,1005,US Lecce,LOAN,loan transfer,1,IN+OUT
TM-2022-01104,2022/23,574669,Bogdan Jocic,26789,FC Pro Vercelli 1892,276,Hellas Verona,LOAN_RETURN_OR_END_OF_LOAN,End of loan 30/06/2022,0,IN
TM-2022-01105,2022/23,574669,Bogdan Jocic,276,Hellas Verona,4634,FK Vozdovac,FREE_TRANSFER,free transfer,0,OUT
TM-2022-01106,2022/23,574889,Simone Ianesi,4095,AC Trento,410,Udinese Calcio,LOAN_RETURN_OR_END_OF_LOAN,End of loan 16/01/2023,0,IN
TM-2022-01107,2022/23,574889,Simone Ianesi,410,Udinese Calcio,14888,US Città di Pontedera,LOAN,loan transfer,0,OUT
TM-2022-01108,2022/23,577394,Denso Kasius,1025,Bologna FC 1909,170,Rapid Vienna,LOAN,loan transfer,0,OUT
TM-2022-01109,2022/23,577594,Blue Mamona,2239,US Cremonese,4324,Imolese Calcio 1919,LOAN,loan transfer,0,OUT
TM-2022-01110,2022/23,577594,Blue Mamona,4163,US Fiorenzuola 1922,2239,US Cremonese,LOAN_RETURN_OR_END_OF_LOAN,End of loan 14/01/2023,0,IN
TM-2022-01111,2022/23,579294,Aimar Sher,3522,Spezia Calcio,202,FC Groningen,LOAN,loan transfer,0,OUT
TM-2022-01112,2022/23,579299,Edoardo Sottini,1307,US Pistoiese 1921,46,Inter Milan,LOAN_RETURN_OR_END_OF_LOAN,End of loan 30/06/2022,0,IN
TM-2022-01113,2022/23,579299,Edoardo Sottini,4271,US Triestina,46,Inter Milan,LOAN_RETURN_OR_END_OF_LOAN,End of loan 30/01/2023,0,IN
TM-2022-01114,2022/23,579299,Edoardo Sottini,46,Inter Milan,2331,US Avellino 1912,LOAN,loan transfer,0,OUT
TM-2022-01115,2022/23,579299,Edoardo Sottini,46,Inter Milan,4271,US Triestina,LOAN,loan transfer,0,OUT
TM-2022-01116,2022/23,579930,Armand Laurienté,1158,FC Lorient,6574,US Sassuolo,PERMANENT_OR_OTHER_EXPLICIT,€10.10m,0,IN
TM-2022-01117,2022/23,581672,Samuel Iling-Junior,41101,Juventus Next Gen,506,Juventus FC,PERMANENT_OR_OTHER_EXPLICIT,-,0,IN
TM-2022-01118,2022/23,582353,Mattia Zanotti,5380,Inter Milan Primavera,46,Inter Milan,PERMANENT_OR_OTHER_EXPLICIT,-,0,IN
TM-2022-01119,2022/23,583046,Medon Berisha,5618,Lecce Primavera,1005,US Lecce,PERMANENT_OR_OTHER_EXPLICIT,-,0,IN
TM-2022-01120,2022/23,586429,Ryan Flamingo,19114,Sassuolo Primavera,6574,US Sassuolo,PERMANENT_OR_OTHER_EXPLICIT,-,0,IN
TM-2022-01121,2022/23,586429,Ryan Flamingo,6574,US Sassuolo,499,Vitesse Arnhem,LOAN,loan transfer,0,OUT
TM-2022-01122,2022/23,586756,Festy Ebosele,22,Derby County,410,Udinese Calcio,FREE_TRANSFER,free transfer,0,IN
TM-2022-01123,2022/23,587458,Kevin Agudelo,252,Genoa CFC,3522,Spezia Calcio,PERMANENT_OR_OTHER_EXPLICIT,€2.50m,0,IN
TM-2022-01124,2022/23,587458,Kevin Agudelo,3522,Spezia Calcio,252,Genoa CFC,LOAN_RETURN_OR_END_OF_LOAN,End of loan 30/06/2022,0,OUT
TM-2022-01125,2022/23,591949,Aaron Hickey,1025,Bologna FC 1909,1148,Brentford FC,PERMANENT_OR_OTHER_EXPLICIT,€14.25m,0,OUT
TM-2022-01126,2022/23,592879,Eetu Mömmö,1005,US Lecce,1185,FH Hafnarfjördur,LOAN,loan transfer,0,OUT
TM-2022-01127,2022/23,592879,Eetu Mömmö,5618,Lecce Primavera,1005,US Lecce,PERMANENT_OR_OTHER_EXPLICIT,-,0,IN
TM-2022-01128,2022/23,592924,Andreas Jungdal,10958,Milan Primavera,5,AC Milan,PERMANENT_OR_OTHER_EXPLICIT,-,0,IN
TM-2022-01129,2022/23,592924,Andreas Jungdal,5,AC Milan,3551,SCR Altach,LOAN,Loan fee: €35k,0,OUT
TM-2022-01130,2022/23,594505,Raimonds Krollis,5084,Valmiera FC,3522,Spezia Calcio,PERMANENT_OR_OTHER_EXPLICIT,€1.52m,0,IN
TM-2022-01131,2022/23,595809,Beto,410,Udinese Calcio,7378,Portimonense SAD,LOAN_RETURN_OR_END_OF_LOAN,End of loan 30/06/2022,0,OUT
TM-2022-01132,2022/23,595809,Beto,7378,Portimonense SAD,410,Udinese Calcio,PERMANENT_OR_OTHER_EXPLICIT,€15.00m,0,IN
TM-2022-01133,2022/23,600041,Mattia Felici,1005,US Lecce,4271,US Triestina,FREE_TRANSFER,free transfer,0,OUT
TM-2022-01134,2022/23,600041,Mattia Felici,458,Palermo FC,1005,US Lecce,LOAN_RETURN_OR_END_OF_LOAN,End of loan 21/07/2022,0,IN
TM-2022-01135,2022/23,600936,Luca Moro,6574,US Sassuolo,8970,Frosinone Calcio,LOAN,loan transfer,0,OUT
TM-2022-01136,2022/23,601877,Luan Capanni,2431,CF Estrela Amadora,5,AC Milan,LOAN_RETURN_OR_END_OF_LOAN,End of loan 02/11/2022,0,IN
TM-2022-01137,2022/23,601877,Luan Capanni,4333,US Grosseto 1912,5,AC Milan,LOAN_RETURN_OR_END_OF_LOAN,End of loan 30/06/2022,0,IN
TM-2022-01138,2022/23,601877,Luan Capanni,5,AC Milan,2431,CF Estrela Amadora,LOAN,loan transfer,0,OUT
TM-2022-01139,2022/23,601877,Luan Capanni,5,AC Milan,6107,Arka Gdynia,FREE_TRANSFER,free transfer,0,OUT
TM-2022-01140,2022/23,602124,Alessandro Bianco,8505,Fiorentina Primavera,430,ACF Fiorentina,PERMANENT_OR_OTHER_EXPLICIT,-,0,IN
TM-2022-01141,2022/23,602607,Stefano Piccinini,6574,US Sassuolo,4553,US Pergolettese 1932,LOAN,loan transfer,0,OUT
TM-2022-01142,2022/23,602607,Stefano Piccinini,7030,Vis Pesaro 1898,6574,US Sassuolo,LOAN_RETURN_OR_END_OF_LOAN,End of loan 30/06/2022,0,IN
TM-2022-01143,2022/23,603676,Leonardo Pezzola,749,FC Empoli,39818,San Donato Tavarnelle,LOAN,loan transfer,0,OUT
TM-2022-01144,2022/23,603695,Leandro Pratelli,1408,Piacenza Calcio 1919,749,FC Empoli,LOAN_RETURN_OR_END_OF_LOAN,End of loan 30/06/2022,0,IN
TM-2022-01145,2022/23,603695,Leandro Pratelli,749,FC Empoli,4541,UC AlbinoLeffe,PERMANENT_OR_OTHER_EXPLICIT,?,0,OUT
TM-2022-01146,2022/23,603891,Emmanuel Ekong,749,FC Empoli,839,AC Perugia Calcio,LOAN,loan transfer,0,OUT
TM-2022-01147,2022/23,604579,Alessandro Mercati,4339,Aquila Montevarchi 1902,6574,US Sassuolo,LOAN_RETURN_OR_END_OF_LOAN,End of loan 30/06/2022,0,IN
TM-2022-01148,2022/23,604579,Alessandro Mercati,6574,US Sassuolo,4159,Carrarese Calcio 1908,LOAN,loan transfer,0,OUT
TM-2022-01149,2022/23,604630,Matteo Ghisolfi,2239,US Cremonese,9818,Giugliano Calcio 1928,LOAN,loan transfer,0,OUT
TM-2022-01150,2022/23,604630,Matteo Ghisolfi,4163,US Fiorenzuola 1922,2239,US Cremonese,LOAN_RETURN_OR_END_OF_LOAN,End of loan 30/06/2022,0,IN
TM-2022-01151,2022/23,606451,Sanasi Sy,380,US Salernitana 1919,1160,Nîmes Olympique,FREE_TRANSFER,free transfer,0,OUT
TM-2022-01152,2022/23,606451,Sanasi Sy,4031,Cosenza Calcio,380,US Salernitana 1919,LOAN_RETURN_OR_END_OF_LOAN,End of loan 30/06/2022,0,IN
TM-2022-01153,2022/23,606614,Jacopo De Matteis,14968,Salernitana Primavera,380,US Salernitana 1919,PERMANENT_OR_OTHER_EXPLICIT,-,0,IN
TM-2022-01154,2022/23,606614,Jacopo De Matteis,380,US Salernitana 1919,4033,Fermana FC,LOAN,loan transfer,0,OUT
TM-2022-01155,2022/23,607187,Emanuele Acampora,1025,Bologna FC 1909,12944,Sant'Antonio Abate,FREE_TRANSFER,free transfer,0,OUT
TM-2022-01156,2022/23,607187,Emanuele Acampora,63520,Sona Calcio,1025,Bologna FC 1909,LOAN_RETURN_OR_END_OF_LOAN,End of loan 30/06/2022,0,IN
TM-2022-01157,2022/23,607854,Éderson,380,US Salernitana 1919,800,Atalanta BC,PERMANENT_OR_OTHER_EXPLICIT,€22.90m,1,IN+OUT
TM-2022-01158,2022/23,608469,Adolfo Gaich,2410,CSKA Moscow,276,Hellas Verona,LOAN,Loan fee: €300k,0,IN
TM-2022-01159,2022/23,610392,Andrea Poggesi,430,ACF Fiorentina,4255,SS Arezzo,FREE_TRANSFER,free transfer,0,OUT
TM-2022-01160,2022/23,610392,Andrea Poggesi,4515,US Poggibonsi,430,ACF Fiorentina,LOAN_RETURN_OR_END_OF_LOAN,End of loan 30/06/2022,0,IN
TM-2022-01161,2022/23,610395,Andrea Milani,430,ACF Fiorentina,515,Without Club,FREE_AGENT_OR_END_OF_CONTRACT,-,0,OUT
TM-2022-01162,2022/23,610395,Andrea Milani,45894,Monterosi Tuscia FC,430,ACF Fiorentina,LOAN_RETURN_OR_END_OF_LOAN,End of loan 30/06/2022,0,IN
TM-2022-01163,2022/23,610442,Rasmus Højlund,122,SK Sturm Graz,800,Atalanta BC,PERMANENT_OR_OTHER_EXPLICIT,€21.00m,0,IN
TM-2022-01164,2022/23,610881,Christian Acella,44223,AS Giana Erminio,2239,US Cremonese,LOAN_RETURN_OR_END_OF_LOAN,End of loan 30/06/2022,0,IN
TM-2022-01165,2022/23,612059,Edoardo Piana,10959,Udinese Primavera,410,Udinese Calcio,PERMANENT_OR_OTHER_EXPLICIT,-,0,IN
TM-2022-01166,2022/23,612065,Karim Zedadka,172,Royal Charleroi SC,6195,SSC Napoli,LOAN_RETURN_OR_END_OF_LOAN,End of loan 30/06/2022,0,IN
TM-2022-01167,2022/23,61253,José Callejón,430,ACF Fiorentina,16795,Granada CF,FREE_TRANSFER,free transfer,0,OUT
TM-2022-01168,2022/23,613098,Mattia Poligani,20406,Reggiana Primavera,6574,US Sassuolo,LOAN_RETURN_OR_END_OF_LOAN,End of loan 30/06/2022,0,IN
TM-2022-01169,2022/23,613098,Mattia Poligani,6574,US Sassuolo,46933,Castelvetro Calcio,FREE_TRANSFER,free transfer,0,OUT
TM-2022-01170,2022/23,613134,Edoardo Operato,6574,US Sassuolo,46933,Castelvetro Calcio,FREE_TRANSFER,free transfer,0,OUT
TM-2022-01171,2022/23,613134,Edoardo Operato,75882,GS Bagnolese,6574,US Sassuolo,LOAN_RETURN_OR_END_OF_LOAN,End of loan 30/06/2022,0,IN
TM-2022-01172,2022/23,613539,Marco Bertini,12816,Lazio U19,398,SS Lazio,PERMANENT_OR_OTHER_EXPLICIT,-,0,IN
TM-2022-01173,2022/23,615180,Gaetano Vitale,380,US Salernitana 1919,33734,SS Monopoli 1966,FREE_TRANSFER,free transfer,0,OUT
TM-2022-01174,2022/23,615180,Gaetano Vitale,4167,1913 Seregno Calcio,380,US Salernitana 1919,LOAN_RETURN_OR_END_OF_LOAN,End of loan 30/06/2022,0,IN
TM-2022-01175,2022/23,616162,Alessandro Fontanarosa,5380,Inter Milan Primavera,46,Inter Milan,PERMANENT_OR_OTHER_EXPLICIT,-,0,IN
TM-2022-01176,2022/23,616169,Duccio Degli Innocenti,8492,Empoli Primavera,749,FC Empoli,PERMANENT_OR_OTHER_EXPLICIT,-,0,IN
TM-2022-01177,2022/23,616628,Giorgio Cittadini,11998,Atalanta Primavera,800,Atalanta BC,PERMANENT_OR_OTHER_EXPLICIT,-,0,IN
TM-2022-01178,2022/23,616628,Giorgio Cittadini,800,Atalanta BC,1385,Modena FC,LOAN,Loan fee: €150k,0,OUT
TM-2022-01179,2022/23,616631,Matteo Ruggeri,380,US Salernitana 1919,800,Atalanta BC,LOAN_RETURN_OR_END_OF_LOAN,End of loan 30/06/2022,1,IN+OUT
TM-2022-01180,2022/23,616638,Alassane Sidibe,11998,Atalanta Primavera,800,Atalanta BC,PERMANENT_OR_OTHER_EXPLICIT,-,0,IN
TM-2022-01181,2022/23,616638,Alassane Sidibe,4031,Cosenza Calcio,800,Atalanta BC,LOAN_RETURN_OR_END_OF_LOAN,End of loan 30/01/2023,0,IN
TM-2022-01182,2022/23,616638,Alassane Sidibe,800,Atalanta BC,4031,Cosenza Calcio,LOAN,loan transfer,0,OUT
TM-2022-01183,2022/23,616638,Alassane Sidibe,800,Atalanta BC,408,Ascoli Calcio,LOAN,loan transfer,0,OUT
TM-2022-01184,2022/23,616667,Mattia Pagliuca,4324,Imolese Calcio 1919,1025,Bologna FC 1909,LOAN_RETURN_OR_END_OF_LOAN,End of loan 12/01/2023,0,IN
TM-2022-01185,2022/23,617019,Matthew Garbett,12130,Torino Primavera,416,Torino FC,PERMANENT_OR_OTHER_EXPLICIT,-,0,IN
TM-2022-01186,2022/23,617019,Matthew Garbett,416,Torino FC,132,NAC Breda,LOAN,loan transfer,0,OUT
TM-2022-01187,2022/23,617170,Martin Palumbo,410,Udinese Calcio,41101,Juventus Next Gen,LOAN,loan transfer,0,OUT
TM-2022-01188,2022/23,617170,Martin Palumbo,41101,Juventus Next Gen,410,Udinese Calcio,LOAN_RETURN_OR_END_OF_LOAN,End of loan 30/06/2022,0,IN
TM-2022-01189,2022/23,61757,Nicola Rigoni,1429,Cesena FC,2919,AC Monza,LOAN_RETURN_OR_END_OF_LOAN,End of loan 30/06/2022,0,IN
TM-2022-01190,2022/23,61757,Nicola Rigoni,2919,AC Monza,515,Without Club,FREE_AGENT_OR_END_OF_CONTRACT,-,0,OUT
TM-2022-01191,2022/23,61770,Emanuele Terranova,2239,US Cremonese,332,SSC Bari,PERMANENT_OR_OTHER_EXPLICIT,?,0,OUT
TM-2022-01192,2022/23,61770,Emanuele Terranova,332,SSC Bari,2239,US Cremonese,LOAN_RETURN_OR_END_OF_LOAN,End of loan 30/06/2022,0,IN
TM-2022-01193,2022/23,618341,Mario Gila,6767,Real Madrid Castilla,398,SS Lazio,PERMANENT_OR_OTHER_EXPLICIT,€21.00m,0,IN
TM-2022-01194,2022/23,618505,Davide Costanzo,2721,US Alessandria Calcio 1912,6195,SSC Napoli,LOAN_RETURN_OR_END_OF_LOAN,End of loan 30/01/2023,0,IN
TM-2022-01195,2022/23,618505,Davide Costanzo,6195,SSC Napoli,26789,FC Pro Vercelli 1892,LOAN,loan transfer,0,OUT
TM-2022-01196,2022/23,619323,Fausto Perseu,2239,US Cremonese,2721,US Alessandria Calcio 1912,LOAN,loan transfer,0,OUT
TM-2022-01197,2022/23,619323,Fausto Perseu,9826,Olbia Calcio 1905,2239,US Cremonese,LOAN_RETURN_OR_END_OF_LOAN,End of loan 30/06/2022,0,IN
TM-2022-01198,2022/23,621122,Matteo Angeli,1025,Bologna FC 1909,24898,AC Renate,LOAN,loan transfer,0,OUT
TM-2022-01199,2022/23,621122,Matteo Angeli,4324,Imolese Calcio 1919,1025,Bologna FC 1909,PERMANENT_OR_OTHER_EXPLICIT,€50k,0,IN
TM-2022-01200,2022/23,621277,Silvio Colella,1005,US Lecce,22408,Altamura S.S.,FREE_TRANSFER,free transfer,0,OUT
TM-2022-01201,2022/23,621277,Silvio Colella,26237,Molfetta Calcio,1005,US Lecce,LOAN_RETURN_OR_END_OF_LOAN,End of loan 30/06/2022,0,IN
TM-2022-01202,2022/23,621284,Gianmarco Mancarella,1005,US Lecce,22249,Audace Cerignola,FREE_TRANSFER,free transfer,0,OUT
TM-2022-01203,2022/23,621284,Gianmarco Mancarella,22344,AC Nardò,1005,US Lecce,LOAN_RETURN_OR_END_OF_LOAN,End of loan 30/06/2022,0,IN
TM-2022-01204,2022/23,622380,Cesare Casadei,46,Inter Milan,631,Chelsea FC,PERMANENT_OR_OTHER_EXPLICIT,€14.86m,0,OUT
TM-2022-01205,2022/23,622380,Cesare Casadei,5380,Inter Milan Primavera,46,Inter Milan,PERMANENT_OR_OTHER_EXPLICIT,-,0,IN
TM-2022-01206,2022/23,622801,Flavio Paoletti,12001,Sampdoria Primavera,1038,UC Sampdoria,PERMANENT_OR_OTHER_EXPLICIT,-,0,IN
TM-2022-01207,2022/23,623040,Yayah Kallon,252,Genoa CFC,276,Hellas Verona,LOAN,Loan fee: €200k,0,IN
TM-2022-01208,2022/23,623441,Daniel Frey,2239,US Cremonese,4159,Carrarese Calcio 1908,LOAN,loan transfer,0,OUT
TM-2022-01209,2022/23,623851,Khadim Ndiaye,26563,Hebar,800,Atalanta BC,LOAN_RETURN_OR_END_OF_LOAN,End of loan 04/01/2023,0,IN
TM-2022-01210,2022/23,623851,Khadim Ndiaye,55555,Tsarsko Selo (-2022),800,Atalanta BC,LOAN_RETURN_OR_END_OF_LOAN,End of loan 30/06/2022,0,IN
TM-2022-01211,2022/23,623851,Khadim Ndiaye,800,Atalanta BC,26563,Hebar,LOAN,loan transfer,0,OUT
TM-2022-01212,2022/23,624436,Gerard Yepes,12001,Sampdoria Primavera,1038,UC Sampdoria,PERMANENT_OR_OTHER_EXPLICIT,-,0,IN
TM-2022-01213,2022/23,624869,Christopher Attys,223,HNK Sibenik,46,Inter Milan,LOAN_RETURN_OR_END_OF_LOAN,End of loan 30/06/2022,0,IN
TM-2022-01214,2022/23,624869,Christopher Attys,46,Inter Milan,4324,Imolese Calcio 1919,FREE_TRANSFER,free transfer,0,OUT
TM-2022-01215,2022/23,624942,Raúl Moro,1103,Ternana Calcio,398,SS Lazio,LOAN_RETURN_OR_END_OF_LOAN,End of loan 24/01/2023,0,IN
TM-2022-01216,2022/23,624942,Raúl Moro,398,SS Lazio,1103,Ternana Calcio,LOAN,Loan fee: €330k,0,OUT
TM-2022-01217,2022/23,624942,Raúl Moro,398,SS Lazio,2497,Real Oviedo,LOAN,loan transfer,0,OUT
TM-2022-01218,2022/23,626913,Boulaye Dia,1050,Villarreal CF,380,US Salernitana 1919,LOAN,Loan fee: €1.00m,0,IN
TM-2022-01219,2022/23,627624,Lorenzo Peschetola,46,Inter Milan,22045,Latina Calcio 1932,LOAN,loan transfer,0,OUT
TM-2022-01220,2022/23,627624,Lorenzo Peschetola,704,Calcio Foggia 1920,46,Inter Milan,LOAN_RETURN_OR_END_OF_LOAN,End of loan 30/01/2023,0,IN
TM-2022-01221,2022/23,628308,Flavio Di Dio,1025,Bologna FC 1909,9818,Giugliano Calcio 1928,FREE_TRANSFER,free transfer,0,OUT
TM-2022-01222,2022/23,628308,Flavio Di Dio,49430,AZ Picerno,1025,Bologna FC 1909,LOAN_RETURN_OR_END_OF_LOAN,End of loan 30/06/2022,0,IN
TM-2022-01223,2022/23,628558,Riccardo Ciervo,12,AS Roma,6574,US Sassuolo,PERMANENT_OR_OTHER_EXPLICIT,€2.00m,1,IN+OUT
TM-2022-01224,2022/23,628558,Riccardo Ciervo,6574,US Sassuolo,12,AS Roma,LOAN_RETURN_OR_END_OF_LOAN,End of loan 30/06/2022,1,IN+OUT
TM-2022-01225,2022/23,628558,Riccardo Ciervo,6574,US Sassuolo,607,Venezia FC,LOAN,loan transfer,0,OUT
TM-2022-01226,2022/23,628558,Riccardo Ciervo,6574,US Sassuolo,8970,Frosinone Calcio,LOAN,loan transfer,0,OUT
TM-2022-01227,2022/23,628558,Riccardo Ciervo,8970,Frosinone Calcio,6574,US Sassuolo,LOAN_RETURN_OR_END_OF_LOAN,End of loan 26/01/2023,0,IN
TM-2022-01228,2022/23,628645,Filippo Tripi,12,AS Roma,4059,NS Mura,FREE_TRANSFER,free transfer,0,OUT
TM-2022-01229,2022/23,629016,Marco Nasti,10958,Milan Primavera,5,AC Milan,PERMANENT_OR_OTHER_EXPLICIT,-,0,IN
TM-2022-01230,2022/23,629016,Marco Nasti,5,AC Milan,4031,Cosenza Calcio,LOAN,loan transfer,0,OUT
TM-2022-01231,2022/23,630812,Stefano Rubbi,2919,AC Monza,4553,US Pergolettese 1932,LOAN,loan transfer,0,OUT
TM-2022-01232,2022/23,630812,Stefano Rubbi,2919,AC Monza,5514,Calcio Lecco 1912,LOAN,loan transfer,0,OUT
TM-2022-01233,2022/23,630812,Stefano Rubbi,5514,Calcio Lecco 1912,2919,AC Monza,LOAN_RETURN_OR_END_OF_LOAN,End of loan 28/07/2022,0,IN
TM-2022-01234,2022/23,631007,Filippo Terracciano,16996,Hellas Verona Primavera,276,Hellas Verona,PERMANENT_OR_OTHER_EXPLICIT,-,0,IN
TM-2022-01235,2022/23,631420,Thomas Fimognari,41470,Borgaro Nobis 1965,416,Torino FC,LOAN_RETURN_OR_END_OF_LOAN,End of loan 30/06/2022,0,IN
TM-2022-01236,2022/23,631420,Thomas Fimognari,416,Torino FC,52075,ASD Stresa Vergante,FREE_TRANSFER,free transfer,0,OUT
TM-2022-01237,2022/23,632831,Nicolò Bertola,3522,Spezia Calcio,4339,Aquila Montevarchi 1902,LOAN,loan transfer,0,OUT
TM-2022-01238,2022/23,633377,Kaique Rocha,1038,UC Sampdoria,679,Club Athletico Paranaense,FREE_TRANSFER,free transfer,0,OUT
TM-2022-01239,2022/23,633377,Kaique Rocha,6600,Sport Club Internacional,1038,UC Sampdoria,LOAN_RETURN_OR_END_OF_LOAN,End of loan 31/12/2022,0,IN
TM-2022-01240,2022/23,633668,Giovanni Fabbian,46,Inter Milan,1386,Reggina 1914,LOAN,loan transfer,0,OUT
TM-2022-01241,2022/23,633668,Giovanni Fabbian,5380,Inter Milan Primavera,46,Inter Milan,PERMANENT_OR_OTHER_EXPLICIT,-,0,IN
TM-2022-01242,2022/23,637117,Altin Kryeziu,20656,NK Tabor Sezana,416,Torino FC,LOAN_RETURN_OR_END_OF_LOAN,End of loan 30/06/2022,0,IN
TM-2022-01243,2022/23,637117,Altin Kryeziu,416,Torino FC,790,NK Maribor,FREE_TRANSFER,free transfer,0,OUT
TM-2022-01244,2022/23,640109,Martín Satriano,3911,Stade Brestois 29,46,Inter Milan,LOAN_RETURN_OR_END_OF_LOAN,End of loan 30/06/2022,0,IN
TM-2022-01245,2022/23,640109,Martín Satriano,46,Inter Milan,749,FC Empoli,LOAN,loan transfer,1,IN+OUT
TM-2022-01246,2022/23,642689,Mikael,380,US Salernitana 1919,2863,América Futebol Clube (MG),LOAN,loan transfer,0,OUT
TM-2022-01247,2022/23,642689,Mikael,380,US Salernitana 1919,6600,Sport Club Internacional,LOAN,loan transfer,0,OUT
TM-2022-01248,2022/23,642689,Mikael,380,US Salernitana 1919,8718,Sport Club do Recife,LOAN_RETURN_OR_END_OF_LOAN,End of loan 30/06/2022,0,OUT
TM-2022-01249,2022/23,642689,Mikael,6600,Sport Club Internacional,380,US Salernitana 1919,LOAN_RETURN_OR_END_OF_LOAN,End of loan 31/01/2023,0,IN
TM-2022-01250,2022/23,642689,Mikael,8718,Sport Club do Recife,380,US Salernitana 1919,PERMANENT_OR_OTHER_EXPLICIT,€3.28m,0,IN
TM-2022-01251,2022/23,642967,Brayan Vera,1005,US Lecce,2352,CD América de Cali,PERMANENT_OR_OTHER_EXPLICIT,€300k,0,OUT
TM-2022-01252,2022/23,642967,Brayan Vera,2352,CD América de Cali,1005,US Lecce,LOAN_RETURN_OR_END_OF_LOAN,End of loan 31/12/2022,0,IN
TM-2022-01253,2022/23,644156,Luca Lombardi,2919,AC Monza,2921,Delfino Pescara 1936,PERMANENT_OR_OTHER_EXPLICIT,?,0,OUT
TM-2022-01254,2022/23,644156,Luca Lombardi,7030,Vis Pesaro 1898,2919,AC Monza,LOAN_RETURN_OR_END_OF_LOAN,End of loan 30/06/2022,0,IN
TM-2022-01255,2022/23,6442,Antonio Rosati,430,ACF Fiorentina,,Retired,RETIREMENT,-,0,OUT
TM-2022-01256,2022/23,644676,Bruno Amione,1386,Reggina 1914,276,Hellas Verona,LOAN_RETURN_OR_END_OF_LOAN,End of loan 30/06/2022,0,IN
TM-2022-01257,2022/23,644676,Bruno Amione,276,Hellas Verona,1038,UC Sampdoria,LOAN,loan transfer,1,IN+OUT
TM-2022-01258,2022/23,647534,Joel Voelkerling Persson,11997,Roma U19,1005,US Lecce,FREE_TRANSFER,free transfer,0,IN
TM-2022-01259,2022/23,648032,James Abankwah,1189,St. Patrick's Athletic,410,Udinese Calcio,LOAN_RETURN_OR_END_OF_LOAN,End of loan 30/06/2022,0,IN
TM-2022-01260,2022/23,650254,Jonathan Italeng,5514,Calcio Lecco 1912,800,Atalanta BC,LOAN_RETURN_OR_END_OF_LOAN,End of loan 30/06/2022,0,IN
TM-2022-01261,2022/23,650254,Jonathan Italeng,800,Atalanta BC,4339,Aquila Montevarchi 1902,LOAN,loan transfer,0,OUT
TM-2022-01262,2022/23,650255,Lorenzo Di Stefano,1038,UC Sampdoria,4326,AS Gubbio 1910,LOAN,loan transfer,0,OUT
TM-2022-01263,2022/23,650255,Lorenzo Di Stefano,1386,Reggina 1914,1038,UC Sampdoria,LOAN_RETURN_OR_END_OF_LOAN,End of loan 31/08/2022,0,IN
TM-2022-01264,2022/23,653415,Leonardo Buta,10789,SC Braga B,410,Udinese Calcio,PERMANENT_OR_OTHER_EXPLICIT,€2.00m,0,IN
TM-2022-01265,2022/23,655525,Yeferson Paz,19114,Sassuolo Primavera,6574,US Sassuolo,PERMANENT_OR_OTHER_EXPLICIT,-,0,IN
TM-2022-01266,2022/23,655525,Yeferson Paz,6574,US Sassuolo,839,AC Perugia Calcio,LOAN,loan transfer,0,OUT
TM-2022-01267,2022/23,657742,Joaquín Sosa,866,Club Nacional,1025,Bologna FC 1909,PERMANENT_OR_OTHER_EXPLICIT,€950k,0,IN
TM-2022-01268,2022/23,658244,Luigi Samele,4159,Carrarese Calcio 1908,6574,US Sassuolo,LOAN_RETURN_OR_END_OF_LOAN,End of loan 19/01/2023,0,IN
TM-2022-01269,2022/23,658244,Luigi Samele,6574,US Sassuolo,22249,Audace Cerignola,LOAN,loan transfer,0,OUT
TM-2022-01270,2022/23,658586,Matteo Fiorenza,12130,Torino Primavera,416,Torino FC,PERMANENT_OR_OTHER_EXPLICIT,-,0,IN
TM-2022-01271,2022/23,659516,Warren Bondo,1159,AS Nancy-Lorraine,2919,AC Monza,FREE_TRANSFER,free transfer,0,IN
TM-2022-01272,2022/23,659516,Warren Bondo,2919,AC Monza,1386,Reggina 1914,LOAN,loan transfer,0,OUT
TM-2022-01273,2022/23,662752,Luis Rojas,1025,Bologna FC 1909,4083,FC Crotone,LOAN_RETURN_OR_END_OF_LOAN,End of loan 30/06/2022,0,OUT
TM-2022-01274,2022/23,663320,Marco Bontempi,1038,UC Sampdoria,4163,US Fiorenzuola 1922,LOAN,loan transfer,0,OUT
TM-2022-01275,2022/23,663320,Marco Bontempi,46619,Arzignano Valchiampo,1038,UC Sampdoria,LOAN_RETURN_OR_END_OF_LOAN,End of loan 30/01/2023,0,IN
TM-2022-01276,2022/23,663900,Giovanni Bonfanti,76091,Atalanta Under 18,800,Atalanta BC,PERMANENT_OR_OTHER_EXPLICIT,-,0,IN
TM-2022-01277,2022/23,663900,Giovanni Bonfanti,800,Atalanta BC,14888,US Città di Pontedera,LOAN,loan transfer,0,OUT
TM-2022-01278,2022/23,667640,Alexandru Borbei,5618,Lecce Primavera,1005,US Lecce,PERMANENT_OR_OTHER_EXPLICIT,-,0,IN
TM-2022-01279,2022/23,668228,Matheus Martins,2462,Fluminense Football Club,410,Udinese Calcio,PERMANENT_OR_OTHER_EXPLICIT,€6.00m,0,IN
TM-2022-01280,2022/23,668228,Matheus Martins,410,Udinese Calcio,1010,Watford FC,LOAN,loan transfer,0,OUT
TM-2022-01281,2022/23,668951,Matías Soulé,41101,Juventus Next Gen,506,Juventus FC,PERMANENT_OR_OTHER_EXPLICIT,-,0,IN
TM-2022-01282,2022/23,671542,Daniel Samek,62,SK Slavia Prague,1005,US Lecce,PERMANENT_OR_OTHER_EXPLICIT,€2.00m,0,IN
TM-2022-01283,2022/23,671915,Enzo Barrenechea,41101,Juventus Next Gen,506,Juventus FC,PERMANENT_OR_OTHER_EXPLICIT,-,0,IN
TM-2022-01284,2022/23,673148,Alessio Piazza,1005,US Lecce,1104,ACR Messina,LOAN,loan transfer,0,OUT
TM-2022-01285,2022/23,673495,Emil Roback,10958,Milan Primavera,5,AC Milan,PERMANENT_OR_OTHER_EXPLICIT,-,0,IN
TM-2022-01286,2022/23,673495,Emil Roback,2778,FC Nordsjaelland,5,AC Milan,LOAN_RETURN_OR_END_OF_LOAN,End of loan 06/01/2023,0,IN
TM-2022-01287,2022/23,673495,Emil Roback,5,AC Milan,2778,FC Nordsjaelland,LOAN,loan transfer,0,OUT
TM-2022-01288,2022/23,673495,Emil Roback,5,AC Milan,2844,IFK Norrköping,LOAN,loan transfer,0,OUT
TM-2022-01289,2022/23,67556,Milan Djuric,380,US Salernitana 1919,276,Hellas Verona,FREE_TRANSFER,free transfer,1,IN+OUT
TM-2022-01290,2022/23,678441,Daniele Montevago,12001,Sampdoria Primavera,1038,UC Sampdoria,PERMANENT_OR_OTHER_EXPLICIT,-,0,IN
TM-2022-01291,2022/23,679754,Niklas Pyyhtiä,14848,Bologna Primavera,1025,Bologna FC 1909,PERMANENT_OR_OTHER_EXPLICIT,-,0,IN
TM-2022-01292,2022/23,682032,Marley Aké,506,Juventus FC,2969,Dijon FCO,LOAN,loan transfer,0,OUT
TM-2022-01293,2022/23,686965,Juan Cabal,8172,Atlético Nacional,276,Hellas Verona,PERMANENT_OR_OTHER_EXPLICIT,€3.50m,0,IN
TM-2022-01294,2022/23,690204,Davide Manarelli,24898,AC Renate,6574,US Sassuolo,LOAN_RETURN_OR_END_OF_LOAN,End of loan 30/06/2022,0,IN
TM-2022-01295,2022/23,690204,Davide Manarelli,6574,US Sassuolo,22294,US Viterbese 1908,FREE_TRANSFER,free transfer,0,OUT
TM-2022-01296,2022/23,691482,Jacopo Fazzini,8492,Empoli Primavera,749,FC Empoli,PERMANENT_OR_OTHER_EXPLICIT,-,0,IN
TM-2022-01297,2022/23,692209,Joan González,5618,Lecce Primavera,1005,US Lecce,PERMANENT_OR_OTHER_EXPLICIT,-,0,IN
TM-2022-01298,2022/23,69646,Jens Stryger,410,Udinese Calcio,449,Trabzonspor,FREE_TRANSFER,free transfer,0,OUT
TM-2022-01299,2022/23,698110,Lorenzo Malagrida,12001,Sampdoria Primavera,1038,UC Sampdoria,PERMANENT_OR_OTHER_EXPLICIT,-,0,IN
TM-2022-01300,2022/23,698548,Marko Lazetić,5,AC Milan,3551,SCR Altach,LOAN,Loan fee: €47k,0,OUT
TM-2022-01301,2022/23,699442,Kacper Urbański,14848,Bologna Primavera,1025,Bologna FC 1909,PERMANENT_OR_OTHER_EXPLICIT,-,0,IN
TM-2022-01302,2022/23,700053,Edoardo Iannoni,1388,Ancona Calcio,380,US Salernitana 1919,LOAN_RETURN_OR_END_OF_LOAN,End of loan 30/06/2022,0,IN
TM-2022-01303,2022/23,700053,Edoardo Iannoni,380,US Salernitana 1919,839,AC Perugia Calcio,LOAN,loan transfer,0,OUT
TM-2022-01304,2022/23,700643,Martin Turk,130,Parma Calcio 1913,1038,UC Sampdoria,LOAN,loan transfer,0,IN
TM-2022-01305,2022/23,701819,Daniele Ghilardi,276,Hellas Verona,2581,Mantova 1911,LOAN,loan transfer,0,OUT
TM-2022-01306,2022/23,701819,Daniele Ghilardi,430,ACF Fiorentina,276,Hellas Verona,PERMANENT_OR_OTHER_EXPLICIT,€5.63m,1,IN+OUT
TM-2022-01307,2022/23,703245,Antonio Vergara,12819,Napoli Primavera,6195,SSC Napoli,PERMANENT_OR_OTHER_EXPLICIT,-,0,IN
TM-2022-01308,2022/23,703245,Antonio Vergara,6195,SSC Napoli,26789,FC Pro Vercelli 1892,LOAN,loan transfer,0,OUT
TM-2022-01309,2022/23,704176,Destiny Egharevba,430,ACF Fiorentina,4163,US Fiorenzuola 1922,LOAN,loan transfer,0,OUT
TM-2022-01310,2022/23,704176,Destiny Egharevba,7030,Vis Pesaro 1898,430,ACF Fiorentina,LOAN_RETURN_OR_END_OF_LOAN,End of loan 13/01/2023,0,IN
TM-2022-01311,2022/23,704234,Diego Fornari,276,Hellas Verona,9816,Forlì FC,LOAN,loan transfer,0,OUT
TM-2022-01312,2022/23,704234,Diego Fornari,46293,Caldiero Terme,276,Hellas Verona,LOAN_RETURN_OR_END_OF_LOAN,End of loan 30/06/2022,0,IN
TM-2022-01313,2022/23,704347,Antonio Pio Iervolino,14968,Salernitana Primavera,380,US Salernitana 1919,PERMANENT_OR_OTHER_EXPLICIT,-,0,IN
TM-2022-01314,2022/23,704671,Lorenzo Campaner,1038,UC Sampdoria,2250,AC Prato,LOAN,loan transfer,0,OUT
TM-2022-01315,2022/23,704671,Lorenzo Campaner,4255,SS Arezzo,1038,UC Sampdoria,LOAN_RETURN_OR_END_OF_LOAN,End of loan 30/06/2022,0,IN
TM-2022-01316,2022/23,706380,Lado Akhalaia,12130,Torino Primavera,416,Torino FC,PERMANENT_OR_OTHER_EXPLICIT,-,0,IN
TM-2022-01317,2022/23,706380,Lado Akhalaia,416,Torino FC,9284,Swift Hesperange,LOAN,loan transfer,0,OUT
TM-2022-01318,2022/23,707295,Giuseppe Ambrosino,1047,Como 1907,6195,SSC Napoli,LOAN_RETURN_OR_END_OF_LOAN,End of loan 17/01/2023,0,IN
TM-2022-01319,2022/23,707295,Giuseppe Ambrosino,12819,Napoli Primavera,6195,SSC Napoli,PERMANENT_OR_OTHER_EXPLICIT,-,0,IN
TM-2022-01320,2022/23,707295,Giuseppe Ambrosino,6195,SSC Napoli,1047,Como 1907,LOAN,loan transfer,0,OUT
TM-2022-01321,2022/23,707295,Giuseppe Ambrosino,6195,SSC Napoli,4084,AS Cittadella,LOAN,loan transfer,0,OUT
TM-2022-01322,2022/23,707303,Samuele Lovaglio,416,Torino FC,22188,AC Crema 1908,FREE_TRANSFER,free transfer,0,OUT
TM-2022-01323,2022/23,707303,Samuele Lovaglio,61604,Nuova Florida Calcio,416,Torino FC,LOAN_RETURN_OR_END_OF_LOAN,End of loan 30/06/2022,0,IN
TM-2022-01324,2022/23,7093,Francesco Magnanelli,6574,US Sassuolo,,Retired,RETIREMENT,-,0,OUT
TM-2022-01325,2022/23,712911,Jasper Samooja,23075,FC Honka II,1005,US Lecce,PERMANENT_OR_OTHER_EXPLICIT,?,0,IN
TM-2022-01326,2022/23,715470,Brian Bayeye,4097,US Catanzaro,416,Torino FC,PERMANENT_OR_OTHER_EXPLICIT,€700k,0,IN
TM-2022-01327,2022/23,716411,Maissa Ndiaye,11997,Roma U19,2239,US Cremonese,PERMANENT_OR_OTHER_EXPLICIT,?,0,IN
TM-2022-01328,2022/23,716411,Maissa Ndiaye,2239,US Cremonese,2655,LR Vicenza,LOAN,loan transfer,0,OUT
TM-2022-01329,2022/23,724437,Kaleb Jiménez,380,US Salernitana 1919,2655,LR Vicenza,LOAN,loan transfer,0,OUT
TM-2022-01330,2022/23,724437,Kaleb Jiménez,4167,1913 Seregno Calcio,380,US Salernitana 1919,LOAN_RETURN_OR_END_OF_LOAN,End of loan 30/06/2022,0,IN
TM-2022-01331,2022/23,725242,Luca D'Andrea,19114,Sassuolo Primavera,6574,US Sassuolo,PERMANENT_OR_OTHER_EXPLICIT,-,0,IN
TM-2022-01332,2022/23,728516,Lovro Stubljar,18030,NK Domzale U19,749,FC Empoli,PERMANENT_OR_OTHER_EXPLICIT,?,0,IN
TM-2022-01333,2022/23,73090,Vid Belec,380,US Salernitana 1919,2784,APOEL Nicosia,PERMANENT_OR_OTHER_EXPLICIT,?,0,OUT
TM-2022-01334,2022/23,731491,Franco Carboni,1390,Cagliari Calcio,46,Inter Milan,LOAN_RETURN_OR_END_OF_LOAN,End of loan 23/01/2023,0,IN
TM-2022-01335,2022/23,731491,Franco Carboni,46,Inter Milan,1390,Cagliari Calcio,LOAN,loan transfer,0,OUT
TM-2022-01336,2022/23,731491,Franco Carboni,46,Inter Milan,2919,AC Monza,LOAN,loan transfer,1,IN+OUT
TM-2022-01337,2022/23,731491,Franco Carboni,5380,Inter Milan Primavera,46,Inter Milan,PERMANENT_OR_OTHER_EXPLICIT,-,0,IN
TM-2022-01338,2022/23,73396,David Ospina,6195,SSC Napoli,18544,Al-Nassr FC,FREE_TRANSFER,free transfer,0,OUT
TM-2022-01339,2022/23,743091,Emirhan İlkhan,114,Besiktas JK,416,Torino FC,PERMANENT_OR_OTHER_EXPLICIT,€4.90m,0,IN
TM-2022-01340,2022/23,743091,Emirhan İlkhan,416,Torino FC,1038,UC Sampdoria,LOAN,loan transfer,1,IN+OUT
TM-2022-01341,2022/23,745427,Gabriele Guarino,8492,Empoli Primavera,749,FC Empoli,PERMANENT_OR_OTHER_EXPLICIT,-,0,IN
TM-2022-01342,2022/23,74683,Nemanja Matić,985,Manchester United,12,AS Roma,FREE_TRANSFER,free transfer,0,IN
TM-2022-01343,2022/23,746891,Cristian Volpato,11997,Roma U19,12,AS Roma,PERMANENT_OR_OTHER_EXPLICIT,-,0,IN
TM-2022-01344,2022/23,75458,Robin Olsen,12,AS Roma,405,Aston Villa,PERMANENT_OR_OTHER_EXPLICIT,€3.50m,0,OUT
TM-2022-01345,2022/23,75458,Robin Olsen,405,Aston Villa,12,AS Roma,LOAN_RETURN_OR_END_OF_LOAN,End of loan 30/06/2022,0,IN
TM-2022-01346,2022/23,75615,Douglas Costa,1061,Los Angeles Galaxy,506,Juventus FC,LOAN_RETURN_OR_END_OF_LOAN,End of loan 31/12/2022,0,IN
TM-2022-01347,2022/23,75615,Douglas Costa,506,Juventus FC,1061,Los Angeles Galaxy,FREE_TRANSFER,free transfer,0,OUT
TM-2022-01348,2022/23,75942,Tomás Rincón,1038,UC Sampdoria,416,Torino FC,LOAN_RETURN_OR_END_OF_LOAN,End of loan 30/06/2022,1,IN+OUT
TM-2022-01349,2022/23,75942,Tomás Rincón,416,Torino FC,1038,UC Sampdoria,FREE_TRANSFER,free transfer,1,IN+OUT
TM-2022-01350,2022/23,77825,Etrit Berisha,2722,SPAL,416,Torino FC,PERMANENT_OR_OTHER_EXPLICIT,€300k,0,IN
TM-2022-01351,2022/23,77825,Etrit Berisha,416,Torino FC,2722,SPAL,LOAN_RETURN_OR_END_OF_LOAN,End of loan 30/06/2022,0,OUT
TM-2022-01352,2022/23,7825,Pepe Reina,398,SS Lazio,1050,Villarreal CF,FREE_TRANSFER,free transfer,0,OUT
TM-2022-01353,2022/23,787618,Valentín Carboni,5380,Inter Milan Primavera,46,Inter Milan,PERMANENT_OR_OTHER_EXPLICIT,-,0,IN
TM-2022-01354,2022/23,787907,Benjamin Tahirović,11997,Roma U19,12,AS Roma,PERMANENT_OR_OTHER_EXPLICIT,-,0,IN
TM-2022-01355,2022/23,79242,Gabriel,1005,US Lecce,776,Coritiba Foot Ball Club,FREE_TRANSFER,free transfer,0,OUT
TM-2022-01356,2022/23,795431,Tio Cipot,4059,NS Mura,3522,Spezia Calcio,PERMANENT_OR_OTHER_EXPLICIT,€1.06m,0,IN
TM-2022-01357,2022/23,798929,Gvidas Gineitis,12130,Torino Primavera,416,Torino FC,PERMANENT_OR_OTHER_EXPLICIT,-,0,IN
TM-2022-01358,2022/23,802512,Julius Beck,14893,Spezia Primavera,3522,Spezia Calcio,PERMANENT_OR_OTHER_EXPLICIT,-,0,IN
TM-2022-01359,2022/23,80351,Josip Ilicic,800,Atalanta BC,515,Without Club,FREE_AGENT_OR_END_OF_CONTRACT,-,0,OUT
TM-2022-01360,2022/23,805338,Clemente Crisci,22275,AS Bisceglie 1913,380,US Salernitana 1919,LOAN_RETURN_OR_END_OF_LOAN,End of loan 30/06/2022,0,IN
TM-2022-01361,2022/23,805338,Clemente Crisci,380,US Salernitana 1919,4093,Taranto SS,FREE_TRANSFER,free transfer,0,OUT
TM-2022-01362,2022/23,805696,Mats Lemmens,5618,Lecce Primavera,1005,US Lecce,PERMANENT_OR_OTHER_EXPLICIT,-,0,IN
TM-2022-01363,2022/23,808224,Andres Sfait,10131,SV Grödig,380,US Salernitana 1919,FREE_TRANSFER,free transfer,0,IN
TM-2022-01364,2022/23,812625,Agustín Álvarez,861,CA Peñarol,6574,US Sassuolo,PERMANENT_OR_OTHER_EXPLICIT,€12.00m,0,IN
TM-2022-01365,2022/23,814439,Duccio Lazzeri,2250,AC Prato,749,FC Empoli,LOAN_RETURN_OR_END_OF_LOAN,End of loan 31/12/2022,0,IN
TM-2022-01366,2022/23,814439,Duccio Lazzeri,749,FC Empoli,80892,Polisportiva Firenze Ovest,LOAN,loan transfer,0,OUT
TM-2022-01367,2022/23,816930,Andrei Motoc,14968,Salernitana Primavera,380,US Salernitana 1919,PERMANENT_OR_OTHER_EXPLICIT,-,0,IN
TM-2022-01368,2022/23,816930,Andrei Motoc,380,US Salernitana 1919,1387,ACR Siena 1904,LOAN,loan transfer,0,OUT
TM-2022-01369,2022/23,81789,Maya Yoshida,1038,UC Sampdoria,33,FC Schalke 04,FREE_TRANSFER,free transfer,0,OUT
TM-2022-01370,2022/23,818878,Wisdom Amey,14848,Bologna Primavera,1025,Bologna FC 1909,PERMANENT_OR_OTHER_EXPLICIT,-,0,IN
TM-2022-01371,2022/23,818888,Antonio Raimondo,14848,Bologna Primavera,1025,Bologna FC 1909,PERMANENT_OR_OTHER_EXPLICIT,-,0,IN
TM-2022-01372,2022/23,818892,Nicola Bagnolini,14848,Bologna Primavera,1025,Bologna FC 1909,PERMANENT_OR_OTHER_EXPLICIT,-,0,IN
TM-2022-01373,2022/23,84344,Davide Santon,12,AS Roma,515,Without Club,FREE_AGENT_OR_END_OF_CONTRACT,-,0,OUT
TM-2022-01374,2022/23,84442,Leonardo Capezzi,380,US Salernitana 1919,839,AC Perugia Calcio,PERMANENT_OR_OTHER_EXPLICIT,?,0,OUT
TM-2022-01375,2022/23,84765,Francesco Caputo,1038,UC Sampdoria,6574,US Sassuolo,LOAN_RETURN_OR_END_OF_LOAN,End of loan 30/06/2022,1,IN+OUT
TM-2022-01376,2022/23,84765,Francesco Caputo,1038,UC Sampdoria,749,FC Empoli,LOAN,loan transfer,1,IN+OUT
TM-2022-01377,2022/23,84765,Francesco Caputo,6574,US Sassuolo,1038,UC Sampdoria,PERMANENT_OR_OTHER_EXPLICIT,€4.00m,1,IN+OUT
TM-2022-01378,2022/23,84766,Francesco Di Tacchio,380,US Salernitana 1919,1103,Ternana Calcio,PERMANENT_OR_OTHER_EXPLICIT,?,0,OUT
TM-2022-01379,2022/23,85208,Matteo Scozzarella,2919,AC Monza,515,Without Club,FREE_AGENT_OR_END_OF_CONTRACT,-,0,OUT
TM-2022-01380,2022/23,85393,Nicolas Viola,1025,Bologna FC 1909,1390,Cagliari Calcio,FREE_TRANSFER,free transfer,0,OUT
TM-2022-01381,2022/23,872380,Felix Afena-Gyan,12,AS Roma,2239,US Cremonese,PERMANENT_OR_OTHER_EXPLICIT,€6.00m,1,IN+OUT
TM-2022-01382,2022/23,876400,Simone Pafundi,10959,Udinese Primavera,410,Udinese Calcio,PERMANENT_OR_OTHER_EXPLICIT,-,0,IN
TM-2022-01383,2022/23,88683,Mattia Destro,252,Genoa CFC,749,FC Empoli,FREE_TRANSFER,free transfer,0,IN
TM-2022-01384,2022/23,88706,Simone Romagnoli,130,Parma Calcio 1913,1005,US Lecce,PERMANENT_OR_OTHER_EXPLICIT,?,0,IN
TM-2022-01385,2022/23,88706,Simone Romagnoli,749,FC Empoli,130,Parma Calcio 1913,FREE_TRANSFER,free transfer,0,OUT
TM-2022-01386,2022/23,89086,Aleksandr Kokorin,430,ACF Fiorentina,10586,Aris Limassol,LOAN,loan transfer,0,OUT
TM-2022-01387,2022/23,899543,Marco Delle Monache,1038,UC Sampdoria,2921,Delfino Pescara 1936,LOAN,loan transfer,0,OUT
TM-2022-01388,2022/23,899543,Marco Delle Monache,2921,Delfino Pescara 1936,1038,UC Sampdoria,PERMANENT_OR_OTHER_EXPLICIT,€1.50m,0,IN
TM-2022-01389,2022/23,925584,Axel Guessand,10840,AS Nancy-Lorraine B,410,Udinese Calcio,FREE_TRANSFER,free transfer,0,IN
TM-2022-01390,2022/23,92899,Marvin Zeegelaar,410,Udinese Calcio,515,Without Club,FREE_AGENT_OR_END_OF_CONTRACT,-,0,OUT
TM-2022-01391,2022/23,92899,Marvin Zeegelaar,515,Without Club,410,Udinese Calcio,FREE_AGENT_OR_END_OF_CONTRACT,-,0,IN
TM-2022-01392,2022/23,93128,Kalidou Koulibaly,6195,SSC Napoli,631,Chelsea FC,PERMANENT_OR_OTHER_EXPLICIT,€41.90m,0,OUT
TM-2022-01393,2022/23,94307,Filip Djuricic,6574,US Sassuolo,1038,UC Sampdoria,FREE_TRANSFER,free transfer,1,IN+OUT
TM-2022-01394,2022/23,96341,Romelu Lukaku,631,Chelsea FC,46,Inter Milan,LOAN,Loan fee: €7.86m,0,IN
TM-2022-01395,2022/23,96630,Ante Coric,260,FC Zürich,12,AS Roma,LOAN_RETURN_OR_END_OF_LOAN,End of loan 30/06/2022,0,IN
TM-2022-01396,2022/23,96758,Alessandro Crescenzi,2239,US Cremonese,515,Without Club,FREE_AGENT_OR_END_OF_CONTRACT,-,0,OUT
TM-2022-01397,2022/23,96828,Simone Zaza,416,Torino FC,515,Without Club,FREE_AGENT_OR_END_OF_CONTRACT,-,0,OUT
TM-2022-01398,2022/23,982267,Ibrahim Sulemana,16996,Hellas Verona Primavera,276,Hellas Verona,PERMANENT_OR_OTHER_EXPLICIT,-,0,IN
TM-2022-01399,2022/23,988862,Moustapha Cissé,11998,Atalanta Primavera,800,Atalanta BC,PERMANENT_OR_OTHER_EXPLICIT,-,0,IN
TM-2022-01400,2022/23,988862,Moustapha Cissé,4172,Pisa Sporting Club,800,Atalanta BC,LOAN_RETURN_OR_END_OF_LOAN,End of loan 29/01/2023,0,IN
TM-2022-01401,2022/23,988862,Moustapha Cissé,800,Atalanta BC,4172,Pisa Sporting Club,LOAN,Loan fee: €500k,0,OUT
TM-2022-01402,2022/23,988862,Moustapha Cissé,800,Atalanta BC,4554,FC Südtirol,LOAN,loan transfer,0,OUT
TM-2022-01403,2022/23,99180,Federico Santander,1025,Bologna FC 1909,1386,Reggina 1914,FREE_TRANSFER,free transfer,0,OUT
TM-2022-01404,2022/23,99254,Luigi Sepe,130,Parma Calcio 1913,380,US Salernitana 1919,FREE_TRANSFER,free transfer,0,IN
TM-2022-01405,2022/23,99254,Luigi Sepe,380,US Salernitana 1919,130,Parma Calcio 1913,LOAN_RETURN_OR_END_OF_LOAN,End of loan 30/06/2022,0,OUT
