season,association_code,country,competition,competition_level,team,league_size,played,wins,draws,losses,goals_for,goals_against,goal_difference,points,points_per_game,goal_difference_per_game,ppg_percentile,percentile_basis,table_basis,source,source_ref,source_path,source_git_blob_sha,source_file_sha256
2021-22,ENG,England,Premier League,1,Manchester City FC,20,38,29,6,3,99,26,73,93,2.4473684210526314,1.9210526315789473,1,within_competition_season_ppg_tie_averaged,completed_regular_season_match_results_3_1_0,openfootball/england,https://github.com/openfootball/england/blob/master/2021-22/1-premierleague.txt,2021-22/1-premierleague.txt,d7e11e9134bfd03a7e847848f50029473bf9af9a,592df232fbc7c2f36ec3e643eef608f77fcbf7d8da0706c94c99248d60b932b3
2021-22,ENG,England,Premier League,1,Liverpool FC,20,38,28,8,2,94,26,68,92,2.4210526315789473,1.7894736842105263,0.9473684210526315,within_competition_season_ppg_tie_averaged,completed_regular_season_match_results_3_1_0,openfootball/england,https://github.com/openfootball/england/blob/master/2021-22/1-premierleague.txt,2021-22/1-premierleague.txt,d7e11e9134bfd03a7e847848f50029473bf9af9a,592df232fbc7c2f36ec3e643eef608f77fcbf7d8da0706c94c99248d60b932b3
2021-22,ENG,England,Premier League,1,Chelsea FC,20,38,21,11,6,76,33,43,74,1.9473684210526316,1.131578947368421,0.8947368421052632,within_competition_season_ppg_tie_averaged,completed_regular_season_match_results_3_1_0,openfootball/england,https://github.com/openfootball/england/blob/master/2021-22/1-premierleague.txt,2021-22/1-premierleague.txt,d7e11e9134bfd03a7e847848f50029473bf9af9a,592df232fbc7c2f36ec3e643eef608f77fcbf7d8da0706c94c99248d60b932b3
2021-22,ENG,England,Premier League,1,Tottenham Hotspur FC,20,38,22,5,11,69,40,29,71,1.868421052631579,0.7631578947368421,0.8421052631578947,within_competition_season_ppg_tie_averaged,completed_regular_season_match_results_3_1_0,openfootball/england,https://github.com/openfootball/england/blob/master/2021-22/1-premierleague.txt,2021-22/1-premierleague.txt,d7e11e9134bfd03a7e847848f50029473bf9af9a,592df232fbc7c2f36ec3e643eef608f77fcbf7d8da0706c94c99248d60b932b3
2021-22,ENG,England,Premier League,1,Arsenal FC,20,38,22,3,13,61,48,13,69,1.8157894736842106,0.34210526315789475,0.7894736842105263,within_competition_season_ppg_tie_averaged,completed_regular_season_match_results_3_1_0,openfootball/england,https://github.com/openfootball/england/blob/master/2021-22/1-premierleague.txt,2021-22/1-premierleague.txt,d7e11e9134bfd03a7e847848f50029473bf9af9a,592df232fbc7c2f36ec3e643eef608f77fcbf7d8da0706c94c99248d60b932b3
2021-22,ENG,England,Premier League,1,Manchester United FC,20,38,16,10,12,57,57,0,58,1.5263157894736843,0,0.7368421052631579,within_competition_season_ppg_tie_averaged,completed_regular_season_match_results_3_1_0,openfootball/england,https://github.com/openfootball/england/blob/master/2021-22/1-premierleague.txt,2021-22/1-premierleague.txt,d7e11e9134bfd03a7e847848f50029473bf9af9a,592df232fbc7c2f36ec3e643eef608f77fcbf7d8da0706c94c99248d60b932b3
2021-22,ENG,England,Premier League,1,West Ham United FC,20,38,16,8,14,60,51,9,56,1.4736842105263157,0.23684210526315788,0.6842105263157895,within_competition_season_ppg_tie_averaged,completed_regular_season_match_results_3_1_0,openfootball/england,https://github.com/openfootball/england/blob/master/2021-22/1-premierleague.txt,2021-22/1-premierleague.txt,d7e11e9134bfd03a7e847848f50029473bf9af9a,592df232fbc7c2f36ec3e643eef608f77fcbf7d8da0706c94c99248d60b932b3
2021-22,ENG,England,Premier League,1,Leicester City FC,20,38,14,10,14,62,59,3,52,1.368421052631579,0.07894736842105263,0.631578947368421,within_competition_season_ppg_tie_averaged,completed_regular_season_match_results_3_1_0,openfootball/england,https://github.com/openfootball/england/blob/master/2021-22/1-premierleague.txt,2021-22/1-premierleague.txt,d7e11e9134bfd03a7e847848f50029473bf9af9a,592df232fbc7c2f36ec3e643eef608f77fcbf7d8da0706c94c99248d60b932b3
2021-22,ENG,England,Premier League,1,Brighton & Hove Albion FC,20,38,12,15,11,42,44,-2,51,1.3421052631578947,-0.05263157894736842,0.5526315789473685,within_competition_season_ppg_tie_averaged,completed_regular_season_match_results_3_1_0,openfootball/england,https://github.com/openfootball/england/blob/master/2021-22/1-premierleague.txt,2021-22/1-premierleague.txt,d7e11e9134bfd03a7e847848f50029473bf9af9a,592df232fbc7c2f36ec3e643eef608f77fcbf7d8da0706c94c99248d60b932b3
2021-22,ENG,England,Premier League,1,Wolverhampton Wanderers FC,20,38,15,6,17,38,43,-5,51,1.3421052631578947,-0.13157894736842105,0.5526315789473685,within_competition_season_ppg_tie_averaged,completed_regular_season_match_results_3_1_0,openfootball/england,https://github.com/openfootball/england/blob/master/2021-22/1-premierleague.txt,2021-22/1-premierleague.txt,d7e11e9134bfd03a7e847848f50029473bf9af9a,592df232fbc7c2f36ec3e643eef608f77fcbf7d8da0706c94c99248d60b932b3
2021-22,ENG,England,Premier League,1,Newcastle United FC,20,38,13,10,15,44,62,-18,49,1.2894736842105263,-0.47368421052631576,0.47368421052631576,within_competition_season_ppg_tie_averaged,completed_regular_season_match_results_3_1_0,openfootball/england,https://github.com/openfootball/england/blob/master/2021-22/1-premierleague.txt,2021-22/1-premierleague.txt,d7e11e9134bfd03a7e847848f50029473bf9af9a,592df232fbc7c2f36ec3e643eef608f77fcbf7d8da0706c94c99248d60b932b3
2021-22,ENG,England,Premier League,1,Crystal Palace FC,20,38,11,15,12,50,46,4,48,1.263157894736842,0.10526315789473684,0.42105263157894735,within_competition_season_ppg_tie_averaged,completed_regular_season_match_results_3_1_0,openfootball/england,https://github.com/openfootball/england/blob/master/2021-22/1-premierleague.txt,2021-22/1-premierleague.txt,d7e11e9134bfd03a7e847848f50029473bf9af9a,592df232fbc7c2f36ec3e643eef608f77fcbf7d8da0706c94c99248d60b932b3
2021-22,ENG,England,Premier League,1,Brentford FC,20,38,13,7,18,48,56,-8,46,1.2105263157894737,-0.21052631578947367,0.3684210526315789,within_competition_season_ppg_tie_averaged,completed_regular_season_match_results_3_1_0,openfootball/england,https://github.com/openfootball/england/blob/master/2021-22/1-premierleague.txt,2021-22/1-premierleague.txt,d7e11e9134bfd03a7e847848f50029473bf9af9a,592df232fbc7c2f36ec3e643eef608f77fcbf7d8da0706c94c99248d60b932b3
2021-22,ENG,England,Premier League,1,Aston Villa FC,20,38,13,6,19,52,54,-2,45,1.1842105263157894,-0.05263157894736842,0.3157894736842105,within_competition_season_ppg_tie_averaged,completed_regular_season_match_results_3_1_0,openfootball/england,https://github.com/openfootball/england/blob/master/2021-22/1-premierleague.txt,2021-22/1-premierleague.txt,d7e11e9134bfd03a7e847848f50029473bf9af9a,592df232fbc7c2f36ec3e643eef608f77fcbf7d8da0706c94c99248d60b932b3
2021-22,ENG,England,Premier League,1,Southampton FC,20,38,9,13,16,43,67,-24,40,1.0526315789473684,-0.631578947368421,0.2631578947368421,within_competition_season_ppg_tie_averaged,completed_regular_season_match_results_3_1_0,openfootball/england,https://github.com/openfootball/england/blob/master/2021-22/1-premierleague.txt,2021-22/1-premierleague.txt,d7e11e9134bfd03a7e847848f50029473bf9af9a,592df232fbc7c2f36ec3e643eef608f77fcbf7d8da0706c94c99248d60b932b3
2021-22,ENG,England,Premier League,1,Everton FC,20,38,11,6,21,43,66,-23,39,1.0263157894736843,-0.6052631578947368,0.21052631578947367,within_competition_season_ppg_tie_averaged,completed_regular_season_match_results_3_1_0,openfootball/england,https://github.com/openfootball/england/blob/master/2021-22/1-premierleague.txt,2021-22/1-premierleague.txt,d7e11e9134bfd03a7e847848f50029473bf9af9a,592df232fbc7c2f36ec3e643eef608f77fcbf7d8da0706c94c99248d60b932b3
2021-22,ENG,England,Premier League,1,Leeds United FC,20,38,9,11,18,42,79,-37,38,1,-0.9736842105263158,0.15789473684210525,within_competition_season_ppg_tie_averaged,completed_regular_season_match_results_3_1_0,openfootball/england,https://github.com/openfootball/england/blob/master/2021-22/1-premierleague.txt,2021-22/1-premierleague.txt,d7e11e9134bfd03a7e847848f50029473bf9af9a,592df232fbc7c2f36ec3e643eef608f77fcbf7d8da0706c94c99248d60b932b3
2021-22,ENG,England,Premier League,1,Burnley FC,20,38,7,14,17,34,53,-19,35,0.9210526315789473,-0.5,0.10526315789473684,within_competition_season_ppg_tie_averaged,completed_regular_season_match_results_3_1_0,openfootball/england,https://github.com/openfootball/england/blob/master/2021-22/1-premierleague.txt,2021-22/1-premierleague.txt,d7e11e9134bfd03a7e847848f50029473bf9af9a,592df232fbc7c2f36ec3e643eef608f77fcbf7d8da0706c94c99248d60b932b3
2021-22,ENG,England,Premier League,1,Watford FC,20,38,6,5,27,34,77,-43,23,0.6052631578947368,-1.131578947368421,0.05263157894736842,within_competition_season_ppg_tie_averaged,completed_regular_season_match_results_3_1_0,openfootball/england,https://github.com/openfootball/england/blob/master/2021-22/1-premierleague.txt,2021-22/1-premierleague.txt,d7e11e9134bfd03a7e847848f50029473bf9af9a,592df232fbc7c2f36ec3e643eef608f77fcbf7d8da0706c94c99248d60b932b3
2021-22,ENG,England,Premier League,1,Norwich City FC,20,38,5,7,26,23,84,-61,22,0.5789473684210527,-1.605263157894737,0,within_competition_season_ppg_tie_averaged,completed_regular_season_match_results_3_1_0,openfootball/england,https://github.com/openfootball/england/blob/master/2021-22/1-premierleague.txt,2021-22/1-premierleague.txt,d7e11e9134bfd03a7e847848f50029473bf9af9a,592df232fbc7c2f36ec3e643eef608f77fcbf7d8da0706c94c99248d60b932b3
2022-23,ENG,England,Premier League,1,Manchester City FC,20,38,28,5,5,94,33,61,89,2.3421052631578947,1.605263157894737,1,within_competition_season_ppg_tie_averaged,completed_regular_season_match_results_3_1_0,openfootball/england,https://github.com/openfootball/england/blob/master/2022-23/1-premierleague.txt,2022-23/1-premierleague.txt,3ef9d512d2150732c18ff6e39c9d7b20f446a050,c85a2f8ac64975435b8359eb923eaa09e48f33d47672c8b32d2c6e99a8cec5f0
2022-23,ENG,England,Premier League,1,Arsenal FC,20,38,26,6,6,88,43,45,84,2.210526315789474,1.1842105263157894,0.9473684210526315,within_competition_season_ppg_tie_averaged,completed_regular_season_match_results_3_1_0,openfootball/england,https://github.com/openfootball/england/blob/master/2022-23/1-premierleague.txt,2022-23/1-premierleague.txt,3ef9d512d2150732c18ff6e39c9d7b20f446a050,c85a2f8ac64975435b8359eb923eaa09e48f33d47672c8b32d2c6e99a8cec5f0
2022-23,ENG,England,Premier League,1,Manchester United FC,20,38,23,6,9,58,43,15,75,1.9736842105263157,0.39473684210526316,0.8947368421052632,within_competition_season_ppg_tie_averaged,completed_regular_season_match_results_3_1_0,openfootball/england,https://github.com/openfootball/england/blob/master/2022-23/1-premierleague.txt,2022-23/1-premierleague.txt,3ef9d512d2150732c18ff6e39c9d7b20f446a050,c85a2f8ac64975435b8359eb923eaa09e48f33d47672c8b32d2c6e99a8cec5f0
2022-23,ENG,England,Premier League,1,Newcastle United FC,20,38,19,14,5,68,33,35,71,1.868421052631579,0.9210526315789473,0.8421052631578947,within_competition_season_ppg_tie_averaged,completed_regular_season_match_results_3_1_0,openfootball/england,https://github.com/openfootball/england/blob/master/2022-23/1-premierleague.txt,2022-23/1-premierleague.txt,3ef9d512d2150732c18ff6e39c9d7b20f446a050,c85a2f8ac64975435b8359eb923eaa09e48f33d47672c8b32d2c6e99a8cec5f0
2022-23,ENG,England,Premier League,1,Liverpool FC,20,38,19,10,9,75,47,28,67,1.763157894736842,0.7368421052631579,0.7894736842105263,within_competition_season_ppg_tie_averaged,completed_regular_season_match_results_3_1_0,openfootball/england,https://github.com/openfootball/england/blob/master/2022-23/1-premierleague.txt,2022-23/1-premierleague.txt,3ef9d512d2150732c18ff6e39c9d7b20f446a050,c85a2f8ac64975435b8359eb923eaa09e48f33d47672c8b32d2c6e99a8cec5f0
2022-23,ENG,England,Premier League,1,Brighton & Hove Albion FC,20,38,18,8,12,72,53,19,62,1.631578947368421,0.5,0.7368421052631579,within_competition_season_ppg_tie_averaged,completed_regular_season_match_results_3_1_0,openfootball/england,https://github.com/openfootball/england/blob/master/2022-23/1-premierleague.txt,2022-23/1-premierleague.txt,3ef9d512d2150732c18ff6e39c9d7b20f446a050,c85a2f8ac64975435b8359eb923eaa09e48f33d47672c8b32d2c6e99a8cec5f0
2022-23,ENG,England,Premier League,1,Aston Villa FC,20,38,18,7,13,51,46,5,61,1.605263157894737,0.13157894736842105,0.6842105263157895,within_competition_season_ppg_tie_averaged,completed_regular_season_match_results_3_1_0,openfootball/england,https://github.com/openfootball/england/blob/master/2022-23/1-premierleague.txt,2022-23/1-premierleague.txt,3ef9d512d2150732c18ff6e39c9d7b20f446a050,c85a2f8ac64975435b8359eb923eaa09e48f33d47672c8b32d2c6e99a8cec5f0
2022-23,ENG,England,Premier League,1,Tottenham Hotspur FC,20,38,18,6,14,70,63,7,60,1.5789473684210527,0.18421052631578946,0.631578947368421,within_competition_season_ppg_tie_averaged,completed_regular_season_match_results_3_1_0,openfootball/england,https://github.com/openfootball/england/blob/master/2022-23/1-premierleague.txt,2022-23/1-premierleague.txt,3ef9d512d2150732c18ff6e39c9d7b20f446a050,c85a2f8ac64975435b8359eb923eaa09e48f33d47672c8b32d2c6e99a8cec5f0
2022-23,ENG,England,Premier League,1,Brentford FC,20,38,15,14,9,58,46,12,59,1.5526315789473684,0.3157894736842105,0.5789473684210527,within_competition_season_ppg_tie_averaged,completed_regular_season_match_results_3_1_0,openfootball/england,https://github.com/openfootball/england/blob/master/2022-23/1-premierleague.txt,2022-23/1-premierleague.txt,3ef9d512d2150732c18ff6e39c9d7b20f446a050,c85a2f8ac64975435b8359eb923eaa09e48f33d47672c8b32d2c6e99a8cec5f0
2022-23,ENG,England,Premier League,1,Fulham FC,20,38,15,7,16,55,53,2,52,1.368421052631579,0.05263157894736842,0.5263157894736842,within_competition_season_ppg_tie_averaged,completed_regular_season_match_results_3_1_0,openfootball/england,https://github.com/openfootball/england/blob/master/2022-23/1-premierleague.txt,2022-23/1-premierleague.txt,3ef9d512d2150732c18ff6e39c9d7b20f446a050,c85a2f8ac64975435b8359eb923eaa09e48f33d47672c8b32d2c6e99a8cec5f0
2022-23,ENG,England,Premier League,1,Crystal Palace FC,20,38,11,12,15,40,49,-9,45,1.1842105263157894,-0.23684210526315788,0.47368421052631576,within_competition_season_ppg_tie_averaged,completed_regular_season_match_results_3_1_0,openfootball/england,https://github.com/openfootball/england/blob/master/2022-23/1-premierleague.txt,2022-23/1-premierleague.txt,3ef9d512d2150732c18ff6e39c9d7b20f446a050,c85a2f8ac64975435b8359eb923eaa09e48f33d47672c8b32d2c6e99a8cec5f0
2022-23,ENG,England,Premier League,1,Chelsea FC,20,38,11,11,16,38,47,-9,44,1.1578947368421053,-0.23684210526315788,0.42105263157894735,within_competition_season_ppg_tie_averaged,completed_regular_season_match_results_3_1_0,openfootball/england,https://github.com/openfootball/england/blob/master/2022-23/1-premierleague.txt,2022-23/1-premierleague.txt,3ef9d512d2150732c18ff6e39c9d7b20f446a050,c85a2f8ac64975435b8359eb923eaa09e48f33d47672c8b32d2c6e99a8cec5f0
2022-23,ENG,England,Premier League,1,Wolverhampton Wanderers FC,20,38,11,8,19,31,58,-27,41,1.0789473684210527,-0.7105263157894737,0.3684210526315789,within_competition_season_ppg_tie_averaged,completed_regular_season_match_results_3_1_0,openfootball/england,https://github.com/openfootball/england/blob/master/2022-23/1-premierleague.txt,2022-23/1-premierleague.txt,3ef9d512d2150732c18ff6e39c9d7b20f446a050,c85a2f8ac64975435b8359eb923eaa09e48f33d47672c8b32d2c6e99a8cec5f0
2022-23,ENG,England,Premier League,1,West Ham United FC,20,38,11,7,20,42,55,-13,40,1.0526315789473684,-0.34210526315789475,0.3157894736842105,within_competition_season_ppg_tie_averaged,completed_regular_season_match_results_3_1_0,openfootball/england,https://github.com/openfootball/england/blob/master/2022-23/1-premierleague.txt,2022-23/1-premierleague.txt,3ef9d512d2150732c18ff6e39c9d7b20f446a050,c85a2f8ac64975435b8359eb923eaa09e48f33d47672c8b32d2c6e99a8cec5f0
2022-23,ENG,England,Premier League,1,AFC Bournemouth,20,38,11,6,21,37,71,-34,39,1.0263157894736843,-0.8947368421052632,0.2631578947368421,within_competition_season_ppg_tie_averaged,completed_regular_season_match_results_3_1_0,openfootball/england,https://github.com/openfootball/england/blob/master/2022-23/1-premierleague.txt,2022-23/1-premierleague.txt,3ef9d512d2150732c18ff6e39c9d7b20f446a050,c85a2f8ac64975435b8359eb923eaa09e48f33d47672c8b32d2c6e99a8cec5f0
2022-23,ENG,England,Premier League,1,Nottingham Forest FC,20,38,9,11,18,38,68,-30,38,1,-0.7894736842105263,0.21052631578947367,within_competition_season_ppg_tie_averaged,completed_regular_season_match_results_3_1_0,openfootball/england,https://github.com/openfootball/england/blob/master/2022-23/1-premierleague.txt,2022-23/1-premierleague.txt,3ef9d512d2150732c18ff6e39c9d7b20f446a050,c85a2f8ac64975435b8359eb923eaa09e48f33d47672c8b32d2c6e99a8cec5f0
2022-23,ENG,England,Premier League,1,Everton FC,20,38,8,12,18,34,57,-23,36,0.9473684210526315,-0.6052631578947368,0.15789473684210525,within_competition_season_ppg_tie_averaged,completed_regular_season_match_results_3_1_0,openfootball/england,https://github.com/openfootball/england/blob/master/2022-23/1-premierleague.txt,2022-23/1-premierleague.txt,3ef9d512d2150732c18ff6e39c9d7b20f446a050,c85a2f8ac64975435b8359eb923eaa09e48f33d47672c8b32d2c6e99a8cec5f0
2022-23,ENG,England,Premier League,1,Leicester City FC,20,38,9,7,22,51,68,-17,34,0.8947368421052632,-0.4473684210526316,0.10526315789473684,within_competition_season_ppg_tie_averaged,completed_regular_season_match_results_3_1_0,openfootball/england,https://github.com/openfootball/england/blob/master/2022-23/1-premierleague.txt,2022-23/1-premierleague.txt,3ef9d512d2150732c18ff6e39c9d7b20f446a050,c85a2f8ac64975435b8359eb923eaa09e48f33d47672c8b32d2c6e99a8cec5f0
2022-23,ENG,England,Premier League,1,Leeds United FC,20,38,7,10,21,48,78,-30,31,0.8157894736842105,-0.7894736842105263,0.05263157894736842,within_competition_season_ppg_tie_averaged,completed_regular_season_match_results_3_1_0,openfootball/england,https://github.com/openfootball/england/blob/master/2022-23/1-premierleague.txt,2022-23/1-premierleague.txt,3ef9d512d2150732c18ff6e39c9d7b20f446a050,c85a2f8ac64975435b8359eb923eaa09e48f33d47672c8b32d2c6e99a8cec5f0
2022-23,ENG,England,Premier League,1,Southampton FC,20,38,6,7,25,36,73,-37,25,0.6578947368421053,-0.9736842105263158,0,within_competition_season_ppg_tie_averaged,completed_regular_season_match_results_3_1_0,openfootball/england,https://github.com/openfootball/england/blob/master/2022-23/1-premierleague.txt,2022-23/1-premierleague.txt,3ef9d512d2150732c18ff6e39c9d7b20f446a050,c85a2f8ac64975435b8359eb923eaa09e48f33d47672c8b32d2c6e99a8cec5f0
2023-24,ENG,England,Premier League,1,Manchester City FC,20,38,28,7,3,96,34,62,91,2.3947368421052633,1.631578947368421,1,within_competition_season_ppg_tie_averaged,completed_regular_season_match_results_3_1_0,openfootball/england,https://github.com/openfootball/england/blob/master/2023-24/1-premierleague.txt,2023-24/1-premierleague.txt,23cdd8a340b72f6f30c514fbf609d5cf252723aa,0bfb4a7fffe0b1bf7318955686eafeb28fc9676346ae433259e7409d69551450
2023-24,ENG,England,Premier League,1,Arsenal FC,20,38,28,5,5,91,29,62,89,2.3421052631578947,1.631578947368421,0.9473684210526315,within_competition_season_ppg_tie_averaged,completed_regular_season_match_results_3_1_0,openfootball/england,https://github.com/openfootball/england/blob/master/2023-24/1-premierleague.txt,2023-24/1-premierleague.txt,23cdd8a340b72f6f30c514fbf609d5cf252723aa,0bfb4a7fffe0b1bf7318955686eafeb28fc9676346ae433259e7409d69551450
2023-24,ENG,England,Premier League,1,Liverpool FC,20,38,24,10,4,86,41,45,82,2.1578947368421053,1.1842105263157894,0.8947368421052632,within_competition_season_ppg_tie_averaged,completed_regular_season_match_results_3_1_0,openfootball/england,https://github.com/openfootball/england/blob/master/2023-24/1-premierleague.txt,2023-24/1-premierleague.txt,23cdd8a340b72f6f30c514fbf609d5cf252723aa,0bfb4a7fffe0b1bf7318955686eafeb28fc9676346ae433259e7409d69551450
2023-24,ENG,England,Premier League,1,Aston Villa FC,20,38,20,8,10,76,61,15,68,1.7894736842105263,0.39473684210526316,0.8421052631578947,within_competition_season_ppg_tie_averaged,completed_regular_season_match_results_3_1_0,openfootball/england,https://github.com/openfootball/england/blob/master/2023-24/1-premierleague.txt,2023-24/1-premierleague.txt,23cdd8a340b72f6f30c514fbf609d5cf252723aa,0bfb4a7fffe0b1bf7318955686eafeb28fc9676346ae433259e7409d69551450
2023-24,ENG,England,Premier League,1,Tottenham Hotspur FC,20,38,20,6,12,74,61,13,66,1.736842105263158,0.34210526315789475,0.7894736842105263,within_competition_season_ppg_tie_averaged,completed_regular_season_match_results_3_1_0,openfootball/england,https://github.com/openfootball/england/blob/master/2023-24/1-premierleague.txt,2023-24/1-premierleague.txt,23cdd8a340b72f6f30c514fbf609d5cf252723aa,0bfb4a7fffe0b1bf7318955686eafeb28fc9676346ae433259e7409d69551450
2023-24,ENG,England,Premier League,1,Chelsea FC,20,38,18,9,11,77,63,14,63,1.6578947368421053,0.3684210526315789,0.7368421052631579,within_competition_season_ppg_tie_averaged,completed_regular_season_match_results_3_1_0,openfootball/england,https://github.com/openfootball/england/blob/master/2023-24/1-premierleague.txt,2023-24/1-premierleague.txt,23cdd8a340b72f6f30c514fbf609d5cf252723aa,0bfb4a7fffe0b1bf7318955686eafeb28fc9676346ae433259e7409d69551450
2023-24,ENG,England,Premier League,1,Newcastle United FC,20,38,18,6,14,85,62,23,60,1.5789473684210527,0.6052631578947368,0.6578947368421053,within_competition_season_ppg_tie_averaged,completed_regular_season_match_results_3_1_0,openfootball/england,https://github.com/openfootball/england/blob/master/2023-24/1-premierleague.txt,2023-24/1-premierleague.txt,23cdd8a340b72f6f30c514fbf609d5cf252723aa,0bfb4a7fffe0b1bf7318955686eafeb28fc9676346ae433259e7409d69551450
2023-24,ENG,England,Premier League,1,Manchester United FC,20,38,18,6,14,57,58,-1,60,1.5789473684210527,-0.02631578947368421,0.6578947368421053,within_competition_season_ppg_tie_averaged,completed_regular_season_match_results_3_1_0,openfootball/england,https://github.com/openfootball/england/blob/master/2023-24/1-premierleague.txt,2023-24/1-premierleague.txt,23cdd8a340b72f6f30c514fbf609d5cf252723aa,0bfb4a7fffe0b1bf7318955686eafeb28fc9676346ae433259e7409d69551450
2023-24,ENG,England,Premier League,1,West Ham United FC,20,38,14,10,14,60,74,-14,52,1.368421052631579,-0.3684210526315789,0.5789473684210527,within_competition_season_ppg_tie_averaged,completed_regular_season_match_results_3_1_0,openfootball/england,https://github.com/openfootball/england/blob/master/2023-24/1-premierleague.txt,2023-24/1-premierleague.txt,23cdd8a340b72f6f30c514fbf609d5cf252723aa,0bfb4a7fffe0b1bf7318955686eafeb28fc9676346ae433259e7409d69551450
2023-24,ENG,England,Premier League,1,Crystal Palace FC,20,38,13,10,15,57,58,-1,49,1.2894736842105263,-0.02631578947368421,0.5263157894736842,within_competition_season_ppg_tie_averaged,completed_regular_season_match_results_3_1_0,openfootball/england,https://github.com/openfootball/england/blob/master/2023-24/1-premierleague.txt,2023-24/1-premierleague.txt,23cdd8a340b72f6f30c514fbf609d5cf252723aa,0bfb4a7fffe0b1bf7318955686eafeb28fc9676346ae433259e7409d69551450
2023-24,ENG,England,Premier League,1,Brighton & Hove Albion FC,20,38,12,12,14,55,62,-7,48,1.263157894736842,-0.18421052631578946,0.42105263157894735,within_competition_season_ppg_tie_averaged,completed_regular_season_match_results_3_1_0,openfootball/england,https://github.com/openfootball/england/blob/master/2023-24/1-premierleague.txt,2023-24/1-premierleague.txt,23cdd8a340b72f6f30c514fbf609d5cf252723aa,0bfb4a7fffe0b1bf7318955686eafeb28fc9676346ae433259e7409d69551450
2023-24,ENG,England,Premier League,1,Everton FC,20,38,13,9,16,40,51,-11,48,1.263157894736842,-0.2894736842105263,0.42105263157894735,within_competition_season_ppg_tie_averaged,completed_regular_season_match_results_3_1_0,openfootball/england,https://github.com/openfootball/england/blob/master/2023-24/1-premierleague.txt,2023-24/1-premierleague.txt,23cdd8a340b72f6f30c514fbf609d5cf252723aa,0bfb4a7fffe0b1bf7318955686eafeb28fc9676346ae433259e7409d69551450
2023-24,ENG,England,Premier League,1,AFC Bournemouth,20,38,13,9,16,54,67,-13,48,1.263157894736842,-0.34210526315789475,0.42105263157894735,within_competition_season_ppg_tie_averaged,completed_regular_season_match_results_3_1_0,openfootball/england,https://github.com/openfootball/england/blob/master/2023-24/1-premierleague.txt,2023-24/1-premierleague.txt,23cdd8a340b72f6f30c514fbf609d5cf252723aa,0bfb4a7fffe0b1bf7318955686eafeb28fc9676346ae433259e7409d69551450
2023-24,ENG,England,Premier League,1,Fulham FC,20,38,13,8,17,55,61,-6,47,1.236842105263158,-0.15789473684210525,0.3157894736842105,within_competition_season_ppg_tie_averaged,completed_regular_season_match_results_3_1_0,openfootball/england,https://github.com/openfootball/england/blob/master/2023-24/1-premierleague.txt,2023-24/1-premierleague.txt,23cdd8a340b72f6f30c514fbf609d5cf252723aa,0bfb4a7fffe0b1bf7318955686eafeb28fc9676346ae433259e7409d69551450
2023-24,ENG,England,Premier League,1,Wolverhampton Wanderers FC,20,38,13,7,18,50,65,-15,46,1.2105263157894737,-0.39473684210526316,0.2631578947368421,within_competition_season_ppg_tie_averaged,completed_regular_season_match_results_3_1_0,openfootball/england,https://github.com/openfootball/england/blob/master/2023-24/1-premierleague.txt,2023-24/1-premierleague.txt,23cdd8a340b72f6f30c514fbf609d5cf252723aa,0bfb4a7fffe0b1bf7318955686eafeb28fc9676346ae433259e7409d69551450
2023-24,ENG,England,Premier League,1,Brentford FC,20,38,10,9,19,56,65,-9,39,1.0263157894736843,-0.23684210526315788,0.21052631578947367,within_competition_season_ppg_tie_averaged,completed_regular_season_match_results_3_1_0,openfootball/england,https://github.com/openfootball/england/blob/master/2023-24/1-premierleague.txt,2023-24/1-premierleague.txt,23cdd8a340b72f6f30c514fbf609d5cf252723aa,0bfb4a7fffe0b1bf7318955686eafeb28fc9676346ae433259e7409d69551450
2023-24,ENG,England,Premier League,1,Nottingham Forest FC,20,38,9,9,20,49,67,-18,36,0.9473684210526315,-0.47368421052631576,0.15789473684210525,within_competition_season_ppg_tie_averaged,completed_regular_season_match_results_3_1_0,openfootball/england,https://github.com/openfootball/england/blob/master/2023-24/1-premierleague.txt,2023-24/1-premierleague.txt,23cdd8a340b72f6f30c514fbf609d5cf252723aa,0bfb4a7fffe0b1bf7318955686eafeb28fc9676346ae433259e7409d69551450
2023-24,ENG,England,Premier League,1,Luton Town FC,20,38,6,8,24,52,85,-33,26,0.6842105263157895,-0.868421052631579,0.10526315789473684,within_competition_season_ppg_tie_averaged,completed_regular_season_match_results_3_1_0,openfootball/england,https://github.com/openfootball/england/blob/master/2023-24/1-premierleague.txt,2023-24/1-premierleague.txt,23cdd8a340b72f6f30c514fbf609d5cf252723aa,0bfb4a7fffe0b1bf7318955686eafeb28fc9676346ae433259e7409d69551450
2023-24,ENG,England,Premier League,1,Burnley FC,20,38,5,9,24,41,78,-37,24,0.631578947368421,-0.9736842105263158,0.05263157894736842,within_competition_season_ppg_tie_averaged,completed_regular_season_match_results_3_1_0,openfootball/england,https://github.com/openfootball/england/blob/master/2023-24/1-premierleague.txt,2023-24/1-premierleague.txt,23cdd8a340b72f6f30c514fbf609d5cf252723aa,0bfb4a7fffe0b1bf7318955686eafeb28fc9676346ae433259e7409d69551450
2023-24,ENG,England,Premier League,1,Sheffield United FC,20,38,3,7,28,35,104,-69,16,0.42105263157894735,-1.8157894736842106,0,within_competition_season_ppg_tie_averaged,completed_regular_season_match_results_3_1_0,openfootball/england,https://github.com/openfootball/england/blob/master/2023-24/1-premierleague.txt,2023-24/1-premierleague.txt,23cdd8a340b72f6f30c514fbf609d5cf252723aa,0bfb4a7fffe0b1bf7318955686eafeb28fc9676346ae433259e7409d69551450
2024-25,ENG,England,Premier League,1,Liverpool FC,20,38,25,9,4,86,41,45,84,2.210526315789474,1.1842105263157894,1,within_competition_season_ppg_tie_averaged,completed_regular_season_match_results_3_1_0,openfootball/england,https://github.com/openfootball/england/blob/master/2024-25/1-premierleague.txt,2024-25/1-premierleague.txt,ca0fe4923f0164d0f879f796ab0759253e13bc06,e39716b01af0c8654a9fae7b5555e6b02f506ea05239e0d0eef41936ba80e1e3
2024-25,ENG,England,Premier League,1,Arsenal FC,20,38,20,14,4,69,34,35,74,1.9473684210526316,0.9210526315789473,0.9473684210526315,within_competition_season_ppg_tie_averaged,completed_regular_season_match_results_3_1_0,openfootball/england,https://github.com/openfootball/england/blob/master/2024-25/1-premierleague.txt,2024-25/1-premierleague.txt,ca0fe4923f0164d0f879f796ab0759253e13bc06,e39716b01af0c8654a9fae7b5555e6b02f506ea05239e0d0eef41936ba80e1e3
2024-25,ENG,England,Premier League,1,Manchester City FC,20,38,21,8,9,72,44,28,71,1.868421052631579,0.7368421052631579,0.8947368421052632,within_competition_season_ppg_tie_averaged,completed_regular_season_match_results_3_1_0,openfootball/england,https://github.com/openfootball/england/blob/master/2024-25/1-premierleague.txt,2024-25/1-premierleague.txt,ca0fe4923f0164d0f879f796ab0759253e13bc06,e39716b01af0c8654a9fae7b5555e6b02f506ea05239e0d0eef41936ba80e1e3
2024-25,ENG,England,Premier League,1,Chelsea FC,20,38,20,9,9,64,43,21,69,1.8157894736842106,0.5526315789473685,0.8421052631578947,within_competition_season_ppg_tie_averaged,completed_regular_season_match_results_3_1_0,openfootball/england,https://github.com/openfootball/england/blob/master/2024-25/1-premierleague.txt,2024-25/1-premierleague.txt,ca0fe4923f0164d0f879f796ab0759253e13bc06,e39716b01af0c8654a9fae7b5555e6b02f506ea05239e0d0eef41936ba80e1e3
2024-25,ENG,England,Premier League,1,Newcastle United FC,20,38,20,6,12,68,47,21,66,1.736842105263158,0.5526315789473685,0.7631578947368421,within_competition_season_ppg_tie_averaged,completed_regular_season_match_results_3_1_0,openfootball/england,https://github.com/openfootball/england/blob/master/2024-25/1-premierleague.txt,2024-25/1-premierleague.txt,ca0fe4923f0164d0f879f796ab0759253e13bc06,e39716b01af0c8654a9fae7b5555e6b02f506ea05239e0d0eef41936ba80e1e3
2024-25,ENG,England,Premier League,1,Aston Villa FC,20,38,19,9,10,58,51,7,66,1.736842105263158,0.18421052631578946,0.7631578947368421,within_competition_season_ppg_tie_averaged,completed_regular_season_match_results_3_1_0,openfootball/england,https://github.com/openfootball/england/blob/master/2024-25/1-premierleague.txt,2024-25/1-premierleague.txt,ca0fe4923f0164d0f879f796ab0759253e13bc06,e39716b01af0c8654a9fae7b5555e6b02f506ea05239e0d0eef41936ba80e1e3
2024-25,ENG,England,Premier League,1,Nottingham Forest FC,20,38,19,8,11,58,46,12,65,1.7105263157894737,0.3157894736842105,0.6842105263157895,within_competition_season_ppg_tie_averaged,completed_regular_season_match_results_3_1_0,openfootball/england,https://github.com/openfootball/england/blob/master/2024-25/1-premierleague.txt,2024-25/1-premierleague.txt,ca0fe4923f0164d0f879f796ab0759253e13bc06,e39716b01af0c8654a9fae7b5555e6b02f506ea05239e0d0eef41936ba80e1e3
2024-25,ENG,England,Premier League,1,Brighton & Hove Albion FC,20,38,16,13,9,66,59,7,61,1.605263157894737,0.18421052631578946,0.631578947368421,within_competition_season_ppg_tie_averaged,completed_regular_season_match_results_3_1_0,openfootball/england,https://github.com/openfootball/england/blob/master/2024-25/1-premierleague.txt,2024-25/1-premierleague.txt,ca0fe4923f0164d0f879f796ab0759253e13bc06,e39716b01af0c8654a9fae7b5555e6b02f506ea05239e0d0eef41936ba80e1e3
2024-25,ENG,England,Premier League,1,AFC Bournemouth,20,38,15,11,12,58,46,12,56,1.4736842105263157,0.3157894736842105,0.5526315789473685,within_competition_season_ppg_tie_averaged,completed_regular_season_match_results_3_1_0,openfootball/england,https://github.com/openfootball/england/blob/master/2024-25/1-premierleague.txt,2024-25/1-premierleague.txt,ca0fe4923f0164d0f879f796ab0759253e13bc06,e39716b01af0c8654a9fae7b5555e6b02f506ea05239e0d0eef41936ba80e1e3
2024-25,ENG,England,Premier League,1,Brentford FC,20,38,16,8,14,66,57,9,56,1.4736842105263157,0.23684210526315788,0.5526315789473685,within_competition_season_ppg_tie_averaged,completed_regular_season_match_results_3_1_0,openfootball/england,https://github.com/openfootball/england/blob/master/2024-25/1-premierleague.txt,2024-25/1-premierleague.txt,ca0fe4923f0164d0f879f796ab0759253e13bc06,e39716b01af0c8654a9fae7b5555e6b02f506ea05239e0d0eef41936ba80e1e3
2024-25,ENG,England,Premier League,1,Fulham FC,20,38,15,9,14,54,54,0,54,1.4210526315789473,0,0.47368421052631576,within_competition_season_ppg_tie_averaged,completed_regular_season_match_results_3_1_0,openfootball/england,https://github.com/openfootball/england/blob/master/2024-25/1-premierleague.txt,2024-25/1-premierleague.txt,ca0fe4923f0164d0f879f796ab0759253e13bc06,e39716b01af0c8654a9fae7b5555e6b02f506ea05239e0d0eef41936ba80e1e3
2024-25,ENG,England,Premier League,1,Crystal Palace FC,20,38,13,14,11,51,51,0,53,1.394736842105263,0,0.42105263157894735,within_competition_season_ppg_tie_averaged,completed_regular_season_match_results_3_1_0,openfootball/england,https://github.com/openfootball/england/blob/master/2024-25/1-premierleague.txt,2024-25/1-premierleague.txt,ca0fe4923f0164d0f879f796ab0759253e13bc06,e39716b01af0c8654a9fae7b5555e6b02f506ea05239e0d0eef41936ba80e1e3
2024-25,ENG,England,Premier League,1,Everton FC,20,38,11,15,12,42,44,-2,48,1.263157894736842,-0.05263157894736842,0.3684210526315789,within_competition_season_ppg_tie_averaged,completed_regular_season_match_results_3_1_0,openfootball/england,https://github.com/openfootball/england/blob/master/2024-25/1-premierleague.txt,2024-25/1-premierleague.txt,ca0fe4923f0164d0f879f796ab0759253e13bc06,e39716b01af0c8654a9fae7b5555e6b02f506ea05239e0d0eef41936ba80e1e3
2024-25,ENG,England,Premier League,1,West Ham United FC,20,38,11,10,17,46,62,-16,43,1.131578947368421,-0.42105263157894735,0.3157894736842105,within_competition_season_ppg_tie_averaged,completed_regular_season_match_results_3_1_0,openfootball/england,https://github.com/openfootball/england/blob/master/2024-25/1-premierleague.txt,2024-25/1-premierleague.txt,ca0fe4923f0164d0f879f796ab0759253e13bc06,e39716b01af0c8654a9fae7b5555e6b02f506ea05239e0d0eef41936ba80e1e3
2024-25,ENG,England,Premier League,1,Manchester United FC,20,38,11,9,18,44,54,-10,42,1.105263157894737,-0.2631578947368421,0.23684210526315788,within_competition_season_ppg_tie_averaged,completed_regular_season_match_results_3_1_0,openfootball/england,https://github.com/openfootball/england/blob/master/2024-25/1-premierleague.txt,2024-25/1-premierleague.txt,ca0fe4923f0164d0f879f796ab0759253e13bc06,e39716b01af0c8654a9fae7b5555e6b02f506ea05239e0d0eef41936ba80e1e3
2024-25,ENG,England,Premier League,1,Wolverhampton Wanderers FC,20,38,12,6,20,54,69,-15,42,1.105263157894737,-0.39473684210526316,0.23684210526315788,within_competition_season_ppg_tie_averaged,completed_regular_season_match_results_3_1_0,openfootball/england,https://github.com/openfootball/england/blob/master/2024-25/1-premierleague.txt,2024-25/1-premierleague.txt,ca0fe4923f0164d0f879f796ab0759253e13bc06,e39716b01af0c8654a9fae7b5555e6b02f506ea05239e0d0eef41936ba80e1e3
2024-25,ENG,England,Premier League,1,Tottenham Hotspur FC,20,38,11,5,22,64,65,-1,38,1,-0.02631578947368421,0.15789473684210525,within_competition_season_ppg_tie_averaged,completed_regular_season_match_results_3_1_0,openfootball/england,https://github.com/openfootball/england/blob/master/2024-25/1-premierleague.txt,2024-25/1-premierleague.txt,ca0fe4923f0164d0f879f796ab0759253e13bc06,e39716b01af0c8654a9fae7b5555e6b02f506ea05239e0d0eef41936ba80e1e3
2024-25,ENG,England,Premier League,1,Leicester City FC,20,38,6,7,25,33,80,-47,25,0.6578947368421053,-1.236842105263158,0.10526315789473684,within_competition_season_ppg_tie_averaged,completed_regular_season_match_results_3_1_0,openfootball/england,https://github.com/openfootball/england/blob/master/2024-25/1-premierleague.txt,2024-25/1-premierleague.txt,ca0fe4923f0164d0f879f796ab0759253e13bc06,e39716b01af0c8654a9fae7b5555e6b02f506ea05239e0d0eef41936ba80e1e3
2024-25,ENG,England,Premier League,1,Ipswich Town FC,20,38,4,10,24,36,82,-46,22,0.5789473684210527,-1.2105263157894737,0.05263157894736842,within_competition_season_ppg_tie_averaged,completed_regular_season_match_results_3_1_0,openfootball/england,https://github.com/openfootball/england/blob/master/2024-25/1-premierleague.txt,2024-25/1-premierleague.txt,ca0fe4923f0164d0f879f796ab0759253e13bc06,e39716b01af0c8654a9fae7b5555e6b02f506ea05239e0d0eef41936ba80e1e3
2024-25,ENG,England,Premier League,1,Southampton FC,20,38,2,6,30,26,86,-60,12,0.3157894736842105,-1.5789473684210527,0,within_competition_season_ppg_tie_averaged,completed_regular_season_match_results_3_1_0,openfootball/england,https://github.com/openfootball/england/blob/master/2024-25/1-premierleague.txt,2024-25/1-premierleague.txt,ca0fe4923f0164d0f879f796ab0759253e13bc06,e39716b01af0c8654a9fae7b5555e6b02f506ea05239e0d0eef41936ba80e1e3
2025-26,ENG,England,Premier League,1,Arsenal,20,38,26,7,5,71,27,44,85,2.236842105263158,1.1578947368421053,1,within_competition_season_ppg_tie_averaged,completed_regular_season_match_results_3_1_0,openfootball/england,https://github.com/openfootball/england/blob/master/2025-26/1-premierleague.txt,2025-26/1-premierleague.txt,918adf1c0af4f613c73530cb528ab0df72461cfb,38c1de56c9e9b6662c7efc1420b7e1fe00dddbb502fe72d8f759e773ba3c093b
2025-26,ENG,England,Premier League,1,Manchester City,20,38,23,9,6,77,35,42,78,2.0526315789473686,1.105263157894737,0.9473684210526315,within_competition_season_ppg_tie_averaged,completed_regular_season_match_results_3_1_0,openfootball/england,https://github.com/openfootball/england/blob/master/2025-26/1-premierleague.txt,2025-26/1-premierleague.txt,918adf1c0af4f613c73530cb528ab0df72461cfb,38c1de56c9e9b6662c7efc1420b7e1fe00dddbb502fe72d8f759e773ba3c093b
2025-26,ENG,England,Premier League,1,Manchester United,20,38,20,11,7,69,50,19,71,1.868421052631579,0.5,0.8947368421052632,within_competition_season_ppg_tie_averaged,completed_regular_season_match_results_3_1_0,openfootball/england,https://github.com/openfootball/england/blob/master/2025-26/1-premierleague.txt,2025-26/1-premierleague.txt,918adf1c0af4f613c73530cb528ab0df72461cfb,38c1de56c9e9b6662c7efc1420b7e1fe00dddbb502fe72d8f759e773ba3c093b
2025-26,ENG,England,Premier League,1,Aston Villa,20,38,19,8,11,56,49,7,65,1.7105263157894737,0.18421052631578946,0.8421052631578947,within_competition_season_ppg_tie_averaged,completed_regular_season_match_results_3_1_0,openfootball/england,https://github.com/openfootball/england/blob/master/2025-26/1-premierleague.txt,2025-26/1-premierleague.txt,918adf1c0af4f613c73530cb528ab0df72461cfb,38c1de56c9e9b6662c7efc1420b7e1fe00dddbb502fe72d8f759e773ba3c093b
2025-26,ENG,England,Premier League,1,Liverpool,20,38,17,9,12,63,53,10,60,1.5789473684210527,0.2631578947368421,0.7894736842105263,within_competition_season_ppg_tie_averaged,completed_regular_season_match_results_3_1_0,openfootball/england,https://github.com/openfootball/england/blob/master/2025-26/1-premierleague.txt,2025-26/1-premierleague.txt,918adf1c0af4f613c73530cb528ab0df72461cfb,38c1de56c9e9b6662c7efc1420b7e1fe00dddbb502fe72d8f759e773ba3c093b
2025-26,ENG,England,Premier League,1,Bournemouth,20,38,13,18,7,58,54,4,57,1.5,0.10526315789473684,0.7368421052631579,within_competition_season_ppg_tie_averaged,completed_regular_season_match_results_3_1_0,openfootball/england,https://github.com/openfootball/england/blob/master/2025-26/1-premierleague.txt,2025-26/1-premierleague.txt,918adf1c0af4f613c73530cb528ab0df72461cfb,38c1de56c9e9b6662c7efc1420b7e1fe00dddbb502fe72d8f759e773ba3c093b
2025-26,ENG,England,Premier League,1,Sunderland,20,38,14,12,12,42,48,-6,54,1.4210526315789473,-0.15789473684210525,0.6842105263157895,within_competition_season_ppg_tie_averaged,completed_regular_season_match_results_3_1_0,openfootball/england,https://github.com/openfootball/england/blob/master/2025-26/1-premierleague.txt,2025-26/1-premierleague.txt,918adf1c0af4f613c73530cb528ab0df72461cfb,38c1de56c9e9b6662c7efc1420b7e1fe00dddbb502fe72d8f759e773ba3c093b
2025-26,ENG,England,Premier League,1,Brighton & Hove Albion,20,38,14,11,13,52,46,6,53,1.394736842105263,0.15789473684210525,0.6052631578947368,within_competition_season_ppg_tie_averaged,completed_regular_season_match_results_3_1_0,openfootball/england,https://github.com/openfootball/england/blob/master/2025-26/1-premierleague.txt,2025-26/1-premierleague.txt,918adf1c0af4f613c73530cb528ab0df72461cfb,38c1de56c9e9b6662c7efc1420b7e1fe00dddbb502fe72d8f759e773ba3c093b
2025-26,ENG,England,Premier League,1,Brentford,20,38,14,11,13,55,52,3,53,1.394736842105263,0.07894736842105263,0.6052631578947368,within_competition_season_ppg_tie_averaged,completed_regular_season_match_results_3_1_0,openfootball/england,https://github.com/openfootball/england/blob/master/2025-26/1-premierleague.txt,2025-26/1-premierleague.txt,918adf1c0af4f613c73530cb528ab0df72461cfb,38c1de56c9e9b6662c7efc1420b7e1fe00dddbb502fe72d8f759e773ba3c093b
2025-26,ENG,England,Premier League,1,Chelsea FC,20,38,14,10,14,58,52,6,52,1.368421052631579,0.15789473684210525,0.5,within_competition_season_ppg_tie_averaged,completed_regular_season_match_results_3_1_0,openfootball/england,https://github.com/openfootball/england/blob/master/2025-26/1-premierleague.txt,2025-26/1-premierleague.txt,918adf1c0af4f613c73530cb528ab0df72461cfb,38c1de56c9e9b6662c7efc1420b7e1fe00dddbb502fe72d8f759e773ba3c093b
2025-26,ENG,England,Premier League,1,Fulham,20,38,15,7,16,47,51,-4,52,1.368421052631579,-0.10526315789473684,0.5,within_competition_season_ppg_tie_averaged,completed_regular_season_match_results_3_1_0,openfootball/england,https://github.com/openfootball/england/blob/master/2025-26/1-premierleague.txt,2025-26/1-premierleague.txt,918adf1c0af4f613c73530cb528ab0df72461cfb,38c1de56c9e9b6662c7efc1420b7e1fe00dddbb502fe72d8f759e773ba3c093b
2025-26,ENG,England,Premier League,1,Newcastle United,20,38,14,7,17,53,55,-2,49,1.2894736842105263,-0.05263157894736842,0.39473684210526316,within_competition_season_ppg_tie_averaged,completed_regular_season_match_results_3_1_0,openfootball/england,https://github.com/openfootball/england/blob/master/2025-26/1-premierleague.txt,2025-26/1-premierleague.txt,918adf1c0af4f613c73530cb528ab0df72461cfb,38c1de56c9e9b6662c7efc1420b7e1fe00dddbb502fe72d8f759e773ba3c093b
2025-26,ENG,England,Premier League,1,Everton,20,38,13,10,15,47,50,-3,49,1.2894736842105263,-0.07894736842105263,0.39473684210526316,within_competition_season_ppg_tie_averaged,completed_regular_season_match_results_3_1_0,openfootball/england,https://github.com/openfootball/england/blob/master/2025-26/1-premierleague.txt,2025-26/1-premierleague.txt,918adf1c0af4f613c73530cb528ab0df72461cfb,38c1de56c9e9b6662c7efc1420b7e1fe00dddbb502fe72d8f759e773ba3c093b
2025-26,ENG,England,Premier League,1,Leeds United,20,38,11,14,13,49,56,-7,47,1.236842105263158,-0.18421052631578946,0.3157894736842105,within_competition_season_ppg_tie_averaged,completed_regular_season_match_results_3_1_0,openfootball/england,https://github.com/openfootball/england/blob/master/2025-26/1-premierleague.txt,2025-26/1-premierleague.txt,918adf1c0af4f613c73530cb528ab0df72461cfb,38c1de56c9e9b6662c7efc1420b7e1fe00dddbb502fe72d8f759e773ba3c093b
2025-26,ENG,England,Premier League,1,Crystal Palace,20,38,11,12,15,41,51,-10,45,1.1842105263157894,-0.2631578947368421,0.2631578947368421,within_competition_season_ppg_tie_averaged,completed_regular_season_match_results_3_1_0,openfootball/england,https://github.com/openfootball/england/blob/master/2025-26/1-premierleague.txt,2025-26/1-premierleague.txt,918adf1c0af4f613c73530cb528ab0df72461cfb,38c1de56c9e9b6662c7efc1420b7e1fe00dddbb502fe72d8f759e773ba3c093b
2025-26,ENG,England,Premier League,1,Nottingham Forest,20,38,11,11,16,48,51,-3,44,1.1578947368421053,-0.07894736842105263,0.21052631578947367,within_competition_season_ppg_tie_averaged,completed_regular_season_match_results_3_1_0,openfootball/england,https://github.com/openfootball/england/blob/master/2025-26/1-premierleague.txt,2025-26/1-premierleague.txt,918adf1c0af4f613c73530cb528ab0df72461cfb,38c1de56c9e9b6662c7efc1420b7e1fe00dddbb502fe72d8f759e773ba3c093b
2025-26,ENG,England,Premier League,1,Tottenham Hotspur,20,38,10,11,17,48,57,-9,41,1.0789473684210527,-0.23684210526315788,0.15789473684210525,within_competition_season_ppg_tie_averaged,completed_regular_season_match_results_3_1_0,openfootball/england,https://github.com/openfootball/england/blob/master/2025-26/1-premierleague.txt,2025-26/1-premierleague.txt,918adf1c0af4f613c73530cb528ab0df72461cfb,38c1de56c9e9b6662c7efc1420b7e1fe00dddbb502fe72d8f759e773ba3c093b
2025-26,ENG,England,Premier League,1,West Ham United,20,38,10,9,19,46,65,-19,39,1.0263157894736843,-0.5,0.10526315789473684,within_competition_season_ppg_tie_averaged,completed_regular_season_match_results_3_1_0,openfootball/england,https://github.com/openfootball/england/blob/master/2025-26/1-premierleague.txt,2025-26/1-premierleague.txt,918adf1c0af4f613c73530cb528ab0df72461cfb,38c1de56c9e9b6662c7efc1420b7e1fe00dddbb502fe72d8f759e773ba3c093b
2025-26,ENG,England,Premier League,1,Burnley,20,38,4,10,24,38,75,-37,22,0.5789473684210527,-0.9736842105263158,0.05263157894736842,within_competition_season_ppg_tie_averaged,completed_regular_season_match_results_3_1_0,openfootball/england,https://github.com/openfootball/england/blob/master/2025-26/1-premierleague.txt,2025-26/1-premierleague.txt,918adf1c0af4f613c73530cb528ab0df72461cfb,38c1de56c9e9b6662c7efc1420b7e1fe00dddbb502fe72d8f759e773ba3c093b
2025-26,ENG,England,Premier League,1,Wolverhampton Wanderers,20,38,3,11,24,27,68,-41,20,0.5263157894736842,-1.0789473684210527,0,within_competition_season_ppg_tie_averaged,completed_regular_season_match_results_3_1_0,openfootball/england,https://github.com/openfootball/england/blob/master/2025-26/1-premierleague.txt,2025-26/1-premierleague.txt,918adf1c0af4f613c73530cb528ab0df72461cfb,38c1de56c9e9b6662c7efc1420b7e1fe00dddbb502fe72d8f759e773ba3c093b
2021-22,GER,Germany,Bundesliga,1,FC Bayern München,18,34,24,5,5,97,37,60,77,2.264705882352941,1.7647058823529411,1,within_competition_season_ppg_tie_averaged,completed_regular_season_match_results_3_1_0,openfootball/deutschland,https://github.com/openfootball/deutschland/blob/master/2021-22/1-bundesliga.txt,2021-22/1-bundesliga.txt,2d947fda8b18472ad518468c2842d5c6eea1d015,46032813d658fb2003281e1e2d05cfb68716c1d7c79aca009f2758b49243887c
2021-22,GER,Germany,Bundesliga,1,Borussia Dortmund,18,34,22,3,9,85,52,33,69,2.0294117647058822,0.9705882352941176,0.9411764705882353,within_competition_season_ppg_tie_averaged,completed_regular_season_match_results_3_1_0,openfootball/deutschland,https://github.com/openfootball/deutschland/blob/master/2021-22/1-bundesliga.txt,2021-22/1-bundesliga.txt,2d947fda8b18472ad518468c2842d5c6eea1d015,46032813d658fb2003281e1e2d05cfb68716c1d7c79aca009f2758b49243887c
2021-22,GER,Germany,Bundesliga,1,Bayer 04 Leverkusen,18,34,19,7,8,80,47,33,64,1.8823529411764706,0.9705882352941176,0.8823529411764706,within_competition_season_ppg_tie_averaged,completed_regular_season_match_results_3_1_0,openfootball/deutschland,https://github.com/openfootball/deutschland/blob/master/2021-22/1-bundesliga.txt,2021-22/1-bundesliga.txt,2d947fda8b18472ad518468c2842d5c6eea1d015,46032813d658fb2003281e1e2d05cfb68716c1d7c79aca009f2758b49243887c
2021-22,GER,Germany,Bundesliga,1,RB Leipzig,18,34,17,7,10,72,37,35,58,1.7058823529411764,1.0294117647058822,0.8235294117647058,within_competition_season_ppg_tie_averaged,completed_regular_season_match_results_3_1_0,openfootball/deutschland,https://github.com/openfootball/deutschland/blob/master/2021-22/1-bundesliga.txt,2021-22/1-bundesliga.txt,2d947fda8b18472ad518468c2842d5c6eea1d015,46032813d658fb2003281e1e2d05cfb68716c1d7c79aca009f2758b49243887c
2021-22,GER,Germany,Bundesliga,1,1. FC Union Berlin,18,34,16,9,9,50,44,6,57,1.6764705882352942,0.17647058823529413,0.7647058823529411,within_competition_season_ppg_tie_averaged,completed_regular_season_match_results_3_1_0,openfootball/deutschland,https://github.com/openfootball/deutschland/blob/master/2021-22/1-bundesliga.txt,2021-22/1-bundesliga.txt,2d947fda8b18472ad518468c2842d5c6eea1d015,46032813d658fb2003281e1e2d05cfb68716c1d7c79aca009f2758b49243887c
2021-22,GER,Germany,Bundesliga,1,SC Freiburg,18,34,15,10,9,58,46,12,55,1.6176470588235294,0.35294117647058826,0.7058823529411765,within_competition_season_ppg_tie_averaged,completed_regular_season_match_results_3_1_0,openfootball/deutschland,https://github.com/openfootball/deutschland/blob/master/2021-22/1-bundesliga.txt,2021-22/1-bundesliga.txt,2d947fda8b18472ad518468c2842d5c6eea1d015,46032813d658fb2003281e1e2d05cfb68716c1d7c79aca009f2758b49243887c
2021-22,GER,Germany,Bundesliga,1,1. FC Köln,18,34,14,10,10,52,49,3,52,1.5294117647058822,0.08823529411764706,0.6470588235294118,within_competition_season_ppg_tie_averaged,completed_regular_season_match_results_3_1_0,openfootball/deutschland,https://github.com/openfootball/deutschland/blob/master/2021-22/1-bundesliga.txt,2021-22/1-bundesliga.txt,2d947fda8b18472ad518468c2842d5c6eea1d015,46032813d658fb2003281e1e2d05cfb68716c1d7c79aca009f2758b49243887c
2021-22,GER,Germany,Bundesliga,1,1. FSV Mainz 05,18,34,13,7,14,50,45,5,46,1.3529411764705883,0.14705882352941177,0.5588235294117647,within_competition_season_ppg_tie_averaged,completed_regular_season_match_results_3_1_0,openfootball/deutschland,https://github.com/openfootball/deutschland/blob/master/2021-22/1-bundesliga.txt,2021-22/1-bundesliga.txt,2d947fda8b18472ad518468c2842d5c6eea1d015,46032813d658fb2003281e1e2d05cfb68716c1d7c79aca009f2758b49243887c
2021-22,GER,Germany,Bundesliga,1,TSG 1899 Hoffenheim,18,34,13,7,14,58,60,-2,46,1.3529411764705883,-0.058823529411764705,0.5588235294117647,within_competition_season_ppg_tie_averaged,completed_regular_season_match_results_3_1_0,openfootball/deutschland,https://github.com/openfootball/deutschland/blob/master/2021-22/1-bundesliga.txt,2021-22/1-bundesliga.txt,2d947fda8b18472ad518468c2842d5c6eea1d015,46032813d658fb2003281e1e2d05cfb68716c1d7c79aca009f2758b49243887c
2021-22,GER,Germany,Bundesliga,1,Borussia Mönchengladbach,18,34,12,9,13,54,61,-7,45,1.3235294117647058,-0.20588235294117646,0.47058823529411764,within_competition_season_ppg_tie_averaged,completed_regular_season_match_results_3_1_0,openfootball/deutschland,https://github.com/openfootball/deutschland/blob/master/2021-22/1-bundesliga.txt,2021-22/1-bundesliga.txt,2d947fda8b18472ad518468c2842d5c6eea1d015,46032813d658fb2003281e1e2d05cfb68716c1d7c79aca009f2758b49243887c
2021-22,GER,Germany,Bundesliga,1,Eintracht Frankfurt,18,34,10,12,12,45,49,-4,42,1.2352941176470589,-0.11764705882352941,0.35294117647058826,within_competition_season_ppg_tie_averaged,completed_regular_season_match_results_3_1_0,openfootball/deutschland,https://github.com/openfootball/deutschland/blob/master/2021-22/1-bundesliga.txt,2021-22/1-bundesliga.txt,2d947fda8b18472ad518468c2842d5c6eea1d015,46032813d658fb2003281e1e2d05cfb68716c1d7c79aca009f2758b49243887c
2021-22,GER,Germany,Bundesliga,1,VfL Wolfsburg,18,34,12,6,16,43,54,-11,42,1.2352941176470589,-0.3235294117647059,0.35294117647058826,within_competition_season_ppg_tie_averaged,completed_regular_season_match_results_3_1_0,openfootball/deutschland,https://github.com/openfootball/deutschland/blob/master/2021-22/1-bundesliga.txt,2021-22/1-bundesliga.txt,2d947fda8b18472ad518468c2842d5c6eea1d015,46032813d658fb2003281e1e2d05cfb68716c1d7c79aca009f2758b49243887c
2021-22,GER,Germany,Bundesliga,1,VfL Bochum 1848,18,34,12,6,16,38,52,-14,42,1.2352941176470589,-0.4117647058823529,0.35294117647058826,within_competition_season_ppg_tie_averaged,completed_regular_season_match_results_3_1_0,openfootball/deutschland,https://github.com/openfootball/deutschland/blob/master/2021-22/1-bundesliga.txt,2021-22/1-bundesliga.txt,2d947fda8b18472ad518468c2842d5c6eea1d015,46032813d658fb2003281e1e2d05cfb68716c1d7c79aca009f2758b49243887c
2021-22,GER,Germany,Bundesliga,1,FC Augsburg,18,34,10,8,16,39,56,-17,38,1.1176470588235294,-0.5,0.23529411764705882,within_competition_season_ppg_tie_averaged,completed_regular_season_match_results_3_1_0,openfootball/deutschland,https://github.com/openfootball/deutschland/blob/master/2021-22/1-bundesliga.txt,2021-22/1-bundesliga.txt,2d947fda8b18472ad518468c2842d5c6eea1d015,46032813d658fb2003281e1e2d05cfb68716c1d7c79aca009f2758b49243887c
2021-22,GER,Germany,Bundesliga,1,VfB Stuttgart,18,34,7,12,15,41,59,-18,33,0.9705882352941176,-0.5294117647058824,0.14705882352941177,within_competition_season_ppg_tie_averaged,completed_regular_season_match_results_3_1_0,openfootball/deutschland,https://github.com/openfootball/deutschland/blob/master/2021-22/1-bundesliga.txt,2021-22/1-bundesliga.txt,2d947fda8b18472ad518468c2842d5c6eea1d015,46032813d658fb2003281e1e2d05cfb68716c1d7c79aca009f2758b49243887c
2021-22,GER,Germany,Bundesliga,1,Hertha BSC,18,34,9,6,19,37,71,-34,33,0.9705882352941176,-1,0.14705882352941177,within_competition_season_ppg_tie_averaged,completed_regular_season_match_results_3_1_0,openfootball/deutschland,https://github.com/openfootball/deutschland/blob/master/2021-22/1-bundesliga.txt,2021-22/1-bundesliga.txt,2d947fda8b18472ad518468c2842d5c6eea1d015,46032813d658fb2003281e1e2d05cfb68716c1d7c79aca009f2758b49243887c
2021-22,GER,Germany,Bundesliga,1,Arminia Bielefeld,18,34,5,13,16,27,53,-26,28,0.8235294117647058,-0.7647058823529411,0.058823529411764705,within_competition_season_ppg_tie_averaged,completed_regular_season_match_results_3_1_0,openfootball/deutschland,https://github.com/openfootball/deutschland/blob/master/2021-22/1-bundesliga.txt,2021-22/1-bundesliga.txt,2d947fda8b18472ad518468c2842d5c6eea1d015,46032813d658fb2003281e1e2d05cfb68716c1d7c79aca009f2758b49243887c
2021-22,GER,Germany,Bundesliga,1,SpVgg Greuther Fürth 1903,18,34,3,9,22,28,82,-54,18,0.5294117647058824,-1.588235294117647,0,within_competition_season_ppg_tie_averaged,completed_regular_season_match_results_3_1_0,openfootball/deutschland,https://github.com/openfootball/deutschland/blob/master/2021-22/1-bundesliga.txt,2021-22/1-bundesliga.txt,2d947fda8b18472ad518468c2842d5c6eea1d015,46032813d658fb2003281e1e2d05cfb68716c1d7c79aca009f2758b49243887c
2022-23,GER,Germany,Bundesliga,1,FC Bayern München,18,34,21,8,5,92,38,54,71,2.088235294117647,1.588235294117647,0.9705882352941176,within_competition_season_ppg_tie_averaged,completed_regular_season_match_results_3_1_0,openfootball/deutschland,https://github.com/openfootball/deutschland/blob/master/2022-23/1-bundesliga.txt,2022-23/1-bundesliga.txt,c564b378eb7eea5650a4f9446f860fa24209b2fe,69af1fbc06a5cde9a203fe70e142f627f9ac36ef7e03768d52d11acb2145b737
2022-23,GER,Germany,Bundesliga,1,Borussia Dortmund,18,34,22,5,7,83,44,39,71,2.088235294117647,1.1470588235294117,0.9705882352941176,within_competition_season_ppg_tie_averaged,completed_regular_season_match_results_3_1_0,openfootball/deutschland,https://github.com/openfootball/deutschland/blob/master/2022-23/1-bundesliga.txt,2022-23/1-bundesliga.txt,c564b378eb7eea5650a4f9446f860fa24209b2fe,69af1fbc06a5cde9a203fe70e142f627f9ac36ef7e03768d52d11acb2145b737
2022-23,GER,Germany,Bundesliga,1,RB Leipzig,18,34,20,6,8,64,41,23,66,1.9411764705882353,0.6764705882352942,0.8823529411764706,within_competition_season_ppg_tie_averaged,completed_regular_season_match_results_3_1_0,openfootball/deutschland,https://github.com/openfootball/deutschland/blob/master/2022-23/1-bundesliga.txt,2022-23/1-bundesliga.txt,c564b378eb7eea5650a4f9446f860fa24209b2fe,69af1fbc06a5cde9a203fe70e142f627f9ac36ef7e03768d52d11acb2145b737
2022-23,GER,Germany,Bundesliga,1,1. FC Union Berlin,18,34,18,8,8,51,38,13,62,1.8235294117647058,0.38235294117647056,0.8235294117647058,within_competition_season_ppg_tie_averaged,completed_regular_season_match_results_3_1_0,openfootball/deutschland,https://github.com/openfootball/deutschland/blob/master/2022-23/1-bundesliga.txt,2022-23/1-bundesliga.txt,c564b378eb7eea5650a4f9446f860fa24209b2fe,69af1fbc06a5cde9a203fe70e142f627f9ac36ef7e03768d52d11acb2145b737
2022-23,GER,Germany,Bundesliga,1,SC Freiburg,18,34,17,8,9,51,44,7,59,1.7352941176470589,0.20588235294117646,0.7647058823529411,within_competition_season_ppg_tie_averaged,completed_regular_season_match_results_3_1_0,openfootball/deutschland,https://github.com/openfootball/deutschland/blob/master/2022-23/1-bundesliga.txt,2022-23/1-bundesliga.txt,c564b378eb7eea5650a4f9446f860fa24209b2fe,69af1fbc06a5cde9a203fe70e142f627f9ac36ef7e03768d52d11acb2145b737
2022-23,GER,Germany,Bundesliga,1,Bayer 04 Leverkusen,18,34,14,8,12,57,49,8,50,1.4705882352941178,0.23529411764705882,0.6764705882352942,within_competition_season_ppg_tie_averaged,completed_regular_season_match_results_3_1_0,openfootball/deutschland,https://github.com/openfootball/deutschland/blob/master/2022-23/1-bundesliga.txt,2022-23/1-bundesliga.txt,c564b378eb7eea5650a4f9446f860fa24209b2fe,69af1fbc06a5cde9a203fe70e142f627f9ac36ef7e03768d52d11acb2145b737
2022-23,GER,Germany,Bundesliga,1,Eintracht Frankfurt,18,34,13,11,10,58,52,6,50,1.4705882352941178,0.17647058823529413,0.6764705882352942,within_competition_season_ppg_tie_averaged,completed_regular_season_match_results_3_1_0,openfootball/deutschland,https://github.com/openfootball/deutschland/blob/master/2022-23/1-bundesliga.txt,2022-23/1-bundesliga.txt,c564b378eb7eea5650a4f9446f860fa24209b2fe,69af1fbc06a5cde9a203fe70e142f627f9ac36ef7e03768d52d11acb2145b737
2022-23,GER,Germany,Bundesliga,1,VfL Wolfsburg,18,34,13,10,11,57,48,9,49,1.4411764705882353,0.2647058823529412,0.5882352941176471,within_competition_season_ppg_tie_averaged,completed_regular_season_match_results_3_1_0,openfootball/deutschland,https://github.com/openfootball/deutschland/blob/master/2022-23/1-bundesliga.txt,2022-23/1-bundesliga.txt,c564b378eb7eea5650a4f9446f860fa24209b2fe,69af1fbc06a5cde9a203fe70e142f627f9ac36ef7e03768d52d11acb2145b737
2022-23,GER,Germany,Bundesliga,1,1. FSV Mainz 05,18,34,12,10,12,54,55,-1,46,1.3529411764705883,-0.029411764705882353,0.5294117647058824,within_competition_season_ppg_tie_averaged,completed_regular_season_match_results_3_1_0,openfootball/deutschland,https://github.com/openfootball/deutschland/blob/master/2022-23/1-bundesliga.txt,2022-23/1-bundesliga.txt,c564b378eb7eea5650a4f9446f860fa24209b2fe,69af1fbc06a5cde9a203fe70e142f627f9ac36ef7e03768d52d11acb2145b737
2022-23,GER,Germany,Bundesliga,1,Borussia Mönchengladbach,18,34,11,10,13,52,55,-3,43,1.2647058823529411,-0.08823529411764706,0.47058823529411764,within_competition_season_ppg_tie_averaged,completed_regular_season_match_results_3_1_0,openfootball/deutschland,https://github.com/openfootball/deutschland/blob/master/2022-23/1-bundesliga.txt,2022-23/1-bundesliga.txt,c564b378eb7eea5650a4f9446f860fa24209b2fe,69af1fbc06a5cde9a203fe70e142f627f9ac36ef7e03768d52d11acb2145b737
2022-23,GER,Germany,Bundesliga,1,1. FC Köln,18,34,10,12,12,49,54,-5,42,1.2352941176470589,-0.14705882352941177,0.4117647058823529,within_competition_season_ppg_tie_averaged,completed_regular_season_match_results_3_1_0,openfootball/deutschland,https://github.com/openfootball/deutschland/blob/master/2022-23/1-bundesliga.txt,2022-23/1-bundesliga.txt,c564b378eb7eea5650a4f9446f860fa24209b2fe,69af1fbc06a5cde9a203fe70e142f627f9ac36ef7e03768d52d11acb2145b737
2022-23,GER,Germany,Bundesliga,1,TSG 1899 Hoffenheim,18,34,10,6,18,48,57,-9,36,1.0588235294117647,-0.2647058823529412,0.3235294117647059,within_competition_season_ppg_tie_averaged,completed_regular_season_match_results_3_1_0,openfootball/deutschland,https://github.com/openfootball/deutschland/blob/master/2022-23/1-bundesliga.txt,2022-23/1-bundesliga.txt,c564b378eb7eea5650a4f9446f860fa24209b2fe,69af1fbc06a5cde9a203fe70e142f627f9ac36ef7e03768d52d11acb2145b737
2022-23,GER,Germany,Bundesliga,1,SV Werder Bremen,18,34,10,6,18,51,64,-13,36,1.0588235294117647,-0.38235294117647056,0.3235294117647059,within_competition_season_ppg_tie_averaged,completed_regular_season_match_results_3_1_0,openfootball/deutschland,https://github.com/openfootball/deutschland/blob/master/2022-23/1-bundesliga.txt,2022-23/1-bundesliga.txt,c564b378eb7eea5650a4f9446f860fa24209b2fe,69af1fbc06a5cde9a203fe70e142f627f9ac36ef7e03768d52d11acb2145b737
2022-23,GER,Germany,Bundesliga,1,VfL Bochum 1848,18,34,10,5,19,40,72,-32,35,1.0294117647058822,-0.9411764705882353,0.23529411764705882,within_competition_season_ppg_tie_averaged,completed_regular_season_match_results_3_1_0,openfootball/deutschland,https://github.com/openfootball/deutschland/blob/master/2022-23/1-bundesliga.txt,2022-23/1-bundesliga.txt,c564b378eb7eea5650a4f9446f860fa24209b2fe,69af1fbc06a5cde9a203fe70e142f627f9ac36ef7e03768d52d11acb2145b737
2022-23,GER,Germany,Bundesliga,1,FC Augsburg,18,34,9,7,18,42,63,-21,34,1,-0.6176470588235294,0.17647058823529413,within_competition_season_ppg_tie_averaged,completed_regular_season_match_results_3_1_0,openfootball/deutschland,https://github.com/openfootball/deutschland/blob/master/2022-23/1-bundesliga.txt,2022-23/1-bundesliga.txt,c564b378eb7eea5650a4f9446f860fa24209b2fe,69af1fbc06a5cde9a203fe70e142f627f9ac36ef7e03768d52d11acb2145b737
2022-23,GER,Germany,Bundesliga,1,VfB Stuttgart,18,34,7,12,15,45,57,-12,33,0.9705882352941176,-0.35294117647058826,0.11764705882352941,within_competition_season_ppg_tie_averaged,completed_regular_season_match_results_3_1_0,openfootball/deutschland,https://github.com/openfootball/deutschland/blob/master/2022-23/1-bundesliga.txt,2022-23/1-bundesliga.txt,c564b378eb7eea5650a4f9446f860fa24209b2fe,69af1fbc06a5cde9a203fe70e142f627f9ac36ef7e03768d52d11acb2145b737
2022-23,GER,Germany,Bundesliga,1,FC Schalke 04,18,34,7,10,17,35,71,-36,31,0.9117647058823529,-1.0588235294117647,0.058823529411764705,within_competition_season_ppg_tie_averaged,completed_regular_season_match_results_3_1_0,openfootball/deutschland,https://github.com/openfootball/deutschland/blob/master/2022-23/1-bundesliga.txt,2022-23/1-bundesliga.txt,c564b378eb7eea5650a4f9446f860fa24209b2fe,69af1fbc06a5cde9a203fe70e142f627f9ac36ef7e03768d52d11acb2145b737
2022-23,GER,Germany,Bundesliga,1,Hertha BSC,18,34,7,8,19,42,69,-27,29,0.8529411764705882,-0.7941176470588235,0,within_competition_season_ppg_tie_averaged,completed_regular_season_match_results_3_1_0,openfootball/deutschland,https://github.com/openfootball/deutschland/blob/master/2022-23/1-bundesliga.txt,2022-23/1-bundesliga.txt,c564b378eb7eea5650a4f9446f860fa24209b2fe,69af1fbc06a5cde9a203fe70e142f627f9ac36ef7e03768d52d11acb2145b737
2023-24,GER,Germany,Bundesliga,1,Bayer 04 Leverkusen,18,34,28,6,0,89,24,65,90,2.6470588235294117,1.911764705882353,1,within_competition_season_ppg_tie_averaged,completed_regular_season_match_results_3_1_0,openfootball/deutschland,https://github.com/openfootball/deutschland/blob/master/2023-24/1-bundesliga.txt,2023-24/1-bundesliga.txt,dcbd22d15b3964955092ab182c611184c565c199,77093efd6edf1090b9638f266e970236a7cc3f7ea5864f4cd8785bbbe4e91e64
2023-24,GER,Germany,Bundesliga,1,VfB Stuttgart,18,34,23,4,7,78,39,39,73,2.1470588235294117,1.1470588235294117,0.9411764705882353,within_competition_season_ppg_tie_averaged,completed_regular_season_match_results_3_1_0,openfootball/deutschland,https://github.com/openfootball/deutschland/blob/master/2023-24/1-bundesliga.txt,2023-24/1-bundesliga.txt,dcbd22d15b3964955092ab182c611184c565c199,77093efd6edf1090b9638f266e970236a7cc3f7ea5864f4cd8785bbbe4e91e64
2023-24,GER,Germany,Bundesliga,1,FC Bayern München,18,34,23,3,8,94,45,49,72,2.1176470588235294,1.4411764705882353,0.8823529411764706,within_competition_season_ppg_tie_averaged,completed_regular_season_match_results_3_1_0,openfootball/deutschland,https://github.com/openfootball/deutschland/blob/master/2023-24/1-bundesliga.txt,2023-24/1-bundesliga.txt,dcbd22d15b3964955092ab182c611184c565c199,77093efd6edf1090b9638f266e970236a7cc3f7ea5864f4cd8785bbbe4e91e64
2023-24,GER,Germany,Bundesliga,1,RB Leipzig,18,34,19,8,7,77,39,38,65,1.911764705882353,1.1176470588235294,0.8235294117647058,within_competition_season_ppg_tie_averaged,completed_regular_season_match_results_3_1_0,openfootball/deutschland,https://github.com/openfootball/deutschland/blob/master/2023-24/1-bundesliga.txt,2023-24/1-bundesliga.txt,dcbd22d15b3964955092ab182c611184c565c199,77093efd6edf1090b9638f266e970236a7cc3f7ea5864f4cd8785bbbe4e91e64
2023-24,GER,Germany,Bundesliga,1,Borussia Dortmund,18,34,18,9,7,68,43,25,63,1.8529411764705883,0.7352941176470589,0.7647058823529411,within_competition_season_ppg_tie_averaged,completed_regular_season_match_results_3_1_0,openfootball/deutschland,https://github.com/openfootball/deutschland/blob/master/2023-24/1-bundesliga.txt,2023-24/1-bundesliga.txt,dcbd22d15b3964955092ab182c611184c565c199,77093efd6edf1090b9638f266e970236a7cc3f7ea5864f4cd8785bbbe4e91e64
2023-24,GER,Germany,Bundesliga,1,Eintracht Frankfurt,18,34,11,14,9,51,50,1,47,1.3823529411764706,0.029411764705882353,0.7058823529411765,within_competition_season_ppg_tie_averaged,completed_regular_season_match_results_3_1_0,openfootball/deutschland,https://github.com/openfootball/deutschland/blob/master/2023-24/1-bundesliga.txt,2023-24/1-bundesliga.txt,dcbd22d15b3964955092ab182c611184c565c199,77093efd6edf1090b9638f266e970236a7cc3f7ea5864f4cd8785bbbe4e91e64
2023-24,GER,Germany,Bundesliga,1,TSG 1899 Hoffenheim,18,34,13,7,14,66,66,0,46,1.3529411764705883,0,0.6470588235294118,within_competition_season_ppg_tie_averaged,completed_regular_season_match_results_3_1_0,openfootball/deutschland,https://github.com/openfootball/deutschland/blob/master/2023-24/1-bundesliga.txt,2023-24/1-bundesliga.txt,dcbd22d15b3964955092ab182c611184c565c199,77093efd6edf1090b9638f266e970236a7cc3f7ea5864f4cd8785bbbe4e91e64
2023-24,GER,Germany,Bundesliga,1,1. FC Heidenheim 1846,18,34,10,12,12,50,55,-5,42,1.2352941176470589,-0.14705882352941177,0.5294117647058824,within_competition_season_ppg_tie_averaged,completed_regular_season_match_results_3_1_0,openfootball/deutschland,https://github.com/openfootball/deutschland/blob/master/2023-24/1-bundesliga.txt,2023-24/1-bundesliga.txt,dcbd22d15b3964955092ab182c611184c565c199,77093efd6edf1090b9638f266e970236a7cc3f7ea5864f4cd8785bbbe4e91e64
2023-24,GER,Germany,Bundesliga,1,SV Werder Bremen,18,34,11,9,14,48,54,-6,42,1.2352941176470589,-0.17647058823529413,0.5294117647058824,within_competition_season_ppg_tie_averaged,completed_regular_season_match_results_3_1_0,openfootball/deutschland,https://github.com/openfootball/deutschland/blob/master/2023-24/1-bundesliga.txt,2023-24/1-bundesliga.txt,dcbd22d15b3964955092ab182c611184c565c199,77093efd6edf1090b9638f266e970236a7cc3f7ea5864f4cd8785bbbe4e91e64
2023-24,GER,Germany,Bundesliga,1,SC Freiburg,18,34,11,9,14,45,58,-13,42,1.2352941176470589,-0.38235294117647056,0.5294117647058824,within_competition_season_ppg_tie_averaged,completed_regular_season_match_results_3_1_0,openfootball/deutschland,https://github.com/openfootball/deutschland/blob/master/2023-24/1-bundesliga.txt,2023-24/1-bundesliga.txt,dcbd22d15b3964955092ab182c611184c565c199,77093efd6edf1090b9638f266e970236a7cc3f7ea5864f4cd8785bbbe4e91e64
2023-24,GER,Germany,Bundesliga,1,FC Augsburg,18,34,10,9,15,50,60,-10,39,1.1470588235294117,-0.29411764705882354,0.4117647058823529,within_competition_season_ppg_tie_averaged,completed_regular_season_match_results_3_1_0,openfootball/deutschland,https://github.com/openfootball/deutschland/blob/master/2023-24/1-bundesliga.txt,2023-24/1-bundesliga.txt,dcbd22d15b3964955092ab182c611184c565c199,77093efd6edf1090b9638f266e970236a7cc3f7ea5864f4cd8785bbbe4e91e64
2023-24,GER,Germany,Bundesliga,1,VfL Wolfsburg,18,34,10,7,17,41,56,-15,37,1.088235294117647,-0.4411764705882353,0.35294117647058826,within_competition_season_ppg_tie_averaged,completed_regular_season_match_results_3_1_0,openfootball/deutschland,https://github.com/openfootball/deutschland/blob/master/2023-24/1-bundesliga.txt,2023-24/1-bundesliga.txt,dcbd22d15b3964955092ab182c611184c565c199,77093efd6edf1090b9638f266e970236a7cc3f7ea5864f4cd8785bbbe4e91e64
2023-24,GER,Germany,Bundesliga,1,1. FSV Mainz 05,18,34,7,14,13,39,51,-12,35,1.0294117647058822,-0.35294117647058826,0.29411764705882354,within_competition_season_ppg_tie_averaged,completed_regular_season_match_results_3_1_0,openfootball/deutschland,https://github.com/openfootball/deutschland/blob/master/2023-24/1-bundesliga.txt,2023-24/1-bundesliga.txt,dcbd22d15b3964955092ab182c611184c565c199,77093efd6edf1090b9638f266e970236a7cc3f7ea5864f4cd8785bbbe4e91e64
2023-24,GER,Germany,Bundesliga,1,Borussia Mönchengladbach,18,34,7,13,14,56,67,-11,34,1,-0.3235294117647059,0.23529411764705882,within_competition_season_ppg_tie_averaged,completed_regular_season_match_results_3_1_0,openfootball/deutschland,https://github.com/openfootball/deutschland/blob/master/2023-24/1-bundesliga.txt,2023-24/1-bundesliga.txt,dcbd22d15b3964955092ab182c611184c565c199,77093efd6edf1090b9638f266e970236a7cc3f7ea5864f4cd8785bbbe4e91e64
2023-24,GER,Germany,Bundesliga,1,1. FC Union Berlin,18,34,9,6,19,33,58,-25,33,0.9705882352941176,-0.7352941176470589,0.14705882352941177,within_competition_season_ppg_tie_averaged,completed_regular_season_match_results_3_1_0,openfootball/deutschland,https://github.com/openfootball/deutschland/blob/master/2023-24/1-bundesliga.txt,2023-24/1-bundesliga.txt,dcbd22d15b3964955092ab182c611184c565c199,77093efd6edf1090b9638f266e970236a7cc3f7ea5864f4cd8785bbbe4e91e64
2023-24,GER,Germany,Bundesliga,1,VfL Bochum 1848,18,34,7,12,15,42,74,-32,33,0.9705882352941176,-0.9411764705882353,0.14705882352941177,within_competition_season_ppg_tie_averaged,completed_regular_season_match_results_3_1_0,openfootball/deutschland,https://github.com/openfootball/deutschland/blob/master/2023-24/1-bundesliga.txt,2023-24/1-bundesliga.txt,dcbd22d15b3964955092ab182c611184c565c199,77093efd6edf1090b9638f266e970236a7cc3f7ea5864f4cd8785bbbe4e91e64
2023-24,GER,Germany,Bundesliga,1,1. FC Köln,18,34,5,12,17,28,60,-32,27,0.7941176470588235,-0.9411764705882353,0.058823529411764705,within_competition_season_ppg_tie_averaged,completed_regular_season_match_results_3_1_0,openfootball/deutschland,https://github.com/openfootball/deutschland/blob/master/2023-24/1-bundesliga.txt,2023-24/1-bundesliga.txt,dcbd22d15b3964955092ab182c611184c565c199,77093efd6edf1090b9638f266e970236a7cc3f7ea5864f4cd8785bbbe4e91e64
2023-24,GER,Germany,Bundesliga,1,SV Darmstadt 98,18,34,3,8,23,30,86,-56,17,0.5,-1.6470588235294117,0,within_competition_season_ppg_tie_averaged,completed_regular_season_match_results_3_1_0,openfootball/deutschland,https://github.com/openfootball/deutschland/blob/master/2023-24/1-bundesliga.txt,2023-24/1-bundesliga.txt,dcbd22d15b3964955092ab182c611184c565c199,77093efd6edf1090b9638f266e970236a7cc3f7ea5864f4cd8785bbbe4e91e64
2024-25,GER,Germany,Bundesliga,1,FC Bayern München,18,34,25,7,2,99,32,67,82,2.411764705882353,1.9705882352941178,1,within_competition_season_ppg_tie_averaged,completed_regular_season_match_results_3_1_0,openfootball/deutschland,https://github.com/openfootball/deutschland/blob/master/2024-25/1-bundesliga.txt,2024-25/1-bundesliga.txt,1cfad25a7820e3aa4d0a8ee9aac2c75ef61c0ae8,ec0f75ef3eb01eee6f2176998a05fbfce35cf6a5a82203fce676c7024b84bd3d
2024-25,GER,Germany,Bundesliga,1,Bayer 04 Leverkusen,18,34,19,12,3,72,43,29,69,2.0294117647058822,0.8529411764705882,0.9411764705882353,within_competition_season_ppg_tie_averaged,completed_regular_season_match_results_3_1_0,openfootball/deutschland,https://github.com/openfootball/deutschland/blob/master/2024-25/1-bundesliga.txt,2024-25/1-bundesliga.txt,1cfad25a7820e3aa4d0a8ee9aac2c75ef61c0ae8,ec0f75ef3eb01eee6f2176998a05fbfce35cf6a5a82203fce676c7024b84bd3d
2024-25,GER,Germany,Bundesliga,1,Eintracht Frankfurt,18,34,17,9,8,68,46,22,60,1.7647058823529411,0.6470588235294118,0.8823529411764706,within_competition_season_ppg_tie_averaged,completed_regular_season_match_results_3_1_0,openfootball/deutschland,https://github.com/openfootball/deutschland/blob/master/2024-25/1-bundesliga.txt,2024-25/1-bundesliga.txt,1cfad25a7820e3aa4d0a8ee9aac2c75ef61c0ae8,ec0f75ef3eb01eee6f2176998a05fbfce35cf6a5a82203fce676c7024b84bd3d
2024-25,GER,Germany,Bundesliga,1,Borussia Dortmund,18,34,17,6,11,71,51,20,57,1.6764705882352942,0.5882352941176471,0.8235294117647058,within_competition_season_ppg_tie_averaged,completed_regular_season_match_results_3_1_0,openfootball/deutschland,https://github.com/openfootball/deutschland/blob/master/2024-25/1-bundesliga.txt,2024-25/1-bundesliga.txt,1cfad25a7820e3aa4d0a8ee9aac2c75ef61c0ae8,ec0f75ef3eb01eee6f2176998a05fbfce35cf6a5a82203fce676c7024b84bd3d
2024-25,GER,Germany,Bundesliga,1,SC Freiburg,18,34,16,7,11,49,53,-4,55,1.6176470588235294,-0.11764705882352941,0.7647058823529411,within_competition_season_ppg_tie_averaged,completed_regular_season_match_results_3_1_0,openfootball/deutschland,https://github.com/openfootball/deutschland/blob/master/2024-25/1-bundesliga.txt,2024-25/1-bundesliga.txt,1cfad25a7820e3aa4d0a8ee9aac2c75ef61c0ae8,ec0f75ef3eb01eee6f2176998a05fbfce35cf6a5a82203fce676c7024b84bd3d
2024-25,GER,Germany,Bundesliga,1,1. FSV Mainz 05,18,34,14,10,10,55,43,12,52,1.5294117647058822,0.35294117647058826,0.7058823529411765,within_competition_season_ppg_tie_averaged,completed_regular_season_match_results_3_1_0,openfootball/deutschland,https://github.com/openfootball/deutschland/blob/master/2024-25/1-bundesliga.txt,2024-25/1-bundesliga.txt,1cfad25a7820e3aa4d0a8ee9aac2c75ef61c0ae8,ec0f75ef3eb01eee6f2176998a05fbfce35cf6a5a82203fce676c7024b84bd3d
2024-25,GER,Germany,Bundesliga,1,RB Leipzig,18,34,13,12,9,53,48,5,51,1.5,0.14705882352941177,0.6176470588235294,within_competition_season_ppg_tie_averaged,completed_regular_season_match_results_3_1_0,openfootball/deutschland,https://github.com/openfootball/deutschland/blob/master/2024-25/1-bundesliga.txt,2024-25/1-bundesliga.txt,1cfad25a7820e3aa4d0a8ee9aac2c75ef61c0ae8,ec0f75ef3eb01eee6f2176998a05fbfce35cf6a5a82203fce676c7024b84bd3d
2024-25,GER,Germany,Bundesliga,1,SV Werder Bremen,18,34,14,9,11,54,57,-3,51,1.5,-0.08823529411764706,0.6176470588235294,within_competition_season_ppg_tie_averaged,completed_regular_season_match_results_3_1_0,openfootball/deutschland,https://github.com/openfootball/deutschland/blob/master/2024-25/1-bundesliga.txt,2024-25/1-bundesliga.txt,1cfad25a7820e3aa4d0a8ee9aac2c75ef61c0ae8,ec0f75ef3eb01eee6f2176998a05fbfce35cf6a5a82203fce676c7024b84bd3d
2024-25,GER,Germany,Bundesliga,1,VfB Stuttgart,18,34,14,8,12,64,53,11,50,1.4705882352941178,0.3235294117647059,0.5294117647058824,within_competition_season_ppg_tie_averaged,completed_regular_season_match_results_3_1_0,openfootball/deutschland,https://github.com/openfootball/deutschland/blob/master/2024-25/1-bundesliga.txt,2024-25/1-bundesliga.txt,1cfad25a7820e3aa4d0a8ee9aac2c75ef61c0ae8,ec0f75ef3eb01eee6f2176998a05fbfce35cf6a5a82203fce676c7024b84bd3d
2024-25,GER,Germany,Bundesliga,1,Borussia Mönchengladbach,18,34,13,6,15,55,57,-2,45,1.3235294117647058,-0.058823529411764705,0.47058823529411764,within_competition_season_ppg_tie_averaged,completed_regular_season_match_results_3_1_0,openfootball/deutschland,https://github.com/openfootball/deutschland/blob/master/2024-25/1-bundesliga.txt,2024-25/1-bundesliga.txt,1cfad25a7820e3aa4d0a8ee9aac2c75ef61c0ae8,ec0f75ef3eb01eee6f2176998a05fbfce35cf6a5a82203fce676c7024b84bd3d
2024-25,GER,Germany,Bundesliga,1,VfL Wolfsburg,18,34,11,10,13,56,54,2,43,1.2647058823529411,0.058823529411764705,0.38235294117647056,within_competition_season_ppg_tie_averaged,completed_regular_season_match_results_3_1_0,openfootball/deutschland,https://github.com/openfootball/deutschland/blob/master/2024-25/1-bundesliga.txt,2024-25/1-bundesliga.txt,1cfad25a7820e3aa4d0a8ee9aac2c75ef61c0ae8,ec0f75ef3eb01eee6f2176998a05fbfce35cf6a5a82203fce676c7024b84bd3d
2024-25,GER,Germany,Bundesliga,1,FC Augsburg,18,34,11,10,13,35,51,-16,43,1.2647058823529411,-0.47058823529411764,0.38235294117647056,within_competition_season_ppg_tie_averaged,completed_regular_season_match_results_3_1_0,openfootball/deutschland,https://github.com/openfootball/deutschland/blob/master/2024-25/1-bundesliga.txt,2024-25/1-bundesliga.txt,1cfad25a7820e3aa4d0a8ee9aac2c75ef61c0ae8,ec0f75ef3eb01eee6f2176998a05fbfce35cf6a5a82203fce676c7024b84bd3d
2024-25,GER,Germany,Bundesliga,1,1. FC Union Berlin,18,34,10,10,14,35,51,-16,40,1.1764705882352942,-0.47058823529411764,0.29411764705882354,within_competition_season_ppg_tie_averaged,completed_regular_season_match_results_3_1_0,openfootball/deutschland,https://github.com/openfootball/deutschland/blob/master/2024-25/1-bundesliga.txt,2024-25/1-bundesliga.txt,1cfad25a7820e3aa4d0a8ee9aac2c75ef61c0ae8,ec0f75ef3eb01eee6f2176998a05fbfce35cf6a5a82203fce676c7024b84bd3d
2024-25,GER,Germany,Bundesliga,1,FC St. Pauli 1910,18,34,8,8,18,28,41,-13,32,0.9411764705882353,-0.38235294117647056,0.20588235294117646,within_competition_season_ppg_tie_averaged,completed_regular_season_match_results_3_1_0,openfootball/deutschland,https://github.com/openfootball/deutschland/blob/master/2024-25/1-bundesliga.txt,2024-25/1-bundesliga.txt,1cfad25a7820e3aa4d0a8ee9aac2c75ef61c0ae8,ec0f75ef3eb01eee6f2176998a05fbfce35cf6a5a82203fce676c7024b84bd3d
2024-25,GER,Germany,Bundesliga,1,TSG 1899 Hoffenheim,18,34,7,11,16,46,68,-22,32,0.9411764705882353,-0.6470588235294118,0.20588235294117646,within_competition_season_ppg_tie_averaged,completed_regular_season_match_results_3_1_0,openfootball/deutschland,https://github.com/openfootball/deutschland/blob/master/2024-25/1-bundesliga.txt,2024-25/1-bundesliga.txt,1cfad25a7820e3aa4d0a8ee9aac2c75ef61c0ae8,ec0f75ef3eb01eee6f2176998a05fbfce35cf6a5a82203fce676c7024b84bd3d
2024-25,GER,Germany,Bundesliga,1,1. FC Heidenheim 1846,18,34,8,5,21,37,64,-27,29,0.8529411764705882,-0.7941176470588235,0.11764705882352941,within_competition_season_ppg_tie_averaged,completed_regular_season_match_results_3_1_0,openfootball/deutschland,https://github.com/openfootball/deutschland/blob/master/2024-25/1-bundesliga.txt,2024-25/1-bundesliga.txt,1cfad25a7820e3aa4d0a8ee9aac2c75ef61c0ae8,ec0f75ef3eb01eee6f2176998a05fbfce35cf6a5a82203fce676c7024b84bd3d
2024-25,GER,Germany,Bundesliga,1,Holstein Kiel,18,34,6,7,21,49,80,-31,25,0.7352941176470589,-0.9117647058823529,0.029411764705882353,within_competition_season_ppg_tie_averaged,completed_regular_season_match_results_3_1_0,openfootball/deutschland,https://github.com/openfootball/deutschland/blob/master/2024-25/1-bundesliga.txt,2024-25/1-bundesliga.txt,1cfad25a7820e3aa4d0a8ee9aac2c75ef61c0ae8,ec0f75ef3eb01eee6f2176998a05fbfce35cf6a5a82203fce676c7024b84bd3d
2024-25,GER,Germany,Bundesliga,1,VfL Bochum 1848,18,34,6,7,21,33,67,-34,25,0.7352941176470589,-1,0.029411764705882353,within_competition_season_ppg_tie_averaged,completed_regular_season_match_results_3_1_0,openfootball/deutschland,https://github.com/openfootball/deutschland/blob/master/2024-25/1-bundesliga.txt,2024-25/1-bundesliga.txt,1cfad25a7820e3aa4d0a8ee9aac2c75ef61c0ae8,ec0f75ef3eb01eee6f2176998a05fbfce35cf6a5a82203fce676c7024b84bd3d
2025-26,GER,Germany,Bundesliga,1,FC Bayern München,18,34,28,5,1,122,36,86,89,2.6176470588235294,2.5294117647058822,1,within_competition_season_ppg_tie_averaged,completed_regular_season_match_results_3_1_0,openfootball/deutschland,https://github.com/openfootball/deutschland/blob/master/2025-26/1-bundesliga.txt,2025-26/1-bundesliga.txt,ad9f756c97c375b58e2e664ff7a10a24a52b6ae1,c1858a191c8dddf7cc04014c29c63f401b400af0be4d20329d85af893a6b7e56
2025-26,GER,Germany,Bundesliga,1,Borussia Dortmund,18,34,22,7,5,70,34,36,73,2.1470588235294117,1.0588235294117647,0.9411764705882353,within_competition_season_ppg_tie_averaged,completed_regular_season_match_results_3_1_0,openfootball/deutschland,https://github.com/openfootball/deutschland/blob/master/2025-26/1-bundesliga.txt,2025-26/1-bundesliga.txt,ad9f756c97c375b58e2e664ff7a10a24a52b6ae1,c1858a191c8dddf7cc04014c29c63f401b400af0be4d20329d85af893a6b7e56
2025-26,GER,Germany,Bundesliga,1,RB Leipzig,18,34,20,5,9,66,47,19,65,1.911764705882353,0.5588235294117647,0.8823529411764706,within_competition_season_ppg_tie_averaged,completed_regular_season_match_results_3_1_0,openfootball/deutschland,https://github.com/openfootball/deutschland/blob/master/2025-26/1-bundesliga.txt,2025-26/1-bundesliga.txt,ad9f756c97c375b58e2e664ff7a10a24a52b6ae1,c1858a191c8dddf7cc04014c29c63f401b400af0be4d20329d85af893a6b7e56
2025-26,GER,Germany,Bundesliga,1,VfB Stuttgart,18,34,18,8,8,71,49,22,62,1.8235294117647058,0.6470588235294118,0.8235294117647058,within_competition_season_ppg_tie_averaged,completed_regular_season_match_results_3_1_0,openfootball/deutschland,https://github.com/openfootball/deutschland/blob/master/2025-26/1-bundesliga.txt,2025-26/1-bundesliga.txt,ad9f756c97c375b58e2e664ff7a10a24a52b6ae1,c1858a191c8dddf7cc04014c29c63f401b400af0be4d20329d85af893a6b7e56
2025-26,GER,Germany,Bundesliga,1,TSG 1899 Hoffenheim,18,34,18,7,9,65,52,13,61,1.7941176470588236,0.38235294117647056,0.7647058823529411,within_competition_season_ppg_tie_averaged,completed_regular_season_match_results_3_1_0,openfootball/deutschland,https://github.com/openfootball/deutschland/blob/master/2025-26/1-bundesliga.txt,2025-26/1-bundesliga.txt,ad9f756c97c375b58e2e664ff7a10a24a52b6ae1,c1858a191c8dddf7cc04014c29c63f401b400af0be4d20329d85af893a6b7e56
2025-26,GER,Germany,Bundesliga,1,Bayer Leverkusen,18,34,17,8,9,68,47,21,59,1.7352941176470589,0.6176470588235294,0.7058823529411765,within_competition_season_ppg_tie_averaged,completed_regular_season_match_results_3_1_0,openfootball/deutschland,https://github.com/openfootball/deutschland/blob/master/2025-26/1-bundesliga.txt,2025-26/1-bundesliga.txt,ad9f756c97c375b58e2e664ff7a10a24a52b6ae1,c1858a191c8dddf7cc04014c29c63f401b400af0be4d20329d85af893a6b7e56
2025-26,GER,Germany,Bundesliga,1,SC Freiburg,18,34,13,8,13,51,57,-6,47,1.3823529411764706,-0.17647058823529413,0.6470588235294118,within_competition_season_ppg_tie_averaged,completed_regular_season_match_results_3_1_0,openfootball/deutschland,https://github.com/openfootball/deutschland/blob/master/2025-26/1-bundesliga.txt,2025-26/1-bundesliga.txt,ad9f756c97c375b58e2e664ff7a10a24a52b6ae1,c1858a191c8dddf7cc04014c29c63f401b400af0be4d20329d85af893a6b7e56
2025-26,GER,Germany,Bundesliga,1,Eintracht Frankfurt,18,34,11,11,12,61,65,-4,44,1.2941176470588236,-0.11764705882352941,0.5882352941176471,within_competition_season_ppg_tie_averaged,completed_regular_season_match_results_3_1_0,openfootball/deutschland,https://github.com/openfootball/deutschland/blob/master/2025-26/1-bundesliga.txt,2025-26/1-bundesliga.txt,ad9f756c97c375b58e2e664ff7a10a24a52b6ae1,c1858a191c8dddf7cc04014c29c63f401b400af0be4d20329d85af893a6b7e56
2025-26,GER,Germany,Bundesliga,1,FC Augsburg,18,34,12,7,15,45,61,-16,43,1.2647058823529411,-0.47058823529411764,0.5294117647058824,within_competition_season_ppg_tie_averaged,completed_regular_season_match_results_3_1_0,openfootball/deutschland,https://github.com/openfootball/deutschland/blob/master/2025-26/1-bundesliga.txt,2025-26/1-bundesliga.txt,ad9f756c97c375b58e2e664ff7a10a24a52b6ae1,c1858a191c8dddf7cc04014c29c63f401b400af0be4d20329d85af893a6b7e56
2025-26,GER,Germany,Bundesliga,1,1. FSV Mainz 05,18,34,10,10,14,44,53,-9,40,1.1764705882352942,-0.2647058823529412,0.47058823529411764,within_competition_season_ppg_tie_averaged,completed_regular_season_match_results_3_1_0,openfootball/deutschland,https://github.com/openfootball/deutschland/blob/master/2025-26/1-bundesliga.txt,2025-26/1-bundesliga.txt,ad9f756c97c375b58e2e664ff7a10a24a52b6ae1,c1858a191c8dddf7cc04014c29c63f401b400af0be4d20329d85af893a6b7e56
2025-26,GER,Germany,Bundesliga,1,Union Berlin,18,34,10,9,15,44,58,-14,39,1.1470588235294117,-0.4117647058823529,0.4117647058823529,within_competition_season_ppg_tie_averaged,completed_regular_season_match_results_3_1_0,openfootball/deutschland,https://github.com/openfootball/deutschland/blob/master/2025-26/1-bundesliga.txt,2025-26/1-bundesliga.txt,ad9f756c97c375b58e2e664ff7a10a24a52b6ae1,c1858a191c8dddf7cc04014c29c63f401b400af0be4d20329d85af893a6b7e56
2025-26,GER,Germany,Bundesliga,1,Borussia M'gladbach,18,34,9,11,14,42,53,-11,38,1.1176470588235294,-0.3235294117647059,0.3235294117647059,within_competition_season_ppg_tie_averaged,completed_regular_season_match_results_3_1_0,openfootball/deutschland,https://github.com/openfootball/deutschland/blob/master/2025-26/1-bundesliga.txt,2025-26/1-bundesliga.txt,ad9f756c97c375b58e2e664ff7a10a24a52b6ae1,c1858a191c8dddf7cc04014c29c63f401b400af0be4d20329d85af893a6b7e56
2025-26,GER,Germany,Bundesliga,1,Hamburger SV,18,34,9,11,14,40,54,-14,38,1.1176470588235294,-0.4117647058823529,0.3235294117647059,within_competition_season_ppg_tie_averaged,completed_regular_season_match_results_3_1_0,openfootball/deutschland,https://github.com/openfootball/deutschland/blob/master/2025-26/1-bundesliga.txt,2025-26/1-bundesliga.txt,ad9f756c97c375b58e2e664ff7a10a24a52b6ae1,c1858a191c8dddf7cc04014c29c63f401b400af0be4d20329d85af893a6b7e56
2025-26,GER,Germany,Bundesliga,1,1. FC Köln,18,34,7,11,16,49,63,-14,32,0.9411764705882353,-0.4117647058823529,0.20588235294117646,within_competition_season_ppg_tie_averaged,completed_regular_season_match_results_3_1_0,openfootball/deutschland,https://github.com/openfootball/deutschland/blob/master/2025-26/1-bundesliga.txt,2025-26/1-bundesliga.txt,ad9f756c97c375b58e2e664ff7a10a24a52b6ae1,c1858a191c8dddf7cc04014c29c63f401b400af0be4d20329d85af893a6b7e56
2025-26,GER,Germany,Bundesliga,1,Werder Bremen,18,34,8,8,18,37,60,-23,32,0.9411764705882353,-0.6764705882352942,0.20588235294117646,within_competition_season_ppg_tie_averaged,completed_regular_season_match_results_3_1_0,openfootball/deutschland,https://github.com/openfootball/deutschland/blob/master/2025-26/1-bundesliga.txt,2025-26/1-bundesliga.txt,ad9f756c97c375b58e2e664ff7a10a24a52b6ae1,c1858a191c8dddf7cc04014c29c63f401b400af0be4d20329d85af893a6b7e56
2025-26,GER,Germany,Bundesliga,1,Wolfsburg,18,34,7,8,19,45,69,-24,29,0.8529411764705882,-0.7058823529411765,0.11764705882352941,within_competition_season_ppg_tie_averaged,completed_regular_season_match_results_3_1_0,openfootball/deutschland,https://github.com/openfootball/deutschland/blob/master/2025-26/1-bundesliga.txt,2025-26/1-bundesliga.txt,ad9f756c97c375b58e2e664ff7a10a24a52b6ae1,c1858a191c8dddf7cc04014c29c63f401b400af0be4d20329d85af893a6b7e56
2025-26,GER,Germany,Bundesliga,1,Heidenheim,18,34,6,8,20,41,72,-31,26,0.7647058823529411,-0.9117647058823529,0.029411764705882353,within_competition_season_ppg_tie_averaged,completed_regular_season_match_results_3_1_0,openfootball/deutschland,https://github.com/openfootball/deutschland/blob/master/2025-26/1-bundesliga.txt,2025-26/1-bundesliga.txt,ad9f756c97c375b58e2e664ff7a10a24a52b6ae1,c1858a191c8dddf7cc04014c29c63f401b400af0be4d20329d85af893a6b7e56
2025-26,GER,Germany,Bundesliga,1,St. Pauli,18,34,6,8,20,29,60,-31,26,0.7647058823529411,-0.9117647058823529,0.029411764705882353,within_competition_season_ppg_tie_averaged,completed_regular_season_match_results_3_1_0,openfootball/deutschland,https://github.com/openfootball/deutschland/blob/master/2025-26/1-bundesliga.txt,2025-26/1-bundesliga.txt,ad9f756c97c375b58e2e664ff7a10a24a52b6ae1,c1858a191c8dddf7cc04014c29c63f401b400af0be4d20329d85af893a6b7e56
2021-22,ESP,Spain,La Liga,1,Real Madrid CF,20,38,26,8,4,80,31,49,86,2.263157894736842,1.2894736842105263,1,within_competition_season_ppg_tie_averaged,completed_regular_season_match_results_3_1_0,openfootball/espana,https://github.com/openfootball/espana/blob/master/2021-22/1-liga.txt,2021-22/1-liga.txt,8bc8976e67889c7a16203580f82d18ad2fc874d5,bf303f9b6800ad3600693f46e657c61908e1d717669aecfd0906a3aa4210122b
2021-22,ESP,Spain,La Liga,1,FC Barcelona,20,38,21,10,7,68,38,30,73,1.9210526315789473,0.7894736842105263,0.9473684210526315,within_competition_season_ppg_tie_averaged,completed_regular_season_match_results_3_1_0,openfootball/espana,https://github.com/openfootball/espana/blob/master/2021-22/1-liga.txt,2021-22/1-liga.txt,8bc8976e67889c7a16203580f82d18ad2fc874d5,bf303f9b6800ad3600693f46e657c61908e1d717669aecfd0906a3aa4210122b
2021-22,ESP,Spain,La Liga,1,Club Atlético de Madrid,20,38,21,8,9,65,43,22,71,1.868421052631579,0.5789473684210527,0.8947368421052632,within_competition_season_ppg_tie_averaged,completed_regular_season_match_results_3_1_0,openfootball/espana,https://github.com/openfootball/espana/blob/master/2021-22/1-liga.txt,2021-22/1-liga.txt,8bc8976e67889c7a16203580f82d18ad2fc874d5,bf303f9b6800ad3600693f46e657c61908e1d717669aecfd0906a3aa4210122b
2021-22,ESP,Spain,La Liga,1,Sevilla FC,20,38,18,16,4,53,30,23,70,1.8421052631578947,0.6052631578947368,0.8421052631578947,within_competition_season_ppg_tie_averaged,completed_regular_season_match_results_3_1_0,openfootball/espana,https://github.com/openfootball/espana/blob/master/2021-22/1-liga.txt,2021-22/1-liga.txt,8bc8976e67889c7a16203580f82d18ad2fc874d5,bf303f9b6800ad3600693f46e657c61908e1d717669aecfd0906a3aa4210122b
2021-22,ESP,Spain,La Liga,1,Real Betis Balompié,20,38,19,8,11,62,40,22,65,1.7105263157894737,0.5789473684210527,0.7894736842105263,within_competition_season_ppg_tie_averaged,completed_regular_season_match_results_3_1_0,openfootball/espana,https://github.com/openfootball/espana/blob/master/2021-22/1-liga.txt,2021-22/1-liga.txt,8bc8976e67889c7a16203580f82d18ad2fc874d5,bf303f9b6800ad3600693f46e657c61908e1d717669aecfd0906a3aa4210122b
2021-22,ESP,Spain,La Liga,1,Real Sociedad de Fútbol,20,38,17,11,10,40,37,3,62,1.631578947368421,0.07894736842105263,0.7368421052631579,within_competition_season_ppg_tie_averaged,completed_regular_season_match_results_3_1_0,openfootball/espana,https://github.com/openfootball/espana/blob/master/2021-22/1-liga.txt,2021-22/1-liga.txt,8bc8976e67889c7a16203580f82d18ad2fc874d5,bf303f9b6800ad3600693f46e657c61908e1d717669aecfd0906a3aa4210122b
2021-22,ESP,Spain,La Liga,1,Villarreal CF,20,38,16,11,11,63,37,26,59,1.5526315789473684,0.6842105263157895,0.6842105263157895,within_competition_season_ppg_tie_averaged,completed_regular_season_match_results_3_1_0,openfootball/espana,https://github.com/openfootball/espana/blob/master/2021-22/1-liga.txt,2021-22/1-liga.txt,8bc8976e67889c7a16203580f82d18ad2fc874d5,bf303f9b6800ad3600693f46e657c61908e1d717669aecfd0906a3aa4210122b
2021-22,ESP,Spain,La Liga,1,Athletic Club,20,38,14,13,11,43,36,7,55,1.4473684210526316,0.18421052631578946,0.631578947368421,within_competition_season_ppg_tie_averaged,completed_regular_season_match_results_3_1_0,openfootball/espana,https://github.com/openfootball/espana/blob/master/2021-22/1-liga.txt,2021-22/1-liga.txt,8bc8976e67889c7a16203580f82d18ad2fc874d5,bf303f9b6800ad3600693f46e657c61908e1d717669aecfd0906a3aa4210122b
2021-22,ESP,Spain,La Liga,1,Valencia CF,20,38,11,15,12,48,53,-5,48,1.263157894736842,-0.13157894736842105,0.5789473684210527,within_competition_season_ppg_tie_averaged,completed_regular_season_match_results_3_1_0,openfootball/espana,https://github.com/openfootball/espana/blob/master/2021-22/1-liga.txt,2021-22/1-liga.txt,8bc8976e67889c7a16203580f82d18ad2fc874d5,bf303f9b6800ad3600693f46e657c61908e1d717669aecfd0906a3aa4210122b
2021-22,ESP,Spain,La Liga,1,CA Osasuna,20,38,12,11,15,37,51,-14,47,1.236842105263158,-0.3684210526315789,0.5263157894736842,within_competition_season_ppg_tie_averaged,completed_regular_season_match_results_3_1_0,openfootball/espana,https://github.com/openfootball/espana/blob/master/2021-22/1-liga.txt,2021-22/1-liga.txt,8bc8976e67889c7a16203580f82d18ad2fc874d5,bf303f9b6800ad3600693f46e657c61908e1d717669aecfd0906a3aa4210122b
2021-22,ESP,Spain,La Liga,1,RC Celta de Vigo,20,38,12,10,16,43,43,0,46,1.2105263157894737,0,0.47368421052631576,within_competition_season_ppg_tie_averaged,completed_regular_season_match_results_3_1_0,openfootball/espana,https://github.com/openfootball/espana/blob/master/2021-22/1-liga.txt,2021-22/1-liga.txt,8bc8976e67889c7a16203580f82d18ad2fc874d5,bf303f9b6800ad3600693f46e657c61908e1d717669aecfd0906a3aa4210122b
2021-22,ESP,Spain,La Liga,1,Rayo Vallecano de Madrid,20,38,11,9,18,39,50,-11,42,1.105263157894737,-0.2894736842105263,0.3684210526315789,within_competition_season_ppg_tie_averaged,completed_regular_season_match_results_3_1_0,openfootball/espana,https://github.com/openfootball/espana/blob/master/2021-22/1-liga.txt,2021-22/1-liga.txt,8bc8976e67889c7a16203580f82d18ad2fc874d5,bf303f9b6800ad3600693f46e657c61908e1d717669aecfd0906a3aa4210122b
2021-22,ESP,Spain,La Liga,1,Elche CF,20,38,11,9,18,40,52,-12,42,1.105263157894737,-0.3157894736842105,0.3684210526315789,within_competition_season_ppg_tie_averaged,completed_regular_season_match_results_3_1_0,openfootball/espana,https://github.com/openfootball/espana/blob/master/2021-22/1-liga.txt,2021-22/1-liga.txt,8bc8976e67889c7a16203580f82d18ad2fc874d5,bf303f9b6800ad3600693f46e657c61908e1d717669aecfd0906a3aa4210122b
2021-22,ESP,Spain,La Liga,1,RCD Espanyol de Barcelona,20,38,10,12,16,40,53,-13,42,1.105263157894737,-0.34210526315789475,0.3684210526315789,within_competition_season_ppg_tie_averaged,completed_regular_season_match_results_3_1_0,openfootball/espana,https://github.com/openfootball/espana/blob/master/2021-22/1-liga.txt,2021-22/1-liga.txt,8bc8976e67889c7a16203580f82d18ad2fc874d5,bf303f9b6800ad3600693f46e657c61908e1d717669aecfd0906a3aa4210122b
2021-22,ESP,Spain,La Liga,1,Getafe CF,20,38,8,15,15,33,41,-8,39,1.0263157894736843,-0.21052631578947367,0.21052631578947367,within_competition_season_ppg_tie_averaged,completed_regular_season_match_results_3_1_0,openfootball/espana,https://github.com/openfootball/espana/blob/master/2021-22/1-liga.txt,2021-22/1-liga.txt,8bc8976e67889c7a16203580f82d18ad2fc874d5,bf303f9b6800ad3600693f46e657c61908e1d717669aecfd0906a3aa4210122b
2021-22,ESP,Spain,La Liga,1,Cádiz CF,20,38,8,15,15,35,51,-16,39,1.0263157894736843,-0.42105263157894735,0.21052631578947367,within_competition_season_ppg_tie_averaged,completed_regular_season_match_results_3_1_0,openfootball/espana,https://github.com/openfootball/espana/blob/master/2021-22/1-liga.txt,2021-22/1-liga.txt,8bc8976e67889c7a16203580f82d18ad2fc874d5,bf303f9b6800ad3600693f46e657c61908e1d717669aecfd0906a3aa4210122b
2021-22,ESP,Spain,La Liga,1,RCD Mallorca,20,38,10,9,19,36,63,-27,39,1.0263157894736843,-0.7105263157894737,0.21052631578947367,within_competition_season_ppg_tie_averaged,completed_regular_season_match_results_3_1_0,openfootball/espana,https://github.com/openfootball/espana/blob/master/2021-22/1-liga.txt,2021-22/1-liga.txt,8bc8976e67889c7a16203580f82d18ad2fc874d5,bf303f9b6800ad3600693f46e657c61908e1d717669aecfd0906a3aa4210122b
2021-22,ESP,Spain,La Liga,1,Granada CF,20,38,8,14,16,44,61,-17,38,1,-0.4473684210526316,0.10526315789473684,within_competition_season_ppg_tie_averaged,completed_regular_season_match_results_3_1_0,openfootball/espana,https://github.com/openfootball/espana/blob/master/2021-22/1-liga.txt,2021-22/1-liga.txt,8bc8976e67889c7a16203580f82d18ad2fc874d5,bf303f9b6800ad3600693f46e657c61908e1d717669aecfd0906a3aa4210122b
2021-22,ESP,Spain,La Liga,1,Levante UD,20,38,8,11,19,51,76,-25,35,0.9210526315789473,-0.6578947368421053,0.05263157894736842,within_competition_season_ppg_tie_averaged,completed_regular_season_match_results_3_1_0,openfootball/espana,https://github.com/openfootball/espana/blob/master/2021-22/1-liga.txt,2021-22/1-liga.txt,8bc8976e67889c7a16203580f82d18ad2fc874d5,bf303f9b6800ad3600693f46e657c61908e1d717669aecfd0906a3aa4210122b
2021-22,ESP,Spain,La Liga,1,Deportivo Alavés,20,38,8,7,23,31,65,-34,31,0.8157894736842105,-0.8947368421052632,0,within_competition_season_ppg_tie_averaged,completed_regular_season_match_results_3_1_0,openfootball/espana,https://github.com/openfootball/espana/blob/master/2021-22/1-liga.txt,2021-22/1-liga.txt,8bc8976e67889c7a16203580f82d18ad2fc874d5,bf303f9b6800ad3600693f46e657c61908e1d717669aecfd0906a3aa4210122b
2022-23,ESP,Spain,La Liga,1,FC Barcelona,20,38,28,4,6,70,20,50,88,2.3157894736842106,1.3157894736842106,1,within_competition_season_ppg_tie_averaged,completed_regular_season_match_results_3_1_0,openfootball/espana,https://github.com/openfootball/espana/blob/master/2022-23/1-liga.txt,2022-23/1-liga.txt,4a5532c651b1ed0c1bb824e91ad96d31010dcda3,96f29c344e6d257f20b673c004ff5b279332336b7ad4fac3dc68549151a67480
2022-23,ESP,Spain,La Liga,1,Real Madrid CF,20,38,24,6,8,75,36,39,78,2.0526315789473686,1.0263157894736843,0.9473684210526315,within_competition_season_ppg_tie_averaged,completed_regular_season_match_results_3_1_0,openfootball/espana,https://github.com/openfootball/espana/blob/master/2022-23/1-liga.txt,2022-23/1-liga.txt,4a5532c651b1ed0c1bb824e91ad96d31010dcda3,96f29c344e6d257f20b673c004ff5b279332336b7ad4fac3dc68549151a67480
2022-23,ESP,Spain,La Liga,1,Club Atlético de Madrid,20,38,23,8,7,70,33,37,77,2.026315789473684,0.9736842105263158,0.8947368421052632,within_competition_season_ppg_tie_averaged,completed_regular_season_match_results_3_1_0,openfootball/espana,https://github.com/openfootball/espana/blob/master/2022-23/1-liga.txt,2022-23/1-liga.txt,4a5532c651b1ed0c1bb824e91ad96d31010dcda3,96f29c344e6d257f20b673c004ff5b279332336b7ad4fac3dc68549151a67480
2022-23,ESP,Spain,La Liga,1,Real Sociedad de Fútbol,20,38,21,8,9,51,35,16,71,1.868421052631579,0.42105263157894735,0.8421052631578947,within_competition_season_ppg_tie_averaged,completed_regular_season_match_results_3_1_0,openfootball/espana,https://github.com/openfootball/espana/blob/master/2022-23/1-liga.txt,2022-23/1-liga.txt,4a5532c651b1ed0c1bb824e91ad96d31010dcda3,96f29c344e6d257f20b673c004ff5b279332336b7ad4fac3dc68549151a67480
2022-23,ESP,Spain,La Liga,1,Villarreal CF,20,38,19,7,12,59,40,19,64,1.6842105263157894,0.5,0.7894736842105263,within_competition_season_ppg_tie_averaged,completed_regular_season_match_results_3_1_0,openfootball/espana,https://github.com/openfootball/espana/blob/master/2022-23/1-liga.txt,2022-23/1-liga.txt,4a5532c651b1ed0c1bb824e91ad96d31010dcda3,96f29c344e6d257f20b673c004ff5b279332336b7ad4fac3dc68549151a67480
2022-23,ESP,Spain,La Liga,1,Real Betis Balompié,20,38,17,9,12,46,41,5,60,1.5789473684210527,0.13157894736842105,0.7368421052631579,within_competition_season_ppg_tie_averaged,completed_regular_season_match_results_3_1_0,openfootball/espana,https://github.com/openfootball/espana/blob/master/2022-23/1-liga.txt,2022-23/1-liga.txt,4a5532c651b1ed0c1bb824e91ad96d31010dcda3,96f29c344e6d257f20b673c004ff5b279332336b7ad4fac3dc68549151a67480
2022-23,ESP,Spain,La Liga,1,CA Osasuna,20,38,15,8,15,37,42,-5,53,1.394736842105263,-0.13157894736842105,0.6842105263157895,within_competition_season_ppg_tie_averaged,completed_regular_season_match_results_3_1_0,openfootball/espana,https://github.com/openfootball/espana/blob/master/2022-23/1-liga.txt,2022-23/1-liga.txt,4a5532c651b1ed0c1bb824e91ad96d31010dcda3,96f29c344e6d257f20b673c004ff5b279332336b7ad4fac3dc68549151a67480
2022-23,ESP,Spain,La Liga,1,Athletic Club,20,38,14,9,15,47,43,4,51,1.3421052631578947,0.10526315789473684,0.631578947368421,within_competition_season_ppg_tie_averaged,completed_regular_season_match_results_3_1_0,openfootball/espana,https://github.com/openfootball/espana/blob/master/2022-23/1-liga.txt,2022-23/1-liga.txt,4a5532c651b1ed0c1bb824e91ad96d31010dcda3,96f29c344e6d257f20b673c004ff5b279332336b7ad4fac3dc68549151a67480
2022-23,ESP,Spain,La Liga,1,RCD Mallorca,20,38,14,8,16,37,43,-6,50,1.3157894736842106,-0.15789473684210525,0.5789473684210527,within_competition_season_ppg_tie_averaged,completed_regular_season_match_results_3_1_0,openfootball/espana,https://github.com/openfootball/espana/blob/master/2022-23/1-liga.txt,2022-23/1-liga.txt,4a5532c651b1ed0c1bb824e91ad96d31010dcda3,96f29c344e6d257f20b673c004ff5b279332336b7ad4fac3dc68549151a67480
2022-23,ESP,Spain,La Liga,1,Girona FC,20,38,13,10,15,58,55,3,49,1.2894736842105263,0.07894736842105263,0.47368421052631576,within_competition_season_ppg_tie_averaged,completed_regular_season_match_results_3_1_0,openfootball/espana,https://github.com/openfootball/espana/blob/master/2022-23/1-liga.txt,2022-23/1-liga.txt,4a5532c651b1ed0c1bb824e91ad96d31010dcda3,96f29c344e6d257f20b673c004ff5b279332336b7ad4fac3dc68549151a67480
2022-23,ESP,Spain,La Liga,1,Sevilla FC,20,38,13,10,15,47,54,-7,49,1.2894736842105263,-0.18421052631578946,0.47368421052631576,within_competition_season_ppg_tie_averaged,completed_regular_season_match_results_3_1_0,openfootball/espana,https://github.com/openfootball/espana/blob/master/2022-23/1-liga.txt,2022-23/1-liga.txt,4a5532c651b1ed0c1bb824e91ad96d31010dcda3,96f29c344e6d257f20b673c004ff5b279332336b7ad4fac3dc68549151a67480
2022-23,ESP,Spain,La Liga,1,Rayo Vallecano de Madrid,20,38,13,10,15,45,53,-8,49,1.2894736842105263,-0.21052631578947367,0.47368421052631576,within_competition_season_ppg_tie_averaged,completed_regular_season_match_results_3_1_0,openfootball/espana,https://github.com/openfootball/espana/blob/master/2022-23/1-liga.txt,2022-23/1-liga.txt,4a5532c651b1ed0c1bb824e91ad96d31010dcda3,96f29c344e6d257f20b673c004ff5b279332336b7ad4fac3dc68549151a67480
2022-23,ESP,Spain,La Liga,1,RC Celta de Vigo,20,38,11,10,17,43,53,-10,43,1.131578947368421,-0.2631578947368421,0.3684210526315789,within_competition_season_ppg_tie_averaged,completed_regular_season_match_results_3_1_0,openfootball/espana,https://github.com/openfootball/espana/blob/master/2022-23/1-liga.txt,2022-23/1-liga.txt,4a5532c651b1ed0c1bb824e91ad96d31010dcda3,96f29c344e6d257f20b673c004ff5b279332336b7ad4fac3dc68549151a67480
2022-23,ESP,Spain,La Liga,1,Valencia CF,20,38,11,9,18,42,45,-3,42,1.105263157894737,-0.07894736842105263,0.2631578947368421,within_competition_season_ppg_tie_averaged,completed_regular_season_match_results_3_1_0,openfootball/espana,https://github.com/openfootball/espana/blob/master/2022-23/1-liga.txt,2022-23/1-liga.txt,4a5532c651b1ed0c1bb824e91ad96d31010dcda3,96f29c344e6d257f20b673c004ff5b279332336b7ad4fac3dc68549151a67480
2022-23,ESP,Spain,La Liga,1,Getafe CF,20,38,10,12,16,34,45,-11,42,1.105263157894737,-0.2894736842105263,0.2631578947368421,within_competition_season_ppg_tie_averaged,completed_regular_season_match_results_3_1_0,openfootball/espana,https://github.com/openfootball/espana/blob/master/2022-23/1-liga.txt,2022-23/1-liga.txt,4a5532c651b1ed0c1bb824e91ad96d31010dcda3,96f29c344e6d257f20b673c004ff5b279332336b7ad4fac3dc68549151a67480
2022-23,ESP,Spain,La Liga,1,Cádiz CF,20,38,10,12,16,30,53,-23,42,1.105263157894737,-0.6052631578947368,0.2631578947368421,within_competition_season_ppg_tie_averaged,completed_regular_season_match_results_3_1_0,openfootball/espana,https://github.com/openfootball/espana/blob/master/2022-23/1-liga.txt,2022-23/1-liga.txt,4a5532c651b1ed0c1bb824e91ad96d31010dcda3,96f29c344e6d257f20b673c004ff5b279332336b7ad4fac3dc68549151a67480
2022-23,ESP,Spain,La Liga,1,UD Almería,20,38,11,8,19,49,65,-16,41,1.0789473684210527,-0.42105263157894735,0.15789473684210525,within_competition_season_ppg_tie_averaged,completed_regular_season_match_results_3_1_0,openfootball/espana,https://github.com/openfootball/espana/blob/master/2022-23/1-liga.txt,2022-23/1-liga.txt,4a5532c651b1ed0c1bb824e91ad96d31010dcda3,96f29c344e6d257f20b673c004ff5b279332336b7ad4fac3dc68549151a67480
2022-23,ESP,Spain,La Liga,1,Real Valladolid CF,20,38,11,7,20,33,63,-30,40,1.0526315789473684,-0.7894736842105263,0.10526315789473684,within_competition_season_ppg_tie_averaged,completed_regular_season_match_results_3_1_0,openfootball/espana,https://github.com/openfootball/espana/blob/master/2022-23/1-liga.txt,2022-23/1-liga.txt,4a5532c651b1ed0c1bb824e91ad96d31010dcda3,96f29c344e6d257f20b673c004ff5b279332336b7ad4fac3dc68549151a67480
2022-23,ESP,Spain,La Liga,1,RCD Espanyol de Barcelona,20,38,8,13,17,52,69,-17,37,0.9736842105263158,-0.4473684210526316,0.05263157894736842,within_competition_season_ppg_tie_averaged,completed_regular_season_match_results_3_1_0,openfootball/espana,https://github.com/openfootball/espana/blob/master/2022-23/1-liga.txt,2022-23/1-liga.txt,4a5532c651b1ed0c1bb824e91ad96d31010dcda3,96f29c344e6d257f20b673c004ff5b279332336b7ad4fac3dc68549151a67480
2022-23,ESP,Spain,La Liga,1,Elche CF,20,38,5,10,23,30,67,-37,25,0.6578947368421053,-0.9736842105263158,0,within_competition_season_ppg_tie_averaged,completed_regular_season_match_results_3_1_0,openfootball/espana,https://github.com/openfootball/espana/blob/master/2022-23/1-liga.txt,2022-23/1-liga.txt,4a5532c651b1ed0c1bb824e91ad96d31010dcda3,96f29c344e6d257f20b673c004ff5b279332336b7ad4fac3dc68549151a67480
2023-24,ESP,Spain,La Liga,1,Real Madrid CF,20,38,29,8,1,87,26,61,95,2.5,1.605263157894737,1,within_competition_season_ppg_tie_averaged,completed_regular_season_match_results_3_1_0,openfootball/espana,https://github.com/openfootball/espana/blob/master/2023-24/1-liga.txt,2023-24/1-liga.txt,1ba747e149a5f0909614245392a5040d6033fc15,d76af43f3d344065510393ad175927e8054c255953ab1de86dbfe50d929e3d50
2023-24,ESP,Spain,La Liga,1,FC Barcelona,20,38,26,7,5,79,44,35,85,2.236842105263158,0.9210526315789473,0.9473684210526315,within_competition_season_ppg_tie_averaged,completed_regular_season_match_results_3_1_0,openfootball/espana,https://github.com/openfootball/espana/blob/master/2023-24/1-liga.txt,2023-24/1-liga.txt,1ba747e149a5f0909614245392a5040d6033fc15,d76af43f3d344065510393ad175927e8054c255953ab1de86dbfe50d929e3d50
2023-24,ESP,Spain,La Liga,1,Girona FC,20,38,25,6,7,85,46,39,81,2.1315789473684212,1.0263157894736843,0.8947368421052632,within_competition_season_ppg_tie_averaged,completed_regular_season_match_results_3_1_0,openfootball/espana,https://github.com/openfootball/espana/blob/master/2023-24/1-liga.txt,2023-24/1-liga.txt,1ba747e149a5f0909614245392a5040d6033fc15,d76af43f3d344065510393ad175927e8054c255953ab1de86dbfe50d929e3d50
2023-24,ESP,Spain,La Liga,1,Club Atlético de Madrid,20,38,24,4,10,70,43,27,76,2,0.7105263157894737,0.8421052631578947,within_competition_season_ppg_tie_averaged,completed_regular_season_match_results_3_1_0,openfootball/espana,https://github.com/openfootball/espana/blob/master/2023-24/1-liga.txt,2023-24/1-liga.txt,1ba747e149a5f0909614245392a5040d6033fc15,d76af43f3d344065510393ad175927e8054c255953ab1de86dbfe50d929e3d50
2023-24,ESP,Spain,La Liga,1,Athletic Club,20,38,19,11,8,61,37,24,68,1.7894736842105263,0.631578947368421,0.7894736842105263,within_competition_season_ppg_tie_averaged,completed_regular_season_match_results_3_1_0,openfootball/espana,https://github.com/openfootball/espana/blob/master/2023-24/1-liga.txt,2023-24/1-liga.txt,1ba747e149a5f0909614245392a5040d6033fc15,d76af43f3d344065510393ad175927e8054c255953ab1de86dbfe50d929e3d50
2023-24,ESP,Spain,La Liga,1,Real Sociedad de Fútbol,20,38,16,12,10,51,39,12,60,1.5789473684210527,0.3157894736842105,0.7368421052631579,within_competition_season_ppg_tie_averaged,completed_regular_season_match_results_3_1_0,openfootball/espana,https://github.com/openfootball/espana/blob/master/2023-24/1-liga.txt,2023-24/1-liga.txt,1ba747e149a5f0909614245392a5040d6033fc15,d76af43f3d344065510393ad175927e8054c255953ab1de86dbfe50d929e3d50
2023-24,ESP,Spain,La Liga,1,Real Betis Balompié,20,38,14,15,9,48,45,3,57,1.5,0.07894736842105263,0.6842105263157895,within_competition_season_ppg_tie_averaged,completed_regular_season_match_results_3_1_0,openfootball/espana,https://github.com/openfootball/espana/blob/master/2023-24/1-liga.txt,2023-24/1-liga.txt,1ba747e149a5f0909614245392a5040d6033fc15,d76af43f3d344065510393ad175927e8054c255953ab1de86dbfe50d929e3d50
2023-24,ESP,Spain,La Liga,1,Villarreal CF,20,38,14,11,13,65,65,0,53,1.394736842105263,0,0.631578947368421,within_competition_season_ppg_tie_averaged,completed_regular_season_match_results_3_1_0,openfootball/espana,https://github.com/openfootball/espana/blob/master/2023-24/1-liga.txt,2023-24/1-liga.txt,1ba747e149a5f0909614245392a5040d6033fc15,d76af43f3d344065510393ad175927e8054c255953ab1de86dbfe50d929e3d50
2023-24,ESP,Spain,La Liga,1,Valencia CF,20,38,13,10,15,40,45,-5,49,1.2894736842105263,-0.13157894736842105,0.5789473684210527,within_competition_season_ppg_tie_averaged,completed_regular_season_match_results_3_1_0,openfootball/espana,https://github.com/openfootball/espana/blob/master/2023-24/1-liga.txt,2023-24/1-liga.txt,1ba747e149a5f0909614245392a5040d6033fc15,d76af43f3d344065510393ad175927e8054c255953ab1de86dbfe50d929e3d50
2023-24,ESP,Spain,La Liga,1,Deportivo Alavés,20,38,12,10,16,36,46,-10,46,1.2105263157894737,-0.2631578947368421,0.5263157894736842,within_competition_season_ppg_tie_averaged,completed_regular_season_match_results_3_1_0,openfootball/espana,https://github.com/openfootball/espana/blob/master/2023-24/1-liga.txt,2023-24/1-liga.txt,1ba747e149a5f0909614245392a5040d6033fc15,d76af43f3d344065510393ad175927e8054c255953ab1de86dbfe50d929e3d50
2023-24,ESP,Spain,La Liga,1,CA Osasuna,20,38,12,9,17,45,56,-11,45,1.1842105263157894,-0.2894736842105263,0.47368421052631576,within_competition_season_ppg_tie_averaged,completed_regular_season_match_results_3_1_0,openfootball/espana,https://github.com/openfootball/espana/blob/master/2023-24/1-liga.txt,2023-24/1-liga.txt,1ba747e149a5f0909614245392a5040d6033fc15,d76af43f3d344065510393ad175927e8054c255953ab1de86dbfe50d929e3d50
2023-24,ESP,Spain,La Liga,1,Getafe CF,20,38,10,13,15,42,54,-12,43,1.131578947368421,-0.3157894736842105,0.42105263157894735,within_competition_season_ppg_tie_averaged,completed_regular_season_match_results_3_1_0,openfootball/espana,https://github.com/openfootball/espana/blob/master/2023-24/1-liga.txt,2023-24/1-liga.txt,1ba747e149a5f0909614245392a5040d6033fc15,d76af43f3d344065510393ad175927e8054c255953ab1de86dbfe50d929e3d50
2023-24,ESP,Spain,La Liga,1,Sevilla FC,20,38,10,11,17,48,54,-6,41,1.0789473684210527,-0.15789473684210525,0.34210526315789475,within_competition_season_ppg_tie_averaged,completed_regular_season_match_results_3_1_0,openfootball/espana,https://github.com/openfootball/espana/blob/master/2023-24/1-liga.txt,2023-24/1-liga.txt,1ba747e149a5f0909614245392a5040d6033fc15,d76af43f3d344065510393ad175927e8054c255953ab1de86dbfe50d929e3d50
2023-24,ESP,Spain,La Liga,1,RC Celta de Vigo,20,38,10,11,17,46,57,-11,41,1.0789473684210527,-0.2894736842105263,0.34210526315789475,within_competition_season_ppg_tie_averaged,completed_regular_season_match_results_3_1_0,openfootball/espana,https://github.com/openfootball/espana/blob/master/2023-24/1-liga.txt,2023-24/1-liga.txt,1ba747e149a5f0909614245392a5040d6033fc15,d76af43f3d344065510393ad175927e8054c255953ab1de86dbfe50d929e3d50
2023-24,ESP,Spain,La Liga,1,RCD Mallorca,20,38,8,16,14,33,44,-11,40,1.0526315789473684,-0.2894736842105263,0.23684210526315788,within_competition_season_ppg_tie_averaged,completed_regular_season_match_results_3_1_0,openfootball/espana,https://github.com/openfootball/espana/blob/master/2023-24/1-liga.txt,2023-24/1-liga.txt,1ba747e149a5f0909614245392a5040d6033fc15,d76af43f3d344065510393ad175927e8054c255953ab1de86dbfe50d929e3d50
2023-24,ESP,Spain,La Liga,1,UD Las Palmas,20,38,10,10,18,33,47,-14,40,1.0526315789473684,-0.3684210526315789,0.23684210526315788,within_competition_season_ppg_tie_averaged,completed_regular_season_match_results_3_1_0,openfootball/espana,https://github.com/openfootball/espana/blob/master/2023-24/1-liga.txt,2023-24/1-liga.txt,1ba747e149a5f0909614245392a5040d6033fc15,d76af43f3d344065510393ad175927e8054c255953ab1de86dbfe50d929e3d50
2023-24,ESP,Spain,La Liga,1,Rayo Vallecano de Madrid,20,38,8,14,16,29,48,-19,38,1,-0.5,0.15789473684210525,within_competition_season_ppg_tie_averaged,completed_regular_season_match_results_3_1_0,openfootball/espana,https://github.com/openfootball/espana/blob/master/2023-24/1-liga.txt,2023-24/1-liga.txt,1ba747e149a5f0909614245392a5040d6033fc15,d76af43f3d344065510393ad175927e8054c255953ab1de86dbfe50d929e3d50
2023-24,ESP,Spain,La Liga,1,Cádiz CF,20,38,6,15,17,26,55,-29,33,0.868421052631579,-0.7631578947368421,0.10526315789473684,within_competition_season_ppg_tie_averaged,completed_regular_season_match_results_3_1_0,openfootball/espana,https://github.com/openfootball/espana/blob/master/2023-24/1-liga.txt,2023-24/1-liga.txt,1ba747e149a5f0909614245392a5040d6033fc15,d76af43f3d344065510393ad175927e8054c255953ab1de86dbfe50d929e3d50
2023-24,ESP,Spain,La Liga,1,UD Almería,20,38,3,12,23,43,75,-32,21,0.5526315789473685,-0.8421052631578947,0.02631578947368421,within_competition_season_ppg_tie_averaged,completed_regular_season_match_results_3_1_0,openfootball/espana,https://github.com/openfootball/espana/blob/master/2023-24/1-liga.txt,2023-24/1-liga.txt,1ba747e149a5f0909614245392a5040d6033fc15,d76af43f3d344065510393ad175927e8054c255953ab1de86dbfe50d929e3d50
2023-24,ESP,Spain,La Liga,1,Granada CF,20,38,4,9,25,38,79,-41,21,0.5526315789473685,-1.0789473684210527,0.02631578947368421,within_competition_season_ppg_tie_averaged,completed_regular_season_match_results_3_1_0,openfootball/espana,https://github.com/openfootball/espana/blob/master/2023-24/1-liga.txt,2023-24/1-liga.txt,1ba747e149a5f0909614245392a5040d6033fc15,d76af43f3d344065510393ad175927e8054c255953ab1de86dbfe50d929e3d50
2024-25,ESP,Spain,La Liga,1,FC Barcelona,20,38,28,4,6,102,39,63,88,2.3157894736842106,1.6578947368421053,1,within_competition_season_ppg_tie_averaged,completed_regular_season_match_results_3_1_0,openfootball/espana,https://github.com/openfootball/espana/blob/master/2024-25/1-liga.txt,2024-25/1-liga.txt,a2ad0779a7c0f315737ce0c7d54f25d83c2ed219,4d882637dbcab8c99ff87dc16b7033acbaaeaa6ae91cc304cf19e0395852665f
2024-25,ESP,Spain,La Liga,1,Real Madrid CF,20,38,26,6,6,78,38,40,84,2.210526315789474,1.0526315789473684,0.9473684210526315,within_competition_season_ppg_tie_averaged,completed_regular_season_match_results_3_1_0,openfootball/espana,https://github.com/openfootball/espana/blob/master/2024-25/1-liga.txt,2024-25/1-liga.txt,a2ad0779a7c0f315737ce0c7d54f25d83c2ed219,4d882637dbcab8c99ff87dc16b7033acbaaeaa6ae91cc304cf19e0395852665f
2024-25,ESP,Spain,La Liga,1,Club Atlético de Madrid,20,38,22,10,6,68,30,38,76,2,1,0.8947368421052632,within_competition_season_ppg_tie_averaged,completed_regular_season_match_results_3_1_0,openfootball/espana,https://github.com/openfootball/espana/blob/master/2024-25/1-liga.txt,2024-25/1-liga.txt,a2ad0779a7c0f315737ce0c7d54f25d83c2ed219,4d882637dbcab8c99ff87dc16b7033acbaaeaa6ae91cc304cf19e0395852665f
2024-25,ESP,Spain,La Liga,1,Athletic Club,20,38,19,13,6,54,29,25,70,1.8421052631578947,0.6578947368421053,0.8157894736842105,within_competition_season_ppg_tie_averaged,completed_regular_season_match_results_3_1_0,openfootball/espana,https://github.com/openfootball/espana/blob/master/2024-25/1-liga.txt,2024-25/1-liga.txt,a2ad0779a7c0f315737ce0c7d54f25d83c2ed219,4d882637dbcab8c99ff87dc16b7033acbaaeaa6ae91cc304cf19e0395852665f
2024-25,ESP,Spain,La Liga,1,Villarreal CF,20,38,20,10,8,71,51,20,70,1.8421052631578947,0.5263157894736842,0.8157894736842105,within_competition_season_ppg_tie_averaged,completed_regular_season_match_results_3_1_0,openfootball/espana,https://github.com/openfootball/espana/blob/master/2024-25/1-liga.txt,2024-25/1-liga.txt,a2ad0779a7c0f315737ce0c7d54f25d83c2ed219,4d882637dbcab8c99ff87dc16b7033acbaaeaa6ae91cc304cf19e0395852665f
2024-25,ESP,Spain,La Liga,1,Real Betis Balompié,20,38,16,12,10,57,50,7,60,1.5789473684210527,0.18421052631578946,0.7368421052631579,within_competition_season_ppg_tie_averaged,completed_regular_season_match_results_3_1_0,openfootball/espana,https://github.com/openfootball/espana/blob/master/2024-25/1-liga.txt,2024-25/1-liga.txt,a2ad0779a7c0f315737ce0c7d54f25d83c2ed219,4d882637dbcab8c99ff87dc16b7033acbaaeaa6ae91cc304cf19e0395852665f
2024-25,ESP,Spain,La Liga,1,RC Celta de Vigo,20,38,16,7,15,59,57,2,55,1.4473684210526316,0.05263157894736842,0.6842105263157895,within_competition_season_ppg_tie_averaged,completed_regular_season_match_results_3_1_0,openfootball/espana,https://github.com/openfootball/espana/blob/master/2024-25/1-liga.txt,2024-25/1-liga.txt,a2ad0779a7c0f315737ce0c7d54f25d83c2ed219,4d882637dbcab8c99ff87dc16b7033acbaaeaa6ae91cc304cf19e0395852665f
2024-25,ESP,Spain,La Liga,1,CA Osasuna,20,38,12,16,10,48,52,-4,52,1.368421052631579,-0.10526315789473684,0.6052631578947368,within_competition_season_ppg_tie_averaged,completed_regular_season_match_results_3_1_0,openfootball/espana,https://github.com/openfootball/espana/blob/master/2024-25/1-liga.txt,2024-25/1-liga.txt,a2ad0779a7c0f315737ce0c7d54f25d83c2ed219,4d882637dbcab8c99ff87dc16b7033acbaaeaa6ae91cc304cf19e0395852665f
2024-25,ESP,Spain,La Liga,1,Rayo Vallecano de Madrid,20,38,13,13,12,41,45,-4,52,1.368421052631579,-0.10526315789473684,0.6052631578947368,within_competition_season_ppg_tie_averaged,completed_regular_season_match_results_3_1_0,openfootball/espana,https://github.com/openfootball/espana/blob/master/2024-25/1-liga.txt,2024-25/1-liga.txt,a2ad0779a7c0f315737ce0c7d54f25d83c2ed219,4d882637dbcab8c99ff87dc16b7033acbaaeaa6ae91cc304cf19e0395852665f
2024-25,ESP,Spain,La Liga,1,RCD Mallorca,20,38,13,9,16,35,44,-9,48,1.263157894736842,-0.23684210526315788,0.5263157894736842,within_competition_season_ppg_tie_averaged,completed_regular_season_match_results_3_1_0,openfootball/espana,https://github.com/openfootball/espana/blob/master/2024-25/1-liga.txt,2024-25/1-liga.txt,a2ad0779a7c0f315737ce0c7d54f25d83c2ed219,4d882637dbcab8c99ff87dc16b7033acbaaeaa6ae91cc304cf19e0395852665f
2024-25,ESP,Spain,La Liga,1,Valencia CF,20,38,11,13,14,44,54,-10,46,1.2105263157894737,-0.2631578947368421,0.4473684210526316,within_competition_season_ppg_tie_averaged,completed_regular_season_match_results_3_1_0,openfootball/espana,https://github.com/openfootball/espana/blob/master/2024-25/1-liga.txt,2024-25/1-liga.txt,a2ad0779a7c0f315737ce0c7d54f25d83c2ed219,4d882637dbcab8c99ff87dc16b7033acbaaeaa6ae91cc304cf19e0395852665f
2024-25,ESP,Spain,La Liga,1,Real Sociedad de Fútbol,20,38,13,7,18,35,46,-11,46,1.2105263157894737,-0.2894736842105263,0.4473684210526316,within_competition_season_ppg_tie_averaged,completed_regular_season_match_results_3_1_0,openfootball/espana,https://github.com/openfootball/espana/blob/master/2024-25/1-liga.txt,2024-25/1-liga.txt,a2ad0779a7c0f315737ce0c7d54f25d83c2ed219,4d882637dbcab8c99ff87dc16b7033acbaaeaa6ae91cc304cf19e0395852665f
2024-25,ESP,Spain,La Liga,1,Getafe CF,20,38,11,9,18,34,39,-5,42,1.105263157894737,-0.13157894736842105,0.3157894736842105,within_competition_season_ppg_tie_averaged,completed_regular_season_match_results_3_1_0,openfootball/espana,https://github.com/openfootball/espana/blob/master/2024-25/1-liga.txt,2024-25/1-liga.txt,a2ad0779a7c0f315737ce0c7d54f25d83c2ed219,4d882637dbcab8c99ff87dc16b7033acbaaeaa6ae91cc304cf19e0395852665f
2024-25,ESP,Spain,La Liga,1,Deportivo Alavés,20,38,10,12,16,38,48,-10,42,1.105263157894737,-0.2631578947368421,0.3157894736842105,within_competition_season_ppg_tie_averaged,completed_regular_season_match_results_3_1_0,openfootball/espana,https://github.com/openfootball/espana/blob/master/2024-25/1-liga.txt,2024-25/1-liga.txt,a2ad0779a7c0f315737ce0c7d54f25d83c2ed219,4d882637dbcab8c99ff87dc16b7033acbaaeaa6ae91cc304cf19e0395852665f
2024-25,ESP,Spain,La Liga,1,RCD Espanyol de Barcelona,20,38,11,9,18,40,51,-11,42,1.105263157894737,-0.2894736842105263,0.3157894736842105,within_competition_season_ppg_tie_averaged,completed_regular_season_match_results_3_1_0,openfootball/espana,https://github.com/openfootball/espana/blob/master/2024-25/1-liga.txt,2024-25/1-liga.txt,a2ad0779a7c0f315737ce0c7d54f25d83c2ed219,4d882637dbcab8c99ff87dc16b7033acbaaeaa6ae91cc304cf19e0395852665f
2024-25,ESP,Spain,La Liga,1,Sevilla FC,20,38,10,11,17,42,55,-13,41,1.0789473684210527,-0.34210526315789475,0.18421052631578946,within_competition_season_ppg_tie_averaged,completed_regular_season_match_results_3_1_0,openfootball/espana,https://github.com/openfootball/espana/blob/master/2024-25/1-liga.txt,2024-25/1-liga.txt,a2ad0779a7c0f315737ce0c7d54f25d83c2ed219,4d882637dbcab8c99ff87dc16b7033acbaaeaa6ae91cc304cf19e0395852665f
2024-25,ESP,Spain,La Liga,1,Girona FC,20,38,11,8,19,44,60,-16,41,1.0789473684210527,-0.42105263157894735,0.18421052631578946,within_competition_season_ppg_tie_averaged,completed_regular_season_match_results_3_1_0,openfootball/espana,https://github.com/openfootball/espana/blob/master/2024-25/1-liga.txt,2024-25/1-liga.txt,a2ad0779a7c0f315737ce0c7d54f25d83c2ed219,4d882637dbcab8c99ff87dc16b7033acbaaeaa6ae91cc304cf19e0395852665f
2024-25,ESP,Spain,La Liga,1,CD Leganés,20,38,9,13,16,39,56,-17,40,1.0526315789473684,-0.4473684210526316,0.10526315789473684,within_competition_season_ppg_tie_averaged,completed_regular_season_match_results_3_1_0,openfootball/espana,https://github.com/openfootball/espana/blob/master/2024-25/1-liga.txt,2024-25/1-liga.txt,a2ad0779a7c0f315737ce0c7d54f25d83c2ed219,4d882637dbcab8c99ff87dc16b7033acbaaeaa6ae91cc304cf19e0395852665f
2024-25,ESP,Spain,La Liga,1,UD Las Palmas,20,38,8,8,22,40,61,-21,32,0.8421052631578947,-0.5526315789473685,0.05263157894736842,within_competition_season_ppg_tie_averaged,completed_regular_season_match_results_3_1_0,openfootball/espana,https://github.com/openfootball/espana/blob/master/2024-25/1-liga.txt,2024-25/1-liga.txt,a2ad0779a7c0f315737ce0c7d54f25d83c2ed219,4d882637dbcab8c99ff87dc16b7033acbaaeaa6ae91cc304cf19e0395852665f
2024-25,ESP,Spain,La Liga,1,Real Valladolid CF,20,38,4,4,30,26,90,-64,16,0.42105263157894735,-1.6842105263157894,0,within_competition_season_ppg_tie_averaged,completed_regular_season_match_results_3_1_0,openfootball/espana,https://github.com/openfootball/espana/blob/master/2024-25/1-liga.txt,2024-25/1-liga.txt,a2ad0779a7c0f315737ce0c7d54f25d83c2ed219,4d882637dbcab8c99ff87dc16b7033acbaaeaa6ae91cc304cf19e0395852665f
2025-26,ESP,Spain,La Liga,1,Barcelona,20,38,31,1,6,95,36,59,94,2.473684210526316,1.5526315789473684,1,within_competition_season_ppg_tie_averaged,completed_regular_season_match_results_3_1_0,openfootball/espana,https://github.com/openfootball/espana/blob/master/2025-26/1-liga.txt,2025-26/1-liga.txt,718e08cef33a01e5b56f7c8bb9193019d3bfb12f,baf2a9ae42c4c6a919eb39aa2476f1d44b9d3b18050adfc6386d36ef2a98e956
2025-26,ESP,Spain,La Liga,1,Real Madrid C.F.,20,38,27,5,6,77,35,42,86,2.263157894736842,1.105263157894737,0.9473684210526315,within_competition_season_ppg_tie_averaged,completed_regular_season_match_results_3_1_0,openfootball/espana,https://github.com/openfootball/espana/blob/master/2025-26/1-liga.txt,2025-26/1-liga.txt,718e08cef33a01e5b56f7c8bb9193019d3bfb12f,baf2a9ae42c4c6a919eb39aa2476f1d44b9d3b18050adfc6386d36ef2a98e956
2025-26,ESP,Spain,La Liga,1,Villarreal,20,38,22,6,10,72,46,26,72,1.894736842105263,0.6842105263157895,0.8947368421052632,within_competition_season_ppg_tie_averaged,completed_regular_season_match_results_3_1_0,openfootball/espana,https://github.com/openfootball/espana/blob/master/2025-26/1-liga.txt,2025-26/1-liga.txt,718e08cef33a01e5b56f7c8bb9193019d3bfb12f,baf2a9ae42c4c6a919eb39aa2476f1d44b9d3b18050adfc6386d36ef2a98e956
2025-26,ESP,Spain,La Liga,1,Atlético de Madrid,20,38,21,6,11,62,44,18,69,1.8157894736842106,0.47368421052631576,0.8421052631578947,within_competition_season_ppg_tie_averaged,completed_regular_season_match_results_3_1_0,openfootball/espana,https://github.com/openfootball/espana/blob/master/2025-26/1-liga.txt,2025-26/1-liga.txt,718e08cef33a01e5b56f7c8bb9193019d3bfb12f,baf2a9ae42c4c6a919eb39aa2476f1d44b9d3b18050adfc6386d36ef2a98e956
2025-26,ESP,Spain,La Liga,1,Real Betis,20,38,15,15,8,59,48,11,60,1.5789473684210527,0.2894736842105263,0.7894736842105263,within_competition_season_ppg_tie_averaged,completed_regular_season_match_results_3_1_0,openfootball/espana,https://github.com/openfootball/espana/blob/master/2025-26/1-liga.txt,2025-26/1-liga.txt,718e08cef33a01e5b56f7c8bb9193019d3bfb12f,baf2a9ae42c4c6a919eb39aa2476f1d44b9d3b18050adfc6386d36ef2a98e956
2025-26,ESP,Spain,La Liga,1,RC Celta,20,38,14,12,12,53,48,5,54,1.4210526315789473,0.13157894736842105,0.7368421052631579,within_competition_season_ppg_tie_averaged,completed_regular_season_match_results_3_1_0,openfootball/espana,https://github.com/openfootball/espana/blob/master/2025-26/1-liga.txt,2025-26/1-liga.txt,718e08cef33a01e5b56f7c8bb9193019d3bfb12f,baf2a9ae42c4c6a919eb39aa2476f1d44b9d3b18050adfc6386d36ef2a98e956
2025-26,ESP,Spain,La Liga,1,Getafe CF,20,38,15,6,17,32,38,-6,51,1.3421052631578947,-0.15789473684210525,0.6842105263157895,within_competition_season_ppg_tie_averaged,completed_regular_season_match_results_3_1_0,openfootball/espana,https://github.com/openfootball/espana/blob/master/2025-26/1-liga.txt,2025-26/1-liga.txt,718e08cef33a01e5b56f7c8bb9193019d3bfb12f,baf2a9ae42c4c6a919eb39aa2476f1d44b9d3b18050adfc6386d36ef2a98e956
2025-26,ESP,Spain,La Liga,1,Rayo Vallecano,20,38,12,14,12,41,44,-3,50,1.3157894736842106,-0.07894736842105263,0.631578947368421,within_competition_season_ppg_tie_averaged,completed_regular_season_match_results_3_1_0,openfootball/espana,https://github.com/openfootball/espana/blob/master/2025-26/1-liga.txt,2025-26/1-liga.txt,718e08cef33a01e5b56f7c8bb9193019d3bfb12f,baf2a9ae42c4c6a919eb39aa2476f1d44b9d3b18050adfc6386d36ef2a98e956
2025-26,ESP,Spain,La Liga,1,Valencia CF,20,38,13,10,15,46,55,-9,49,1.2894736842105263,-0.23684210526315788,0.5789473684210527,within_competition_season_ppg_tie_averaged,completed_regular_season_match_results_3_1_0,openfootball/espana,https://github.com/openfootball/espana/blob/master/2025-26/1-liga.txt,2025-26/1-liga.txt,718e08cef33a01e5b56f7c8bb9193019d3bfb12f,baf2a9ae42c4c6a919eb39aa2476f1d44b9d3b18050adfc6386d36ef2a98e956
2025-26,ESP,Spain,La Liga,1,Real Sociedad,20,38,11,13,14,59,61,-2,46,1.2105263157894737,-0.05263157894736842,0.5,within_competition_season_ppg_tie_averaged,completed_regular_season_match_results_3_1_0,openfootball/espana,https://github.com/openfootball/espana/blob/master/2025-26/1-liga.txt,2025-26/1-liga.txt,718e08cef33a01e5b56f7c8bb9193019d3bfb12f,baf2a9ae42c4c6a919eb39aa2476f1d44b9d3b18050adfc6386d36ef2a98e956
2025-26,ESP,Spain,La Liga,1,RCD Espanyol,20,38,12,10,16,43,55,-12,46,1.2105263157894737,-0.3157894736842105,0.5,within_competition_season_ppg_tie_averaged,completed_regular_season_match_results_3_1_0,openfootball/espana,https://github.com/openfootball/espana/blob/master/2025-26/1-liga.txt,2025-26/1-liga.txt,718e08cef33a01e5b56f7c8bb9193019d3bfb12f,baf2a9ae42c4c6a919eb39aa2476f1d44b9d3b18050adfc6386d36ef2a98e956
2025-26,ESP,Spain,La Liga,1,Athletic Club,20,38,13,6,19,43,58,-15,45,1.1842105263157894,-0.39473684210526316,0.42105263157894735,within_competition_season_ppg_tie_averaged,completed_regular_season_match_results_3_1_0,openfootball/espana,https://github.com/openfootball/espana/blob/master/2025-26/1-liga.txt,2025-26/1-liga.txt,718e08cef33a01e5b56f7c8bb9193019d3bfb12f,baf2a9ae42c4c6a919eb39aa2476f1d44b9d3b18050adfc6386d36ef2a98e956
2025-26,ESP,Spain,La Liga,1,Elche CF,20,38,10,13,15,49,57,-8,43,1.131578947368421,-0.21052631578947367,0.3157894736842105,within_competition_season_ppg_tie_averaged,completed_regular_season_match_results_3_1_0,openfootball/espana,https://github.com/openfootball/espana/blob/master/2025-26/1-liga.txt,2025-26/1-liga.txt,718e08cef33a01e5b56f7c8bb9193019d3bfb12f,baf2a9ae42c4c6a919eb39aa2476f1d44b9d3b18050adfc6386d36ef2a98e956
2025-26,ESP,Spain,La Liga,1,Deportivo Alavés,20,38,11,10,17,44,56,-12,43,1.131578947368421,-0.3157894736842105,0.3157894736842105,within_competition_season_ppg_tie_averaged,completed_regular_season_match_results_3_1_0,openfootball/espana,https://github.com/openfootball/espana/blob/master/2025-26/1-liga.txt,2025-26/1-liga.txt,718e08cef33a01e5b56f7c8bb9193019d3bfb12f,baf2a9ae42c4c6a919eb39aa2476f1d44b9d3b18050adfc6386d36ef2a98e956
2025-26,ESP,Spain,La Liga,1,Sevilla,20,38,12,7,19,46,60,-14,43,1.131578947368421,-0.3684210526315789,0.3157894736842105,within_competition_season_ppg_tie_averaged,completed_regular_season_match_results_3_1_0,openfootball/espana,https://github.com/openfootball/espana/blob/master/2025-26/1-liga.txt,2025-26/1-liga.txt,718e08cef33a01e5b56f7c8bb9193019d3bfb12f,baf2a9ae42c4c6a919eb39aa2476f1d44b9d3b18050adfc6386d36ef2a98e956
2025-26,ESP,Spain,La Liga,1,CA Osasuna,20,38,11,9,18,44,50,-6,42,1.105263157894737,-0.15789473684210525,0.15789473684210525,within_competition_season_ppg_tie_averaged,completed_regular_season_match_results_3_1_0,openfootball/espana,https://github.com/openfootball/espana/blob/master/2025-26/1-liga.txt,2025-26/1-liga.txt,718e08cef33a01e5b56f7c8bb9193019d3bfb12f,baf2a9ae42c4c6a919eb39aa2476f1d44b9d3b18050adfc6386d36ef2a98e956
2025-26,ESP,Spain,La Liga,1,RCD Mallorca,20,38,11,9,18,47,57,-10,42,1.105263157894737,-0.2631578947368421,0.15789473684210525,within_competition_season_ppg_tie_averaged,completed_regular_season_match_results_3_1_0,openfootball/espana,https://github.com/openfootball/espana/blob/master/2025-26/1-liga.txt,2025-26/1-liga.txt,718e08cef33a01e5b56f7c8bb9193019d3bfb12f,baf2a9ae42c4c6a919eb39aa2476f1d44b9d3b18050adfc6386d36ef2a98e956
2025-26,ESP,Spain,La Liga,1,Levante UD,20,38,11,9,18,47,61,-14,42,1.105263157894737,-0.3684210526315789,0.15789473684210525,within_competition_season_ppg_tie_averaged,completed_regular_season_match_results_3_1_0,openfootball/espana,https://github.com/openfootball/espana/blob/master/2025-26/1-liga.txt,2025-26/1-liga.txt,718e08cef33a01e5b56f7c8bb9193019d3bfb12f,baf2a9ae42c4c6a919eb39aa2476f1d44b9d3b18050adfc6386d36ef2a98e956
2025-26,ESP,Spain,La Liga,1,Girona FC,20,38,9,14,15,39,55,-16,41,1.0789473684210527,-0.42105263157894735,0.05263157894736842,within_competition_season_ppg_tie_averaged,completed_regular_season_match_results_3_1_0,openfootball/espana,https://github.com/openfootball/espana/blob/master/2025-26/1-liga.txt,2025-26/1-liga.txt,718e08cef33a01e5b56f7c8bb9193019d3bfb12f,baf2a9ae42c4c6a919eb39aa2476f1d44b9d3b18050adfc6386d36ef2a98e956
2025-26,ESP,Spain,La Liga,1,Real Oviedo,20,38,6,11,21,26,60,-34,29,0.7631578947368421,-0.8947368421052632,0,within_competition_season_ppg_tie_averaged,completed_regular_season_match_results_3_1_0,openfootball/espana,https://github.com/openfootball/espana/blob/master/2025-26/1-liga.txt,2025-26/1-liga.txt,718e08cef33a01e5b56f7c8bb9193019d3bfb12f,baf2a9ae42c4c6a919eb39aa2476f1d44b9d3b18050adfc6386d36ef2a98e956
2021-22,FRA,France,Ligue 1,1,Paris Saint-Germain,20,38,26,8,4,90,36,54,86,2.263157894736842,1.4210526315789473,1,within_competition_season_ppg_tie_averaged,completed_regular_season_match_results_3_1_0,openfootball/europe,https://github.com/openfootball/europe/blob/master/france/2021-22_fr1.txt,france/2021-22_fr1.txt,56f1e5148c5ac41cd4b2739fed50a7b47d6c3ffc,a534c4c765b3dfcaed072e6f2bd32513f542f2c84fb61ce44ad24c067ed7984f
2021-22,FRA,France,Ligue 1,1,Olympique Marseille,20,38,21,8,9,63,38,25,71,1.868421052631579,0.6578947368421053,0.9473684210526315,within_competition_season_ppg_tie_averaged,completed_regular_season_match_results_3_1_0,openfootball/europe,https://github.com/openfootball/europe/blob/master/france/2021-22_fr1.txt,france/2021-22_fr1.txt,56f1e5148c5ac41cd4b2739fed50a7b47d6c3ffc,a534c4c765b3dfcaed072e6f2bd32513f542f2c84fb61ce44ad24c067ed7984f
2021-22,FRA,France,Ligue 1,1,AS Monaco,20,38,20,9,9,65,40,25,69,1.8157894736842106,0.6578947368421053,0.8947368421052632,within_competition_season_ppg_tie_averaged,completed_regular_season_match_results_3_1_0,openfootball/europe,https://github.com/openfootball/europe/blob/master/france/2021-22_fr1.txt,france/2021-22_fr1.txt,56f1e5148c5ac41cd4b2739fed50a7b47d6c3ffc,a534c4c765b3dfcaed072e6f2bd32513f542f2c84fb61ce44ad24c067ed7984f
2021-22,FRA,France,Ligue 1,1,OGC Nice,20,38,20,7,11,52,36,16,67,1.763157894736842,0.42105263157894735,0.8421052631578947,within_competition_season_ppg_tie_averaged,completed_regular_season_match_results_3_1_0,openfootball/europe,https://github.com/openfootball/europe/blob/master/france/2021-22_fr1.txt,france/2021-22_fr1.txt,56f1e5148c5ac41cd4b2739fed50a7b47d6c3ffc,a534c4c765b3dfcaed072e6f2bd32513f542f2c84fb61ce44ad24c067ed7984f
2021-22,FRA,France,Ligue 1,1,Stade Rennais,20,38,20,6,12,82,40,42,66,1.736842105263158,1.105263157894737,0.7894736842105263,within_competition_season_ppg_tie_averaged,completed_regular_season_match_results_3_1_0,openfootball/europe,https://github.com/openfootball/europe/blob/master/france/2021-22_fr1.txt,france/2021-22_fr1.txt,56f1e5148c5ac41cd4b2739fed50a7b47d6c3ffc,a534c4c765b3dfcaed072e6f2bd32513f542f2c84fb61ce44ad24c067ed7984f
2021-22,FRA,France,Ligue 1,1,RC Strasbourg,20,38,17,12,9,60,43,17,63,1.6578947368421053,0.4473684210526316,0.7368421052631579,within_competition_season_ppg_tie_averaged,completed_regular_season_match_results_3_1_0,openfootball/europe,https://github.com/openfootball/europe/blob/master/france/2021-22_fr1.txt,france/2021-22_fr1.txt,56f1e5148c5ac41cd4b2739fed50a7b47d6c3ffc,a534c4c765b3dfcaed072e6f2bd32513f542f2c84fb61ce44ad24c067ed7984f
2021-22,FRA,France,Ligue 1,1,Olympique Lyonnais,20,38,17,11,10,66,51,15,62,1.631578947368421,0.39473684210526316,0.6578947368421053,within_competition_season_ppg_tie_averaged,completed_regular_season_match_results_3_1_0,openfootball/europe,https://github.com/openfootball/europe/blob/master/france/2021-22_fr1.txt,france/2021-22_fr1.txt,56f1e5148c5ac41cd4b2739fed50a7b47d6c3ffc,a534c4c765b3dfcaed072e6f2bd32513f542f2c84fb61ce44ad24c067ed7984f
2021-22,FRA,France,Ligue 1,1,RC Lens,20,38,17,11,10,62,48,14,62,1.631578947368421,0.3684210526315789,0.6578947368421053,within_competition_season_ppg_tie_averaged,completed_regular_season_match_results_3_1_0,openfootball/europe,https://github.com/openfootball/europe/blob/master/france/2021-22_fr1.txt,france/2021-22_fr1.txt,56f1e5148c5ac41cd4b2739fed50a7b47d6c3ffc,a534c4c765b3dfcaed072e6f2bd32513f542f2c84fb61ce44ad24c067ed7984f
2021-22,FRA,France,Ligue 1,1,FC Nantes,20,38,15,10,13,55,48,7,55,1.4473684210526316,0.18421052631578946,0.5526315789473685,within_competition_season_ppg_tie_averaged,completed_regular_season_match_results_3_1_0,openfootball/europe,https://github.com/openfootball/europe/blob/master/france/2021-22_fr1.txt,france/2021-22_fr1.txt,56f1e5148c5ac41cd4b2739fed50a7b47d6c3ffc,a534c4c765b3dfcaed072e6f2bd32513f542f2c84fb61ce44ad24c067ed7984f
2021-22,FRA,France,Ligue 1,1,Lille OSC,20,38,14,13,11,48,48,0,55,1.4473684210526316,0,0.5526315789473685,within_competition_season_ppg_tie_averaged,completed_regular_season_match_results_3_1_0,openfootball/europe,https://github.com/openfootball/europe/blob/master/france/2021-22_fr1.txt,france/2021-22_fr1.txt,56f1e5148c5ac41cd4b2739fed50a7b47d6c3ffc,a534c4c765b3dfcaed072e6f2bd32513f542f2c84fb61ce44ad24c067ed7984f
2021-22,FRA,France,Ligue 1,1,Stade Brestois 29,20,38,13,9,16,49,57,-8,48,1.263157894736842,-0.21052631578947367,0.47368421052631576,within_competition_season_ppg_tie_averaged,completed_regular_season_match_results_3_1_0,openfootball/europe,https://github.com/openfootball/europe/blob/master/france/2021-22_fr1.txt,france/2021-22_fr1.txt,56f1e5148c5ac41cd4b2739fed50a7b47d6c3ffc,a534c4c765b3dfcaed072e6f2bd32513f542f2c84fb61ce44ad24c067ed7984f
2021-22,FRA,France,Ligue 1,1,Stade de Reims,20,38,11,13,14,43,44,-1,46,1.2105263157894737,-0.02631578947368421,0.42105263157894735,within_competition_season_ppg_tie_averaged,completed_regular_season_match_results_3_1_0,openfootball/europe,https://github.com/openfootball/europe/blob/master/france/2021-22_fr1.txt,france/2021-22_fr1.txt,56f1e5148c5ac41cd4b2739fed50a7b47d6c3ffc,a534c4c765b3dfcaed072e6f2bd32513f542f2c84fb61ce44ad24c067ed7984f
2021-22,FRA,France,Ligue 1,1,Montpellier HSC,20,38,12,7,19,49,61,-12,43,1.131578947368421,-0.3157894736842105,0.3684210526315789,within_competition_season_ppg_tie_averaged,completed_regular_season_match_results_3_1_0,openfootball/europe,https://github.com/openfootball/europe/blob/master/france/2021-22_fr1.txt,france/2021-22_fr1.txt,56f1e5148c5ac41cd4b2739fed50a7b47d6c3ffc,a534c4c765b3dfcaed072e6f2bd32513f542f2c84fb61ce44ad24c067ed7984f
2021-22,FRA,France,Ligue 1,1,Angers SCO,20,38,10,11,17,44,55,-11,41,1.0789473684210527,-0.2894736842105263,0.3157894736842105,within_competition_season_ppg_tie_averaged,completed_regular_season_match_results_3_1_0,openfootball/europe,https://github.com/openfootball/europe/blob/master/france/2021-22_fr1.txt,france/2021-22_fr1.txt,56f1e5148c5ac41cd4b2739fed50a7b47d6c3ffc,a534c4c765b3dfcaed072e6f2bd32513f542f2c84fb61ce44ad24c067ed7984f
2021-22,FRA,France,Ligue 1,1,ESTAC Troyes,20,38,9,11,18,37,53,-16,38,1,-0.42105263157894735,0.2631578947368421,within_competition_season_ppg_tie_averaged,completed_regular_season_match_results_3_1_0,openfootball/europe,https://github.com/openfootball/europe/blob/master/france/2021-22_fr1.txt,france/2021-22_fr1.txt,56f1e5148c5ac41cd4b2739fed50a7b47d6c3ffc,a534c4c765b3dfcaed072e6f2bd32513f542f2c84fb61ce44ad24c067ed7984f
2021-22,FRA,France,Ligue 1,1,FC Lorient,20,38,8,12,18,35,63,-28,36,0.9473684210526315,-0.7368421052631579,0.18421052631578946,within_competition_season_ppg_tie_averaged,completed_regular_season_match_results_3_1_0,openfootball/europe,https://github.com/openfootball/europe/blob/master/france/2021-22_fr1.txt,france/2021-22_fr1.txt,56f1e5148c5ac41cd4b2739fed50a7b47d6c3ffc,a534c4c765b3dfcaed072e6f2bd32513f542f2c84fb61ce44ad24c067ed7984f
2021-22,FRA,France,Ligue 1,1,Clermont Foot 63,20,38,9,9,20,38,69,-31,36,0.9473684210526315,-0.8157894736842105,0.18421052631578946,within_competition_season_ppg_tie_averaged,completed_regular_season_match_results_3_1_0,openfootball/europe,https://github.com/openfootball/europe/blob/master/france/2021-22_fr1.txt,france/2021-22_fr1.txt,56f1e5148c5ac41cd4b2739fed50a7b47d6c3ffc,a534c4c765b3dfcaed072e6f2bd32513f542f2c84fb61ce44ad24c067ed7984f
2021-22,FRA,France,Ligue 1,1,AS Saint-Étienne,20,38,7,11,20,42,77,-35,32,0.8421052631578947,-0.9210526315789473,0.10526315789473684,within_competition_season_ppg_tie_averaged,completed_regular_season_match_results_3_1_0,openfootball/europe,https://github.com/openfootball/europe/blob/master/france/2021-22_fr1.txt,france/2021-22_fr1.txt,56f1e5148c5ac41cd4b2739fed50a7b47d6c3ffc,a534c4c765b3dfcaed072e6f2bd32513f542f2c84fb61ce44ad24c067ed7984f
2021-22,FRA,France,Ligue 1,1,FC Metz,20,38,6,13,19,35,69,-34,31,0.8157894736842105,-0.8947368421052632,0.02631578947368421,within_competition_season_ppg_tie_averaged,completed_regular_season_match_results_3_1_0,openfootball/europe,https://github.com/openfootball/europe/blob/master/france/2021-22_fr1.txt,france/2021-22_fr1.txt,56f1e5148c5ac41cd4b2739fed50a7b47d6c3ffc,a534c4c765b3dfcaed072e6f2bd32513f542f2c84fb61ce44ad24c067ed7984f
2021-22,FRA,France,Ligue 1,1,Girondins Bordeaux,20,38,6,13,19,52,91,-39,31,0.8157894736842105,-1.0263157894736843,0.02631578947368421,within_competition_season_ppg_tie_averaged,completed_regular_season_match_results_3_1_0,openfootball/europe,https://github.com/openfootball/europe/blob/master/france/2021-22_fr1.txt,france/2021-22_fr1.txt,56f1e5148c5ac41cd4b2739fed50a7b47d6c3ffc,a534c4c765b3dfcaed072e6f2bd32513f542f2c84fb61ce44ad24c067ed7984f
2022-23,FRA,France,Ligue 1,1,Paris Saint-Germain,20,38,27,4,7,89,40,49,85,2.236842105263158,1.2894736842105263,1,within_competition_season_ppg_tie_averaged,completed_regular_season_match_results_3_1_0,openfootball/europe,https://github.com/openfootball/europe/blob/master/france/2022-23_fr1.txt,france/2022-23_fr1.txt,228ab677025f2b47d101ca3c373bcdb8dfa1a8b2,bfb04c9b90a8aff058e7631d740f5c9c4d968025a1c14d752c6261cbfd1828aa
2022-23,FRA,France,Ligue 1,1,RC Lens,20,38,25,9,4,68,29,39,84,2.210526315789474,1.0263157894736843,0.9473684210526315,within_competition_season_ppg_tie_averaged,completed_regular_season_match_results_3_1_0,openfootball/europe,https://github.com/openfootball/europe/blob/master/france/2022-23_fr1.txt,france/2022-23_fr1.txt,228ab677025f2b47d101ca3c373bcdb8dfa1a8b2,bfb04c9b90a8aff058e7631d740f5c9c4d968025a1c14d752c6261cbfd1828aa
2022-23,FRA,France,Ligue 1,1,Olympique Marseille,20,38,22,7,9,67,40,27,73,1.9210526315789473,0.7105263157894737,0.8947368421052632,within_competition_season_ppg_tie_averaged,completed_regular_season_match_results_3_1_0,openfootball/europe,https://github.com/openfootball/europe/blob/master/france/2022-23_fr1.txt,france/2022-23_fr1.txt,228ab677025f2b47d101ca3c373bcdb8dfa1a8b2,bfb04c9b90a8aff058e7631d740f5c9c4d968025a1c14d752c6261cbfd1828aa
2022-23,FRA,France,Ligue 1,1,Stade Rennais,20,38,21,5,12,69,39,30,68,1.7894736842105263,0.7894736842105263,0.8421052631578947,within_competition_season_ppg_tie_averaged,completed_regular_season_match_results_3_1_0,openfootball/europe,https://github.com/openfootball/europe/blob/master/france/2022-23_fr1.txt,france/2022-23_fr1.txt,228ab677025f2b47d101ca3c373bcdb8dfa1a8b2,bfb04c9b90a8aff058e7631d740f5c9c4d968025a1c14d752c6261cbfd1828aa
2022-23,FRA,France,Ligue 1,1,Lille OSC,20,38,19,10,9,65,44,21,67,1.763157894736842,0.5526315789473685,0.7894736842105263,within_competition_season_ppg_tie_averaged,completed_regular_season_match_results_3_1_0,openfootball/europe,https://github.com/openfootball/europe/blob/master/france/2022-23_fr1.txt,france/2022-23_fr1.txt,228ab677025f2b47d101ca3c373bcdb8dfa1a8b2,bfb04c9b90a8aff058e7631d740f5c9c4d968025a1c14d752c6261cbfd1828aa
2022-23,FRA,France,Ligue 1,1,AS Monaco,20,38,19,8,11,70,58,12,65,1.7105263157894737,0.3157894736842105,0.7368421052631579,within_competition_season_ppg_tie_averaged,completed_regular_season_match_results_3_1_0,openfootball/europe,https://github.com/openfootball/europe/blob/master/france/2022-23_fr1.txt,france/2022-23_fr1.txt,228ab677025f2b47d101ca3c373bcdb8dfa1a8b2,bfb04c9b90a8aff058e7631d740f5c9c4d968025a1c14d752c6261cbfd1828aa
2022-23,FRA,France,Ligue 1,1,Olympique Lyonnais,20,38,18,8,12,65,47,18,62,1.631578947368421,0.47368421052631576,0.6842105263157895,within_competition_season_ppg_tie_averaged,completed_regular_season_match_results_3_1_0,openfootball/europe,https://github.com/openfootball/europe/blob/master/france/2022-23_fr1.txt,france/2022-23_fr1.txt,228ab677025f2b47d101ca3c373bcdb8dfa1a8b2,bfb04c9b90a8aff058e7631d740f5c9c4d968025a1c14d752c6261cbfd1828aa
2022-23,FRA,France,Ligue 1,1,Clermont Foot 63,20,38,17,8,13,45,49,-4,59,1.5526315789473684,-0.10526315789473684,0.631578947368421,within_competition_season_ppg_tie_averaged,completed_regular_season_match_results_3_1_0,openfootball/europe,https://github.com/openfootball/europe/blob/master/france/2022-23_fr1.txt,france/2022-23_fr1.txt,228ab677025f2b47d101ca3c373bcdb8dfa1a8b2,bfb04c9b90a8aff058e7631d740f5c9c4d968025a1c14d752c6261cbfd1828aa
2022-23,FRA,France,Ligue 1,1,OGC Nice,20,38,15,13,10,48,37,11,58,1.5263157894736843,0.2894736842105263,0.5789473684210527,within_competition_season_ppg_tie_averaged,completed_regular_season_match_results_3_1_0,openfootball/europe,https://github.com/openfootball/europe/blob/master/france/2022-23_fr1.txt,france/2022-23_fr1.txt,228ab677025f2b47d101ca3c373bcdb8dfa1a8b2,bfb04c9b90a8aff058e7631d740f5c9c4d968025a1c14d752c6261cbfd1828aa
2022-23,FRA,France,Ligue 1,1,FC Lorient,20,38,15,10,13,52,53,-1,55,1.4473684210526316,-0.02631578947368421,0.5263157894736842,within_competition_season_ppg_tie_averaged,completed_regular_season_match_results_3_1_0,openfootball/europe,https://github.com/openfootball/europe/blob/master/france/2022-23_fr1.txt,france/2022-23_fr1.txt,228ab677025f2b47d101ca3c373bcdb8dfa1a8b2,bfb04c9b90a8aff058e7631d740f5c9c4d968025a1c14d752c6261cbfd1828aa
2022-23,FRA,France,Ligue 1,1,Stade de Reims,20,38,12,15,11,45,45,0,51,1.3421052631578947,0,0.47368421052631576,within_competition_season_ppg_tie_averaged,completed_regular_season_match_results_3_1_0,openfootball/europe,https://github.com/openfootball/europe/blob/master/france/2022-23_fr1.txt,france/2022-23_fr1.txt,228ab677025f2b47d101ca3c373bcdb8dfa1a8b2,bfb04c9b90a8aff058e7631d740f5c9c4d968025a1c14d752c6261cbfd1828aa
2022-23,FRA,France,Ligue 1,1,Montpellier HSC,20,38,15,5,18,65,62,3,50,1.3157894736842106,0.07894736842105263,0.42105263157894735,within_competition_season_ppg_tie_averaged,completed_regular_season_match_results_3_1_0,openfootball/europe,https://github.com/openfootball/europe/blob/master/france/2022-23_fr1.txt,france/2022-23_fr1.txt,228ab677025f2b47d101ca3c373bcdb8dfa1a8b2,bfb04c9b90a8aff058e7631d740f5c9c4d968025a1c14d752c6261cbfd1828aa
2022-23,FRA,France,Ligue 1,1,Toulouse FC,20,38,13,9,16,51,57,-6,48,1.263157894736842,-0.15789473684210525,0.3684210526315789,within_competition_season_ppg_tie_averaged,completed_regular_season_match_results_3_1_0,openfootball/europe,https://github.com/openfootball/europe/blob/master/france/2022-23_fr1.txt,france/2022-23_fr1.txt,228ab677025f2b47d101ca3c373bcdb8dfa1a8b2,bfb04c9b90a8aff058e7631d740f5c9c4d968025a1c14d752c6261cbfd1828aa
2022-23,FRA,France,Ligue 1,1,Stade Brestois 29,20,38,11,11,16,44,54,-10,44,1.1578947368421053,-0.2631578947368421,0.3157894736842105,within_competition_season_ppg_tie_averaged,completed_regular_season_match_results_3_1_0,openfootball/europe,https://github.com/openfootball/europe/blob/master/france/2022-23_fr1.txt,france/2022-23_fr1.txt,228ab677025f2b47d101ca3c373bcdb8dfa1a8b2,bfb04c9b90a8aff058e7631d740f5c9c4d968025a1c14d752c6261cbfd1828aa
2022-23,FRA,France,Ligue 1,1,RC Strasbourg,20,38,9,13,16,51,59,-8,40,1.0526315789473684,-0.21052631578947367,0.2631578947368421,within_competition_season_ppg_tie_averaged,completed_regular_season_match_results_3_1_0,openfootball/europe,https://github.com/openfootball/europe/blob/master/france/2022-23_fr1.txt,france/2022-23_fr1.txt,228ab677025f2b47d101ca3c373bcdb8dfa1a8b2,bfb04c9b90a8aff058e7631d740f5c9c4d968025a1c14d752c6261cbfd1828aa
2022-23,FRA,France,Ligue 1,1,FC Nantes,20,38,7,15,16,37,55,-18,36,0.9473684210526315,-0.47368421052631576,0.21052631578947367,within_competition_season_ppg_tie_averaged,completed_regular_season_match_results_3_1_0,openfootball/europe,https://github.com/openfootball/europe/blob/master/france/2022-23_fr1.txt,france/2022-23_fr1.txt,228ab677025f2b47d101ca3c373bcdb8dfa1a8b2,bfb04c9b90a8aff058e7631d740f5c9c4d968025a1c14d752c6261cbfd1828aa
2022-23,FRA,France,Ligue 1,1,AJ Auxerre,20,38,8,11,19,35,63,-28,35,0.9210526315789473,-0.7368421052631579,0.15789473684210525,within_competition_season_ppg_tie_averaged,completed_regular_season_match_results_3_1_0,openfootball/europe,https://github.com/openfootball/europe/blob/master/france/2022-23_fr1.txt,france/2022-23_fr1.txt,228ab677025f2b47d101ca3c373bcdb8dfa1a8b2,bfb04c9b90a8aff058e7631d740f5c9c4d968025a1c14d752c6261cbfd1828aa
2022-23,FRA,France,Ligue 1,1,AC Ajaccio,20,38,7,5,26,23,74,-51,26,0.6842105263157895,-1.3421052631578947,0.10526315789473684,within_competition_season_ppg_tie_averaged,completed_regular_season_match_results_3_1_0,openfootball/europe,https://github.com/openfootball/europe/blob/master/france/2022-23_fr1.txt,france/2022-23_fr1.txt,228ab677025f2b47d101ca3c373bcdb8dfa1a8b2,bfb04c9b90a8aff058e7631d740f5c9c4d968025a1c14d752c6261cbfd1828aa
2022-23,FRA,France,Ligue 1,1,ESTAC Troyes,20,38,4,12,22,45,81,-36,24,0.631578947368421,-0.9473684210526315,0.05263157894736842,within_competition_season_ppg_tie_averaged,completed_regular_season_match_results_3_1_0,openfootball/europe,https://github.com/openfootball/europe/blob/master/france/2022-23_fr1.txt,france/2022-23_fr1.txt,228ab677025f2b47d101ca3c373bcdb8dfa1a8b2,bfb04c9b90a8aff058e7631d740f5c9c4d968025a1c14d752c6261cbfd1828aa
2022-23,FRA,France,Ligue 1,1,Angers SCO,20,38,4,6,28,33,81,-48,18,0.47368421052631576,-1.263157894736842,0,within_competition_season_ppg_tie_averaged,completed_regular_season_match_results_3_1_0,openfootball/europe,https://github.com/openfootball/europe/blob/master/france/2022-23_fr1.txt,france/2022-23_fr1.txt,228ab677025f2b47d101ca3c373bcdb8dfa1a8b2,bfb04c9b90a8aff058e7631d740f5c9c4d968025a1c14d752c6261cbfd1828aa
2023-24,FRA,France,Ligue 1,1,Paris Saint-Germain FC,18,34,22,10,2,81,33,48,76,2.235294117647059,1.411764705882353,1,within_competition_season_ppg_tie_averaged,completed_regular_season_match_results_3_1_0,openfootball/europe,https://github.com/openfootball/europe/blob/master/france/2023-24_fr1.txt,france/2023-24_fr1.txt,621eea2a9338b1c332e8698bc62dbcddde69612c,c4a6995827f65e7c1d36bdc528d5cea284684f27d1fa8f5e5c88fd7d373f8ca9
2023-24,FRA,France,Ligue 1,1,AS Monaco FC,18,34,20,7,7,68,42,26,67,1.9705882352941178,0.7647058823529411,0.9411764705882353,within_competition_season_ppg_tie_averaged,completed_regular_season_match_results_3_1_0,openfootball/europe,https://github.com/openfootball/europe/blob/master/france/2023-24_fr1.txt,france/2023-24_fr1.txt,621eea2a9338b1c332e8698bc62dbcddde69612c,c4a6995827f65e7c1d36bdc528d5cea284684f27d1fa8f5e5c88fd7d373f8ca9
2023-24,FRA,France,Ligue 1,1,Stade Brestois 29,18,34,17,10,7,53,34,19,61,1.7941176470588236,0.5588235294117647,0.8823529411764706,within_competition_season_ppg_tie_averaged,completed_regular_season_match_results_3_1_0,openfootball/europe,https://github.com/openfootball/europe/blob/master/france/2023-24_fr1.txt,france/2023-24_fr1.txt,621eea2a9338b1c332e8698bc62dbcddde69612c,c4a6995827f65e7c1d36bdc528d5cea284684f27d1fa8f5e5c88fd7d373f8ca9
2023-24,FRA,France,Ligue 1,1,Lille OSC,18,34,16,11,7,52,34,18,59,1.7352941176470589,0.5294117647058824,0.8235294117647058,within_competition_season_ppg_tie_averaged,completed_regular_season_match_results_3_1_0,openfootball/europe,https://github.com/openfootball/europe/blob/master/france/2023-24_fr1.txt,france/2023-24_fr1.txt,621eea2a9338b1c332e8698bc62dbcddde69612c,c4a6995827f65e7c1d36bdc528d5cea284684f27d1fa8f5e5c88fd7d373f8ca9
2023-24,FRA,France,Ligue 1,1,OGC Nice,18,34,15,10,9,40,29,11,55,1.6176470588235294,0.3235294117647059,0.7647058823529411,within_competition_season_ppg_tie_averaged,completed_regular_season_match_results_3_1_0,openfootball/europe,https://github.com/openfootball/europe/blob/master/france/2023-24_fr1.txt,france/2023-24_fr1.txt,621eea2a9338b1c332e8698bc62dbcddde69612c,c4a6995827f65e7c1d36bdc528d5cea284684f27d1fa8f5e5c88fd7d373f8ca9
2023-24,FRA,France,Ligue 1,1,Olympique Lyonnais,18,34,16,5,13,49,55,-6,53,1.5588235294117647,-0.17647058823529413,0.7058823529411765,within_competition_season_ppg_tie_averaged,completed_regular_season_match_results_3_1_0,openfootball/europe,https://github.com/openfootball/europe/blob/master/france/2023-24_fr1.txt,france/2023-24_fr1.txt,621eea2a9338b1c332e8698bc62dbcddde69612c,c4a6995827f65e7c1d36bdc528d5cea284684f27d1fa8f5e5c88fd7d373f8ca9
2023-24,FRA,France,Ligue 1,1,Racing Club de Lens,18,34,14,9,11,45,37,8,51,1.5,0.23529411764705882,0.6470588235294118,within_competition_season_ppg_tie_averaged,completed_regular_season_match_results_3_1_0,openfootball/europe,https://github.com/openfootball/europe/blob/master/france/2023-24_fr1.txt,france/2023-24_fr1.txt,621eea2a9338b1c332e8698bc62dbcddde69612c,c4a6995827f65e7c1d36bdc528d5cea284684f27d1fa8f5e5c88fd7d373f8ca9
2023-24,FRA,France,Ligue 1,1,Olympique de Marseille,18,34,13,11,10,52,41,11,50,1.4705882352941178,0.3235294117647059,0.5882352941176471,within_competition_season_ppg_tie_averaged,completed_regular_season_match_results_3_1_0,openfootball/europe,https://github.com/openfootball/europe/blob/master/france/2023-24_fr1.txt,france/2023-24_fr1.txt,621eea2a9338b1c332e8698bc62dbcddde69612c,c4a6995827f65e7c1d36bdc528d5cea284684f27d1fa8f5e5c88fd7d373f8ca9
2023-24,FRA,France,Ligue 1,1,Stade de Reims,18,34,13,8,13,42,47,-5,47,1.3823529411764706,-0.14705882352941177,0.5294117647058824,within_competition_season_ppg_tie_averaged,completed_regular_season_match_results_3_1_0,openfootball/europe,https://github.com/openfootball/europe/blob/master/france/2023-24_fr1.txt,france/2023-24_fr1.txt,621eea2a9338b1c332e8698bc62dbcddde69612c,c4a6995827f65e7c1d36bdc528d5cea284684f27d1fa8f5e5c88fd7d373f8ca9
2023-24,FRA,France,Ligue 1,1,Stade Rennais FC 1901,18,34,12,10,12,53,46,7,46,1.3529411764705883,0.20588235294117646,0.47058823529411764,within_competition_season_ppg_tie_averaged,completed_regular_season_match_results_3_1_0,openfootball/europe,https://github.com/openfootball/europe/blob/master/france/2023-24_fr1.txt,france/2023-24_fr1.txt,621eea2a9338b1c332e8698bc62dbcddde69612c,c4a6995827f65e7c1d36bdc528d5cea284684f27d1fa8f5e5c88fd7d373f8ca9
2023-24,FRA,France,Ligue 1,1,Toulouse FC,18,34,11,10,13,42,46,-4,43,1.2647058823529411,-0.11764705882352941,0.4117647058823529,within_competition_season_ppg_tie_averaged,completed_regular_season_match_results_3_1_0,openfootball/europe,https://github.com/openfootball/europe/blob/master/france/2023-24_fr1.txt,france/2023-24_fr1.txt,621eea2a9338b1c332e8698bc62dbcddde69612c,c4a6995827f65e7c1d36bdc528d5cea284684f27d1fa8f5e5c88fd7d373f8ca9
2023-24,FRA,France,Ligue 1,1,Montpellier HSC,18,34,10,12,12,43,48,-5,42,1.2352941176470589,-0.14705882352941177,0.35294117647058826,within_competition_season_ppg_tie_averaged,completed_regular_season_match_results_3_1_0,openfootball/europe,https://github.com/openfootball/europe/blob/master/france/2023-24_fr1.txt,france/2023-24_fr1.txt,621eea2a9338b1c332e8698bc62dbcddde69612c,c4a6995827f65e7c1d36bdc528d5cea284684f27d1fa8f5e5c88fd7d373f8ca9
2023-24,FRA,France,Ligue 1,1,RC Strasbourg Alsace,18,34,10,9,15,38,50,-12,39,1.1470588235294117,-0.35294117647058826,0.29411764705882354,within_competition_season_ppg_tie_averaged,completed_regular_season_match_results_3_1_0,openfootball/europe,https://github.com/openfootball/europe/blob/master/france/2023-24_fr1.txt,france/2023-24_fr1.txt,621eea2a9338b1c332e8698bc62dbcddde69612c,c4a6995827f65e7c1d36bdc528d5cea284684f27d1fa8f5e5c88fd7d373f8ca9
2023-24,FRA,France,Ligue 1,1,FC Nantes,18,34,9,6,19,30,55,-25,33,0.9705882352941176,-0.7352941176470589,0.23529411764705882,within_competition_season_ppg_tie_averaged,completed_regular_season_match_results_3_1_0,openfootball/europe,https://github.com/openfootball/europe/blob/master/france/2023-24_fr1.txt,france/2023-24_fr1.txt,621eea2a9338b1c332e8698bc62dbcddde69612c,c4a6995827f65e7c1d36bdc528d5cea284684f27d1fa8f5e5c88fd7d373f8ca9
2023-24,FRA,France,Ligue 1,1,Le Havre AC,18,34,7,11,16,34,45,-11,32,0.9411764705882353,-0.3235294117647059,0.17647058823529413,within_competition_season_ppg_tie_averaged,completed_regular_season_match_results_3_1_0,openfootball/europe,https://github.com/openfootball/europe/blob/master/france/2023-24_fr1.txt,france/2023-24_fr1.txt,621eea2a9338b1c332e8698bc62dbcddde69612c,c4a6995827f65e7c1d36bdc528d5cea284684f27d1fa8f5e5c88fd7d373f8ca9
2023-24,FRA,France,Ligue 1,1,FC Lorient,18,34,7,8,19,43,66,-23,29,0.8529411764705882,-0.6764705882352942,0.08823529411764706,within_competition_season_ppg_tie_averaged,completed_regular_season_match_results_3_1_0,openfootball/europe,https://github.com/openfootball/europe/blob/master/france/2023-24_fr1.txt,france/2023-24_fr1.txt,621eea2a9338b1c332e8698bc62dbcddde69612c,c4a6995827f65e7c1d36bdc528d5cea284684f27d1fa8f5e5c88fd7d373f8ca9
2023-24,FRA,France,Ligue 1,1,FC Metz,18,34,8,5,21,35,58,-23,29,0.8529411764705882,-0.6764705882352942,0.08823529411764706,within_competition_season_ppg_tie_averaged,completed_regular_season_match_results_3_1_0,openfootball/europe,https://github.com/openfootball/europe/blob/master/france/2023-24_fr1.txt,france/2023-24_fr1.txt,621eea2a9338b1c332e8698bc62dbcddde69612c,c4a6995827f65e7c1d36bdc528d5cea284684f27d1fa8f5e5c88fd7d373f8ca9
2023-24,FRA,France,Ligue 1,1,Clermont Foot 63,18,34,5,10,19,26,60,-34,25,0.7352941176470589,-1,0,within_competition_season_ppg_tie_averaged,completed_regular_season_match_results_3_1_0,openfootball/europe,https://github.com/openfootball/europe/blob/master/france/2023-24_fr1.txt,france/2023-24_fr1.txt,621eea2a9338b1c332e8698bc62dbcddde69612c,c4a6995827f65e7c1d36bdc528d5cea284684f27d1fa8f5e5c88fd7d373f8ca9
2024-25,FRA,France,Ligue 1,1,Paris Saint-Germain FC,18,34,26,6,2,92,35,57,84,2.4705882352941178,1.6764705882352942,1,within_competition_season_ppg_tie_averaged,completed_regular_season_match_results_3_1_0,openfootball/europe,https://github.com/openfootball/europe/blob/master/france/2024-25_fr1.txt,france/2024-25_fr1.txt,ef156ebbb27cd5b66a2b6f1175df88d95ef41aad,169b86f635d04fefb786cf8e644e57d21bbd5c1dcc36ca1f1469560c699af19b
2024-25,FRA,France,Ligue 1,1,Olympique de Marseille,18,34,20,5,9,74,47,27,65,1.911764705882353,0.7941176470588235,0.9411764705882353,within_competition_season_ppg_tie_averaged,completed_regular_season_match_results_3_1_0,openfootball/europe,https://github.com/openfootball/europe/blob/master/france/2024-25_fr1.txt,france/2024-25_fr1.txt,ef156ebbb27cd5b66a2b6f1175df88d95ef41aad,169b86f635d04fefb786cf8e644e57d21bbd5c1dcc36ca1f1469560c699af19b
2024-25,FRA,France,Ligue 1,1,AS Monaco FC,18,34,18,7,9,63,41,22,61,1.7941176470588236,0.6470588235294118,0.8823529411764706,within_competition_season_ppg_tie_averaged,completed_regular_season_match_results_3_1_0,openfootball/europe,https://github.com/openfootball/europe/blob/master/france/2024-25_fr1.txt,france/2024-25_fr1.txt,ef156ebbb27cd5b66a2b6f1175df88d95ef41aad,169b86f635d04fefb786cf8e644e57d21bbd5c1dcc36ca1f1469560c699af19b
2024-25,FRA,France,Ligue 1,1,OGC Nice,18,34,17,9,8,66,41,25,60,1.7647058823529411,0.7352941176470589,0.7941176470588235,within_competition_season_ppg_tie_averaged,completed_regular_season_match_results_3_1_0,openfootball/europe,https://github.com/openfootball/europe/blob/master/france/2024-25_fr1.txt,france/2024-25_fr1.txt,ef156ebbb27cd5b66a2b6f1175df88d95ef41aad,169b86f635d04fefb786cf8e644e57d21bbd5c1dcc36ca1f1469560c699af19b
2024-25,FRA,France,Ligue 1,1,Lille OSC,18,34,17,9,8,52,36,16,60,1.7647058823529411,0.47058823529411764,0.7941176470588235,within_competition_season_ppg_tie_averaged,completed_regular_season_match_results_3_1_0,openfootball/europe,https://github.com/openfootball/europe/blob/master/france/2024-25_fr1.txt,france/2024-25_fr1.txt,ef156ebbb27cd5b66a2b6f1175df88d95ef41aad,169b86f635d04fefb786cf8e644e57d21bbd5c1dcc36ca1f1469560c699af19b
2024-25,FRA,France,Ligue 1,1,Olympique Lyonnais,18,34,17,6,11,65,46,19,57,1.6764705882352942,0.5588235294117647,0.6764705882352942,within_competition_season_ppg_tie_averaged,completed_regular_season_match_results_3_1_0,openfootball/europe,https://github.com/openfootball/europe/blob/master/france/2024-25_fr1.txt,france/2024-25_fr1.txt,ef156ebbb27cd5b66a2b6f1175df88d95ef41aad,169b86f635d04fefb786cf8e644e57d21bbd5c1dcc36ca1f1469560c699af19b
2024-25,FRA,France,Ligue 1,1,RC Strasbourg Alsace,18,34,16,9,9,56,44,12,57,1.6764705882352942,0.35294117647058826,0.6764705882352942,within_competition_season_ppg_tie_averaged,completed_regular_season_match_results_3_1_0,openfootball/europe,https://github.com/openfootball/europe/blob/master/france/2024-25_fr1.txt,france/2024-25_fr1.txt,ef156ebbb27cd5b66a2b6f1175df88d95ef41aad,169b86f635d04fefb786cf8e644e57d21bbd5c1dcc36ca1f1469560c699af19b
2024-25,FRA,France,Ligue 1,1,Racing Club de Lens,18,34,15,7,12,42,39,3,52,1.5294117647058822,0.08823529411764706,0.5882352941176471,within_competition_season_ppg_tie_averaged,completed_regular_season_match_results_3_1_0,openfootball/europe,https://github.com/openfootball/europe/blob/master/france/2024-25_fr1.txt,france/2024-25_fr1.txt,ef156ebbb27cd5b66a2b6f1175df88d95ef41aad,169b86f635d04fefb786cf8e644e57d21bbd5c1dcc36ca1f1469560c699af19b
2024-25,FRA,France,Ligue 1,1,Stade Brestois 29,18,34,15,5,14,52,59,-7,50,1.4705882352941178,-0.20588235294117646,0.5294117647058824,within_competition_season_ppg_tie_averaged,completed_regular_season_match_results_3_1_0,openfootball/europe,https://github.com/openfootball/europe/blob/master/france/2024-25_fr1.txt,france/2024-25_fr1.txt,ef156ebbb27cd5b66a2b6f1175df88d95ef41aad,169b86f635d04fefb786cf8e644e57d21bbd5c1dcc36ca1f1469560c699af19b
2024-25,FRA,France,Ligue 1,1,Toulouse FC,18,34,11,9,14,44,43,1,42,1.2352941176470589,0.029411764705882353,0.4411764705882353,within_competition_season_ppg_tie_averaged,completed_regular_season_match_results_3_1_0,openfootball/europe,https://github.com/openfootball/europe/blob/master/france/2024-25_fr1.txt,france/2024-25_fr1.txt,ef156ebbb27cd5b66a2b6f1175df88d95ef41aad,169b86f635d04fefb786cf8e644e57d21bbd5c1dcc36ca1f1469560c699af19b
2024-25,FRA,France,Ligue 1,1,AJ Auxerre,18,34,11,9,14,48,51,-3,42,1.2352941176470589,-0.08823529411764706,0.4411764705882353,within_competition_season_ppg_tie_averaged,completed_regular_season_match_results_3_1_0,openfootball/europe,https://github.com/openfootball/europe/blob/master/france/2024-25_fr1.txt,france/2024-25_fr1.txt,ef156ebbb27cd5b66a2b6f1175df88d95ef41aad,169b86f635d04fefb786cf8e644e57d21bbd5c1dcc36ca1f1469560c699af19b
2024-25,FRA,France,Ligue 1,1,Stade Rennais FC 1901,18,34,13,2,19,51,50,1,41,1.2058823529411764,0.029411764705882353,0.35294117647058826,within_competition_season_ppg_tie_averaged,completed_regular_season_match_results_3_1_0,openfootball/europe,https://github.com/openfootball/europe/blob/master/france/2024-25_fr1.txt,france/2024-25_fr1.txt,ef156ebbb27cd5b66a2b6f1175df88d95ef41aad,169b86f635d04fefb786cf8e644e57d21bbd5c1dcc36ca1f1469560c699af19b
2024-25,FRA,France,Ligue 1,1,FC Nantes,18,34,8,12,14,39,52,-13,36,1.0588235294117647,-0.38235294117647056,0.2647058823529412,within_competition_season_ppg_tie_averaged,completed_regular_season_match_results_3_1_0,openfootball/europe,https://github.com/openfootball/europe/blob/master/france/2024-25_fr1.txt,france/2024-25_fr1.txt,ef156ebbb27cd5b66a2b6f1175df88d95ef41aad,169b86f635d04fefb786cf8e644e57d21bbd5c1dcc36ca1f1469560c699af19b
2024-25,FRA,France,Ligue 1,1,Angers SCO,18,34,10,6,18,32,53,-21,36,1.0588235294117647,-0.6176470588235294,0.2647058823529412,within_competition_season_ppg_tie_averaged,completed_regular_season_match_results_3_1_0,openfootball/europe,https://github.com/openfootball/europe/blob/master/france/2024-25_fr1.txt,france/2024-25_fr1.txt,ef156ebbb27cd5b66a2b6f1175df88d95ef41aad,169b86f635d04fefb786cf8e644e57d21bbd5c1dcc36ca1f1469560c699af19b
2024-25,FRA,France,Ligue 1,1,Le Havre AC,18,34,10,4,20,40,71,-31,34,1,-0.9117647058823529,0.17647058823529413,within_competition_season_ppg_tie_averaged,completed_regular_season_match_results_3_1_0,openfootball/europe,https://github.com/openfootball/europe/blob/master/france/2024-25_fr1.txt,france/2024-25_fr1.txt,ef156ebbb27cd5b66a2b6f1175df88d95ef41aad,169b86f635d04fefb786cf8e644e57d21bbd5c1dcc36ca1f1469560c699af19b
2024-25,FRA,France,Ligue 1,1,Stade de Reims,18,34,8,9,17,33,47,-14,33,0.9705882352941176,-0.4117647058823529,0.11764705882352941,within_competition_season_ppg_tie_averaged,completed_regular_season_match_results_3_1_0,openfootball/europe,https://github.com/openfootball/europe/blob/master/france/2024-25_fr1.txt,france/2024-25_fr1.txt,ef156ebbb27cd5b66a2b6f1175df88d95ef41aad,169b86f635d04fefb786cf8e644e57d21bbd5c1dcc36ca1f1469560c699af19b
2024-25,FRA,France,Ligue 1,1,AS Saint-Étienne,18,34,8,6,20,39,77,-38,30,0.8823529411764706,-1.1176470588235294,0.058823529411764705,within_competition_season_ppg_tie_averaged,completed_regular_season_match_results_3_1_0,openfootball/europe,https://github.com/openfootball/europe/blob/master/france/2024-25_fr1.txt,france/2024-25_fr1.txt,ef156ebbb27cd5b66a2b6f1175df88d95ef41aad,169b86f635d04fefb786cf8e644e57d21bbd5c1dcc36ca1f1469560c699af19b
2024-25,FRA,France,Ligue 1,1,Montpellier HSC,18,34,4,4,26,23,79,-56,16,0.47058823529411764,-1.6470588235294117,0,within_competition_season_ppg_tie_averaged,completed_regular_season_match_results_3_1_0,openfootball/europe,https://github.com/openfootball/europe/blob/master/france/2024-25_fr1.txt,france/2024-25_fr1.txt,ef156ebbb27cd5b66a2b6f1175df88d95ef41aad,169b86f635d04fefb786cf8e644e57d21bbd5c1dcc36ca1f1469560c699af19b
2025-26,FRA,France,Ligue 1,1,Paris Saint-Germain,18,34,24,4,6,74,29,45,76,2.235294117647059,1.3235294117647058,1,within_competition_season_ppg_tie_averaged,completed_regular_season_match_results_3_1_0,openfootball/europe,https://github.com/openfootball/europe/blob/master/france/2025-26_fr1.txt,france/2025-26_fr1.txt,590cd559087b68e4e556f160afd2662220b7536e,d173d6d5e41ca1f42c1b6b0b4b65fd7eabdd49130867c47dfd3ad2007869d347
2025-26,FRA,France,Ligue 1,1,Lens,18,34,22,4,8,66,35,31,70,2.0588235294117645,0.9117647058823529,0.9411764705882353,within_competition_season_ppg_tie_averaged,completed_regular_season_match_results_3_1_0,openfootball/europe,https://github.com/openfootball/europe/blob/master/france/2025-26_fr1.txt,france/2025-26_fr1.txt,590cd559087b68e4e556f160afd2662220b7536e,d173d6d5e41ca1f42c1b6b0b4b65fd7eabdd49130867c47dfd3ad2007869d347
2025-26,FRA,France,Ligue 1,1,Lille,18,34,18,7,9,52,37,15,61,1.7941176470588236,0.4411764705882353,0.8823529411764706,within_competition_season_ppg_tie_averaged,completed_regular_season_match_results_3_1_0,openfootball/europe,https://github.com/openfootball/europe/blob/master/france/2025-26_fr1.txt,france/2025-26_fr1.txt,590cd559087b68e4e556f160afd2662220b7536e,d173d6d5e41ca1f42c1b6b0b4b65fd7eabdd49130867c47dfd3ad2007869d347
2025-26,FRA,France,Ligue 1,1,Olympique Lyonnais,18,34,18,6,10,53,40,13,60,1.7647058823529411,0.38235294117647056,0.8235294117647058,within_competition_season_ppg_tie_averaged,completed_regular_season_match_results_3_1_0,openfootball/europe,https://github.com/openfootball/europe/blob/master/france/2025-26_fr1.txt,france/2025-26_fr1.txt,590cd559087b68e4e556f160afd2662220b7536e,d173d6d5e41ca1f42c1b6b0b4b65fd7eabdd49130867c47dfd3ad2007869d347
2025-26,FRA,France,Ligue 1,1,Olympique Marseille,18,34,18,5,11,63,45,18,59,1.7352941176470589,0.5294117647058824,0.7352941176470589,within_competition_season_ppg_tie_averaged,completed_regular_season_match_results_3_1_0,openfootball/europe,https://github.com/openfootball/europe/blob/master/france/2025-26_fr1.txt,france/2025-26_fr1.txt,590cd559087b68e4e556f160afd2662220b7536e,d173d6d5e41ca1f42c1b6b0b4b65fd7eabdd49130867c47dfd3ad2007869d347
2025-26,FRA,France,Ligue 1,1,Rennes,18,34,17,8,9,59,50,9,59,1.7352941176470589,0.2647058823529412,0.7352941176470589,within_competition_season_ppg_tie_averaged,completed_regular_season_match_results_3_1_0,openfootball/europe,https://github.com/openfootball/europe/blob/master/france/2025-26_fr1.txt,france/2025-26_fr1.txt,590cd559087b68e4e556f160afd2662220b7536e,d173d6d5e41ca1f42c1b6b0b4b65fd7eabdd49130867c47dfd3ad2007869d347
2025-26,FRA,France,Ligue 1,1,AS Monaco,18,34,16,6,12,60,54,6,54,1.588235294117647,0.17647058823529413,0.6470588235294118,within_competition_season_ppg_tie_averaged,completed_regular_season_match_results_3_1_0,openfootball/europe,https://github.com/openfootball/europe/blob/master/france/2025-26_fr1.txt,france/2025-26_fr1.txt,590cd559087b68e4e556f160afd2662220b7536e,d173d6d5e41ca1f42c1b6b0b4b65fd7eabdd49130867c47dfd3ad2007869d347
2025-26,FRA,France,Ligue 1,1,RC Strasbourg Alsace,18,34,15,8,11,58,47,11,53,1.5588235294117647,0.3235294117647059,0.5882352941176471,within_competition_season_ppg_tie_averaged,completed_regular_season_match_results_3_1_0,openfootball/europe,https://github.com/openfootball/europe/blob/master/france/2025-26_fr1.txt,france/2025-26_fr1.txt,590cd559087b68e4e556f160afd2662220b7536e,d173d6d5e41ca1f42c1b6b0b4b65fd7eabdd49130867c47dfd3ad2007869d347
2025-26,FRA,France,Ligue 1,1,Toulouse FC,18,34,12,9,13,47,46,1,45,1.3235294117647058,0.029411764705882353,0.5,within_competition_season_ppg_tie_averaged,completed_regular_season_match_results_3_1_0,openfootball/europe,https://github.com/openfootball/europe/blob/master/france/2025-26_fr1.txt,france/2025-26_fr1.txt,590cd559087b68e4e556f160afd2662220b7536e,d173d6d5e41ca1f42c1b6b0b4b65fd7eabdd49130867c47dfd3ad2007869d347
2025-26,FRA,France,Ligue 1,1,FC Lorient,18,34,11,12,11,48,51,-3,45,1.3235294117647058,-0.08823529411764706,0.5,within_competition_season_ppg_tie_averaged,completed_regular_season_match_results_3_1_0,openfootball/europe,https://github.com/openfootball/europe/blob/master/france/2025-26_fr1.txt,france/2025-26_fr1.txt,590cd559087b68e4e556f160afd2662220b7536e,d173d6d5e41ca1f42c1b6b0b4b65fd7eabdd49130867c47dfd3ad2007869d347
2025-26,FRA,France,Ligue 1,1,Paris FC,18,34,11,11,12,47,50,-3,44,1.2941176470588236,-0.08823529411764706,0.4117647058823529,within_competition_season_ppg_tie_averaged,completed_regular_season_match_results_3_1_0,openfootball/europe,https://github.com/openfootball/europe/blob/master/france/2025-26_fr1.txt,france/2025-26_fr1.txt,590cd559087b68e4e556f160afd2662220b7536e,d173d6d5e41ca1f42c1b6b0b4b65fd7eabdd49130867c47dfd3ad2007869d347
2025-26,FRA,France,Ligue 1,1,Stade Brestois,18,34,10,9,15,43,55,-12,39,1.1470588235294117,-0.35294117647058826,0.35294117647058826,within_competition_season_ppg_tie_averaged,completed_regular_season_match_results_3_1_0,openfootball/europe,https://github.com/openfootball/europe/blob/master/france/2025-26_fr1.txt,france/2025-26_fr1.txt,590cd559087b68e4e556f160afd2662220b7536e,d173d6d5e41ca1f42c1b6b0b4b65fd7eabdd49130867c47dfd3ad2007869d347
2025-26,FRA,France,Ligue 1,1,Angers SCO,18,34,9,9,16,29,48,-19,36,1.0588235294117647,-0.5588235294117647,0.29411764705882354,within_competition_season_ppg_tie_averaged,completed_regular_season_match_results_3_1_0,openfootball/europe,https://github.com/openfootball/europe/blob/master/france/2025-26_fr1.txt,france/2025-26_fr1.txt,590cd559087b68e4e556f160afd2662220b7536e,d173d6d5e41ca1f42c1b6b0b4b65fd7eabdd49130867c47dfd3ad2007869d347
2025-26,FRA,France,Ligue 1,1,Le Havre,18,34,7,14,13,32,44,-12,35,1.0294117647058822,-0.35294117647058826,0.23529411764705882,within_competition_season_ppg_tie_averaged,completed_regular_season_match_results_3_1_0,openfootball/europe,https://github.com/openfootball/europe/blob/master/france/2025-26_fr1.txt,france/2025-26_fr1.txt,590cd559087b68e4e556f160afd2662220b7536e,d173d6d5e41ca1f42c1b6b0b4b65fd7eabdd49130867c47dfd3ad2007869d347
2025-26,FRA,France,Ligue 1,1,Auxerre,18,34,8,10,16,34,44,-10,34,1,-0.29411764705882354,0.17647058823529413,within_competition_season_ppg_tie_averaged,completed_regular_season_match_results_3_1_0,openfootball/europe,https://github.com/openfootball/europe/blob/master/france/2025-26_fr1.txt,france/2025-26_fr1.txt,590cd559087b68e4e556f160afd2662220b7536e,d173d6d5e41ca1f42c1b6b0b4b65fd7eabdd49130867c47dfd3ad2007869d347
2025-26,FRA,France,Ligue 1,1,OGC Nice,18,34,7,11,16,37,60,-23,32,0.9411764705882353,-0.6764705882352942,0.11764705882352941,within_competition_season_ppg_tie_averaged,completed_regular_season_match_results_3_1_0,openfootball/europe,https://github.com/openfootball/europe/blob/master/france/2025-26_fr1.txt,france/2025-26_fr1.txt,590cd559087b68e4e556f160afd2662220b7536e,d173d6d5e41ca1f42c1b6b0b4b65fd7eabdd49130867c47dfd3ad2007869d347
2025-26,FRA,France,Ligue 1,1,FC Nantes,18,34,5,9,20,29,52,-23,24,0.7058823529411765,-0.6764705882352942,0.058823529411764705,within_competition_season_ppg_tie_averaged,completed_regular_season_match_results_3_1_0,openfootball/europe,https://github.com/openfootball/europe/blob/master/france/2025-26_fr1.txt,france/2025-26_fr1.txt,590cd559087b68e4e556f160afd2662220b7536e,d173d6d5e41ca1f42c1b6b0b4b65fd7eabdd49130867c47dfd3ad2007869d347
2025-26,FRA,France,Ligue 1,1,FC Metz,18,34,3,8,23,32,76,-44,17,0.5,-1.2941176470588236,0,within_competition_season_ppg_tie_averaged,completed_regular_season_match_results_3_1_0,openfootball/europe,https://github.com/openfootball/europe/blob/master/france/2025-26_fr1.txt,france/2025-26_fr1.txt,590cd559087b68e4e556f160afd2662220b7536e,d173d6d5e41ca1f42c1b6b0b4b65fd7eabdd49130867c47dfd3ad2007869d347
2021-22,POR,Portugal,Primeira Liga,1,FC Porto,18,34,29,4,1,86,22,64,91,2.676470588235294,1.8823529411764706,1,within_competition_season_ppg_tie_averaged,completed_regular_season_match_results_3_1_0,openfootball/europe,https://github.com/openfootball/europe/blob/master/portugal/2021-22_pt1.txt,portugal/2021-22_pt1.txt,c448a04c11ae5b96e6bdbedabed75d1558f447df,5e5593b409d4b4ca31782960897b4e40917cc55370101cd68fea1af51a2a3b1c
2021-22,POR,Portugal,Primeira Liga,1,Sporting CP,18,34,27,4,3,73,23,50,85,2.5,1.4705882352941178,0.9411764705882353,within_competition_season_ppg_tie_averaged,completed_regular_season_match_results_3_1_0,openfootball/europe,https://github.com/openfootball/europe/blob/master/portugal/2021-22_pt1.txt,portugal/2021-22_pt1.txt,c448a04c11ae5b96e6bdbedabed75d1558f447df,5e5593b409d4b4ca31782960897b4e40917cc55370101cd68fea1af51a2a3b1c
2021-22,POR,Portugal,Primeira Liga,1,SL Benfica,18,34,23,5,6,78,30,48,74,2.176470588235294,1.411764705882353,0.8823529411764706,within_competition_season_ppg_tie_averaged,completed_regular_season_match_results_3_1_0,openfootball/europe,https://github.com/openfootball/europe/blob/master/portugal/2021-22_pt1.txt,portugal/2021-22_pt1.txt,c448a04c11ae5b96e6bdbedabed75d1558f447df,5e5593b409d4b4ca31782960897b4e40917cc55370101cd68fea1af51a2a3b1c
2021-22,POR,Portugal,Primeira Liga,1,Sporting Braga,18,34,19,8,7,52,31,21,65,1.911764705882353,0.6176470588235294,0.8235294117647058,within_competition_season_ppg_tie_averaged,completed_regular_season_match_results_3_1_0,openfootball/europe,https://github.com/openfootball/europe/blob/master/portugal/2021-22_pt1.txt,portugal/2021-22_pt1.txt,c448a04c11ae5b96e6bdbedabed75d1558f447df,5e5593b409d4b4ca31782960897b4e40917cc55370101cd68fea1af51a2a3b1c
2021-22,POR,Portugal,Primeira Liga,1,Gil Vicente,18,34,13,12,9,47,42,5,51,1.5,0.14705882352941177,0.7647058823529411,within_competition_season_ppg_tie_averaged,completed_regular_season_match_results_3_1_0,openfootball/europe,https://github.com/openfootball/europe/blob/master/portugal/2021-22_pt1.txt,portugal/2021-22_pt1.txt,c448a04c11ae5b96e6bdbedabed75d1558f447df,5e5593b409d4b4ca31782960897b4e40917cc55370101cd68fea1af51a2a3b1c
2021-22,POR,Portugal,Primeira Liga,1,Vitória Guimarães,18,34,13,9,12,50,41,9,48,1.411764705882353,0.2647058823529412,0.7058823529411765,within_competition_season_ppg_tie_averaged,completed_regular_season_match_results_3_1_0,openfootball/europe,https://github.com/openfootball/europe/blob/master/portugal/2021-22_pt1.txt,portugal/2021-22_pt1.txt,c448a04c11ae5b96e6bdbedabed75d1558f447df,5e5593b409d4b4ca31782960897b4e40917cc55370101cd68fea1af51a2a3b1c
2021-22,POR,Portugal,Primeira Liga,1,CD Santa Clara,18,34,9,13,12,38,54,-16,40,1.1764705882352942,-0.47058823529411764,0.6470588235294118,within_competition_season_ppg_tie_averaged,completed_regular_season_match_results_3_1_0,openfootball/europe,https://github.com/openfootball/europe/blob/master/portugal/2021-22_pt1.txt,portugal/2021-22_pt1.txt,c448a04c11ae5b96e6bdbedabed75d1558f447df,5e5593b409d4b4ca31782960897b4e40917cc55370101cd68fea1af51a2a3b1c
2021-22,POR,Portugal,Primeira Liga,1,FC Famalicão,18,34,9,12,13,45,51,-6,39,1.1470588235294117,-0.17647058823529413,0.5588235294117647,within_competition_season_ppg_tie_averaged,completed_regular_season_match_results_3_1_0,openfootball/europe,https://github.com/openfootball/europe/blob/master/portugal/2021-22_pt1.txt,portugal/2021-22_pt1.txt,c448a04c11ae5b96e6bdbedabed75d1558f447df,5e5593b409d4b4ca31782960897b4e40917cc55370101cd68fea1af51a2a3b1c
2021-22,POR,Portugal,Primeira Liga,1,GD Estoril,18,34,9,12,13,36,43,-7,39,1.1470588235294117,-0.20588235294117646,0.5588235294117647,within_competition_season_ppg_tie_averaged,completed_regular_season_match_results_3_1_0,openfootball/europe,https://github.com/openfootball/europe/blob/master/portugal/2021-22_pt1.txt,portugal/2021-22_pt1.txt,c448a04c11ae5b96e6bdbedabed75d1558f447df,5e5593b409d4b4ca31782960897b4e40917cc55370101cd68fea1af51a2a3b1c
2021-22,POR,Portugal,Primeira Liga,1,CS Marítimo,18,34,9,11,14,39,44,-5,38,1.1176470588235294,-0.14705882352941177,0.38235294117647056,within_competition_season_ppg_tie_averaged,completed_regular_season_match_results_3_1_0,openfootball/europe,https://github.com/openfootball/europe/blob/master/portugal/2021-22_pt1.txt,portugal/2021-22_pt1.txt,c448a04c11ae5b96e6bdbedabed75d1558f447df,5e5593b409d4b4ca31782960897b4e40917cc55370101cd68fea1af51a2a3b1c
2021-22,POR,Portugal,Primeira Liga,1,Boavista,18,34,7,17,10,39,52,-13,38,1.1176470588235294,-0.38235294117647056,0.38235294117647056,within_competition_season_ppg_tie_averaged,completed_regular_season_match_results_3_1_0,openfootball/europe,https://github.com/openfootball/europe/blob/master/portugal/2021-22_pt1.txt,portugal/2021-22_pt1.txt,c448a04c11ae5b96e6bdbedabed75d1558f447df,5e5593b409d4b4ca31782960897b4e40917cc55370101cd68fea1af51a2a3b1c
2021-22,POR,Portugal,Primeira Liga,1,Portimonense SC,18,34,10,8,16,31,45,-14,38,1.1176470588235294,-0.4117647058823529,0.38235294117647056,within_competition_season_ppg_tie_averaged,completed_regular_season_match_results_3_1_0,openfootball/europe,https://github.com/openfootball/europe/blob/master/portugal/2021-22_pt1.txt,portugal/2021-22_pt1.txt,c448a04c11ae5b96e6bdbedabed75d1558f447df,5e5593b409d4b4ca31782960897b4e40917cc55370101cd68fea1af51a2a3b1c
2021-22,POR,Portugal,Primeira Liga,1,Paços de Ferreira,18,34,9,11,14,29,44,-15,38,1.1176470588235294,-0.4411764705882353,0.38235294117647056,within_competition_season_ppg_tie_averaged,completed_regular_season_match_results_3_1_0,openfootball/europe,https://github.com/openfootball/europe/blob/master/portugal/2021-22_pt1.txt,portugal/2021-22_pt1.txt,c448a04c11ae5b96e6bdbedabed75d1558f447df,5e5593b409d4b4ca31782960897b4e40917cc55370101cd68fea1af51a2a3b1c
2021-22,POR,Portugal,Primeira Liga,1,FC Vizela,18,34,7,12,15,37,58,-21,33,0.9705882352941176,-0.6176470588235294,0.23529411764705882,within_competition_season_ppg_tie_averaged,completed_regular_season_match_results_3_1_0,openfootball/europe,https://github.com/openfootball/europe/blob/master/portugal/2021-22_pt1.txt,portugal/2021-22_pt1.txt,c448a04c11ae5b96e6bdbedabed75d1558f447df,5e5593b409d4b4ca31782960897b4e40917cc55370101cd68fea1af51a2a3b1c
2021-22,POR,Portugal,Primeira Liga,1,FC Arouca,18,34,7,10,17,30,54,-24,31,0.9117647058823529,-0.7058823529411765,0.17647058823529413,within_competition_season_ppg_tie_averaged,completed_regular_season_match_results_3_1_0,openfootball/europe,https://github.com/openfootball/europe/blob/master/portugal/2021-22_pt1.txt,portugal/2021-22_pt1.txt,c448a04c11ae5b96e6bdbedabed75d1558f447df,5e5593b409d4b4ca31782960897b4e40917cc55370101cd68fea1af51a2a3b1c
2021-22,POR,Portugal,Primeira Liga,1,Moreirense FC,18,34,7,8,19,33,51,-18,29,0.8529411764705882,-0.5294117647058824,0.11764705882352941,within_competition_season_ppg_tie_averaged,completed_regular_season_match_results_3_1_0,openfootball/europe,https://github.com/openfootball/europe/blob/master/portugal/2021-22_pt1.txt,portugal/2021-22_pt1.txt,c448a04c11ae5b96e6bdbedabed75d1558f447df,5e5593b409d4b4ca31782960897b4e40917cc55370101cd68fea1af51a2a3b1c
2021-22,POR,Portugal,Primeira Liga,1,CD Tondela,18,34,7,7,20,41,67,-26,28,0.8235294117647058,-0.7647058823529411,0.058823529411764705,within_competition_season_ppg_tie_averaged,completed_regular_season_match_results_3_1_0,openfootball/europe,https://github.com/openfootball/europe/blob/master/portugal/2021-22_pt1.txt,portugal/2021-22_pt1.txt,c448a04c11ae5b96e6bdbedabed75d1558f447df,5e5593b409d4b4ca31782960897b4e40917cc55370101cd68fea1af51a2a3b1c
2021-22,POR,Portugal,Primeira Liga,1,Belenenses SAD,18,34,5,11,18,23,55,-32,26,0.7647058823529411,-0.9411764705882353,0,within_competition_season_ppg_tie_averaged,completed_regular_season_match_results_3_1_0,openfootball/europe,https://github.com/openfootball/europe/blob/master/portugal/2021-22_pt1.txt,portugal/2021-22_pt1.txt,c448a04c11ae5b96e6bdbedabed75d1558f447df,5e5593b409d4b4ca31782960897b4e40917cc55370101cd68fea1af51a2a3b1c
2022-23,POR,Portugal,Primeira Liga,1,SL Benfica,18,34,28,3,3,82,20,62,87,2.5588235294117645,1.8235294117647058,1,within_competition_season_ppg_tie_averaged,completed_regular_season_match_results_3_1_0,openfootball/europe,https://github.com/openfootball/europe/blob/master/portugal/2022-23_pt1.txt,portugal/2022-23_pt1.txt,02fcf01267c8ae5305acec400e031519954600bd,fa7d1938a28199b2e714437769c4f56ac28f184e0f1ebdfd2603683c1a850a34
2022-23,POR,Portugal,Primeira Liga,1,FC Porto,18,34,27,4,3,73,22,51,85,2.5,1.5,0.9411764705882353,within_competition_season_ppg_tie_averaged,completed_regular_season_match_results_3_1_0,openfootball/europe,https://github.com/openfootball/europe/blob/master/portugal/2022-23_pt1.txt,portugal/2022-23_pt1.txt,02fcf01267c8ae5305acec400e031519954600bd,fa7d1938a28199b2e714437769c4f56ac28f184e0f1ebdfd2603683c1a850a34
2022-23,POR,Portugal,Primeira Liga,1,Sporting Braga,18,34,25,3,6,75,30,45,78,2.2941176470588234,1.3235294117647058,0.8823529411764706,within_competition_season_ppg_tie_averaged,completed_regular_season_match_results_3_1_0,openfootball/europe,https://github.com/openfootball/europe/blob/master/portugal/2022-23_pt1.txt,portugal/2022-23_pt1.txt,02fcf01267c8ae5305acec400e031519954600bd,fa7d1938a28199b2e714437769c4f56ac28f184e0f1ebdfd2603683c1a850a34
2022-23,POR,Portugal,Primeira Liga,1,Sporting CP,18,34,23,5,6,71,32,39,74,2.176470588235294,1.1470588235294117,0.8235294117647058,within_competition_season_ppg_tie_averaged,completed_regular_season_match_results_3_1_0,openfootball/europe,https://github.com/openfootball/europe/blob/master/portugal/2022-23_pt1.txt,portugal/2022-23_pt1.txt,02fcf01267c8ae5305acec400e031519954600bd,fa7d1938a28199b2e714437769c4f56ac28f184e0f1ebdfd2603683c1a850a34
2022-23,POR,Portugal,Primeira Liga,1,FC Arouca,18,34,15,9,10,36,37,-1,54,1.588235294117647,-0.029411764705882353,0.7647058823529411,within_competition_season_ppg_tie_averaged,completed_regular_season_match_results_3_1_0,openfootball/europe,https://github.com/openfootball/europe/blob/master/portugal/2022-23_pt1.txt,portugal/2022-23_pt1.txt,02fcf01267c8ae5305acec400e031519954600bd,fa7d1938a28199b2e714437769c4f56ac28f184e0f1ebdfd2603683c1a850a34
2022-23,POR,Portugal,Primeira Liga,1,Vitória Guimarães,18,34,16,5,13,34,39,-5,53,1.5588235294117647,-0.14705882352941177,0.7058823529411765,within_competition_season_ppg_tie_averaged,completed_regular_season_match_results_3_1_0,openfootball/europe,https://github.com/openfootball/europe/blob/master/portugal/2022-23_pt1.txt,portugal/2022-23_pt1.txt,02fcf01267c8ae5305acec400e031519954600bd,fa7d1938a28199b2e714437769c4f56ac28f184e0f1ebdfd2603683c1a850a34
2022-23,POR,Portugal,Primeira Liga,1,GD Chaves,18,34,12,10,12,35,40,-5,46,1.3529411764705883,-0.14705882352941177,0.6470588235294118,within_competition_season_ppg_tie_averaged,completed_regular_season_match_results_3_1_0,openfootball/europe,https://github.com/openfootball/europe/blob/master/portugal/2022-23_pt1.txt,portugal/2022-23_pt1.txt,02fcf01267c8ae5305acec400e031519954600bd,fa7d1938a28199b2e714437769c4f56ac28f184e0f1ebdfd2603683c1a850a34
2022-23,POR,Portugal,Primeira Liga,1,FC Famalicão,18,34,13,5,16,39,47,-8,44,1.2941176470588236,-0.23529411764705882,0.5588235294117647,within_competition_season_ppg_tie_averaged,completed_regular_season_match_results_3_1_0,openfootball/europe,https://github.com/openfootball/europe/blob/master/portugal/2022-23_pt1.txt,portugal/2022-23_pt1.txt,02fcf01267c8ae5305acec400e031519954600bd,fa7d1938a28199b2e714437769c4f56ac28f184e0f1ebdfd2603683c1a850a34
2022-23,POR,Portugal,Primeira Liga,1,Boavista,18,34,12,8,14,43,54,-11,44,1.2941176470588236,-0.3235294117647059,0.5588235294117647,within_competition_season_ppg_tie_averaged,completed_regular_season_match_results_3_1_0,openfootball/europe,https://github.com/openfootball/europe/blob/master/portugal/2022-23_pt1.txt,portugal/2022-23_pt1.txt,02fcf01267c8ae5305acec400e031519954600bd,fa7d1938a28199b2e714437769c4f56ac28f184e0f1ebdfd2603683c1a850a34
2022-23,POR,Portugal,Primeira Liga,1,Casa Pia AC,18,34,11,8,15,31,40,-9,41,1.2058823529411764,-0.2647058823529412,0.47058823529411764,within_competition_season_ppg_tie_averaged,completed_regular_season_match_results_3_1_0,openfootball/europe,https://github.com/openfootball/europe/blob/master/portugal/2022-23_pt1.txt,portugal/2022-23_pt1.txt,02fcf01267c8ae5305acec400e031519954600bd,fa7d1938a28199b2e714437769c4f56ac28f184e0f1ebdfd2603683c1a850a34
2022-23,POR,Portugal,Primeira Liga,1,FC Vizela,18,34,11,7,16,34,38,-4,40,1.1764705882352942,-0.11764705882352941,0.38235294117647056,within_competition_season_ppg_tie_averaged,completed_regular_season_match_results_3_1_0,openfootball/europe,https://github.com/openfootball/europe/blob/master/portugal/2022-23_pt1.txt,portugal/2022-23_pt1.txt,02fcf01267c8ae5305acec400e031519954600bd,fa7d1938a28199b2e714437769c4f56ac28f184e0f1ebdfd2603683c1a850a34
2022-23,POR,Portugal,Primeira Liga,1,Rio Ave FC,18,34,10,10,14,36,43,-7,40,1.1764705882352942,-0.20588235294117646,0.38235294117647056,within_competition_season_ppg_tie_averaged,completed_regular_season_match_results_3_1_0,openfootball/europe,https://github.com/openfootball/europe/blob/master/portugal/2022-23_pt1.txt,portugal/2022-23_pt1.txt,02fcf01267c8ae5305acec400e031519954600bd,fa7d1938a28199b2e714437769c4f56ac28f184e0f1ebdfd2603683c1a850a34
2022-23,POR,Portugal,Primeira Liga,1,Gil Vicente,18,34,10,7,17,32,41,-9,37,1.088235294117647,-0.2647058823529412,0.29411764705882354,within_competition_season_ppg_tie_averaged,completed_regular_season_match_results_3_1_0,openfootball/europe,https://github.com/openfootball/europe/blob/master/portugal/2022-23_pt1.txt,portugal/2022-23_pt1.txt,02fcf01267c8ae5305acec400e031519954600bd,fa7d1938a28199b2e714437769c4f56ac28f184e0f1ebdfd2603683c1a850a34
2022-23,POR,Portugal,Primeira Liga,1,GD Estoril,18,34,10,5,19,33,49,-16,35,1.0294117647058822,-0.47058823529411764,0.23529411764705882,within_competition_season_ppg_tie_averaged,completed_regular_season_match_results_3_1_0,openfootball/europe,https://github.com/openfootball/europe/blob/master/portugal/2022-23_pt1.txt,portugal/2022-23_pt1.txt,02fcf01267c8ae5305acec400e031519954600bd,fa7d1938a28199b2e714437769c4f56ac28f184e0f1ebdfd2603683c1a850a34
2022-23,POR,Portugal,Primeira Liga,1,Portimonense SC,18,34,10,4,20,25,48,-23,34,1,-0.6764705882352942,0.17647058823529413,within_competition_season_ppg_tie_averaged,completed_regular_season_match_results_3_1_0,openfootball/europe,https://github.com/openfootball/europe/blob/master/portugal/2022-23_pt1.txt,portugal/2022-23_pt1.txt,02fcf01267c8ae5305acec400e031519954600bd,fa7d1938a28199b2e714437769c4f56ac28f184e0f1ebdfd2603683c1a850a34
2022-23,POR,Portugal,Primeira Liga,1,CS Marítimo,18,34,7,5,22,32,63,-31,26,0.7647058823529411,-0.9117647058823529,0.11764705882352941,within_competition_season_ppg_tie_averaged,completed_regular_season_match_results_3_1_0,openfootball/europe,https://github.com/openfootball/europe/blob/master/portugal/2022-23_pt1.txt,portugal/2022-23_pt1.txt,02fcf01267c8ae5305acec400e031519954600bd,fa7d1938a28199b2e714437769c4f56ac28f184e0f1ebdfd2603683c1a850a34
2022-23,POR,Portugal,Primeira Liga,1,Paços de Ferreira,18,34,6,5,23,26,62,-36,23,0.6764705882352942,-1.0588235294117647,0.058823529411764705,within_competition_season_ppg_tie_averaged,completed_regular_season_match_results_3_1_0,openfootball/europe,https://github.com/openfootball/europe/blob/master/portugal/2022-23_pt1.txt,portugal/2022-23_pt1.txt,02fcf01267c8ae5305acec400e031519954600bd,fa7d1938a28199b2e714437769c4f56ac28f184e0f1ebdfd2603683c1a850a34
2022-23,POR,Portugal,Primeira Liga,1,CD Santa Clara,18,34,5,7,22,26,58,-32,22,0.6470588235294118,-0.9411764705882353,0,within_competition_season_ppg_tie_averaged,completed_regular_season_match_results_3_1_0,openfootball/europe,https://github.com/openfootball/europe/blob/master/portugal/2022-23_pt1.txt,portugal/2022-23_pt1.txt,02fcf01267c8ae5305acec400e031519954600bd,fa7d1938a28199b2e714437769c4f56ac28f184e0f1ebdfd2603683c1a850a34
2023-24,POR,Portugal,Primeira Liga,1,Sporting Clube de Portugal,18,34,29,3,2,96,29,67,90,2.6470588235294117,1.9705882352941178,1,within_competition_season_ppg_tie_averaged,completed_regular_season_match_results_3_1_0,openfootball/europe,https://github.com/openfootball/europe/blob/master/portugal/2023-24_pt1.txt,portugal/2023-24_pt1.txt,5b82a592e07f16ad42be4d24e0318cbac4ecf020,7f19ddec6033a465ffa1e76b70103aea3005b63c0d27e3f723d0924c814da511
2023-24,POR,Portugal,Primeira Liga,1,Sport Lisboa e Benfica,18,34,25,5,4,77,28,49,80,2.3529411764705883,1.4411764705882353,0.9411764705882353,within_competition_season_ppg_tie_averaged,completed_regular_season_match_results_3_1_0,openfootball/europe,https://github.com/openfootball/europe/blob/master/portugal/2023-24_pt1.txt,portugal/2023-24_pt1.txt,5b82a592e07f16ad42be4d24e0318cbac4ecf020,7f19ddec6033a465ffa1e76b70103aea3005b63c0d27e3f723d0924c814da511
2023-24,POR,Portugal,Primeira Liga,1,FC Porto,18,34,22,6,6,63,27,36,72,2.1176470588235294,1.0588235294117647,0.8823529411764706,within_competition_season_ppg_tie_averaged,completed_regular_season_match_results_3_1_0,openfootball/europe,https://github.com/openfootball/europe/blob/master/portugal/2023-24_pt1.txt,portugal/2023-24_pt1.txt,5b82a592e07f16ad42be4d24e0318cbac4ecf020,7f19ddec6033a465ffa1e76b70103aea3005b63c0d27e3f723d0924c814da511
2023-24,POR,Portugal,Primeira Liga,1,Sporting Clube de Braga,18,34,21,5,8,71,50,21,68,2,0.6176470588235294,0.8235294117647058,within_competition_season_ppg_tie_averaged,completed_regular_season_match_results_3_1_0,openfootball/europe,https://github.com/openfootball/europe/blob/master/portugal/2023-24_pt1.txt,portugal/2023-24_pt1.txt,5b82a592e07f16ad42be4d24e0318cbac4ecf020,7f19ddec6033a465ffa1e76b70103aea3005b63c0d27e3f723d0924c814da511
2023-24,POR,Portugal,Primeira Liga,1,Vitória Guimarães,18,34,19,6,9,52,38,14,63,1.8529411764705883,0.4117647058823529,0.7647058823529411,within_competition_season_ppg_tie_averaged,completed_regular_season_match_results_3_1_0,openfootball/europe,https://github.com/openfootball/europe/blob/master/portugal/2023-24_pt1.txt,portugal/2023-24_pt1.txt,5b82a592e07f16ad42be4d24e0318cbac4ecf020,7f19ddec6033a465ffa1e76b70103aea3005b63c0d27e3f723d0924c814da511
2023-24,POR,Portugal,Primeira Liga,1,Moreirense FC,18,34,16,7,11,36,35,1,55,1.6176470588235294,0.029411764705882353,0.7058823529411765,within_competition_season_ppg_tie_averaged,completed_regular_season_match_results_3_1_0,openfootball/europe,https://github.com/openfootball/europe/blob/master/portugal/2023-24_pt1.txt,portugal/2023-24_pt1.txt,5b82a592e07f16ad42be4d24e0318cbac4ecf020,7f19ddec6033a465ffa1e76b70103aea3005b63c0d27e3f723d0924c814da511
2023-24,POR,Portugal,Primeira Liga,1,FC Arouca,18,34,13,7,14,54,50,4,46,1.3529411764705883,0.11764705882352941,0.6470588235294118,within_competition_season_ppg_tie_averaged,completed_regular_season_match_results_3_1_0,openfootball/europe,https://github.com/openfootball/europe/blob/master/portugal/2023-24_pt1.txt,portugal/2023-24_pt1.txt,5b82a592e07f16ad42be4d24e0318cbac4ecf020,7f19ddec6033a465ffa1e76b70103aea3005b63c0d27e3f723d0924c814da511
2023-24,POR,Portugal,Primeira Liga,1,FC Famalicão,18,34,10,12,12,37,41,-4,42,1.2352941176470589,-0.11764705882352941,0.5882352941176471,within_competition_season_ppg_tie_averaged,completed_regular_season_match_results_3_1_0,openfootball/europe,https://github.com/openfootball/europe/blob/master/portugal/2023-24_pt1.txt,portugal/2023-24_pt1.txt,5b82a592e07f16ad42be4d24e0318cbac4ecf020,7f19ddec6033a465ffa1e76b70103aea3005b63c0d27e3f723d0924c814da511
2023-24,POR,Portugal,Primeira Liga,1,Casa Pia AC,18,34,10,8,16,38,50,-12,38,1.1176470588235294,-0.35294117647058826,0.5294117647058824,within_competition_season_ppg_tie_averaged,completed_regular_season_match_results_3_1_0,openfootball/europe,https://github.com/openfootball/europe/blob/master/portugal/2023-24_pt1.txt,portugal/2023-24_pt1.txt,5b82a592e07f16ad42be4d24e0318cbac4ecf020,7f19ddec6033a465ffa1e76b70103aea3005b63c0d27e3f723d0924c814da511
2023-24,POR,Portugal,Primeira Liga,1,Rio Ave FC,18,34,6,19,9,38,43,-5,37,1.088235294117647,-0.14705882352941177,0.4411764705882353,within_competition_season_ppg_tie_averaged,completed_regular_season_match_results_3_1_0,openfootball/europe,https://github.com/openfootball/europe/blob/master/portugal/2023-24_pt1.txt,portugal/2023-24_pt1.txt,5b82a592e07f16ad42be4d24e0318cbac4ecf020,7f19ddec6033a465ffa1e76b70103aea3005b63c0d27e3f723d0924c814da511
2023-24,POR,Portugal,Primeira Liga,1,SC Farense,18,34,10,7,17,46,51,-5,37,1.088235294117647,-0.14705882352941177,0.4411764705882353,within_competition_season_ppg_tie_averaged,completed_regular_season_match_results_3_1_0,openfootball/europe,https://github.com/openfootball/europe/blob/master/portugal/2023-24_pt1.txt,portugal/2023-24_pt1.txt,5b82a592e07f16ad42be4d24e0318cbac4ecf020,7f19ddec6033a465ffa1e76b70103aea3005b63c0d27e3f723d0924c814da511
2023-24,POR,Portugal,Primeira Liga,1,Gil Vicente FC,18,34,9,9,16,42,52,-10,36,1.0588235294117647,-0.29411764705882354,0.35294117647058826,within_competition_season_ppg_tie_averaged,completed_regular_season_match_results_3_1_0,openfootball/europe,https://github.com/openfootball/europe/blob/master/portugal/2023-24_pt1.txt,portugal/2023-24_pt1.txt,5b82a592e07f16ad42be4d24e0318cbac4ecf020,7f19ddec6033a465ffa1e76b70103aea3005b63c0d27e3f723d0924c814da511
2023-24,POR,Portugal,Primeira Liga,1,GD Estoril Praia,18,34,9,6,19,49,58,-9,33,0.9705882352941176,-0.2647058823529412,0.2647058823529412,within_competition_season_ppg_tie_averaged,completed_regular_season_match_results_3_1_0,openfootball/europe,https://github.com/openfootball/europe/blob/master/portugal/2023-24_pt1.txt,portugal/2023-24_pt1.txt,5b82a592e07f16ad42be4d24e0318cbac4ecf020,7f19ddec6033a465ffa1e76b70103aea3005b63c0d27e3f723d0924c814da511
2023-24,POR,Portugal,Primeira Liga,1,CF Estrela da Amadora,18,34,7,12,15,33,53,-20,33,0.9705882352941176,-0.5882352941176471,0.2647058823529412,within_competition_season_ppg_tie_averaged,completed_regular_season_match_results_3_1_0,openfootball/europe,https://github.com/openfootball/europe/blob/master/portugal/2023-24_pt1.txt,portugal/2023-24_pt1.txt,5b82a592e07f16ad42be4d24e0318cbac4ecf020,7f19ddec6033a465ffa1e76b70103aea3005b63c0d27e3f723d0924c814da511
2023-24,POR,Portugal,Primeira Liga,1,Boavista FC,18,34,7,11,16,39,62,-23,32,0.9411764705882353,-0.6764705882352942,0.14705882352941177,within_competition_season_ppg_tie_averaged,completed_regular_season_match_results_3_1_0,openfootball/europe,https://github.com/openfootball/europe/blob/master/portugal/2023-24_pt1.txt,portugal/2023-24_pt1.txt,5b82a592e07f16ad42be4d24e0318cbac4ecf020,7f19ddec6033a465ffa1e76b70103aea3005b63c0d27e3f723d0924c814da511
2023-24,POR,Portugal,Primeira Liga,1,Portimonense SC,18,34,8,8,18,39,72,-33,32,0.9411764705882353,-0.9705882352941176,0.14705882352941177,within_competition_season_ppg_tie_averaged,completed_regular_season_match_results_3_1_0,openfootball/europe,https://github.com/openfootball/europe/blob/master/portugal/2023-24_pt1.txt,portugal/2023-24_pt1.txt,5b82a592e07f16ad42be4d24e0318cbac4ecf020,7f19ddec6033a465ffa1e76b70103aea3005b63c0d27e3f723d0924c814da511
2023-24,POR,Portugal,Primeira Liga,1,FC Vizela,18,34,5,11,18,36,66,-30,26,0.7647058823529411,-0.8823529411764706,0.058823529411764705,within_competition_season_ppg_tie_averaged,completed_regular_season_match_results_3_1_0,openfootball/europe,https://github.com/openfootball/europe/blob/master/portugal/2023-24_pt1.txt,portugal/2023-24_pt1.txt,5b82a592e07f16ad42be4d24e0318cbac4ecf020,7f19ddec6033a465ffa1e76b70103aea3005b63c0d27e3f723d0924c814da511
2023-24,POR,Portugal,Primeira Liga,1,GD Chaves,18,34,5,8,21,31,72,-41,23,0.6764705882352942,-1.2058823529411764,0,within_competition_season_ppg_tie_averaged,completed_regular_season_match_results_3_1_0,openfootball/europe,https://github.com/openfootball/europe/blob/master/portugal/2023-24_pt1.txt,portugal/2023-24_pt1.txt,5b82a592e07f16ad42be4d24e0318cbac4ecf020,7f19ddec6033a465ffa1e76b70103aea3005b63c0d27e3f723d0924c814da511
2024-25,POR,Portugal,Primeira Liga,1,Sporting Clube de Portugal,18,34,25,7,2,88,27,61,82,2.411764705882353,1.7941176470588236,1,within_competition_season_ppg_tie_averaged,completed_regular_season_match_results_3_1_0,openfootball/europe,https://github.com/openfootball/europe/blob/master/portugal/2024-25_pt1.txt,portugal/2024-25_pt1.txt,0bf964ac3c7767645b4a084a8b11ec1cc0db0e6d,3bb1acda8822a01e1aef1e70f03607650b97fb6722fd0d777f2ef9bf6544ed6c
2024-25,POR,Portugal,Primeira Liga,1,Sport Lisboa e Benfica,18,34,25,5,4,84,28,56,80,2.3529411764705883,1.6470588235294117,0.9411764705882353,within_competition_season_ppg_tie_averaged,completed_regular_season_match_results_3_1_0,openfootball/europe,https://github.com/openfootball/europe/blob/master/portugal/2024-25_pt1.txt,portugal/2024-25_pt1.txt,0bf964ac3c7767645b4a084a8b11ec1cc0db0e6d,3bb1acda8822a01e1aef1e70f03607650b97fb6722fd0d777f2ef9bf6544ed6c
2024-25,POR,Portugal,Primeira Liga,1,FC Porto,18,34,22,5,7,65,30,35,71,2.088235294117647,1.0294117647058822,0.8823529411764706,within_competition_season_ppg_tie_averaged,completed_regular_season_match_results_3_1_0,openfootball/europe,https://github.com/openfootball/europe/blob/master/portugal/2024-25_pt1.txt,portugal/2024-25_pt1.txt,0bf964ac3c7767645b4a084a8b11ec1cc0db0e6d,3bb1acda8822a01e1aef1e70f03607650b97fb6722fd0d777f2ef9bf6544ed6c
2024-25,POR,Portugal,Primeira Liga,1,Sporting Clube de Braga,18,34,19,9,6,55,30,25,66,1.9411764705882353,0.7352941176470589,0.8235294117647058,within_competition_season_ppg_tie_averaged,completed_regular_season_match_results_3_1_0,openfootball/europe,https://github.com/openfootball/europe/blob/master/portugal/2024-25_pt1.txt,portugal/2024-25_pt1.txt,0bf964ac3c7767645b4a084a8b11ec1cc0db0e6d,3bb1acda8822a01e1aef1e70f03607650b97fb6722fd0d777f2ef9bf6544ed6c
2024-25,POR,Portugal,Primeira Liga,1,CD Santa Clara,18,34,17,6,11,36,32,4,57,1.6764705882352942,0.11764705882352941,0.7647058823529411,within_competition_season_ppg_tie_averaged,completed_regular_season_match_results_3_1_0,openfootball/europe,https://github.com/openfootball/europe/blob/master/portugal/2024-25_pt1.txt,portugal/2024-25_pt1.txt,0bf964ac3c7767645b4a084a8b11ec1cc0db0e6d,3bb1acda8822a01e1aef1e70f03607650b97fb6722fd0d777f2ef9bf6544ed6c
2024-25,POR,Portugal,Primeira Liga,1,Vitória Guimarães,18,34,14,12,8,47,37,10,54,1.588235294117647,0.29411764705882354,0.7058823529411765,within_competition_season_ppg_tie_averaged,completed_regular_season_match_results_3_1_0,openfootball/europe,https://github.com/openfootball/europe/blob/master/portugal/2024-25_pt1.txt,portugal/2024-25_pt1.txt,0bf964ac3c7767645b4a084a8b11ec1cc0db0e6d,3bb1acda8822a01e1aef1e70f03607650b97fb6722fd0d777f2ef9bf6544ed6c
2024-25,POR,Portugal,Primeira Liga,1,FC Famalicão,18,34,12,11,11,44,39,5,47,1.3823529411764706,0.14705882352941177,0.6470588235294118,within_competition_season_ppg_tie_averaged,completed_regular_season_match_results_3_1_0,openfootball/europe,https://github.com/openfootball/europe/blob/master/portugal/2024-25_pt1.txt,portugal/2024-25_pt1.txt,0bf964ac3c7767645b4a084a8b11ec1cc0db0e6d,3bb1acda8822a01e1aef1e70f03607650b97fb6722fd0d777f2ef9bf6544ed6c
2024-25,POR,Portugal,Primeira Liga,1,GD Estoril Praia,18,34,12,10,12,48,53,-5,46,1.3529411764705883,-0.14705882352941177,0.5882352941176471,within_competition_season_ppg_tie_averaged,completed_regular_season_match_results_3_1_0,openfootball/europe,https://github.com/openfootball/europe/blob/master/portugal/2024-25_pt1.txt,portugal/2024-25_pt1.txt,0bf964ac3c7767645b4a084a8b11ec1cc0db0e6d,3bb1acda8822a01e1aef1e70f03607650b97fb6722fd0d777f2ef9bf6544ed6c
2024-25,POR,Portugal,Primeira Liga,1,Casa Pia AC,18,34,12,9,13,39,44,-5,45,1.3235294117647058,-0.14705882352941177,0.5294117647058824,within_competition_season_ppg_tie_averaged,completed_regular_season_match_results_3_1_0,openfootball/europe,https://github.com/openfootball/europe/blob/master/portugal/2024-25_pt1.txt,portugal/2024-25_pt1.txt,0bf964ac3c7767645b4a084a8b11ec1cc0db0e6d,3bb1acda8822a01e1aef1e70f03607650b97fb6722fd0d777f2ef9bf6544ed6c
2024-25,POR,Portugal,Primeira Liga,1,Moreirense FC,18,34,10,10,14,42,50,-8,40,1.1764705882352942,-0.23529411764705882,0.47058823529411764,within_competition_season_ppg_tie_averaged,completed_regular_season_match_results_3_1_0,openfootball/europe,https://github.com/openfootball/europe/blob/master/portugal/2024-25_pt1.txt,portugal/2024-25_pt1.txt,0bf964ac3c7767645b4a084a8b11ec1cc0db0e6d,3bb1acda8822a01e1aef1e70f03607650b97fb6722fd0d777f2ef9bf6544ed6c
2024-25,POR,Portugal,Primeira Liga,1,FC Arouca,18,34,9,11,14,35,49,-14,38,1.1176470588235294,-0.4117647058823529,0.38235294117647056,within_competition_season_ppg_tie_averaged,completed_regular_season_match_results_3_1_0,openfootball/europe,https://github.com/openfootball/europe/blob/master/portugal/2024-25_pt1.txt,portugal/2024-25_pt1.txt,0bf964ac3c7767645b4a084a8b11ec1cc0db0e6d,3bb1acda8822a01e1aef1e70f03607650b97fb6722fd0d777f2ef9bf6544ed6c
2024-25,POR,Portugal,Primeira Liga,1,Rio Ave FC,18,34,9,11,14,39,55,-16,38,1.1176470588235294,-0.47058823529411764,0.38235294117647056,within_competition_season_ppg_tie_averaged,completed_regular_season_match_results_3_1_0,openfootball/europe,https://github.com/openfootball/europe/blob/master/portugal/2024-25_pt1.txt,portugal/2024-25_pt1.txt,0bf964ac3c7767645b4a084a8b11ec1cc0db0e6d,3bb1acda8822a01e1aef1e70f03607650b97fb6722fd0d777f2ef9bf6544ed6c
2024-25,POR,Portugal,Primeira Liga,1,Gil Vicente FC,18,34,8,10,16,34,47,-13,34,1,-0.38235294117647056,0.2647058823529412,within_competition_season_ppg_tie_averaged,completed_regular_season_match_results_3_1_0,openfootball/europe,https://github.com/openfootball/europe/blob/master/portugal/2024-25_pt1.txt,portugal/2024-25_pt1.txt,0bf964ac3c7767645b4a084a8b11ec1cc0db0e6d,3bb1acda8822a01e1aef1e70f03607650b97fb6722fd0d777f2ef9bf6544ed6c
2024-25,POR,Portugal,Primeira Liga,1,CD Nacional,18,34,9,7,18,32,50,-18,34,1,-0.5294117647058824,0.2647058823529412,within_competition_season_ppg_tie_averaged,completed_regular_season_match_results_3_1_0,openfootball/europe,https://github.com/openfootball/europe/blob/master/portugal/2024-25_pt1.txt,portugal/2024-25_pt1.txt,0bf964ac3c7767645b4a084a8b11ec1cc0db0e6d,3bb1acda8822a01e1aef1e70f03607650b97fb6722fd0d777f2ef9bf6544ed6c
2024-25,POR,Portugal,Primeira Liga,1,CF Estrela da Amadora,18,34,7,8,19,24,50,-26,29,0.8529411764705882,-0.7647058823529411,0.17647058823529413,within_competition_season_ppg_tie_averaged,completed_regular_season_match_results_3_1_0,openfootball/europe,https://github.com/openfootball/europe/blob/master/portugal/2024-25_pt1.txt,portugal/2024-25_pt1.txt,0bf964ac3c7767645b4a084a8b11ec1cc0db0e6d,3bb1acda8822a01e1aef1e70f03607650b97fb6722fd0d777f2ef9bf6544ed6c
2024-25,POR,Portugal,Primeira Liga,1,SC Farense,18,34,6,9,19,25,46,-21,27,0.7941176470588235,-0.6176470588235294,0.08823529411764706,within_competition_season_ppg_tie_averaged,completed_regular_season_match_results_3_1_0,openfootball/europe,https://github.com/openfootball/europe/blob/master/portugal/2024-25_pt1.txt,portugal/2024-25_pt1.txt,0bf964ac3c7767645b4a084a8b11ec1cc0db0e6d,3bb1acda8822a01e1aef1e70f03607650b97fb6722fd0d777f2ef9bf6544ed6c
2024-25,POR,Portugal,Primeira Liga,1,AVS,18,34,5,12,17,25,60,-35,27,0.7941176470588235,-1.0294117647058822,0.08823529411764706,within_competition_season_ppg_tie_averaged,completed_regular_season_match_results_3_1_0,openfootball/europe,https://github.com/openfootball/europe/blob/master/portugal/2024-25_pt1.txt,portugal/2024-25_pt1.txt,0bf964ac3c7767645b4a084a8b11ec1cc0db0e6d,3bb1acda8822a01e1aef1e70f03607650b97fb6722fd0d777f2ef9bf6544ed6c
2024-25,POR,Portugal,Primeira Liga,1,Boavista FC,18,34,6,6,22,24,59,-35,24,0.7058823529411765,-1.0294117647058822,0,within_competition_season_ppg_tie_averaged,completed_regular_season_match_results_3_1_0,openfootball/europe,https://github.com/openfootball/europe/blob/master/portugal/2024-25_pt1.txt,portugal/2024-25_pt1.txt,0bf964ac3c7767645b4a084a8b11ec1cc0db0e6d,3bb1acda8822a01e1aef1e70f03607650b97fb6722fd0d777f2ef9bf6544ed6c
2025-26,POR,Portugal,Primeira Liga,1,FC Porto,18,34,28,4,2,66,18,48,88,2.588235294117647,1.411764705882353,1,within_competition_season_ppg_tie_averaged,completed_regular_season_match_results_3_1_0,openfootball/europe,https://github.com/openfootball/europe/blob/master/portugal/2025-26_pt1.txt,portugal/2025-26_pt1.txt,1bc5b5eae05bdcefeb64c2ea71ea931d546a6873,967a4cde722b5598a5c28da8efa65a0ab28da9b1778cee74455b463216dd1adb
2025-26,POR,Portugal,Primeira Liga,1,Sporting Clube de Portugal,18,34,25,7,2,89,24,65,82,2.411764705882353,1.911764705882353,0.9411764705882353,within_competition_season_ppg_tie_averaged,completed_regular_season_match_results_3_1_0,openfootball/europe,https://github.com/openfootball/europe/blob/master/portugal/2025-26_pt1.txt,portugal/2025-26_pt1.txt,1bc5b5eae05bdcefeb64c2ea71ea931d546a6873,967a4cde722b5598a5c28da8efa65a0ab28da9b1778cee74455b463216dd1adb
2025-26,POR,Portugal,Primeira Liga,1,Sport Lisboa e Benfica,18,34,23,11,0,74,25,49,80,2.3529411764705883,1.4411764705882353,0.8823529411764706,within_competition_season_ppg_tie_averaged,completed_regular_season_match_results_3_1_0,openfootball/europe,https://github.com/openfootball/europe/blob/master/portugal/2025-26_pt1.txt,portugal/2025-26_pt1.txt,1bc5b5eae05bdcefeb64c2ea71ea931d546a6873,967a4cde722b5598a5c28da8efa65a0ab28da9b1778cee74455b463216dd1adb
2025-26,POR,Portugal,Primeira Liga,1,Sporting Clube de Braga,18,34,16,11,7,64,36,28,59,1.7352941176470589,0.8235294117647058,0.8235294117647058,within_competition_season_ppg_tie_averaged,completed_regular_season_match_results_3_1_0,openfootball/europe,https://github.com/openfootball/europe/blob/master/portugal/2025-26_pt1.txt,portugal/2025-26_pt1.txt,1bc5b5eae05bdcefeb64c2ea71ea931d546a6873,967a4cde722b5598a5c28da8efa65a0ab28da9b1778cee74455b463216dd1adb
2025-26,POR,Portugal,Primeira Liga,1,FC Famalicão,18,34,15,11,8,42,29,13,56,1.6470588235294117,0.38235294117647056,0.7647058823529411,within_competition_season_ppg_tie_averaged,completed_regular_season_match_results_3_1_0,openfootball/europe,https://github.com/openfootball/europe/blob/master/portugal/2025-26_pt1.txt,portugal/2025-26_pt1.txt,1bc5b5eae05bdcefeb64c2ea71ea931d546a6873,967a4cde722b5598a5c28da8efa65a0ab28da9b1778cee74455b463216dd1adb
2025-26,POR,Portugal,Primeira Liga,1,Gil Vicente FC,18,34,13,11,10,47,38,9,50,1.4705882352941178,0.2647058823529412,0.7058823529411765,within_competition_season_ppg_tie_averaged,completed_regular_season_match_results_3_1_0,openfootball/europe,https://github.com/openfootball/europe/blob/master/portugal/2025-26_pt1.txt,portugal/2025-26_pt1.txt,1bc5b5eae05bdcefeb64c2ea71ea931d546a6873,967a4cde722b5598a5c28da8efa65a0ab28da9b1778cee74455b463216dd1adb
2025-26,POR,Portugal,Primeira Liga,1,Vitória Guimarães,18,34,12,6,16,39,51,-12,42,1.2352941176470589,-0.35294117647058826,0.5882352941176471,within_competition_season_ppg_tie_averaged,completed_regular_season_match_results_3_1_0,openfootball/europe,https://github.com/openfootball/europe/blob/master/portugal/2025-26_pt1.txt,portugal/2025-26_pt1.txt,1bc5b5eae05bdcefeb64c2ea71ea931d546a6873,967a4cde722b5598a5c28da8efa65a0ab28da9b1778cee74455b463216dd1adb
2025-26,POR,Portugal,Primeira Liga,1,Moreirense FC,18,34,12,6,16,37,50,-13,42,1.2352941176470589,-0.38235294117647056,0.5882352941176471,within_competition_season_ppg_tie_averaged,completed_regular_season_match_results_3_1_0,openfootball/europe,https://github.com/openfootball/europe/blob/master/portugal/2025-26_pt1.txt,portugal/2025-26_pt1.txt,1bc5b5eae05bdcefeb64c2ea71ea931d546a6873,967a4cde722b5598a5c28da8efa65a0ab28da9b1778cee74455b463216dd1adb
2025-26,POR,Portugal,Primeira Liga,1,FC Arouca,18,34,12,6,16,47,64,-17,42,1.2352941176470589,-0.5,0.5882352941176471,within_competition_season_ppg_tie_averaged,completed_regular_season_match_results_3_1_0,openfootball/europe,https://github.com/openfootball/europe/blob/master/portugal/2025-26_pt1.txt,portugal/2025-26_pt1.txt,1bc5b5eae05bdcefeb64c2ea71ea931d546a6873,967a4cde722b5598a5c28da8efa65a0ab28da9b1778cee74455b463216dd1adb
2025-26,POR,Portugal,Primeira Liga,1,GD Estoril Praia,18,34,10,9,15,54,57,-3,39,1.1470588235294117,-0.08823529411764706,0.4411764705882353,within_competition_season_ppg_tie_averaged,completed_regular_season_match_results_3_1_0,openfootball/europe,https://github.com/openfootball/europe/blob/master/portugal/2025-26_pt1.txt,portugal/2025-26_pt1.txt,1bc5b5eae05bdcefeb64c2ea71ea931d546a6873,967a4cde722b5598a5c28da8efa65a0ab28da9b1778cee74455b463216dd1adb
2025-26,POR,Portugal,Primeira Liga,1,FC Alverca,18,34,10,9,15,35,52,-17,39,1.1470588235294117,-0.5,0.4411764705882353,within_competition_season_ppg_tie_averaged,completed_regular_season_match_results_3_1_0,openfootball/europe,https://github.com/openfootball/europe/blob/master/portugal/2025-26_pt1.txt,portugal/2025-26_pt1.txt,1bc5b5eae05bdcefeb64c2ea71ea931d546a6873,967a4cde722b5598a5c28da8efa65a0ab28da9b1778cee74455b463216dd1adb
2025-26,POR,Portugal,Primeira Liga,1,CD Santa Clara,18,34,9,9,16,32,41,-9,36,1.0588235294117647,-0.2647058823529412,0.35294117647058826,within_competition_season_ppg_tie_averaged,completed_regular_season_match_results_3_1_0,openfootball/europe,https://github.com/openfootball/europe/blob/master/portugal/2025-26_pt1.txt,portugal/2025-26_pt1.txt,1bc5b5eae05bdcefeb64c2ea71ea931d546a6873,967a4cde722b5598a5c28da8efa65a0ab28da9b1778cee74455b463216dd1adb
2025-26,POR,Portugal,Primeira Liga,1,Rio Ave FC,18,34,8,11,15,35,58,-23,35,1.0294117647058822,-0.6764705882352942,0.29411764705882354,within_competition_season_ppg_tie_averaged,completed_regular_season_match_results_3_1_0,openfootball/europe,https://github.com/openfootball/europe/blob/master/portugal/2025-26_pt1.txt,portugal/2025-26_pt1.txt,1bc5b5eae05bdcefeb64c2ea71ea931d546a6873,967a4cde722b5598a5c28da8efa65a0ab28da9b1778cee74455b463216dd1adb
2025-26,POR,Portugal,Primeira Liga,1,CD Nacional,18,34,9,7,18,37,45,-8,34,1,-0.23529411764705882,0.23529411764705882,within_competition_season_ppg_tie_averaged,completed_regular_season_match_results_3_1_0,openfootball/europe,https://github.com/openfootball/europe/blob/master/portugal/2025-26_pt1.txt,portugal/2025-26_pt1.txt,1bc5b5eae05bdcefeb64c2ea71ea931d546a6873,967a4cde722b5598a5c28da8efa65a0ab28da9b1778cee74455b463216dd1adb
2025-26,POR,Portugal,Primeira Liga,1,Casa Pia AC,18,34,7,11,16,32,57,-25,32,0.9411764705882353,-0.7352941176470589,0.17647058823529413,within_competition_season_ppg_tie_averaged,completed_regular_season_match_results_3_1_0,openfootball/europe,https://github.com/openfootball/europe/blob/master/portugal/2025-26_pt1.txt,portugal/2025-26_pt1.txt,1bc5b5eae05bdcefeb64c2ea71ea931d546a6873,967a4cde722b5598a5c28da8efa65a0ab28da9b1778cee74455b463216dd1adb
2025-26,POR,Portugal,Primeira Liga,1,CF Estrela da Amadora,18,34,6,12,16,38,56,-18,30,0.8823529411764706,-0.5294117647058824,0.11764705882352941,within_competition_season_ppg_tie_averaged,completed_regular_season_match_results_3_1_0,openfootball/europe,https://github.com/openfootball/europe/blob/master/portugal/2025-26_pt1.txt,portugal/2025-26_pt1.txt,1bc5b5eae05bdcefeb64c2ea71ea931d546a6873,967a4cde722b5598a5c28da8efa65a0ab28da9b1778cee74455b463216dd1adb
2025-26,POR,Portugal,Primeira Liga,1,CD Tondela,18,34,6,10,18,27,55,-28,28,0.8235294117647058,-0.8235294117647058,0.058823529411764705,within_competition_season_ppg_tie_averaged,completed_regular_season_match_results_3_1_0,openfootball/europe,https://github.com/openfootball/europe/blob/master/portugal/2025-26_pt1.txt,portugal/2025-26_pt1.txt,1bc5b5eae05bdcefeb64c2ea71ea931d546a6873,967a4cde722b5598a5c28da8efa65a0ab28da9b1778cee74455b463216dd1adb
2025-26,POR,Portugal,Primeira Liga,1,AVS,18,34,4,11,19,28,67,-39,23,0.6764705882352942,-1.1470588235294117,0,within_competition_season_ppg_tie_averaged,completed_regular_season_match_results_3_1_0,openfootball/europe,https://github.com/openfootball/europe/blob/master/portugal/2025-26_pt1.txt,portugal/2025-26_pt1.txt,1bc5b5eae05bdcefeb64c2ea71ea931d546a6873,967a4cde722b5598a5c28da8efa65a0ab28da9b1778cee74455b463216dd1adb
2021-22,NED,Netherlands,Eredivisie,1,AFC Ajax,18,34,26,5,3,98,19,79,83,2.4411764705882355,2.323529411764706,1,within_competition_season_ppg_tie_averaged,completed_regular_season_match_results_3_1_0,openfootball/europe,https://github.com/openfootball/europe/blob/master/netherlands/2021-22_nl1.txt,netherlands/2021-22_nl1.txt,6249665f226cf6259bfd2a9e72747295010394bb,d201613dcf5ff7ef3b1ede7c23ec7815ff3ad8c04d196c0fb047b54e37faef8f
2021-22,NED,Netherlands,Eredivisie,1,PSV Eindhoven,18,34,26,3,5,86,42,44,81,2.3823529411764706,1.2941176470588236,0.9411764705882353,within_competition_season_ppg_tie_averaged,completed_regular_season_match_results_3_1_0,openfootball/europe,https://github.com/openfootball/europe/blob/master/netherlands/2021-22_nl1.txt,netherlands/2021-22_nl1.txt,6249665f226cf6259bfd2a9e72747295010394bb,d201613dcf5ff7ef3b1ede7c23ec7815ff3ad8c04d196c0fb047b54e37faef8f
2021-22,NED,Netherlands,Eredivisie,1,Feyenoord,18,34,22,5,7,76,34,42,71,2.088235294117647,1.2352941176470589,0.8823529411764706,within_competition_season_ppg_tie_averaged,completed_regular_season_match_results_3_1_0,openfootball/europe,https://github.com/openfootball/europe/blob/master/netherlands/2021-22_nl1.txt,netherlands/2021-22_nl1.txt,6249665f226cf6259bfd2a9e72747295010394bb,d201613dcf5ff7ef3b1ede7c23ec7815ff3ad8c04d196c0fb047b54e37faef8f
2021-22,NED,Netherlands,Eredivisie,1,FC Twente,18,34,20,8,6,55,37,18,68,2,0.5294117647058824,0.8235294117647058,within_competition_season_ppg_tie_averaged,completed_regular_season_match_results_3_1_0,openfootball/europe,https://github.com/openfootball/europe/blob/master/netherlands/2021-22_nl1.txt,netherlands/2021-22_nl1.txt,6249665f226cf6259bfd2a9e72747295010394bb,d201613dcf5ff7ef3b1ede7c23ec7815ff3ad8c04d196c0fb047b54e37faef8f
2021-22,NED,Netherlands,Eredivisie,1,AZ Alkmaar,18,34,18,7,9,64,44,20,61,1.7941176470588236,0.5882352941176471,0.7647058823529411,within_competition_season_ppg_tie_averaged,completed_regular_season_match_results_3_1_0,openfootball/europe,https://github.com/openfootball/europe/blob/master/netherlands/2021-22_nl1.txt,netherlands/2021-22_nl1.txt,6249665f226cf6259bfd2a9e72747295010394bb,d201613dcf5ff7ef3b1ede7c23ec7815ff3ad8c04d196c0fb047b54e37faef8f
2021-22,NED,Netherlands,Eredivisie,1,Vitesse,18,34,15,6,13,42,51,-9,51,1.5,-0.2647058823529412,0.7058823529411765,within_competition_season_ppg_tie_averaged,completed_regular_season_match_results_3_1_0,openfootball/europe,https://github.com/openfootball/europe/blob/master/netherlands/2021-22_nl1.txt,netherlands/2021-22_nl1.txt,6249665f226cf6259bfd2a9e72747295010394bb,d201613dcf5ff7ef3b1ede7c23ec7815ff3ad8c04d196c0fb047b54e37faef8f
2021-22,NED,Netherlands,Eredivisie,1,FC Utrecht,18,34,12,11,11,51,46,5,47,1.3823529411764706,0.14705882352941177,0.6470588235294118,within_competition_season_ppg_tie_averaged,completed_regular_season_match_results_3_1_0,openfootball/europe,https://github.com/openfootball/europe/blob/master/netherlands/2021-22_nl1.txt,netherlands/2021-22_nl1.txt,6249665f226cf6259bfd2a9e72747295010394bb,d201613dcf5ff7ef3b1ede7c23ec7815ff3ad8c04d196c0fb047b54e37faef8f
2021-22,NED,Netherlands,Eredivisie,1,sc Heerenveen,18,34,11,8,15,37,50,-13,41,1.2058823529411764,-0.38235294117647056,0.5882352941176471,within_competition_season_ppg_tie_averaged,completed_regular_season_match_results_3_1_0,openfootball/europe,https://github.com/openfootball/europe/blob/master/netherlands/2021-22_nl1.txt,netherlands/2021-22_nl1.txt,6249665f226cf6259bfd2a9e72747295010394bb,d201613dcf5ff7ef3b1ede7c23ec7815ff3ad8c04d196c0fb047b54e37faef8f
2021-22,NED,Netherlands,Eredivisie,1,SC Cambuur,18,34,11,6,17,53,70,-17,39,1.1470588235294117,-0.5,0.5294117647058824,within_competition_season_ppg_tie_averaged,completed_regular_season_match_results_3_1_0,openfootball/europe,https://github.com/openfootball/europe/blob/master/netherlands/2021-22_nl1.txt,netherlands/2021-22_nl1.txt,6249665f226cf6259bfd2a9e72747295010394bb,d201613dcf5ff7ef3b1ede7c23ec7815ff3ad8c04d196c0fb047b54e37faef8f
2021-22,NED,Netherlands,Eredivisie,1,RKC Waalwijk,18,34,9,11,14,40,51,-11,38,1.1176470588235294,-0.3235294117647059,0.4411764705882353,within_competition_season_ppg_tie_averaged,completed_regular_season_match_results_3_1_0,openfootball/europe,https://github.com/openfootball/europe/blob/master/netherlands/2021-22_nl1.txt,netherlands/2021-22_nl1.txt,6249665f226cf6259bfd2a9e72747295010394bb,d201613dcf5ff7ef3b1ede7c23ec7815ff3ad8c04d196c0fb047b54e37faef8f
2021-22,NED,Netherlands,Eredivisie,1,NEC Nijmegen,18,34,10,8,16,38,52,-14,38,1.1176470588235294,-0.4117647058823529,0.4411764705882353,within_competition_season_ppg_tie_averaged,completed_regular_season_match_results_3_1_0,openfootball/europe,https://github.com/openfootball/europe/blob/master/netherlands/2021-22_nl1.txt,netherlands/2021-22_nl1.txt,6249665f226cf6259bfd2a9e72747295010394bb,d201613dcf5ff7ef3b1ede7c23ec7815ff3ad8c04d196c0fb047b54e37faef8f
2021-22,NED,Netherlands,Eredivisie,1,FC Groningen,18,34,9,9,16,41,55,-14,36,1.0588235294117647,-0.4117647058823529,0.3235294117647059,within_competition_season_ppg_tie_averaged,completed_regular_season_match_results_3_1_0,openfootball/europe,https://github.com/openfootball/europe/blob/master/netherlands/2021-22_nl1.txt,netherlands/2021-22_nl1.txt,6249665f226cf6259bfd2a9e72747295010394bb,d201613dcf5ff7ef3b1ede7c23ec7815ff3ad8c04d196c0fb047b54e37faef8f
2021-22,NED,Netherlands,Eredivisie,1,Go Ahead Eagles,18,34,10,6,18,37,51,-14,36,1.0588235294117647,-0.4117647058823529,0.3235294117647059,within_competition_season_ppg_tie_averaged,completed_regular_season_match_results_3_1_0,openfootball/europe,https://github.com/openfootball/europe/blob/master/netherlands/2021-22_nl1.txt,netherlands/2021-22_nl1.txt,6249665f226cf6259bfd2a9e72747295010394bb,d201613dcf5ff7ef3b1ede7c23ec7815ff3ad8c04d196c0fb047b54e37faef8f
2021-22,NED,Netherlands,Eredivisie,1,Sparta Rotterdam,18,34,8,11,15,30,48,-18,35,1.0294117647058822,-0.5294117647058824,0.20588235294117646,within_competition_season_ppg_tie_averaged,completed_regular_season_match_results_3_1_0,openfootball/europe,https://github.com/openfootball/europe/blob/master/netherlands/2021-22_nl1.txt,netherlands/2021-22_nl1.txt,6249665f226cf6259bfd2a9e72747295010394bb,d201613dcf5ff7ef3b1ede7c23ec7815ff3ad8c04d196c0fb047b54e37faef8f
2021-22,NED,Netherlands,Eredivisie,1,Fortuna Sittard,18,34,10,5,19,36,67,-31,35,1.0294117647058822,-0.9117647058823529,0.20588235294117646,within_competition_season_ppg_tie_averaged,completed_regular_season_match_results_3_1_0,openfootball/europe,https://github.com/openfootball/europe/blob/master/netherlands/2021-22_nl1.txt,netherlands/2021-22_nl1.txt,6249665f226cf6259bfd2a9e72747295010394bb,d201613dcf5ff7ef3b1ede7c23ec7815ff3ad8c04d196c0fb047b54e37faef8f
2021-22,NED,Netherlands,Eredivisie,1,Heracles Almelo,18,34,9,7,18,33,49,-16,34,1,-0.47058823529411764,0.11764705882352941,within_competition_season_ppg_tie_averaged,completed_regular_season_match_results_3_1_0,openfootball/europe,https://github.com/openfootball/europe/blob/master/netherlands/2021-22_nl1.txt,netherlands/2021-22_nl1.txt,6249665f226cf6259bfd2a9e72747295010394bb,d201613dcf5ff7ef3b1ede7c23ec7815ff3ad8c04d196c0fb047b54e37faef8f
2021-22,NED,Netherlands,Eredivisie,1,Willem II,18,34,9,6,19,32,57,-25,33,0.9705882352941176,-0.7352941176470589,0.058823529411764705,within_competition_season_ppg_tie_averaged,completed_regular_season_match_results_3_1_0,openfootball/europe,https://github.com/openfootball/europe/blob/master/netherlands/2021-22_nl1.txt,netherlands/2021-22_nl1.txt,6249665f226cf6259bfd2a9e72747295010394bb,d201613dcf5ff7ef3b1ede7c23ec7815ff3ad8c04d196c0fb047b54e37faef8f
2021-22,NED,Netherlands,Eredivisie,1,PEC Zwolle,18,34,7,6,21,26,52,-26,27,0.7941176470588235,-0.7647058823529411,0,within_competition_season_ppg_tie_averaged,completed_regular_season_match_results_3_1_0,openfootball/europe,https://github.com/openfootball/europe/blob/master/netherlands/2021-22_nl1.txt,netherlands/2021-22_nl1.txt,6249665f226cf6259bfd2a9e72747295010394bb,d201613dcf5ff7ef3b1ede7c23ec7815ff3ad8c04d196c0fb047b54e37faef8f
2022-23,NED,Netherlands,Eredivisie,1,Feyenoord,18,34,25,7,2,81,30,51,82,2.411764705882353,1.5,1,within_competition_season_ppg_tie_averaged,completed_regular_season_match_results_3_1_0,openfootball/europe,https://github.com/openfootball/europe/blob/master/netherlands/2022-23_nl1.txt,netherlands/2022-23_nl1.txt,23268303742116f940ca5d763e1ba9b54ab65bf6,06f98c12ae5154d547aebb7bf61984e082bbfef5aab7d3b8ea4bad4145735341
2022-23,NED,Netherlands,Eredivisie,1,PSV Eindhoven,18,34,23,6,5,89,40,49,75,2.2058823529411766,1.4411764705882353,0.9411764705882353,within_competition_season_ppg_tie_averaged,completed_regular_season_match_results_3_1_0,openfootball/europe,https://github.com/openfootball/europe/blob/master/netherlands/2022-23_nl1.txt,netherlands/2022-23_nl1.txt,23268303742116f940ca5d763e1ba9b54ab65bf6,06f98c12ae5154d547aebb7bf61984e082bbfef5aab7d3b8ea4bad4145735341
2022-23,NED,Netherlands,Eredivisie,1,AFC Ajax,18,34,20,9,5,86,38,48,69,2.0294117647058822,1.411764705882353,0.8823529411764706,within_competition_season_ppg_tie_averaged,completed_regular_season_match_results_3_1_0,openfootball/europe,https://github.com/openfootball/europe/blob/master/netherlands/2022-23_nl1.txt,netherlands/2022-23_nl1.txt,23268303742116f940ca5d763e1ba9b54ab65bf6,06f98c12ae5154d547aebb7bf61984e082bbfef5aab7d3b8ea4bad4145735341
2022-23,NED,Netherlands,Eredivisie,1,AZ Alkmaar,18,34,20,7,7,68,35,33,67,1.9705882352941178,0.9705882352941176,0.8235294117647058,within_competition_season_ppg_tie_averaged,completed_regular_season_match_results_3_1_0,openfootball/europe,https://github.com/openfootball/europe/blob/master/netherlands/2022-23_nl1.txt,netherlands/2022-23_nl1.txt,23268303742116f940ca5d763e1ba9b54ab65bf6,06f98c12ae5154d547aebb7bf61984e082bbfef5aab7d3b8ea4bad4145735341
2022-23,NED,Netherlands,Eredivisie,1,FC Twente,18,34,18,10,6,66,27,39,64,1.8823529411764706,1.1470588235294117,0.7647058823529411,within_competition_season_ppg_tie_averaged,completed_regular_season_match_results_3_1_0,openfootball/europe,https://github.com/openfootball/europe/blob/master/netherlands/2022-23_nl1.txt,netherlands/2022-23_nl1.txt,23268303742116f940ca5d763e1ba9b54ab65bf6,06f98c12ae5154d547aebb7bf61984e082bbfef5aab7d3b8ea4bad4145735341
2022-23,NED,Netherlands,Eredivisie,1,Sparta Rotterdam,18,34,17,8,9,60,37,23,59,1.7352941176470589,0.6764705882352942,0.7058823529411765,within_competition_season_ppg_tie_averaged,completed_regular_season_match_results_3_1_0,openfootball/europe,https://github.com/openfootball/europe/blob/master/netherlands/2022-23_nl1.txt,netherlands/2022-23_nl1.txt,23268303742116f940ca5d763e1ba9b54ab65bf6,06f98c12ae5154d547aebb7bf61984e082bbfef5aab7d3b8ea4bad4145735341
2022-23,NED,Netherlands,Eredivisie,1,FC Utrecht,18,34,15,9,10,55,50,5,54,1.588235294117647,0.14705882352941177,0.6470588235294118,within_competition_season_ppg_tie_averaged,completed_regular_season_match_results_3_1_0,openfootball/europe,https://github.com/openfootball/europe/blob/master/netherlands/2022-23_nl1.txt,netherlands/2022-23_nl1.txt,23268303742116f940ca5d763e1ba9b54ab65bf6,06f98c12ae5154d547aebb7bf61984e082bbfef5aab7d3b8ea4bad4145735341
2022-23,NED,Netherlands,Eredivisie,1,sc Heerenveen,18,34,12,10,12,44,50,-6,46,1.3529411764705883,-0.17647058823529413,0.5882352941176471,within_competition_season_ppg_tie_averaged,completed_regular_season_match_results_3_1_0,openfootball/europe,https://github.com/openfootball/europe/blob/master/netherlands/2022-23_nl1.txt,netherlands/2022-23_nl1.txt,23268303742116f940ca5d763e1ba9b54ab65bf6,06f98c12ae5154d547aebb7bf61984e082bbfef5aab7d3b8ea4bad4145735341
2022-23,NED,Netherlands,Eredivisie,1,RKC Waalwijk,18,34,11,8,15,50,64,-14,41,1.2058823529411764,-0.4117647058823529,0.5294117647058824,within_competition_season_ppg_tie_averaged,completed_regular_season_match_results_3_1_0,openfootball/europe,https://github.com/openfootball/europe/blob/master/netherlands/2022-23_nl1.txt,netherlands/2022-23_nl1.txt,23268303742116f940ca5d763e1ba9b54ab65bf6,06f98c12ae5154d547aebb7bf61984e082bbfef5aab7d3b8ea4bad4145735341
2022-23,NED,Netherlands,Eredivisie,1,Vitesse,18,34,10,10,14,45,50,-5,40,1.1764705882352942,-0.14705882352941177,0.4411764705882353,within_competition_season_ppg_tie_averaged,completed_regular_season_match_results_3_1_0,openfootball/europe,https://github.com/openfootball/europe/blob/master/netherlands/2022-23_nl1.txt,netherlands/2022-23_nl1.txt,23268303742116f940ca5d763e1ba9b54ab65bf6,06f98c12ae5154d547aebb7bf61984e082bbfef5aab7d3b8ea4bad4145735341
2022-23,NED,Netherlands,Eredivisie,1,Go Ahead Eagles,18,34,10,10,14,46,56,-10,40,1.1764705882352942,-0.29411764705882354,0.4411764705882353,within_competition_season_ppg_tie_averaged,completed_regular_season_match_results_3_1_0,openfootball/europe,https://github.com/openfootball/europe/blob/master/netherlands/2022-23_nl1.txt,netherlands/2022-23_nl1.txt,23268303742116f940ca5d763e1ba9b54ab65bf6,06f98c12ae5154d547aebb7bf61984e082bbfef5aab7d3b8ea4bad4145735341
2022-23,NED,Netherlands,Eredivisie,1,NEC Nijmegen,18,34,8,15,11,42,45,-3,39,1.1470588235294117,-0.08823529411764706,0.35294117647058826,within_competition_season_ppg_tie_averaged,completed_regular_season_match_results_3_1_0,openfootball/europe,https://github.com/openfootball/europe/blob/master/netherlands/2022-23_nl1.txt,netherlands/2022-23_nl1.txt,23268303742116f940ca5d763e1ba9b54ab65bf6,06f98c12ae5154d547aebb7bf61984e082bbfef5aab7d3b8ea4bad4145735341
2022-23,NED,Netherlands,Eredivisie,1,Fortuna Sittard,18,34,10,6,18,39,62,-23,36,1.0588235294117647,-0.6764705882352942,0.2647058823529412,within_competition_season_ppg_tie_averaged,completed_regular_season_match_results_3_1_0,openfootball/europe,https://github.com/openfootball/europe/blob/master/netherlands/2022-23_nl1.txt,netherlands/2022-23_nl1.txt,23268303742116f940ca5d763e1ba9b54ab65bf6,06f98c12ae5154d547aebb7bf61984e082bbfef5aab7d3b8ea4bad4145735341
2022-23,NED,Netherlands,Eredivisie,1,FC Volendam,18,34,10,6,18,42,71,-29,36,1.0588235294117647,-0.8529411764705882,0.2647058823529412,within_competition_season_ppg_tie_averaged,completed_regular_season_match_results_3_1_0,openfootball/europe,https://github.com/openfootball/europe/blob/master/netherlands/2022-23_nl1.txt,netherlands/2022-23_nl1.txt,23268303742116f940ca5d763e1ba9b54ab65bf6,06f98c12ae5154d547aebb7bf61984e082bbfef5aab7d3b8ea4bad4145735341
2022-23,NED,Netherlands,Eredivisie,1,SBV Excelsior,18,34,9,5,20,32,71,-39,32,0.9411764705882353,-1.1470588235294117,0.17647058823529413,within_competition_season_ppg_tie_averaged,completed_regular_season_match_results_3_1_0,openfootball/europe,https://github.com/openfootball/europe/blob/master/netherlands/2022-23_nl1.txt,netherlands/2022-23_nl1.txt,23268303742116f940ca5d763e1ba9b54ab65bf6,06f98c12ae5154d547aebb7bf61984e082bbfef5aab7d3b8ea4bad4145735341
2022-23,NED,Netherlands,Eredivisie,1,FC Emmen,18,34,6,10,18,33,65,-32,28,0.8235294117647058,-0.9411764705882353,0.11764705882352941,within_competition_season_ppg_tie_averaged,completed_regular_season_match_results_3_1_0,openfootball/europe,https://github.com/openfootball/europe/blob/master/netherlands/2022-23_nl1.txt,netherlands/2022-23_nl1.txt,23268303742116f940ca5d763e1ba9b54ab65bf6,06f98c12ae5154d547aebb7bf61984e082bbfef5aab7d3b8ea4bad4145735341
2022-23,NED,Netherlands,Eredivisie,1,SC Cambuur,18,34,5,4,25,26,69,-43,19,0.5588235294117647,-1.2647058823529411,0.058823529411764705,within_competition_season_ppg_tie_averaged,completed_regular_season_match_results_3_1_0,openfootball/europe,https://github.com/openfootball/europe/blob/master/netherlands/2022-23_nl1.txt,netherlands/2022-23_nl1.txt,23268303742116f940ca5d763e1ba9b54ab65bf6,06f98c12ae5154d547aebb7bf61984e082bbfef5aab7d3b8ea4bad4145735341
2022-23,NED,Netherlands,Eredivisie,1,FC Groningen,18,34,4,6,24,31,75,-44,18,0.5294117647058824,-1.2941176470588236,0,within_competition_season_ppg_tie_averaged,completed_regular_season_match_results_3_1_0,openfootball/europe,https://github.com/openfootball/europe/blob/master/netherlands/2022-23_nl1.txt,netherlands/2022-23_nl1.txt,23268303742116f940ca5d763e1ba9b54ab65bf6,06f98c12ae5154d547aebb7bf61984e082bbfef5aab7d3b8ea4bad4145735341
2023-24,NED,Netherlands,Eredivisie,1,PSV,18,34,29,4,1,111,21,90,91,2.676470588235294,2.6470588235294117,1,within_competition_season_ppg_tie_averaged,completed_regular_season_match_results_3_1_0,openfootball/europe,https://github.com/openfootball/europe/blob/master/netherlands/2023-24_nl1.txt,netherlands/2023-24_nl1.txt,6e44e6fbbb162b8475418e282b47ad10714c9d2f,2bde6d0ca60ea6c321f359d1042ce20643880ccfb86a4d7c47f993ec546ba227
2023-24,NED,Netherlands,Eredivisie,1,Feyenoord Rotterdam,18,34,26,6,2,92,26,66,84,2.4705882352941178,1.9411764705882353,0.9411764705882353,within_competition_season_ppg_tie_averaged,completed_regular_season_match_results_3_1_0,openfootball/europe,https://github.com/openfootball/europe/blob/master/netherlands/2023-24_nl1.txt,netherlands/2023-24_nl1.txt,6e44e6fbbb162b8475418e282b47ad10714c9d2f,2bde6d0ca60ea6c321f359d1042ce20643880ccfb86a4d7c47f993ec546ba227
2023-24,NED,Netherlands,Eredivisie,1,FC Twente '65,18,34,21,6,7,69,36,33,69,2.0294117647058822,0.9705882352941176,0.8823529411764706,within_competition_season_ppg_tie_averaged,completed_regular_season_match_results_3_1_0,openfootball/europe,https://github.com/openfootball/europe/blob/master/netherlands/2023-24_nl1.txt,netherlands/2023-24_nl1.txt,6e44e6fbbb162b8475418e282b47ad10714c9d2f,2bde6d0ca60ea6c321f359d1042ce20643880ccfb86a4d7c47f993ec546ba227
2023-24,NED,Netherlands,Eredivisie,1,AZ,18,34,19,8,7,70,39,31,65,1.911764705882353,0.9117647058823529,0.8235294117647058,within_competition_season_ppg_tie_averaged,completed_regular_season_match_results_3_1_0,openfootball/europe,https://github.com/openfootball/europe/blob/master/netherlands/2023-24_nl1.txt,netherlands/2023-24_nl1.txt,6e44e6fbbb162b8475418e282b47ad10714c9d2f,2bde6d0ca60ea6c321f359d1042ce20643880ccfb86a4d7c47f993ec546ba227
2023-24,NED,Netherlands,Eredivisie,1,AFC Ajax,18,34,15,11,8,74,61,13,56,1.6470588235294117,0.38235294117647056,0.7647058823529411,within_competition_season_ppg_tie_averaged,completed_regular_season_match_results_3_1_0,openfootball/europe,https://github.com/openfootball/europe/blob/master/netherlands/2023-24_nl1.txt,netherlands/2023-24_nl1.txt,6e44e6fbbb162b8475418e282b47ad10714c9d2f,2bde6d0ca60ea6c321f359d1042ce20643880ccfb86a4d7c47f993ec546ba227
2023-24,NED,Netherlands,Eredivisie,1,NEC,18,34,14,11,9,68,50,18,53,1.5588235294117647,0.5294117647058824,0.7058823529411765,within_competition_season_ppg_tie_averaged,completed_regular_season_match_results_3_1_0,openfootball/europe,https://github.com/openfootball/europe/blob/master/netherlands/2023-24_nl1.txt,netherlands/2023-24_nl1.txt,6e44e6fbbb162b8475418e282b47ad10714c9d2f,2bde6d0ca60ea6c321f359d1042ce20643880ccfb86a4d7c47f993ec546ba227
2023-24,NED,Netherlands,Eredivisie,1,FC Utrecht,18,34,13,11,10,49,47,2,50,1.4705882352941178,0.058823529411764705,0.6470588235294118,within_competition_season_ppg_tie_averaged,completed_regular_season_match_results_3_1_0,openfootball/europe,https://github.com/openfootball/europe/blob/master/netherlands/2023-24_nl1.txt,netherlands/2023-24_nl1.txt,6e44e6fbbb162b8475418e282b47ad10714c9d2f,2bde6d0ca60ea6c321f359d1042ce20643880ccfb86a4d7c47f993ec546ba227
2023-24,NED,Netherlands,Eredivisie,1,Sparta Rotterdam,18,34,14,7,13,51,48,3,49,1.4411764705882353,0.08823529411764706,0.5882352941176471,within_competition_season_ppg_tie_averaged,completed_regular_season_match_results_3_1_0,openfootball/europe,https://github.com/openfootball/europe/blob/master/netherlands/2023-24_nl1.txt,netherlands/2023-24_nl1.txt,6e44e6fbbb162b8475418e282b47ad10714c9d2f,2bde6d0ca60ea6c321f359d1042ce20643880ccfb86a4d7c47f993ec546ba227
2023-24,NED,Netherlands,Eredivisie,1,Go Ahead Eagles,18,34,12,10,12,47,46,1,46,1.3529411764705883,0.029411764705882353,0.5294117647058824,within_competition_season_ppg_tie_averaged,completed_regular_season_match_results_3_1_0,openfootball/europe,https://github.com/openfootball/europe/blob/master/netherlands/2023-24_nl1.txt,netherlands/2023-24_nl1.txt,6e44e6fbbb162b8475418e282b47ad10714c9d2f,2bde6d0ca60ea6c321f359d1042ce20643880ccfb86a4d7c47f993ec546ba227
2023-24,NED,Netherlands,Eredivisie,1,Fortuna Sittard,18,34,9,11,14,37,56,-19,38,1.1176470588235294,-0.5588235294117647,0.47058823529411764,within_competition_season_ppg_tie_averaged,completed_regular_season_match_results_3_1_0,openfootball/europe,https://github.com/openfootball/europe/blob/master/netherlands/2023-24_nl1.txt,netherlands/2023-24_nl1.txt,6e44e6fbbb162b8475418e282b47ad10714c9d2f,2bde6d0ca60ea6c321f359d1042ce20643880ccfb86a4d7c47f993ec546ba227
2023-24,NED,Netherlands,Eredivisie,1,SC Heerenveen,18,34,10,7,17,53,70,-17,37,1.088235294117647,-0.5,0.4117647058823529,within_competition_season_ppg_tie_averaged,completed_regular_season_match_results_3_1_0,openfootball/europe,https://github.com/openfootball/europe/blob/master/netherlands/2023-24_nl1.txt,netherlands/2023-24_nl1.txt,6e44e6fbbb162b8475418e282b47ad10714c9d2f,2bde6d0ca60ea6c321f359d1042ce20643880ccfb86a4d7c47f993ec546ba227
2023-24,NED,Netherlands,Eredivisie,1,PEC Zwolle,18,34,9,9,16,45,67,-22,36,1.0588235294117647,-0.6470588235294118,0.35294117647058826,within_competition_season_ppg_tie_averaged,completed_regular_season_match_results_3_1_0,openfootball/europe,https://github.com/openfootball/europe/blob/master/netherlands/2023-24_nl1.txt,netherlands/2023-24_nl1.txt,6e44e6fbbb162b8475418e282b47ad10714c9d2f,2bde6d0ca60ea6c321f359d1042ce20643880ccfb86a4d7c47f993ec546ba227
2023-24,NED,Netherlands,Eredivisie,1,Almere City FC,18,34,7,13,14,33,59,-26,34,1,-0.7647058823529411,0.29411764705882354,within_competition_season_ppg_tie_averaged,completed_regular_season_match_results_3_1_0,openfootball/europe,https://github.com/openfootball/europe/blob/master/netherlands/2023-24_nl1.txt,netherlands/2023-24_nl1.txt,6e44e6fbbb162b8475418e282b47ad10714c9d2f,2bde6d0ca60ea6c321f359d1042ce20643880ccfb86a4d7c47f993ec546ba227
2023-24,NED,Netherlands,Eredivisie,1,Heracles Almelo,18,34,9,6,19,41,74,-33,33,0.9705882352941176,-0.9705882352941176,0.23529411764705882,within_competition_season_ppg_tie_averaged,completed_regular_season_match_results_3_1_0,openfootball/europe,https://github.com/openfootball/europe/blob/master/netherlands/2023-24_nl1.txt,netherlands/2023-24_nl1.txt,6e44e6fbbb162b8475418e282b47ad10714c9d2f,2bde6d0ca60ea6c321f359d1042ce20643880ccfb86a4d7c47f993ec546ba227
2023-24,NED,Netherlands,Eredivisie,1,RKC Waalwijk,18,34,7,8,19,38,56,-18,29,0.8529411764705882,-0.5294117647058824,0.14705882352941177,within_competition_season_ppg_tie_averaged,completed_regular_season_match_results_3_1_0,openfootball/europe,https://github.com/openfootball/europe/blob/master/netherlands/2023-24_nl1.txt,netherlands/2023-24_nl1.txt,6e44e6fbbb162b8475418e282b47ad10714c9d2f,2bde6d0ca60ea6c321f359d1042ce20643880ccfb86a4d7c47f993ec546ba227
2023-24,NED,Netherlands,Eredivisie,1,SBV Excelsior,18,34,6,11,17,50,73,-23,29,0.8529411764705882,-0.6764705882352942,0.14705882352941177,within_competition_season_ppg_tie_averaged,completed_regular_season_match_results_3_1_0,openfootball/europe,https://github.com/openfootball/europe/blob/master/netherlands/2023-24_nl1.txt,netherlands/2023-24_nl1.txt,6e44e6fbbb162b8475418e282b47ad10714c9d2f,2bde6d0ca60ea6c321f359d1042ce20643880ccfb86a4d7c47f993ec546ba227
2023-24,NED,Netherlands,Eredivisie,1,SBV Vitesse,18,34,6,6,22,29,74,-45,24,0.7058823529411765,-1.3235294117647058,0.058823529411764705,within_competition_season_ppg_tie_averaged,completed_regular_season_match_results_3_1_0,openfootball/europe,https://github.com/openfootball/europe/blob/master/netherlands/2023-24_nl1.txt,netherlands/2023-24_nl1.txt,6e44e6fbbb162b8475418e282b47ad10714c9d2f,2bde6d0ca60ea6c321f359d1042ce20643880ccfb86a4d7c47f993ec546ba227
2023-24,NED,Netherlands,Eredivisie,1,FC Volendam,18,34,4,7,23,34,88,-54,19,0.5588235294117647,-1.588235294117647,0,within_competition_season_ppg_tie_averaged,completed_regular_season_match_results_3_1_0,openfootball/europe,https://github.com/openfootball/europe/blob/master/netherlands/2023-24_nl1.txt,netherlands/2023-24_nl1.txt,6e44e6fbbb162b8475418e282b47ad10714c9d2f,2bde6d0ca60ea6c321f359d1042ce20643880ccfb86a4d7c47f993ec546ba227
2024-25,NED,Netherlands,Eredivisie,1,PSV,18,34,25,4,5,103,39,64,79,2.323529411764706,1.8823529411764706,1,within_competition_season_ppg_tie_averaged,completed_regular_season_match_results_3_1_0,openfootball/europe,https://github.com/openfootball/europe/blob/master/netherlands/2024-25_nl1.txt,netherlands/2024-25_nl1.txt,da18fab2c58b3c6850342f3679918ddaec64b882,fe1b42aa86ef00a313e1108a8e6faef9fdd7f26ab612f56f4ed5c08a3b78e041
2024-25,NED,Netherlands,Eredivisie,1,AFC Ajax,18,34,24,6,4,67,32,35,78,2.2941176470588234,1.0294117647058822,0.9411764705882353,within_competition_season_ppg_tie_averaged,completed_regular_season_match_results_3_1_0,openfootball/europe,https://github.com/openfootball/europe/blob/master/netherlands/2024-25_nl1.txt,netherlands/2024-25_nl1.txt,da18fab2c58b3c6850342f3679918ddaec64b882,fe1b42aa86ef00a313e1108a8e6faef9fdd7f26ab612f56f4ed5c08a3b78e041
2024-25,NED,Netherlands,Eredivisie,1,Feyenoord Rotterdam,18,34,20,8,6,76,38,38,68,2,1.1176470588235294,0.8823529411764706,within_competition_season_ppg_tie_averaged,completed_regular_season_match_results_3_1_0,openfootball/europe,https://github.com/openfootball/europe/blob/master/netherlands/2024-25_nl1.txt,netherlands/2024-25_nl1.txt,da18fab2c58b3c6850342f3679918ddaec64b882,fe1b42aa86ef00a313e1108a8e6faef9fdd7f26ab612f56f4ed5c08a3b78e041
2024-25,NED,Netherlands,Eredivisie,1,FC Utrecht,18,34,18,10,6,62,45,17,64,1.8823529411764706,0.5,0.8235294117647058,within_competition_season_ppg_tie_averaged,completed_regular_season_match_results_3_1_0,openfootball/europe,https://github.com/openfootball/europe/blob/master/netherlands/2024-25_nl1.txt,netherlands/2024-25_nl1.txt,da18fab2c58b3c6850342f3679918ddaec64b882,fe1b42aa86ef00a313e1108a8e6faef9fdd7f26ab612f56f4ed5c08a3b78e041
2024-25,NED,Netherlands,Eredivisie,1,AZ,18,34,16,9,9,58,37,21,57,1.6764705882352942,0.6176470588235294,0.7647058823529411,within_competition_season_ppg_tie_averaged,completed_regular_season_match_results_3_1_0,openfootball/europe,https://github.com/openfootball/europe/blob/master/netherlands/2024-25_nl1.txt,netherlands/2024-25_nl1.txt,da18fab2c58b3c6850342f3679918ddaec64b882,fe1b42aa86ef00a313e1108a8e6faef9fdd7f26ab612f56f4ed5c08a3b78e041
2024-25,NED,Netherlands,Eredivisie,1,FC Twente '65,18,34,15,9,10,62,49,13,54,1.588235294117647,0.38235294117647056,0.7058823529411765,within_competition_season_ppg_tie_averaged,completed_regular_season_match_results_3_1_0,openfootball/europe,https://github.com/openfootball/europe/blob/master/netherlands/2024-25_nl1.txt,netherlands/2024-25_nl1.txt,da18fab2c58b3c6850342f3679918ddaec64b882,fe1b42aa86ef00a313e1108a8e6faef9fdd7f26ab612f56f4ed5c08a3b78e041
2024-25,NED,Netherlands,Eredivisie,1,Go Ahead Eagles,18,34,14,9,11,57,55,2,51,1.5,0.058823529411764705,0.6470588235294118,within_competition_season_ppg_tie_averaged,completed_regular_season_match_results_3_1_0,openfootball/europe,https://github.com/openfootball/europe/blob/master/netherlands/2024-25_nl1.txt,netherlands/2024-25_nl1.txt,da18fab2c58b3c6850342f3679918ddaec64b882,fe1b42aa86ef00a313e1108a8e6faef9fdd7f26ab612f56f4ed5c08a3b78e041
2024-25,NED,Netherlands,Eredivisie,1,NEC,18,34,12,7,15,51,46,5,43,1.2647058823529411,0.14705882352941177,0.5588235294117647,within_competition_season_ppg_tie_averaged,completed_regular_season_match_results_3_1_0,openfootball/europe,https://github.com/openfootball/europe/blob/master/netherlands/2024-25_nl1.txt,netherlands/2024-25_nl1.txt,da18fab2c58b3c6850342f3679918ddaec64b882,fe1b42aa86ef00a313e1108a8e6faef9fdd7f26ab612f56f4ed5c08a3b78e041
2024-25,NED,Netherlands,Eredivisie,1,SC Heerenveen,18,34,12,7,15,42,57,-15,43,1.2647058823529411,-0.4411764705882353,0.5588235294117647,within_competition_season_ppg_tie_averaged,completed_regular_season_match_results_3_1_0,openfootball/europe,https://github.com/openfootball/europe/blob/master/netherlands/2024-25_nl1.txt,netherlands/2024-25_nl1.txt,da18fab2c58b3c6850342f3679918ddaec64b882,fe1b42aa86ef00a313e1108a8e6faef9fdd7f26ab612f56f4ed5c08a3b78e041
2024-25,NED,Netherlands,Eredivisie,1,PEC Zwolle,18,34,10,11,13,43,51,-8,41,1.2058823529411764,-0.23529411764705882,0.4411764705882353,within_competition_season_ppg_tie_averaged,completed_regular_season_match_results_3_1_0,openfootball/europe,https://github.com/openfootball/europe/blob/master/netherlands/2024-25_nl1.txt,netherlands/2024-25_nl1.txt,da18fab2c58b3c6850342f3679918ddaec64b882,fe1b42aa86ef00a313e1108a8e6faef9fdd7f26ab612f56f4ed5c08a3b78e041
2024-25,NED,Netherlands,Eredivisie,1,Fortuna Sittard,18,34,11,8,15,37,54,-17,41,1.2058823529411764,-0.5,0.4411764705882353,within_competition_season_ppg_tie_averaged,completed_regular_season_match_results_3_1_0,openfootball/europe,https://github.com/openfootball/europe/blob/master/netherlands/2024-25_nl1.txt,netherlands/2024-25_nl1.txt,da18fab2c58b3c6850342f3679918ddaec64b882,fe1b42aa86ef00a313e1108a8e6faef9fdd7f26ab612f56f4ed5c08a3b78e041
2024-25,NED,Netherlands,Eredivisie,1,Sparta Rotterdam,18,34,9,12,13,39,43,-4,39,1.1470588235294117,-0.11764705882352941,0.3235294117647059,within_competition_season_ppg_tie_averaged,completed_regular_season_match_results_3_1_0,openfootball/europe,https://github.com/openfootball/europe/blob/master/netherlands/2024-25_nl1.txt,netherlands/2024-25_nl1.txt,da18fab2c58b3c6850342f3679918ddaec64b882,fe1b42aa86ef00a313e1108a8e6faef9fdd7f26ab612f56f4ed5c08a3b78e041
2024-25,NED,Netherlands,Eredivisie,1,FC Groningen,18,34,10,9,15,40,53,-13,39,1.1470588235294117,-0.38235294117647056,0.3235294117647059,within_competition_season_ppg_tie_averaged,completed_regular_season_match_results_3_1_0,openfootball/europe,https://github.com/openfootball/europe/blob/master/netherlands/2024-25_nl1.txt,netherlands/2024-25_nl1.txt,da18fab2c58b3c6850342f3679918ddaec64b882,fe1b42aa86ef00a313e1108a8e6faef9fdd7f26ab612f56f4ed5c08a3b78e041
2024-25,NED,Netherlands,Eredivisie,1,Heracles Almelo,18,34,9,11,14,42,63,-21,38,1.1176470588235294,-0.6176470588235294,0.23529411764705882,within_competition_season_ppg_tie_averaged,completed_regular_season_match_results_3_1_0,openfootball/europe,https://github.com/openfootball/europe/blob/master/netherlands/2024-25_nl1.txt,netherlands/2024-25_nl1.txt,da18fab2c58b3c6850342f3679918ddaec64b882,fe1b42aa86ef00a313e1108a8e6faef9fdd7f26ab612f56f4ed5c08a3b78e041
2024-25,NED,Netherlands,Eredivisie,1,NAC Breda,18,34,8,9,17,34,58,-24,33,0.9705882352941176,-0.7058823529411765,0.17647058823529413,within_competition_season_ppg_tie_averaged,completed_regular_season_match_results_3_1_0,openfootball/europe,https://github.com/openfootball/europe/blob/master/netherlands/2024-25_nl1.txt,netherlands/2024-25_nl1.txt,da18fab2c58b3c6850342f3679918ddaec64b882,fe1b42aa86ef00a313e1108a8e6faef9fdd7f26ab612f56f4ed5c08a3b78e041
2024-25,NED,Netherlands,Eredivisie,1,Willem II Tilburg,18,34,6,8,20,34,56,-22,26,0.7647058823529411,-0.6470588235294118,0.11764705882352941,within_competition_season_ppg_tie_averaged,completed_regular_season_match_results_3_1_0,openfootball/europe,https://github.com/openfootball/europe/blob/master/netherlands/2024-25_nl1.txt,netherlands/2024-25_nl1.txt,da18fab2c58b3c6850342f3679918ddaec64b882,fe1b42aa86ef00a313e1108a8e6faef9fdd7f26ab612f56f4ed5c08a3b78e041
2024-25,NED,Netherlands,Eredivisie,1,RKC Waalwijk,18,34,6,7,21,44,74,-30,25,0.7352941176470589,-0.8823529411764706,0.058823529411764705,within_competition_season_ppg_tie_averaged,completed_regular_season_match_results_3_1_0,openfootball/europe,https://github.com/openfootball/europe/blob/master/netherlands/2024-25_nl1.txt,netherlands/2024-25_nl1.txt,da18fab2c58b3c6850342f3679918ddaec64b882,fe1b42aa86ef00a313e1108a8e6faef9fdd7f26ab612f56f4ed5c08a3b78e041
2024-25,NED,Netherlands,Eredivisie,1,Almere City FC,18,34,4,10,20,23,64,-41,22,0.6470588235294118,-1.2058823529411764,0,within_competition_season_ppg_tie_averaged,completed_regular_season_match_results_3_1_0,openfootball/europe,https://github.com/openfootball/europe/blob/master/netherlands/2024-25_nl1.txt,netherlands/2024-25_nl1.txt,da18fab2c58b3c6850342f3679918ddaec64b882,fe1b42aa86ef00a313e1108a8e6faef9fdd7f26ab612f56f4ed5c08a3b78e041
2025-26,NED,Netherlands,Eredivisie,1,PSV,18,34,27,3,4,101,45,56,84,2.4705882352941178,1.6470588235294117,1,within_competition_season_ppg_tie_averaged,completed_regular_season_match_results_3_1_0,openfootball/europe,https://github.com/openfootball/europe/blob/master/netherlands/2025-26_nl1.txt,netherlands/2025-26_nl1.txt,18739d3c6a7789d74da6a8253e8c6d4c6ee34fb2,50216d5c06514cb255141be5f27f247a47a63a6a981ca98e54edd365b55d2387
2025-26,NED,Netherlands,Eredivisie,1,Feyenoord Rotterdam,18,34,19,8,7,70,44,26,65,1.911764705882353,0.7647058823529411,0.9411764705882353,within_competition_season_ppg_tie_averaged,completed_regular_season_match_results_3_1_0,openfootball/europe,https://github.com/openfootball/europe/blob/master/netherlands/2025-26_nl1.txt,netherlands/2025-26_nl1.txt,18739d3c6a7789d74da6a8253e8c6d4c6ee34fb2,50216d5c06514cb255141be5f27f247a47a63a6a981ca98e54edd365b55d2387
2025-26,NED,Netherlands,Eredivisie,1,NEC,18,34,16,11,7,77,53,24,59,1.7352941176470589,0.7058823529411765,0.8823529411764706,within_competition_season_ppg_tie_averaged,completed_regular_season_match_results_3_1_0,openfootball/europe,https://github.com/openfootball/europe/blob/master/netherlands/2025-26_nl1.txt,netherlands/2025-26_nl1.txt,18739d3c6a7789d74da6a8253e8c6d4c6ee34fb2,50216d5c06514cb255141be5f27f247a47a63a6a981ca98e54edd365b55d2387
2025-26,NED,Netherlands,Eredivisie,1,FC Twente '65,18,34,15,13,6,59,40,19,58,1.7058823529411764,0.5588235294117647,0.8235294117647058,within_competition_season_ppg_tie_averaged,completed_regular_season_match_results_3_1_0,openfootball/europe,https://github.com/openfootball/europe/blob/master/netherlands/2025-26_nl1.txt,netherlands/2025-26_nl1.txt,18739d3c6a7789d74da6a8253e8c6d4c6ee34fb2,50216d5c06514cb255141be5f27f247a47a63a6a981ca98e54edd365b55d2387
2025-26,NED,Netherlands,Eredivisie,1,AFC Ajax,18,34,14,14,6,62,41,21,56,1.6470588235294117,0.6176470588235294,0.7647058823529411,within_competition_season_ppg_tie_averaged,completed_regular_season_match_results_3_1_0,openfootball/europe,https://github.com/openfootball/europe/blob/master/netherlands/2025-26_nl1.txt,netherlands/2025-26_nl1.txt,18739d3c6a7789d74da6a8253e8c6d4c6ee34fb2,50216d5c06514cb255141be5f27f247a47a63a6a981ca98e54edd365b55d2387
2025-26,NED,Netherlands,Eredivisie,1,FC Utrecht,18,34,15,8,11,55,42,13,53,1.5588235294117647,0.38235294117647056,0.7058823529411765,within_competition_season_ppg_tie_averaged,completed_regular_season_match_results_3_1_0,openfootball/europe,https://github.com/openfootball/europe/blob/master/netherlands/2025-26_nl1.txt,netherlands/2025-26_nl1.txt,18739d3c6a7789d74da6a8253e8c6d4c6ee34fb2,50216d5c06514cb255141be5f27f247a47a63a6a981ca98e54edd365b55d2387
2025-26,NED,Netherlands,Eredivisie,1,AZ,18,34,14,10,10,58,51,7,52,1.5294117647058822,0.20588235294117646,0.6470588235294118,within_competition_season_ppg_tie_averaged,completed_regular_season_match_results_3_1_0,openfootball/europe,https://github.com/openfootball/europe/blob/master/netherlands/2025-26_nl1.txt,netherlands/2025-26_nl1.txt,18739d3c6a7789d74da6a8253e8c6d4c6ee34fb2,50216d5c06514cb255141be5f27f247a47a63a6a981ca98e54edd365b55d2387
2025-26,NED,Netherlands,Eredivisie,1,SC Heerenveen,18,34,14,9,11,57,53,4,51,1.5,0.11764705882352941,0.5882352941176471,within_competition_season_ppg_tie_averaged,completed_regular_season_match_results_3_1_0,openfootball/europe,https://github.com/openfootball/europe/blob/master/netherlands/2025-26_nl1.txt,netherlands/2025-26_nl1.txt,18739d3c6a7789d74da6a8253e8c6d4c6ee34fb2,50216d5c06514cb255141be5f27f247a47a63a6a981ca98e54edd365b55d2387
2025-26,NED,Netherlands,Eredivisie,1,FC Groningen,18,34,14,6,14,49,45,4,48,1.411764705882353,0.11764705882352941,0.5294117647058824,within_competition_season_ppg_tie_averaged,completed_regular_season_match_results_3_1_0,openfootball/europe,https://github.com/openfootball/europe/blob/master/netherlands/2025-26_nl1.txt,netherlands/2025-26_nl1.txt,18739d3c6a7789d74da6a8253e8c6d4c6ee34fb2,50216d5c06514cb255141be5f27f247a47a63a6a981ca98e54edd365b55d2387
2025-26,NED,Netherlands,Eredivisie,1,Sparta Rotterdam,18,34,12,7,15,40,62,-22,43,1.2647058823529411,-0.6470588235294118,0.47058823529411764,within_competition_season_ppg_tie_averaged,completed_regular_season_match_results_3_1_0,openfootball/europe,https://github.com/openfootball/europe/blob/master/netherlands/2025-26_nl1.txt,netherlands/2025-26_nl1.txt,18739d3c6a7789d74da6a8253e8c6d4c6ee34fb2,50216d5c06514cb255141be5f27f247a47a63a6a981ca98e54edd365b55d2387
2025-26,NED,Netherlands,Eredivisie,1,Fortuna Sittard,18,34,11,6,17,49,63,-14,39,1.1470588235294117,-0.4117647058823529,0.4117647058823529,within_competition_season_ppg_tie_averaged,completed_regular_season_match_results_3_1_0,openfootball/europe,https://github.com/openfootball/europe/blob/master/netherlands/2025-26_nl1.txt,netherlands/2025-26_nl1.txt,18739d3c6a7789d74da6a8253e8c6d4c6ee34fb2,50216d5c06514cb255141be5f27f247a47a63a6a981ca98e54edd365b55d2387
2025-26,NED,Netherlands,Eredivisie,1,Go Ahead Eagles,18,34,8,14,12,54,53,1,38,1.1176470588235294,0.029411764705882353,0.3235294117647059,within_competition_season_ppg_tie_averaged,completed_regular_season_match_results_3_1_0,openfootball/europe,https://github.com/openfootball/europe/blob/master/netherlands/2025-26_nl1.txt,netherlands/2025-26_nl1.txt,18739d3c6a7789d74da6a8253e8c6d4c6ee34fb2,50216d5c06514cb255141be5f27f247a47a63a6a981ca98e54edd365b55d2387
2025-26,NED,Netherlands,Eredivisie,1,SBV Excelsior,18,34,10,8,16,43,56,-13,38,1.1176470588235294,-0.38235294117647056,0.3235294117647059,within_competition_season_ppg_tie_averaged,completed_regular_season_match_results_3_1_0,openfootball/europe,https://github.com/openfootball/europe/blob/master/netherlands/2025-26_nl1.txt,netherlands/2025-26_nl1.txt,18739d3c6a7789d74da6a8253e8c6d4c6ee34fb2,50216d5c06514cb255141be5f27f247a47a63a6a981ca98e54edd365b55d2387
2025-26,NED,Netherlands,Eredivisie,1,Telstar 1963,18,34,9,10,15,49,55,-6,37,1.088235294117647,-0.17647058823529413,0.20588235294117646,within_competition_season_ppg_tie_averaged,completed_regular_season_match_results_3_1_0,openfootball/europe,https://github.com/openfootball/europe/blob/master/netherlands/2025-26_nl1.txt,netherlands/2025-26_nl1.txt,18739d3c6a7789d74da6a8253e8c6d4c6ee34fb2,50216d5c06514cb255141be5f27f247a47a63a6a981ca98e54edd365b55d2387
2025-26,NED,Netherlands,Eredivisie,1,PEC Zwolle,18,34,9,10,15,44,71,-27,37,1.088235294117647,-0.7941176470588235,0.20588235294117646,within_competition_season_ppg_tie_averaged,completed_regular_season_match_results_3_1_0,openfootball/europe,https://github.com/openfootball/europe/blob/master/netherlands/2025-26_nl1.txt,netherlands/2025-26_nl1.txt,18739d3c6a7789d74da6a8253e8c6d4c6ee34fb2,50216d5c06514cb255141be5f27f247a47a63a6a981ca98e54edd365b55d2387
2025-26,NED,Netherlands,Eredivisie,1,FC Volendam,18,34,8,8,18,35,55,-20,32,0.9411764705882353,-0.5882352941176471,0.11764705882352941,within_competition_season_ppg_tie_averaged,completed_regular_season_match_results_3_1_0,openfootball/europe,https://github.com/openfootball/europe/blob/master/netherlands/2025-26_nl1.txt,netherlands/2025-26_nl1.txt,18739d3c6a7789d74da6a8253e8c6d4c6ee34fb2,50216d5c06514cb255141be5f27f247a47a63a6a981ca98e54edd365b55d2387
2025-26,NED,Netherlands,Eredivisie,1,NAC Breda,18,34,6,11,17,35,58,-23,29,0.8529411764705882,-0.6764705882352942,0.058823529411764705,within_competition_season_ppg_tie_averaged,completed_regular_season_match_results_3_1_0,openfootball/europe,https://github.com/openfootball/europe/blob/master/netherlands/2025-26_nl1.txt,netherlands/2025-26_nl1.txt,18739d3c6a7789d74da6a8253e8c6d4c6ee34fb2,50216d5c06514cb255141be5f27f247a47a63a6a981ca98e54edd365b55d2387
2025-26,NED,Netherlands,Eredivisie,1,Heracles Almelo,18,34,5,4,25,35,85,-50,19,0.5588235294117647,-1.4705882352941178,0,within_competition_season_ppg_tie_averaged,completed_regular_season_match_results_3_1_0,openfootball/europe,https://github.com/openfootball/europe/blob/master/netherlands/2025-26_nl1.txt,netherlands/2025-26_nl1.txt,18739d3c6a7789d74da6a8253e8c6d4c6ee34fb2,50216d5c06514cb255141be5f27f247a47a63a6a981ca98e54edd365b55d2387
