event_id,season,player_id,player_name,from_club_id,from_club,to_club_id,to_club,semantic_type,fee_text,paired_internal_faces,source_faces
TM-2026-00001,2026/27,1004344,Ali Dembélé,2581,Mantova 1911,416,Torino FC,LOAN_RETURN_OR_END_OF_LOAN,End of loan 30/06/2026,0,IN
TM-2026-00002,2026/27,1004344,Ali Dembélé,416,Torino FC,1005,US Lecce,LOAN,Loan fee: €150k,1,IN+OUT
TM-2026-00003,2026/27,1004723,Fellipe Jack,1047,Como 1907,2239,US Cremonese,LOAN,loan transfer,0,OUT
TM-2026-00004,2026/27,1004723,Fellipe Jack,4097,US Catanzaro,1047,Como 1907,LOAN_RETURN_OR_END_OF_LOAN,End of loan 30/06/2026,0,IN
TM-2026-00005,2026/27,1009616,Dominik Drobnic,5243,Parma Primavera,130,Parma Calcio 1913,PERMANENT_OR_OTHER_EXPLICIT,-,0,IN
TM-2026-00006,2026/27,1009633,David Pejičić,790,NK Maribor,410,Udinese Calcio,LOAN_RETURN_OR_END_OF_LOAN,End of loan 30/06/2026,0,IN
TM-2026-00007,2026/27,101213,Pedro Obiang,2919,AC Monza,,Retired,RETIREMENT,-,0,OUT
TM-2026-00008,2026/27,1012731,Luis Balbo,430,ACF Fiorentina,122,SK Sturm Graz,PERMANENT_OR_OTHER_EXPLICIT,€1.50m,0,OUT
TM-2026-00009,2026/27,1015822,Eman Košpo,430,ACF Fiorentina,2581,Mantova 1911,LOAN,loan transfer,0,OUT
TM-2026-00010,2026/27,1017950,Vernon Addo,57870,Krasava ENY,1005,US Lecce,LOAN_RETURN_OR_END_OF_LOAN,End of loan 30/06/2026,0,IN
TM-2026-00011,2026/27,1018026,Ukko Happonen,14848,Bologna Primavera,1025,Bologna FC 1909,PERMANENT_OR_OTHER_EXPLICIT,-,0,IN
TM-2026-00012,2026/27,1019116,Giorgio Vezzosi,19114,Sassuolo Primavera,6574,US Sassuolo,PERMANENT_OR_OTHER_EXPLICIT,-,0,IN
TM-2026-00013,2026/27,1028162,Antoine Joujou,130,Parma Calcio 1913,995,FC Nantes,PERMANENT_OR_OTHER_EXPLICIT,€1.00m,0,OUT
TM-2026-00014,2026/27,1028162,Antoine Joujou,3329,FC Famalicão,130,Parma Calcio 1913,LOAN_RETURN_OR_END_OF_LOAN,End of loan 30/06/2026,0,IN
TM-2026-00015,2026/27,1028399,Borna Knezovic,4331,FC Trapani 1905,6574,US Sassuolo,LOAN_RETURN_OR_END_OF_LOAN,End of loan 30/06/2026,0,IN
TM-2026-00016,2026/27,1028399,Borna Knezovic,6574,US Sassuolo,6089,Casarano Calcio,PERMANENT_OR_OTHER_EXPLICIT,?,0,OUT
TM-2026-00017,2026/27,1036405,Omar Fayed,36,Fenerbahce,8970,Frosinone Calcio,PERMANENT_OR_OTHER_EXPLICIT,€500k,0,IN
TM-2026-00018,2026/27,1039342,Raphael Kofler,4554,FC Südtirol,1390,Cagliari Calcio,LOAN,loan transfer,0,IN
TM-2026-00019,2026/27,1040080,Tommaso Gabellini,12130,Torino Primavera,416,Torino FC,PERMANENT_OR_OTHER_EXPLICIT,-,0,IN
TM-2026-00020,2026/27,1040080,Tommaso Gabellini,416,Torino FC,9816,Forlì FC,LOAN,loan transfer,0,OUT
TM-2026-00021,2026/27,1041129,Yvan Maye,41119,Inter U23,2919,AC Monza,LOAN,loan transfer,0,IN
TM-2026-00022,2026/27,1044794,Alessandro Debenedetti,20519,Virtus Entella,252,Genoa CFC,LOAN_RETURN_OR_END_OF_LOAN,End of loan 30/06/2026,0,IN
TM-2026-00023,2026/27,1044794,Alessandro Debenedetti,252,Genoa CFC,1429,Cesena FC,LOAN,loan transfer,0,OUT
TM-2026-00024,2026/27,1045124,Jay Robinson,180,Southampton FC,2919,AC Monza,LOAN,loan transfer,0,IN
TM-2026-00025,2026/27,1046867,Jan Ziolkowski,12,AS Roma,2919,AC Monza,LOAN,Loan fee: €500k,1,IN+OUT
TM-2026-00026,2026/27,1048013,Nicola Grandu,11676,Cagliari Primavera,1390,Cagliari Calcio,PERMANENT_OR_OTHER_EXPLICIT,-,0,IN
TM-2026-00027,2026/27,1048147,Federico Cassa,1025,Bologna FC 1909,4097,US Catanzaro,LOAN,loan transfer,0,OUT
TM-2026-00028,2026/27,1048147,Federico Cassa,41110,Atalanta U23,1025,Bologna FC 1909,PERMANENT_OR_OTHER_EXPLICIT,?,0,IN
TM-2026-00029,2026/27,1049596,Filippo Grosso,8970,Frosinone Calcio,4083,FC Crotone,LOAN,loan transfer,0,OUT
TM-2026-00030,2026/27,1049862,Samuele Capolupo,2919,AC Monza,3522,Spezia Calcio,LOAN,loan transfer,0,OUT
TM-2026-00031,2026/27,1051737,Kevin Barcella,8970,Frosinone Calcio,4083,FC Crotone,LOAN,loan transfer,0,OUT
TM-2026-00032,2026/27,1053217,Filippo Reale,12,AS Roma,4159,Carrarese Calcio 1908,LOAN,loan transfer,0,OUT
TM-2026-00033,2026/27,1053217,Filippo Reale,2331,US Avellino 1912,12,AS Roma,LOAN_RETURN_OR_END_OF_LOAN,End of loan 30/06/2026,0,IN
TM-2026-00034,2026/27,1054169,Giulio Scuderi,430,ACF Fiorentina,5587,SS Juve Stabia,LOAN,loan transfer,0,OUT
TM-2026-00035,2026/27,1054169,Giulio Scuderi,52687,Alcione Milano,430,ACF Fiorentina,LOAN_RETURN_OR_END_OF_LOAN,End of loan 30/06/2026,0,IN
TM-2026-00036,2026/27,1054460,Elia Barbaro,1025,Bologna FC 1909,515,Without Club,FREE_AGENT_OR_END_OF_CONTRACT,-,0,OUT
TM-2026-00037,2026/27,1054460,Elia Barbaro,4114,Nocerina Calcio,1025,Bologna FC 1909,LOAN_RETURN_OR_END_OF_LOAN,End of loan 30/06/2026,0,IN
TM-2026-00038,2026/27,1055861,Giuseppe Battimelli,1025,Bologna FC 1909,5514,Calcio Lecco 1912,FREE_TRANSFER,free transfer,0,OUT
TM-2026-00039,2026/27,1056287,Pietro Pinelli,398,SS Lazio,4159,Carrarese Calcio 1908,LOAN,loan transfer,0,OUT
TM-2026-00040,2026/27,1056287,Pietro Pinelli,5621,AC Reggiana 1919,398,SS Lazio,LOAN_RETURN_OR_END_OF_LOAN,End of loan 30/06/2026,0,IN
TM-2026-00041,2026/27,1056746,Wisdom Acquah,12130,Torino Primavera,416,Torino FC,PERMANENT_OR_OTHER_EXPLICIT,-,0,IN
TM-2026-00042,2026/27,1056746,Wisdom Acquah,416,Torino FC,1385,Modena FC,LOAN,loan transfer,0,OUT
TM-2026-00043,2026/27,1057316,Franco Mastantuono,418,Real Madrid,430,ACF Fiorentina,LOAN,loan transfer,0,IN
TM-2026-00044,2026/27,1057563,Christ-Owen Kouassi,1005,US Lecce,1290,Grenoble Foot 38,LOAN,loan transfer,0,OUT
TM-2026-00045,2026/27,1057563,Christ-Owen Kouassi,1080,Stade Lavallois,1005,US Lecce,LOAN_RETURN_OR_END_OF_LOAN,End of loan 30/06/2026,0,IN
TM-2026-00046,2026/27,1057839,Lapo Deli,749,FC Empoli,430,ACF Fiorentina,LOAN_RETURN_OR_END_OF_LOAN,End of loan 30/06/2027,0,IN
TM-2026-00047,2026/27,1058354,Matteo Palma,1038,UC Sampdoria,410,Udinese Calcio,LOAN_RETURN_OR_END_OF_LOAN,End of loan 30/06/2026,0,IN
TM-2026-00048,2026/27,1058363,Christian Comotto,3522,Spezia Calcio,5,AC Milan,LOAN_RETURN_OR_END_OF_LOAN,End of loan 30/06/2026,0,IN
TM-2026-00049,2026/27,1058366,Simone Lontani,10958,AC Milan Primavera,130,Parma Calcio 1913,FREE_TRANSFER,free transfer,0,IN
TM-2026-00050,2026/27,1058368,Francesco Camarda,1005,US Lecce,5,AC Milan,LOAN_RETURN_OR_END_OF_LOAN,End of loan 30/06/2026 €1.35m,1,IN+OUT
TM-2026-00051,2026/27,1059298,Côme Bianay Balcot,2581,Mantova 1911,416,Torino FC,LOAN_RETURN_OR_END_OF_LOAN,End of loan 30/06/2026,0,IN
TM-2026-00052,2026/27,1059298,Côme Bianay Balcot,416,Torino FC,1154,Red Star FC,LOAN,loan transfer,0,OUT
TM-2026-00053,2026/27,1059730,Giuseppe Mazzaglia,1047,Como 1907,26251,US Folgore Caratese,PERMANENT_OR_OTHER_EXPLICIT,?,0,OUT
TM-2026-00054,2026/27,1059730,Giuseppe Mazzaglia,1408,Piacenza Calcio 1919,1047,Como 1907,LOAN_RETURN_OR_END_OF_LOAN,End of loan 30/06/2026,0,IN
TM-2026-00055,2026/27,1061820,Lorenzo Venturino,12,AS Roma,252,Genoa CFC,LOAN_RETURN_OR_END_OF_LOAN,End of loan 30/06/2026,1,IN+OUT
TM-2026-00056,2026/27,1063011,Gabriele Pessolani,252,Genoa CFC,22188,AC Crema 1908,LOAN,loan transfer,0,OUT
TM-2026-00057,2026/27,1063011,Gabriele Pessolani,4553,US Pergolettese 1932,252,Genoa CFC,LOAN_RETURN_OR_END_OF_LOAN,End of loan 30/06/2026,0,IN
TM-2026-00058,2026/27,1063704,Damar Dixon,46823,Toronto FC II,8970,Frosinone Calcio,LOAN_RETURN_OR_END_OF_LOAN,End of loan 31/12/2026,0,IN
TM-2026-00059,2026/27,1066196,Matteo Barbini,252,Genoa CFC,91510,Dolomiti Bellunesi,LOAN,loan transfer,0,OUT
TM-2026-00060,2026/27,1066196,Matteo Barbini,91510,Dolomiti Bellunesi,252,Genoa CFC,LOAN_RETURN_OR_END_OF_LOAN,End of loan 30/06/2026,0,IN
TM-2026-00061,2026/27,1066206,Toni Fernández,131,FC Barcelona,607,Venezia FC,LOAN,loan transfer,0,IN
TM-2026-00062,2026/27,1070284,Emerick Lopes,6574,US Sassuolo,52687,Alcione Milano,PERMANENT_OR_OTHER_EXPLICIT,?,0,OUT
TM-2026-00063,2026/27,1073023,Radoslaw Zelezny,12,AS Roma,839,AC Perugia Calcio,LOAN,loan transfer,0,OUT
TM-2026-00064,2026/27,1074917,Jonathan Silva,3037,Calcio Padova,416,Torino FC,LOAN_RETURN_OR_END_OF_LOAN,End of loan 30/06/2026,0,IN
TM-2026-00065,2026/27,1074917,Jonathan Silva,416,Torino FC,2581,Mantova 1911,LOAN,loan transfer,0,OUT
TM-2026-00066,2026/27,1077175,Honest Ahanor,800,Atalanta BC,873,Crystal Palace,LOAN,loan transfer,0,OUT
TM-2026-00067,2026/27,1078164,Demi Akarakiri,6920,Everton FC U18,1390,Cagliari Calcio,FREE_TRANSFER,free transfer,0,IN
TM-2026-00068,2026/27,1078784,Giulio Vinciati,10959,Udinese Primavera,410,Udinese Calcio,PERMANENT_OR_OTHER_EXPLICIT,-,0,IN
TM-2026-00069,2026/27,1082581,Pedro Felipe,6574,US Sassuolo,41101,Juventus Next Gen,LOAN_RETURN_OR_END_OF_LOAN,End of loan 30/06/2026,0,OUT
TM-2026-00070,2026/27,1084756,Plamen Penev,5618,Lecce Primavera,1005,US Lecce,PERMANENT_OR_OTHER_EXPLICIT,-,0,IN
TM-2026-00071,2026/27,1086590,Alejandro Cichero,17664,Frosinone Primavera,8970,Frosinone Calcio,PERMANENT_OR_OTHER_EXPLICIT,-,0,IN
TM-2026-00072,2026/27,1087009,Abdou-Salam Konate,5243,Parma Primavera,130,Parma Calcio 1913,PERMANENT_OR_OTHER_EXPLICIT,-,0,IN
TM-2026-00073,2026/27,1089770,Joi Nuredini,8517,Genoa U20,252,Genoa CFC,PERMANENT_OR_OTHER_EXPLICIT,-,0,IN
TM-2026-00074,2026/27,1104206,Agustín Albarracín,1390,Cagliari Calcio,1532,Albacete Balompié,LOAN,loan transfer,0,OUT
TM-2026-00075,2026/27,1105124,Elijah Scott,5618,Lecce Primavera,1005,US Lecce,PERMANENT_OR_OTHER_EXPLICIT,-,0,IN
TM-2026-00076,2026/27,1105948,Mamedi Doucouré,8517,Genoa U20,252,Genoa CFC,PERMANENT_OR_OTHER_EXPLICIT,-,0,IN
TM-2026-00077,2026/27,1108253,Dimitar Papazov,1025,Bologna FC 1909,839,AC Perugia Calcio,LOAN,loan transfer,0,OUT
TM-2026-00078,2026/27,1108253,Dimitar Papazov,14848,Bologna Primavera,1025,Bologna FC 1909,PERMANENT_OR_OTHER_EXPLICIT,-,0,IN
TM-2026-00079,2026/27,110923,Mattia Perin,506,Juventus FC,458,Palermo FC,PERMANENT_OR_OTHER_EXPLICIT,€400k,0,OUT
TM-2026-00080,2026/27,1110645,Filipe Bordon,4554,FC Südtirol,398,SS Lazio,LOAN_RETURN_OR_END_OF_LOAN,End of loan 30/06/2026,0,IN
TM-2026-00081,2026/27,1111663,Kingstone Mutandwa,1390,Cagliari Calcio,61,Servette FC,LOAN,loan transfer,0,OUT
TM-2026-00082,2026/27,1111663,Kingstone Mutandwa,266,SV Ried,1390,Cagliari Calcio,LOAN_RETURN_OR_END_OF_LOAN,End of loan 30/06/2026 €250k,0,IN
TM-2026-00083,2026/27,111196,Stefan de Vrij,46,Inter Milan,265,Panathinaikos,FREE_TRANSFER,free transfer,0,OUT
TM-2026-00084,2026/27,111426,Benjamin Siegrist,252,Genoa CFC,455,FC Rapid 1923,LOAN_RETURN_OR_END_OF_LOAN,End of loan 30/06/2026,0,OUT
TM-2026-00085,2026/27,1118086,Sebastian Esposito,7006,Melbourne Victory,1005,US Lecce,LOAN_RETURN_OR_END_OF_LOAN,End of loan 30/06/2026,0,IN
TM-2026-00086,2026/27,1126888,Lamine Fanne,2921,Delfino Pescara 1936,607,Venezia FC,LOAN_RETURN_OR_END_OF_LOAN,End of loan 30/06/2026,0,IN
TM-2026-00087,2026/27,1130743,Lorenzo Berardi,2921,Delfino Pescara 1936,607,Venezia FC,PERMANENT_OR_OTHER_EXPLICIT,€1.00m,0,IN
TM-2026-00088,2026/27,1131161,Robinio Vaz,12,AS Roma,3008,Hull City,LOAN,Loan fee: €2.00m,0,OUT
TM-2026-00089,2026/27,1136279,Valeri Vladimirov,41107,Milan Futuro,5,AC Milan,PERMANENT_OR_OTHER_EXPLICIT,-,0,IN
TM-2026-00090,2026/27,1143375,Foe Ondoa,68403,Estoril Praia U23,2919,AC Monza,PERMANENT_OR_OTHER_EXPLICIT,€1.50m,0,IN
TM-2026-00091,2026/27,1144614,Solomon Loubao,2919,AC Monza,4097,US Catanzaro,LOAN,loan transfer,0,OUT
TM-2026-00092,2026/27,1144614,Solomon Loubao,750,FC Sochaux-Montbéliard,2919,AC Monza,LOAN_RETURN_OR_END_OF_LOAN,End of loan 30/06/2026,0,IN
TM-2026-00093,2026/27,1144700,Matías Moreno,3368,Levante UD,430,ACF Fiorentina,LOAN_RETURN_OR_END_OF_LOAN,End of loan 30/06/2026,0,IN
TM-2026-00094,2026/27,1144700,Matías Moreno,430,ACF Fiorentina,607,Venezia FC,LOAN,Loan fee: €500k,1,IN+OUT
TM-2026-00095,2026/27,1148082,Kornel Lisman,238,Lech Poznan,607,Venezia FC,PERMANENT_OR_OTHER_EXPLICIT,€2.50m,0,IN
TM-2026-00096,2026/27,1167990,Mathis Mout,84400,Monza Primavera,2919,AC Monza,PERMANENT_OR_OTHER_EXPLICIT,-,0,IN
TM-2026-00097,2026/27,1168024,Lorenzo Nyarko,19114,Sassuolo Primavera,6574,US Sassuolo,PERMANENT_OR_OTHER_EXPLICIT,-,0,IN
TM-2026-00098,2026/27,1172166,Franz-Ethan Meichtry,938,FC Thun,252,Genoa CFC,PERMANENT_OR_OTHER_EXPLICIT,€4.00m,0,IN
TM-2026-00099,2026/27,1175265,Samba Sakho Dramé,30326,Gelbison,1005,US Lecce,LOAN_RETURN_OR_END_OF_LOAN,End of loan 30/06/2026,0,IN
TM-2026-00100,2026/27,1175298,Emanuele Lulli,11997,Roma U20,12,AS Roma,PERMANENT_OR_OTHER_EXPLICIT,-,0,IN
TM-2026-00101,2026/27,1175410,Matías Pérez,1005,US Lecce,5747,Deportes La Serena,LOAN,loan transfer,0,OUT
TM-2026-00102,2026/27,1176438,Simone Ascione,4271,US Triestina,607,Venezia FC,LOAN_RETURN_OR_END_OF_LOAN,End of loan 30/06/2026,0,IN
TM-2026-00103,2026/27,1176438,Simone Ascione,607,Venezia FC,7030,Vis Pesaro 1898,PERMANENT_OR_OTHER_EXPLICIT,?,0,OUT
TM-2026-00104,2026/27,1178488,Idrissa Gueye,347,FC Metz,410,Udinese Calcio,PERMANENT_OR_OTHER_EXPLICIT,€6.00m,0,IN
TM-2026-00105,2026/27,1178488,Idrissa Gueye,410,Udinese Calcio,347,FC Metz,LOAN_RETURN_OR_END_OF_LOAN,End of loan 30/06/2026,0,OUT
TM-2026-00106,2026/27,1179195,Sankhoun Diawara,1095,ESTAC Troyes,5,AC Milan,PERMANENT_OR_OTHER_EXPLICIT,€2.00m,0,IN
TM-2026-00107,2026/27,1186245,Víctor Valdepeñas,6767,Real Madrid Castilla,430,ACF Fiorentina,PERMANENT_OR_OTHER_EXPLICIT,€8.00m,0,IN
TM-2026-00108,2026/27,1188619,Alessio Cacciamani,5587,SS Juve Stabia,416,Torino FC,LOAN_RETURN_OR_END_OF_LOAN,End of loan 30/06/2026,0,IN
TM-2026-00109,2026/27,1188771,Aymen Zouin,130,Parma Calcio 1913,3268,Casa Pia AC,LOAN,loan transfer,0,OUT
TM-2026-00110,2026/27,1188771,Aymen Zouin,5380,Inter Milan Primavera,130,Parma Calcio 1913,PERMANENT_OR_OTHER_EXPLICIT,€500k,0,IN
TM-2026-00111,2026/27,1191520,Nils Zätterström,252,Genoa CFC,350,Sheffield United,LOAN_RETURN_OR_END_OF_LOAN,End of loan 30/06/2026,0,OUT
TM-2026-00112,2026/27,1191921,Andrea Luongo,12130,Torino Primavera,416,Torino FC,PERMANENT_OR_OTHER_EXPLICIT,-,0,IN
TM-2026-00113,2026/27,1193782,Francesco Bochicchio,56801,GS Arconatese,416,Torino FC,LOAN_RETURN_OR_END_OF_LOAN,End of loan 30/06/2027,0,IN
TM-2026-00114,2026/27,1195798,Mathias Ferrante,6195,SSC Napoli,5542,CPR Ospitaletto,LOAN,loan transfer,0,OUT
TM-2026-00115,2026/27,1200320,Hjalte Lærke,5618,Lecce Primavera,1005,US Lecce,PERMANENT_OR_OTHER_EXPLICIT,-,0,IN
TM-2026-00116,2026/27,1204163,Andréa Le Borgne,1047,Como 1907,276,Hellas Verona,LOAN,loan transfer,0,OUT
TM-2026-00117,2026/27,1204163,Andréa Le Borgne,14694,Como Primavera,1047,Como 1907,PERMANENT_OR_OTHER_EXPLICIT,-,0,IN
TM-2026-00118,2026/27,1210116,Abdoulaye Camara,410,Udinese Calcio,8817,Ajax Amsterdam U21,LOAN,loan transfer,0,OUT
TM-2026-00119,2026/27,121985,Juan Jesus,6195,SSC Napoli,607,Venezia FC,FREE_TRANSFER,free transfer,1,IN+OUT
TM-2026-00120,2026/27,1225943,Abdoulie Ndow,8970,Frosinone Calcio,3522,Spezia Calcio,PERMANENT_OR_OTHER_EXPLICIT,?,0,OUT
TM-2026-00121,2026/27,1231230,Thomás De Martis,333,CA Lanús,130,Parma Calcio 1913,LOAN,loan transfer,0,IN
TM-2026-00122,2026/27,1253815,Ricardo Bordon,12816,Lazio U20,398,SS Lazio,PERMANENT_OR_OTHER_EXPLICIT,-,0,IN
TM-2026-00123,2026/27,1259706,Henrique Menke,1047,Como 1907,15083,SC Internacional U20,LOAN_RETURN_OR_END_OF_LOAN,End of loan 30/06/2026,0,OUT
TM-2026-00124,2026/27,126634,Francesco Rossi,800,Atalanta BC,,Retired,RETIREMENT,-,0,OUT
TM-2026-00125,2026/27,1279526,Christ Inao Oulaï,449,Trabzonspor,430,ACF Fiorentina,PERMANENT_OR_OTHER_EXPLICIT,€26.00m,0,IN
TM-2026-00126,2026/27,128223,Álvaro Morata,1047,Como 1907,1244,CD Leganés,LOAN,loan transfer,0,OUT
TM-2026-00127,2026/27,128223,Álvaro Morata,1047,Como 1907,5,AC Milan,LOAN_RETURN_OR_END_OF_LOAN,End of loan 30/06/2026,1,IN+OUT
TM-2026-00128,2026/27,128223,Álvaro Morata,5,AC Milan,1047,Como 1907,PERMANENT_OR_OTHER_EXPLICIT,€12.00m,1,IN+OUT
TM-2026-00129,2026/27,1283311,Mikel Amondarain,288,Club Estudiantes de La Plata,1025,Bologna FC 1909,PERMANENT_OR_OTHER_EXPLICIT,€10.00m,0,IN
TM-2026-00130,2026/27,1295778,Samuel Wiafe,1385,Modena FC,252,Genoa CFC,PERMANENT_OR_OTHER_EXPLICIT,€3.00m,0,IN
TM-2026-00131,2026/27,1300966,Branimir Mlacic,410,Udinese Calcio,1010,Watford FC,LOAN,loan transfer,0,OUT
TM-2026-00132,2026/27,1301666,Mattia Esposito,10118,Sorrento 1945,6195,SSC Napoli,PERMANENT_OR_OTHER_EXPLICIT,€700k,0,IN
TM-2026-00133,2026/27,1301666,Mattia Esposito,6195,SSC Napoli,332,SSC Bari,LOAN,loan transfer,0,OUT
TM-2026-00134,2026/27,131075,Francesco Acerbi,46,Inter Milan,515,Without Club,FREE_AGENT_OR_END_OF_CONTRACT,-,0,OUT
TM-2026-00135,2026/27,1321938,Rufai Mohammed,1101,IF Elfsborg,607,Venezia FC,LOAN,loan transfer,0,IN
TM-2026-00136,2026/27,133179,Marten de Roon,800,Atalanta BC,12,AS Roma,FREE_TRANSFER,free transfer,1,IN+OUT
TM-2026-00137,2026/27,1331917,Muhammed Colley,17664,Frosinone Primavera,8970,Frosinone Calcio,PERMANENT_OR_OTHER_EXPLICIT,-,0,IN
TM-2026-00138,2026/27,1331917,Muhammed Colley,8970,Frosinone Calcio,4106,Casertana FC,LOAN,loan transfer,0,OUT
TM-2026-00139,2026/27,1350478,Federico Croci,49741,Fiorentina Under 17,430,ACF Fiorentina,PERMANENT_OR_OTHER_EXPLICIT,-,0,IN
TM-2026-00140,2026/27,1355385,Robinho Junior,221,Santos FC,252,Genoa CFC,LOAN,loan transfer,0,IN
TM-2026-00141,2026/27,136111,Nicola Leali,252,Genoa CFC,276,Hellas Verona,FREE_TRANSFER,free transfer,0,OUT
TM-2026-00142,2026/27,136514,Charalabos Lykogiannis,1025,Bologna FC 1909,2441,AEK Athens,FREE_TRANSFER,free transfer,0,OUT
TM-2026-00143,2026/27,1370789,Edoardo Mariani,7030,Vis Pesaro 1898,607,Venezia FC,LOAN_RETURN_OR_END_OF_LOAN,End of loan 30/06/2027,0,IN
TM-2026-00144,2026/27,1371198,Ale Gomes,142,Real Zaragoza,607,Venezia FC,PERMANENT_OR_OTHER_EXPLICIT,€2.00m,0,IN
TM-2026-00145,2026/27,1372355,Mohamed Malang Touré,17257,Venezia Primavera,607,Venezia FC,PERMANENT_OR_OTHER_EXPLICIT,-,0,IN
TM-2026-00146,2026/27,1385971,Chec Bebel Doumbia,22408,Altamura S.S.,252,Genoa CFC,LOAN_RETURN_OR_END_OF_LOAN,End of loan 30/06/2026,0,IN
TM-2026-00147,2026/27,1385971,Chec Bebel Doumbia,252,Genoa CFC,455,FC Rapid 1923,LOAN,loan transfer,0,OUT
TM-2026-00148,2026/27,1438038,Marcelo Vaz,50258,Varesina Calcio,252,Genoa CFC,PERMANENT_OR_OTHER_EXPLICIT,€300k,0,IN
TM-2026-00149,2026/27,1455976,Bruno Galassi,92878,Real Madrid C,398,SS Lazio,PERMANENT_OR_OTHER_EXPLICIT,?,0,IN
TM-2026-00150,2026/27,148252,Remo Freuler,1025,Bologna FC 1909,683,Olympiacos Piraeus,FREE_TRANSFER,free transfer,0,OUT
TM-2026-00151,2026/27,157507,Adrien Tamèze,416,Torino FC,515,Without Club,FREE_AGENT_OR_END_OF_CONTRACT,-,0,OUT
TM-2026-00152,2026/27,160241,Kevin Akpoguma,533,TSG 1899 Hoffenheim,8970,Frosinone Calcio,FREE_TRANSFER,free transfer,0,IN
TM-2026-00153,2026/27,161011,Filip Kostic,506,Juventus FC,383,PSV Eindhoven,FREE_TRANSFER,free transfer,0,OUT
TM-2026-00154,2026/27,162959,Daniele Rugani,430,ACF Fiorentina,506,Juventus FC,LOAN_RETURN_OR_END_OF_LOAN,End of loan 30/06/2026,1,IN+OUT
TM-2026-00155,2026/27,165513,Berat Djimsiti,800,Atalanta BC,52358,Al-Diriyah FC,PERMANENT_OR_OTHER_EXPLICIT,€3.00m,0,OUT
TM-2026-00156,2026/27,167727,Andrea Belotti,1390,Cagliari Calcio,515,Without Club,FREE_AGENT_OR_END_OF_CONTRACT,-,0,OUT
TM-2026-00157,2026/27,181768,Hernani,2919,AC Monza,458,Palermo FC,PERMANENT_OR_OTHER_EXPLICIT,€1.00m,0,OUT
TM-2026-00158,2026/27,182517,Anthony Partipilo,130,Parma Calcio 1913,5585,Barletta 1922,FREE_TRANSFER,free transfer,0,OUT
TM-2026-00159,2026/27,182517,Anthony Partipilo,332,SSC Bari,130,Parma Calcio 1913,LOAN_RETURN_OR_END_OF_LOAN,End of loan 30/06/2026,0,IN
TM-2026-00160,2026/27,186368,Valentino Lazaro,416,Torino FC,2150,Al-Ain FC,FREE_TRANSFER,free transfer,0,OUT
TM-2026-00161,2026/27,186590,John Stones,281,Manchester City,46,Inter Milan,FREE_TRANSFER,free transfer,0,IN
TM-2026-00162,2026/27,192616,Ulisses Garcia,6574,US Sassuolo,244,Olympique Marseille,LOAN_RETURN_OR_END_OF_LOAN,End of loan 30/06/2026,0,OUT
TM-2026-00163,2026/27,195736,Florian Grillitsch,1075,SC Braga,8970,Frosinone Calcio,FREE_TRANSFER,free transfer,0,IN
TM-2026-00164,2026/27,197471,Roberto Gagliardini,276,Hellas Verona,1390,Cagliari Calcio,FREE_TRANSFER,free transfer,0,IN
TM-2026-00165,2026/27,197901,Stefano Minelli,607,Venezia FC,56265,Calcio Desenzano,FREE_TRANSFER,free transfer,0,OUT
TM-2026-00166,2026/27,197929,Ivan Provedel,398,SS Lazio,46,Inter Milan,PERMANENT_OR_OTHER_EXPLICIT,€3.00m,1,IN+OUT
TM-2026-00167,2026/27,199258,Andrea Petagna,2919,AC Monza,4172,Pisa Sporting Club,PERMANENT_OR_OTHER_EXPLICIT,?,0,OUT
TM-2026-00168,2026/27,199927,Davide Biraschi,6646,Fatih Karagümrük,8970,Frosinone Calcio,LOAN_RETURN_OR_END_OF_LOAN,End of loan 30/06/2026,0,IN
TM-2026-00169,2026/27,199927,Davide Biraschi,8970,Frosinone Calcio,6646,Fatih Karagümrük,PERMANENT_OR_OTHER_EXPLICIT,€400k,0,OUT
TM-2026-00170,2026/27,199953,Caleb Ekuban,252,Genoa CFC,276,Hellas Verona,FREE_TRANSFER,free transfer,0,OUT
TM-2026-00171,2026/27,200056,Elseid Hysaj,398,SS Lazio,515,Without Club,FREE_AGENT_OR_END_OF_CONTRACT,-,0,OUT
TM-2026-00172,2026/27,207877,Ruslan Malinovskyi,252,Genoa CFC,449,Trabzonspor,FREE_TRANSFER,free transfer,0,OUT
TM-2026-00173,2026/27,207917,Alberto Moreno,1047,Como 1907,237,RCD Mallorca,FREE_TRANSFER,free transfer,0,OUT
TM-2026-00174,2026/27,208172,Mateusz Wieteska,1390,Cagliari Calcio,30974,Wieczysta Krakow,PERMANENT_OR_OTHER_EXPLICIT,?,0,OUT
TM-2026-00175,2026/27,212723,Djibril Sow,368,Sevilla FC,252,Genoa CFC,PERMANENT_OR_OTHER_EXPLICIT,€4.00m,0,IN
TM-2026-00176,2026/27,215167,Marco Bleve,4159,Carrarese Calcio 1908,1005,US Lecce,FREE_TRANSFER,free transfer,0,IN
TM-2026-00177,2026/27,215649,Mirko Marić,2919,AC Monza,11194,NK Lokomotiva Zagreb,FREE_TRANSFER,free transfer,0,OUT
TM-2026-00178,2026/27,216569,Jérémie Boga,417,OGC Nice,506,Juventus FC,PERMANENT_OR_OTHER_EXPLICIT,€4.80m,0,IN
TM-2026-00179,2026/27,216569,Jérémie Boga,506,Juventus FC,417,OGC Nice,LOAN_RETURN_OR_END_OF_LOAN,End of loan 30/06/2026,0,OUT
TM-2026-00180,2026/27,223974,Stefan Posch,1047,Como 1907,39,1.FSV Mainz 05,PERMANENT_OR_OTHER_EXPLICIT,€4.00m,0,OUT
TM-2026-00181,2026/27,223974,Stefan Posch,39,1.FSV Mainz 05,1047,Como 1907,LOAN_RETURN_OR_END_OF_LOAN,End of loan 30/06/2026,0,IN
TM-2026-00182,2026/27,226025,Luca Mazzitelli,1047,Como 1907,515,Without Club,FREE_AGENT_OR_END_OF_CONTRACT,-,0,OUT
TM-2026-00183,2026/27,226025,Luca Mazzitelli,1390,Cagliari Calcio,1047,Como 1907,LOAN_RETURN_OR_END_OF_LOAN,End of loan 30/06/2026,1,IN+OUT
TM-2026-00184,2026/27,234781,Maxwel Cornet,252,Genoa CFC,379,West Ham United,LOAN_RETURN_OR_END_OF_LOAN,End of loan 30/06/2026,0,OUT
TM-2026-00185,2026/27,237658,Michel Aebischer,1025,Bologna FC 1909,4172,Pisa Sporting Club,PERMANENT_OR_OTHER_EXPLICIT,€4.50m,0,OUT
TM-2026-00186,2026/27,237658,Michel Aebischer,4172,Pisa Sporting Club,1025,Bologna FC 1909,LOAN_RETURN_OR_END_OF_LOAN,End of loan 30/06/2026,0,IN
TM-2026-00187,2026/27,238266,Duje Caleta-Car,1041,Olympique Lyon,6574,US Sassuolo,FREE_TRANSFER,free transfer,0,IN
TM-2026-00188,2026/27,241923,Lorenzo Montipò,276,Hellas Verona,607,Venezia FC,PERMANENT_OR_OTHER_EXPLICIT,€250k,0,IN
TM-2026-00189,2026/27,247377,Kevin Bonifazi,1025,Bologna FC 1909,515,Without Club,FREE_AGENT_OR_END_OF_CONTRACT,-,0,OUT
TM-2026-00190,2026/27,249126,Harry Winks,1003,Leicester City,1390,Cagliari Calcio,PERMANENT_OR_OTHER_EXPLICIT,?,0,IN
TM-2026-00191,2026/27,249730,Guillermo Maripán,416,Torino FC,6600,Sport Club Internacional,FREE_TRANSFER,free transfer,0,OUT
TM-2026-00192,2026/27,250153,Pasquale Mazzocchi,6195,SSC Napoli,607,Venezia FC,LOAN,Loan fee: €500k,1,IN+OUT
TM-2026-00193,2026/27,251075,Zeki Çelik,12,AS Roma,506,Juventus FC,FREE_TRANSFER,free transfer,1,IN+OUT
TM-2026-00194,2026/27,251878,Aarón Martín,252,Genoa CFC,630,Racing Santander,PERMANENT_OR_OTHER_EXPLICIT,€2.00m,0,OUT
TM-2026-00195,2026/27,256339,Emil Audero,1047,Como 1907,367,Rayo Vallecano,LOAN,loan transfer,0,OUT
TM-2026-00196,2026/27,256339,Emil Audero,2239,US Cremonese,1047,Como 1907,LOAN_RETURN_OR_END_OF_LOAN,End of loan 30/06/2026,0,IN
TM-2026-00197,2026/27,256678,Filippo Romagna,6574,US Sassuolo,515,Without Club,FREE_AGENT_OR_END_OF_CONTRACT,-,0,OUT
TM-2026-00198,2026/27,257474,Vanja Milinković-Savić,416,Torino FC,6195,SSC Napoli,PERMANENT_OR_OTHER_EXPLICIT,€6.00m,1,IN+OUT
TM-2026-00199,2026/27,257474,Vanja Milinković-Savić,6195,SSC Napoli,416,Torino FC,LOAN_RETURN_OR_END_OF_LOAN,End of loan 30/06/2026,1,IN+OUT
TM-2026-00200,2026/27,258482,Boris Radunović,3522,Spezia Calcio,1390,Cagliari Calcio,LOAN_RETURN_OR_END_OF_LOAN,End of loan 30/06/2026,0,IN
TM-2026-00201,2026/27,265078,Patrick Cutrone,1047,Como 1907,2919,AC Monza,PERMANENT_OR_OTHER_EXPLICIT,€4.00m,1,IN+OUT
TM-2026-00202,2026/27,265078,Patrick Cutrone,2919,AC Monza,1047,Como 1907,LOAN_RETURN_OR_END_OF_LOAN,End of loan 30/06/2026,1,IN+OUT
TM-2026-00203,2026/27,267160,Adam Buksa,410,Udinese Calcio,237,RCD Mallorca,LOAN,loan transfer,0,OUT
TM-2026-00204,2026/27,268429,Sandi Lovrić,276,Hellas Verona,410,Udinese Calcio,LOAN_RETURN_OR_END_OF_LOAN,End of loan 30/06/2026,0,IN
TM-2026-00205,2026/27,272261,Antonín Barák,1038,UC Sampdoria,430,ACF Fiorentina,LOAN_RETURN_OR_END_OF_LOAN,End of loan 30/06/2026,0,IN
TM-2026-00206,2026/27,272812,Kingsley Ehizibue,410,Udinese Calcio,515,Without Club,FREE_AGENT_OR_END_OF_CONTRACT,-,0,OUT
TM-2026-00207,2026/27,273132,Robin Gosens,430,ACF Fiorentina,33,FC Schalke 04,LOAN,loan transfer,0,OUT
TM-2026-00208,2026/27,276896,Samuel Gigot,398,SS Lazio,515,Without Club,FREE_AGENT_OR_END_OF_CONTRACT,-,0,OUT
TM-2026-00209,2026/27,277179,Angeliño,12,AS Roma,897,Deportivo A Coruña,LOAN,loan transfer,0,OUT
TM-2026-00210,2026/27,281989,Luis Milla,3709,Getafe CF,1047,Como 1907,PERMANENT_OR_OTHER_EXPLICIT,€6.00m,0,IN
TM-2026-00211,2026/27,282388,Giovanni Simeone,416,Torino FC,6195,SSC Napoli,LOAN_RETURN_OR_END_OF_LOAN,End of loan 30/06/2026,1,IN+OUT
TM-2026-00212,2026/27,282388,Giovanni Simeone,6195,SSC Napoli,416,Torino FC,PERMANENT_OR_OTHER_EXPLICIT,€7.20m,1,IN+OUT
TM-2026-00213,2026/27,284730,Manuel Akanji,281,Manchester City,46,Inter Milan,PERMANENT_OR_OTHER_EXPLICIT,€15.00m,0,IN
TM-2026-00214,2026/27,284730,Manuel Akanji,46,Inter Milan,281,Manchester City,LOAN_RETURN_OR_END_OF_LOAN,End of loan 30/06/2026,0,OUT
TM-2026-00215,2026/27,286047,Guglielmo Vicario,148,Tottenham Hotspur,506,Juventus FC,LOAN,loan transfer,0,IN
TM-2026-00216,2026/27,286293,Edoardo Masciangelo,8970,Frosinone Calcio,1627,Catania FC,FREE_TRANSFER,free transfer,0,OUT
TM-2026-00217,2026/27,287700,Mohamed Fares,90721,Forte Virtus,398,SS Lazio,LOAN_RETURN_OR_END_OF_LOAN,End of loan 30/06/2026,0,IN
TM-2026-00218,2026/27,294808,Franck Kessié,18487,Al-Ahli SFC,800,Atalanta BC,FREE_TRANSFER,free transfer,0,IN
TM-2026-00219,2026/27,297645,Riccardo Marchizza,8970,Frosinone Calcio,2655,LR Vicenza,FREE_TRANSFER,free transfer,0,OUT
TM-2026-00220,2026/27,298583,Eray Cömert,1049,Valencia CF,416,Torino FC,FREE_TRANSFER,free transfer,0,IN
TM-2026-00221,2026/27,301235,Giacomo Calò,1429,Cesena FC,8970,Frosinone Calcio,PERMANENT_OR_OTHER_EXPLICIT,€300k,0,IN
TM-2026-00222,2026/27,301235,Giacomo Calò,8970,Frosinone Calcio,1429,Cesena FC,LOAN_RETURN_OR_END_OF_LOAN,End of loan 30/06/2026,0,OUT
TM-2026-00223,2026/27,301238,Michele Di Gregorio,506,Juventus FC,989,AFC Bournemouth,LOAN,Loan fee: €1.30m,0,OUT
TM-2026-00224,2026/27,305947,Albert Gudmundsson,430,ACF Fiorentina,398,SS Lazio,LOAN,loan transfer,1,IN+OUT
TM-2026-00225,2026/27,308279,Rolando Mandragora,430,ACF Fiorentina,416,Torino FC,PERMANENT_OR_OTHER_EXPLICIT,€5.00m,1,IN+OUT
TM-2026-00226,2026/27,310527,Paulo Azzi,2919,AC Monza,1385,Modena FC,PERMANENT_OR_OTHER_EXPLICIT,?,0,OUT
TM-2026-00227,2026/27,311333,Alessandro Gabrielloni,1047,Como 1907,458,Palermo FC,LOAN,loan transfer,0,OUT
TM-2026-00228,2026/27,311333,Alessandro Gabrielloni,5587,SS Juve Stabia,1047,Como 1907,LOAN_RETURN_OR_END_OF_LOAN,End of loan 30/06/2026,0,IN
TM-2026-00229,2026/27,312341,Luca Ravanelli,2919,AC Monza,1038,UC Sampdoria,PERMANENT_OR_OTHER_EXPLICIT,€300k,0,OUT
TM-2026-00230,2026/27,314944,Ricardo Mangas,336,Sporting CP,2919,AC Monza,LOAN,loan transfer,0,IN
TM-2026-00231,2026/27,315865,Andrea Pinamonti,6574,US Sassuolo,398,SS Lazio,PERMANENT_OR_OTHER_EXPLICIT,€3.00m,1,IN+OUT
TM-2026-00232,2026/27,321528,Denzel Dumfries,46,Inter Milan,418,Real Madrid,PERMANENT_OR_OTHER_EXPLICIT,€20.00m,0,OUT
TM-2026-00233,2026/27,324377,Youssef Maleh,2239,US Cremonese,1005,US Lecce,LOAN_RETURN_OR_END_OF_LOAN,End of loan 30/06/2026,0,IN
TM-2026-00234,2026/27,326029,Donyell Malen,12,AS Roma,405,Aston Villa,LOAN_RETURN_OR_END_OF_LOAN,End of loan 30/06/2026,0,OUT
TM-2026-00235,2026/27,326029,Donyell Malen,405,Aston Villa,12,AS Roma,PERMANENT_OR_OTHER_EXPLICIT,€25.00m,0,IN
TM-2026-00236,2026/27,329145,Diego Carlos,1047,Como 1907,36,Fenerbahce,LOAN_RETURN_OR_END_OF_LOAN,End of loan 30/06/2026,0,OUT
TM-2026-00237,2026/27,329145,Diego Carlos,36,Fenerbahce,130,Parma Calcio 1913,LOAN,loan transfer,0,IN
TM-2026-00238,2026/27,330208,Alessandro Vogliacco,1091,PAOK Thessaloniki,252,Genoa CFC,LOAN_RETURN_OR_END_OF_LOAN,End of loan 30/06/2026,0,IN
TM-2026-00239,2026/27,330208,Alessandro Vogliacco,252,Genoa CFC,2239,US Cremonese,PERMANENT_OR_OTHER_EXPLICIT,€150k,0,OUT
TM-2026-00240,2026/27,334835,Toma Bašić,398,SS Lazio,607,Venezia FC,FREE_TRANSFER,free transfer,1,IN+OUT
TM-2026-00241,2026/27,335516,Idrissa Touré,4172,Pisa Sporting Club,2919,AC Monza,PERMANENT_OR_OTHER_EXPLICIT,€2.30m,0,IN
TM-2026-00242,2026/27,336012,Nicolas Kühn,1047,Como 1907,18,Borussia Mönchengladbach,LOAN,loan transfer,0,OUT
TM-2026-00243,2026/27,336125,Mërgim Vojvoda,1047,Como 1907,410,Udinese Calcio,PERMANENT_OR_OTHER_EXPLICIT,€1.50m,1,IN+OUT
TM-2026-00244,2026/27,336307,Christian Früchtl,1005,US Lecce,409,Red Bull Salzburg,PERMANENT_OR_OTHER_EXPLICIT,€1.00m,0,OUT
TM-2026-00245,2026/27,338070,Konstantinos Tsimikas,12,AS Roma,31,Liverpool FC,LOAN_RETURN_OR_END_OF_LOAN,End of loan 30/06/2026,0,OUT
TM-2026-00246,2026/27,339332,Noa Lang,141,Galatasaray,6195,SSC Napoli,LOAN_RETURN_OR_END_OF_LOAN,End of loan 30/06/2026,0,IN
TM-2026-00247,2026/27,340394,Abdelhamid Sabiri,430,ACF Fiorentina,7160,Eyüpspor,FREE_TRANSFER,free transfer,0,OUT
TM-2026-00248,2026/27,342877,Enzo Ebosse,416,Torino FC,410,Udinese Calcio,LOAN_RETURN_OR_END_OF_LOAN,End of loan 30/06/2026,1,IN+OUT
TM-2026-00249,2026/27,343475,Ben Godfrey,206,Bröndby IF,800,Atalanta BC,LOAN_RETURN_OR_END_OF_LOAN,End of loan 30/06/2026,0,IN
TM-2026-00250,2026/27,343475,Ben Godfrey,800,Atalanta BC,124,Rangers FC,LOAN,loan transfer,0,OUT
TM-2026-00251,2026/27,343537,Artem Dovbyk,12,AS Roma,1025,Bologna FC 1909,LOAN,loan transfer,1,IN+OUT
TM-2026-00252,2026/27,344381,Christopher Nkunku,5,AC Milan,23826,RB Leipzig,LOAN,Loan fee: €3.00m,0,OUT
TM-2026-00253,2026/27,345452,Bartosz Mrozek,238,Lech Poznan,410,Udinese Calcio,PERMANENT_OR_OTHER_EXPLICIT,€1.40m,0,IN
TM-2026-00254,2026/27,345458,Sebastian Walukiewicz,416,Torino FC,6574,US Sassuolo,PERMANENT_OR_OTHER_EXPLICIT,€5.00m,1,IN+OUT
TM-2026-00255,2026/27,345458,Sebastian Walukiewicz,6574,US Sassuolo,416,Torino FC,LOAN_RETURN_OR_END_OF_LOAN,End of loan 30/06/2026,1,IN+OUT
TM-2026-00256,2026/27,346314,Trevoh Chalobah,631,Chelsea FC,1047,Como 1907,PERMANENT_OR_OTHER_EXPLICIT,€30.00m,0,IN
TM-2026-00257,2026/27,346551,Kamil Grabara,82,VfL Wolfsburg,506,Juventus FC,LOAN,Loan fee: €700k,0,IN
TM-2026-00258,2026/27,346853,Romano Schmid,86,SV Werder Bremen,8970,Frosinone Calcio,PERMANENT_OR_OTHER_EXPLICIT,€8.50m,0,IN
TM-2026-00259,2026/27,351816,Ismaël Bennacer,419,GNK Dinamo Zagreb,5,AC Milan,LOAN_RETURN_OR_END_OF_LOAN,End of loan 30/06/2026,0,IN
TM-2026-00260,2026/27,351816,Ismaël Bennacer,5,AC Milan,515,Without Club,FREE_AGENT_OR_END_OF_CONTRACT,-,0,OUT
TM-2026-00261,2026/27,352041,Lucas Perri,399,Leeds United,416,Torino FC,LOAN,loan transfer,0,IN
TM-2026-00262,2026/27,353366,Benjamin Pavard,244,Olympique Marseille,46,Inter Milan,LOAN_RETURN_OR_END_OF_LOAN,End of loan 30/06/2026,0,IN
TM-2026-00263,2026/27,354814,M'Bala Nzola,430,ACF Fiorentina,1390,Cagliari Calcio,FREE_TRANSFER,free transfer,1,IN+OUT
TM-2026-00264,2026/27,354814,M'Bala Nzola,6574,US Sassuolo,430,ACF Fiorentina,LOAN_RETURN_OR_END_OF_LOAN,End of loan 30/06/2026,1,IN+OUT
TM-2026-00265,2026/27,354909,Giorgio Altare,2921,Delfino Pescara 1936,607,Venezia FC,LOAN_RETURN_OR_END_OF_LOAN,End of loan 30/06/2026,0,IN
TM-2026-00266,2026/27,354909,Giorgio Altare,607,Venezia FC,2921,Delfino Pescara 1936,PERMANENT_OR_OTHER_EXPLICIT,?,0,OUT
TM-2026-00267,2026/27,356197,Alfonso Pedraza,1050,Villarreal CF,398,SS Lazio,FREE_TRANSFER,free transfer,0,IN
TM-2026-00268,2026/27,357164,Rafael Leão,5,AC Milan,141,Galatasaray,PERMANENT_OR_OTHER_EXPLICIT,€38.00m,0,OUT
TM-2026-00269,2026/27,357498,Dušan Vlahović,506,Juventus FC,114,Besiktas JK,FREE_TRANSFER,free transfer,0,OUT
TM-2026-00270,2026/27,357778,Sandro Kulenović,416,Torino FC,419,GNK Dinamo Zagreb,LOAN_RETURN_OR_END_OF_LOAN,End of loan 30/06/2026,0,OUT
TM-2026-00271,2026/27,357778,Sandro Kulenović,419,GNK Dinamo Zagreb,416,Torino FC,PERMANENT_OR_OTHER_EXPLICIT,€3.00m,0,IN
TM-2026-00272,2026/27,357983,Simone Ghidotti,1038,UC Sampdoria,130,Parma Calcio 1913,FREE_TRANSFER,free transfer,0,IN
TM-2026-00273,2026/27,357991,Alessandro Plizzari,607,Venezia FC,4554,FC Südtirol,LOAN,loan transfer,0,OUT
TM-2026-00274,2026/27,358008,Gianluca Gaetano,1390,Cagliari Calcio,800,Atalanta BC,PERMANENT_OR_OTHER_EXPLICIT,€12.00m,1,IN+OUT
TM-2026-00275,2026/27,358032,Cyril Ngonge,6195,SSC Napoli,2919,AC Monza,LOAN,Loan fee: €1.00m,1,IN+OUT
TM-2026-00276,2026/27,358032,Cyril Ngonge,714,RCD Espanyol Barcelona,6195,SSC Napoli,LOAN_RETURN_OR_END_OF_LOAN,End of loan 30/06/2026,0,IN
TM-2026-00277,2026/27,358166,Eldor Shomurodov,12,AS Roma,6890,Basaksehir FK,PERMANENT_OR_OTHER_EXPLICIT,€2.80m,0,OUT
TM-2026-00278,2026/27,358166,Eldor Shomurodov,6890,Basaksehir FK,12,AS Roma,LOAN_RETURN_OR_END_OF_LOAN,End of loan 30/06/2026,0,IN
TM-2026-00279,2026/27,361065,Mitchel Bakker,800,Atalanta BC,515,Without Club,FREE_AGENT_OR_END_OF_CONTRACT,-,0,OUT
TM-2026-00280,2026/27,362842,Arthur Melo,210,Grêmio Foot-Ball Porto Alegrense,506,Juventus FC,LOAN_RETURN_OR_END_OF_LOAN,End of loan 30/06/2026,0,IN
TM-2026-00281,2026/27,362842,Arthur Melo,506,Juventus FC,221,Santos FC,FREE_TRANSFER,free transfer,0,OUT
TM-2026-00282,2026/27,364133,Pietro Pellegri,749,FC Empoli,416,Torino FC,LOAN_RETURN_OR_END_OF_LOAN,End of loan 30/06/2026,0,IN
TM-2026-00283,2026/27,364135,Moise Kean,430,ACF Fiorentina,1047,Como 1907,LOAN,Loan fee: €5.00m,1,IN+OUT
TM-2026-00284,2026/27,367466,Thierry Correia,1049,Valencia CF,607,Venezia FC,FREE_TRANSFER,free transfer,0,IN
TM-2026-00285,2026/27,367992,Jesper Karlsson,200,FC Utrecht,1025,Bologna FC 1909,LOAN_RETURN_OR_END_OF_LOAN,End of loan 30/06/2026,0,IN
TM-2026-00286,2026/27,368887,Loïs Openda,23826,RB Leipzig,506,Juventus FC,PERMANENT_OR_OTHER_EXPLICIT,€42.75m,0,IN
TM-2026-00287,2026/27,368887,Loïs Openda,506,Juventus FC,1041,Olympique Lyon,LOAN,Loan fee: €3.50m,0,OUT
TM-2026-00288,2026/27,368887,Loïs Openda,506,Juventus FC,23826,RB Leipzig,LOAN_RETURN_OR_END_OF_LOAN,End of loan 30/06/2026,0,OUT
TM-2026-00289,2026/27,368891,Arthur Theate,24,Eintracht Frankfurt,1025,Bologna FC 1909,LOAN,loan transfer,0,IN
TM-2026-00290,2026/27,370846,Timothy Weah,244,Olympique Marseille,506,Juventus FC,LOAN_RETURN_OR_END_OF_LOAN,End of loan 30/06/2026,0,IN
TM-2026-00291,2026/27,370846,Timothy Weah,506,Juventus FC,244,Olympique Marseille,PERMANENT_OR_OTHER_EXPLICIT,€14.40m,0,OUT
TM-2026-00292,2026/27,370998,Bartol Franjic,607,Venezia FC,82,VfL Wolfsburg,LOAN_RETURN_OR_END_OF_LOAN,End of loan 30/06/2026,0,OUT
TM-2026-00293,2026/27,370998,Bartol Franjic,82,VfL Wolfsburg,607,Venezia FC,PERMANENT_OR_OTHER_EXPLICIT,€1.25m,0,IN
TM-2026-00294,2026/27,371001,Josip Sutalo,610,Ajax Amsterdam,398,SS Lazio,LOAN,Loan fee: €3.00m,0,IN
TM-2026-00295,2026/27,371021,Arijanet Murić,6574,US Sassuolo,677,Ipswich Town,LOAN_RETURN_OR_END_OF_LOAN,End of loan 30/06/2026,0,OUT
TM-2026-00296,2026/27,371021,Arijanet Murić,677,Ipswich Town,6574,US Sassuolo,PERMANENT_OR_OTHER_EXPLICIT,€7.00m,0,IN
TM-2026-00297,2026/27,371371,Marash Kumbulla,12,AS Roma,367,Rayo Vallecano,LOAN,loan transfer,0,OUT
TM-2026-00298,2026/27,371371,Marash Kumbulla,237,RCD Mallorca,12,AS Roma,LOAN_RETURN_OR_END_OF_LOAN,End of loan 30/06/2026,0,IN
TM-2026-00299,2026/27,372720,Nicholas Pierini,1038,UC Sampdoria,6574,US Sassuolo,LOAN_RETURN_OR_END_OF_LOAN,End of loan 30/06/2026,0,IN
TM-2026-00300,2026/27,377042,Michael Folorunsho,1390,Cagliari Calcio,6195,SSC Napoli,LOAN_RETURN_OR_END_OF_LOAN,End of loan 30/06/2026,1,IN+OUT
TM-2026-00301,2026/27,377042,Michael Folorunsho,6195,SSC Napoli,2919,AC Monza,LOAN,Loan fee: €500k,1,IN+OUT
TM-2026-00302,2026/27,381706,Arvid Brorsson,2919,AC Monza,9644,Raków Częstochowa,PERMANENT_OR_OTHER_EXPLICIT,?,0,OUT
TM-2026-00303,2026/27,385394,Alberto Dossena,1390,Cagliari Calcio,1047,Como 1907,LOAN_RETURN_OR_END_OF_LOAN,End of loan 30/06/2026,1,IN+OUT
TM-2026-00304,2026/27,386455,Riccardo Sottil,1005,US Lecce,430,ACF Fiorentina,LOAN_RETURN_OR_END_OF_LOAN,End of loan 30/06/2026,1,IN+OUT
TM-2026-00305,2026/27,386574,Fabrizio Caligara,2921,Delfino Pescara 1936,6574,US Sassuolo,LOAN_RETURN_OR_END_OF_LOAN,End of loan 30/06/2026,0,IN
TM-2026-00306,2026/27,386574,Fabrizio Caligara,6574,US Sassuolo,1627,Catania FC,PERMANENT_OR_OTHER_EXPLICIT,?,0,OUT
TM-2026-00307,2026/27,387047,Danilho Doekhi,89,1.FC Union Berlin,398,SS Lazio,FREE_TRANSFER,free transfer,0,IN
TM-2026-00308,2026/27,388294,Omar Traoré,2036,1.FC Heidenheim 1846,410,Udinese Calcio,FREE_TRANSFER,free transfer,0,IN
TM-2026-00309,2026/27,388294,Omar Traoré,410,Udinese Calcio,1010,Watford FC,PERMANENT_OR_OTHER_EXPLICIT,?,0,OUT
TM-2026-00310,2026/27,390163,Andrea Ghion,749,FC Empoli,6574,US Sassuolo,LOAN_RETURN_OR_END_OF_LOAN,End of loan 30/06/2026,0,IN
TM-2026-00311,2026/27,390304,Federico Ravaglia,1025,Bologna FC 1909,1010,Watford FC,PERMANENT_OR_OTHER_EXPLICIT,€7.00m,0,OUT
TM-2026-00312,2026/27,391065,Hamed Traoré,244,Olympique Marseille,252,Genoa CFC,LOAN,Loan fee: €2.00m,0,IN
TM-2026-00313,2026/27,392085,Nicolò Zaniolo,141,Galatasaray,410,Udinese Calcio,PERMANENT_OR_OTHER_EXPLICIT,€5.00m,0,IN
TM-2026-00314,2026/27,392085,Nicolò Zaniolo,410,Udinese Calcio,141,Galatasaray,LOAN_RETURN_OR_END_OF_LOAN,End of loan 30/06/2026,0,OUT
TM-2026-00315,2026/27,392538,Tommaso Pobega,1025,Bologna FC 1909,5,AC Milan,LOAN_RETURN_OR_END_OF_LOAN,End of loan 30/06/2026,1,IN+OUT
TM-2026-00316,2026/27,392538,Tommaso Pobega,5,AC Milan,1025,Bologna FC 1909,PERMANENT_OR_OTHER_EXPLICIT,€7.00m,1,IN+OUT
TM-2026-00317,2026/27,392569,Gabriele Zappa,1390,Cagliari Calcio,276,Hellas Verona,LOAN,loan transfer,0,OUT
TM-2026-00318,2026/27,393904,Filippo Delli Carri,2919,AC Monza,1038,UC Sampdoria,LOAN,loan transfer,0,OUT
TM-2026-00319,2026/27,394300,Davide Frattesi,398,SS Lazio,46,Inter Milan,LOAN_RETURN_OR_END_OF_LOAN,End of loan 30/06/2027,1,IN+OUT
TM-2026-00320,2026/27,394300,Davide Frattesi,46,Inter Milan,398,SS Lazio,LOAN,Loan fee: €5.00m,1,IN+OUT
TM-2026-00321,2026/27,396638,Manor Solomon,430,ACF Fiorentina,148,Tottenham Hotspur,LOAN_RETURN_OR_END_OF_LOAN,End of loan 30/06/2026,0,OUT
TM-2026-00322,2026/27,397225,Alessandro Zanoli,410,Udinese Calcio,6195,SSC Napoli,LOAN_RETURN_OR_END_OF_LOAN,End of loan 30/06/2026,1,IN+OUT
TM-2026-00323,2026/27,397225,Alessandro Zanoli,6195,SSC Napoli,410,Udinese Calcio,PERMANENT_OR_OTHER_EXPLICIT,€5.00m,1,IN+OUT
TM-2026-00324,2026/27,398030,Giuseppe Caso,2919,AC Monza,1385,Modena FC,LOAN_RETURN_OR_END_OF_LOAN,End of loan 30/06/2026,0,OUT
TM-2026-00325,2026/27,400489,Eljif Elmas,23826,RB Leipzig,800,Atalanta BC,LOAN,Loan fee: €2.00m,0,IN
TM-2026-00326,2026/27,400489,Eljif Elmas,6195,SSC Napoli,23826,RB Leipzig,LOAN_RETURN_OR_END_OF_LOAN,End of loan 30/06/2026,0,OUT
TM-2026-00327,2026/27,401922,Samuel Chukwueze,931,Fulham FC,5,AC Milan,LOAN_RETURN_OR_END_OF_LOAN,End of loan 30/06/2026,0,IN
TM-2026-00328,2026/27,401935,Orji Okwonkwo,1025,Bologna FC 1909,515,Without Club,FREE_AGENT_OR_END_OF_CONTRACT,-,0,OUT
TM-2026-00329,2026/27,401935,Orji Okwonkwo,2921,Delfino Pescara 1936,1025,Bologna FC 1909,LOAN_RETURN_OR_END_OF_LOAN,End of loan 30/06/2026,0,IN
TM-2026-00330,2026/27,403151,Robert Sánchez,631,Chelsea FC,1047,Como 1907,LOAN,loan transfer,0,IN
TM-2026-00331,2026/27,404260,Aleksa Terzić,409,Red Bull Salzburg,8970,Frosinone Calcio,PERMANENT_OR_OTHER_EXPLICIT,€2.50m,0,IN
TM-2026-00332,2026/27,405385,Yukinari Sugawara,180,Southampton FC,1390,Cagliari Calcio,LOAN,loan transfer,0,IN
TM-2026-00333,2026/27,405670,Yannik Engelhardt,1047,Como 1907,60,SC Freiburg,PERMANENT_OR_OTHER_EXPLICIT,€7.00m,0,OUT
TM-2026-00334,2026/27,405670,Yannik Engelhardt,18,Borussia Mönchengladbach,1047,Como 1907,LOAN_RETURN_OR_END_OF_LOAN,End of loan 30/06/2026,0,IN
TM-2026-00335,2026/27,406632,Cas Odenthal,332,SSC Bari,6574,US Sassuolo,LOAN_RETURN_OR_END_OF_LOAN,End of loan 30/06/2026,0,IN
TM-2026-00336,2026/27,406806,Emil Bohinen,607,Venezia FC,1429,Cesena FC,LOAN,loan transfer,0,OUT
TM-2026-00337,2026/27,410787,Joël Monteiro,452,BSC Young Boys,1005,US Lecce,PERMANENT_OR_OTHER_EXPLICIT,€2.50m,0,IN
TM-2026-00338,2026/27,412616,Giorgi Chakvetadze,1010,Watford FC,410,Udinese Calcio,PERMANENT_OR_OTHER_EXPLICIT,€2.55m,0,IN
TM-2026-00339,2026/27,412649,Tommaso Cassandro,1047,Como 1907,458,Palermo FC,PERMANENT_OR_OTHER_EXPLICIT,€1.50m,0,OUT
TM-2026-00340,2026/27,412649,Tommaso Cassandro,4097,US Catanzaro,1047,Como 1907,LOAN_RETURN_OR_END_OF_LOAN,End of loan 30/06/2026,0,IN
TM-2026-00341,2026/27,413565,Jhon Lucumí,1025,Bologna FC 1909,506,Juventus FC,PERMANENT_OR_OTHER_EXPLICIT,€20.10m,1,IN+OUT
TM-2026-00342,2026/27,417346,Jack Harrison,430,ACF Fiorentina,399,Leeds United,LOAN_RETURN_OR_END_OF_LOAN,End of loan 30/06/2026,0,OUT
TM-2026-00343,2026/27,417896,Nicola Rauti,2655,LR Vicenza,416,Torino FC,LOAN_RETURN_OR_END_OF_LOAN,End of loan 30/06/2026,0,IN
TM-2026-00344,2026/27,417896,Nicola Rauti,416,Torino FC,2655,LR Vicenza,PERMANENT_OR_OTHER_EXPLICIT,?,0,OUT
TM-2026-00345,2026/27,421780,Edoardo Vergani,8970,Frosinone Calcio,515,Without Club,FREE_AGENT_OR_END_OF_CONTRACT,-,0,OUT
TM-2026-00346,2026/27,42205,Yann Sommer,46,Inter Milan,2282,Club Brugge KV,FREE_TRANSFER,free transfer,0,OUT
TM-2026-00347,2026/27,424015,Nathan Patterson,29,Everton FC,416,Torino FC,FREE_TRANSFER,free transfer,0,IN
TM-2026-00348,2026/27,424042,Nahuel Molina,13,Atlético de Madrid,12,AS Roma,PERMANENT_OR_OTHER_EXPLICIT,€13.00m,0,IN
TM-2026-00349,2026/27,426620,Pedro Gonçalves,336,Sporting CP,430,ACF Fiorentina,LOAN,Loan fee: €2.50m,0,IN
TM-2026-00350,2026/27,430280,Hans Nicolussi Caviglia,130,Parma Calcio 1913,607,Venezia FC,LOAN_RETURN_OR_END_OF_LOAN,End of loan 30/06/2026,1,IN+OUT
TM-2026-00351,2026/27,430280,Hans Nicolussi Caviglia,607,Venezia FC,130,Parma Calcio 1913,PERMANENT_OR_OTHER_EXPLICIT,€6.00m,1,IN+OUT
TM-2026-00352,2026/27,432092,Roberto Piccoli,430,ACF Fiorentina,1025,Bologna FC 1909,LOAN,loan transfer,1,IN+OUT
TM-2026-00353,2026/27,432298,Zion Suzuki,130,Parma Calcio 1913,405,Aston Villa,PERMANENT_OR_OTHER_EXPLICIT,€30.00m,0,OUT
TM-2026-00354,2026/27,433181,Tino Anjorin,416,Torino FC,749,FC Empoli,LOAN_RETURN_OR_END_OF_LOAN,End of loan 30/06/2026,0,OUT
TM-2026-00355,2026/27,433181,Tino Anjorin,749,FC Empoli,416,Torino FC,PERMANENT_OR_OTHER_EXPLICIT,€4.50m,0,IN
TM-2026-00356,2026/27,433188,Curtis Jones,31,Liverpool FC,46,Inter Milan,PERMANENT_OR_OTHER_EXPLICIT,€30.00m,0,IN
TM-2026-00357,2026/27,433584,Alessio Zerbin,2239,US Cremonese,6195,SSC Napoli,LOAN_RETURN_OR_END_OF_LOAN,End of loan 30/06/2026,0,IN
TM-2026-00358,2026/27,433584,Alessio Zerbin,6195,SSC Napoli,8970,Frosinone Calcio,PERMANENT_OR_OTHER_EXPLICIT,€2.00m,1,IN+OUT
TM-2026-00359,2026/27,438961,Michael Svoboda,607,Venezia FC,1237,Brighton & Hove Albion,PERMANENT_OR_OTHER_EXPLICIT,€5.00m,0,OUT
TM-2026-00360,2026/27,441611,Michael Venturi,607,Venezia FC,2331,US Avellino 1912,LOAN,loan transfer,0,OUT
TM-2026-00361,2026/27,442703,Ylber Ramadani,1005,US Lecce,37951,Corum FK,PERMANENT_OR_OTHER_EXPLICIT,€1.00m,0,OUT
TM-2026-00362,2026/27,444662,Niccolò Corrado,8970,Frosinone Calcio,749,FC Empoli,LOAN,loan transfer,0,OUT
TM-2026-00363,2026/27,447661,Douglas Luiz,405,Aston Villa,506,Juventus FC,LOAN_RETURN_OR_END_OF_LOAN,End of loan 30/06/2026,0,IN
TM-2026-00364,2026/27,454386,Adrian Benedyczak,10484,Kasimpasa,130,Parma Calcio 1913,LOAN_RETURN_OR_END_OF_LOAN,End of loan 30/06/2026,0,IN
TM-2026-00365,2026/27,454386,Adrian Benedyczak,130,Parma Calcio 1913,10484,Kasimpasa,PERMANENT_OR_OTHER_EXPLICIT,€4.00m,0,OUT
TM-2026-00366,2026/27,455661,Nick Woltemade,762,Newcastle United,506,Juventus FC,LOAN,Loan fee: €3.60m,0,IN
TM-2026-00367,2026/27,457237,Sergio Kalaj,8970,Frosinone Calcio,3522,Spezia Calcio,PERMANENT_OR_OTHER_EXPLICIT,?,0,OUT
TM-2026-00368,2026/27,457422,Samuele Mulattieri,6574,US Sassuolo,276,Hellas Verona,LOAN,loan transfer,0,OUT
TM-2026-00369,2026/27,457422,Samuele Mulattieri,897,Deportivo A Coruña,6574,US Sassuolo,LOAN_RETURN_OR_END_OF_LOAN,End of loan 30/06/2026,0,IN
TM-2026-00370,2026/27,457444,Giuseppe Aurelio,3522,Spezia Calcio,1390,Cagliari Calcio,PERMANENT_OR_OTHER_EXPLICIT,€800k,0,IN
TM-2026-00371,2026/27,457673,Gabriel Strefezza,130,Parma Calcio 1913,683,Olympiacos Piraeus,LOAN_RETURN_OR_END_OF_LOAN,End of loan 30/06/2026,0,OUT
TM-2026-00372,2026/27,458816,Kevin Cannavò,4031,Cosenza Calcio,607,Venezia FC,LOAN_RETURN_OR_END_OF_LOAN,End of loan 30/06/2026,0,IN
TM-2026-00373,2026/27,458816,Kevin Cannavò,607,Venezia FC,3522,Spezia Calcio,LOAN,loan transfer,0,OUT
TM-2026-00374,2026/27,459128,Marco Brescianini,430,ACF Fiorentina,800,Atalanta BC,LOAN_RETURN_OR_END_OF_LOAN,End of loan 30/06/2026,1,IN+OUT
TM-2026-00375,2026/27,459128,Marco Brescianini,800,Atalanta BC,430,ACF Fiorentina,PERMANENT_OR_OTHER_EXPLICIT,€10.00m,1,IN+OUT
TM-2026-00376,2026/27,459665,Patrizio Masini,252,Genoa CFC,8970,Frosinone Calcio,LOAN,loan transfer,1,IN+OUT
TM-2026-00377,2026/27,459945,Nunzio Lella,607,Venezia FC,276,Hellas Verona,PERMANENT_OR_OTHER_EXPLICIT,€250k,0,OUT
TM-2026-00378,2026/27,461943,Daniel Bragança,336,Sporting CP,416,Torino FC,LOAN,Loan fee: €1.00m,0,IN
TM-2026-00379,2026/27,462699,Franz Stolz,316,Grazer AK 1902,252,Genoa CFC,LOAN_RETURN_OR_END_OF_LOAN,End of loan 30/06/2026,0,IN
TM-2026-00380,2026/27,463603,Benoît Badiashile,631,Chelsea FC,6195,SSC Napoli,LOAN,Loan fee: €3.00m,0,IN
TM-2026-00381,2026/27,463620,Willem Geubbels,10004,Paris FC,1005,US Lecce,PERMANENT_OR_OTHER_EXPLICIT,€4.60m,0,IN
TM-2026-00382,2026/27,467563,Armel Bella-Kotchap,276,Hellas Verona,607,Venezia FC,PERMANENT_OR_OTHER_EXPLICIT,€7.00m,0,IN
TM-2026-00383,2026/27,467992,Samuele Ricci,5,AC Milan,1047,Como 1907,LOAN,Loan fee: €1.50m,1,IN+OUT
TM-2026-00384,2026/27,468066,Jens Cajuste,6195,SSC Napoli,1084,Málaga CF,LOAN,loan transfer,0,OUT
TM-2026-00385,2026/27,468066,Jens Cajuste,677,Ipswich Town,6195,SSC Napoli,LOAN_RETURN_OR_END_OF_LOAN,End of loan 30/06/2026,0,IN
TM-2026-00386,2026/27,468192,Daniel Bîrligea,301,FCSB,8970,Frosinone Calcio,LOAN,Loan fee: €1.50m,0,IN
TM-2026-00387,2026/27,469690,Nik Prelec,1390,Cagliari Calcio,988,Oxford United,PERMANENT_OR_OTHER_EXPLICIT,€1.00m,0,OUT
TM-2026-00388,2026/27,469690,Nik Prelec,988,Oxford United,1390,Cagliari Calcio,LOAN_RETURN_OR_END_OF_LOAN,End of loan 30/06/2026,0,IN
TM-2026-00389,2026/27,470794,Ivan Ilić,416,Torino FC,1005,US Lecce,LOAN,loan transfer,1,IN+OUT
TM-2026-00390,2026/27,481344,Alessandro Russo,22249,Audace Cerignola,6574,US Sassuolo,LOAN_RETURN_OR_END_OF_LOAN,End of loan 30/06/2026,0,IN
TM-2026-00391,2026/27,481675,Christos Mandas,989,AFC Bournemouth,398,SS Lazio,LOAN_RETURN_OR_END_OF_LOAN,End of loan 30/06/2026,0,IN
TM-2026-00392,2026/27,483348,Djed Spence,148,Tottenham Hotspur,46,Inter Milan,PERMANENT_OR_OTHER_EXPLICIT,€30.00m,0,IN
TM-2026-00393,2026/27,485584,Anass Salah-Eddine,383,PSV Eindhoven,12,AS Roma,LOAN_RETURN_OR_END_OF_LOAN,End of loan 30/06/2026,0,IN
TM-2026-00394,2026/27,486031,Nico González,13,Atlético de Madrid,506,Juventus FC,LOAN_RETURN_OR_END_OF_LOAN,End of loan 30/06/2026,0,IN
TM-2026-00395,2026/27,487836,Simone Panada,41110,Atalanta U23,607,Venezia FC,LOAN_RETURN_OR_END_OF_LOAN,End of loan 30/06/2026,0,IN
TM-2026-00396,2026/27,487843,Lorenzo Colombo,252,Genoa CFC,5,AC Milan,LOAN_RETURN_OR_END_OF_LOAN,End of loan 30/06/2026,1,IN+OUT
TM-2026-00397,2026/27,487843,Lorenzo Colombo,5,AC Milan,252,Genoa CFC,PERMANENT_OR_OTHER_EXPLICIT,€7.00m,1,IN+OUT
TM-2026-00398,2026/27,487969,Randal Kolo Muani,583,Paris Saint-Germain,506,Juventus FC,PERMANENT_OR_OTHER_EXPLICIT,€41.20m,0,IN
TM-2026-00399,2026/27,488052,Matthias Braunöder,1047,Como 1907,4159,Carrarese Calcio 1908,PERMANENT_OR_OTHER_EXPLICIT,?,0,OUT
TM-2026-00400,2026/27,488052,Matthias Braunöder,332,SSC Bari,1047,Como 1907,LOAN_RETURN_OR_END_OF_LOAN,End of loan 30/06/2026,0,IN
TM-2026-00401,2026/27,488996,Thórir Jóhann Helgason,1005,US Lecce,607,Venezia FC,FREE_TRANSFER,free transfer,1,IN+OUT
TM-2026-00402,2026/27,490423,Ignace Van der Brempt,1047,Como 1907,6574,US Sassuolo,LOAN,loan transfer,1,IN+OUT
TM-2026-00403,2026/27,490573,Seid Korac,607,Venezia FC,276,Hellas Verona,LOAN,loan transfer,0,OUT
TM-2026-00404,2026/27,494805,Alessio Pozzi,7030,Vis Pesaro 1898,607,Venezia FC,PERMANENT_OR_OTHER_EXPLICIT,?,0,IN
TM-2026-00405,2026/27,495722,Devis Vásquez,114,Besiktas JK,12,AS Roma,LOAN_RETURN_OR_END_OF_LOAN,End of loan 30/06/2026,0,IN
TM-2026-00406,2026/27,496745,Emil Holm,506,Juventus FC,1025,Bologna FC 1909,LOAN_RETURN_OR_END_OF_LOAN,End of loan 30/06/2026,1,IN+OUT
TM-2026-00407,2026/27,503881,Aster Vranckx,6574,US Sassuolo,82,VfL Wolfsburg,LOAN_RETURN_OR_END_OF_LOAN,End of loan 30/06/2026,0,OUT
TM-2026-00408,2026/27,503991,Yunus Musah,800,Atalanta BC,5,AC Milan,LOAN_RETURN_OR_END_OF_LOAN,End of loan 30/06/2026,1,IN+OUT
TM-2026-00409,2026/27,504148,Tariq Lamptey,430,ACF Fiorentina,1039,Queens Park Rangers,FREE_TRANSFER,free transfer,0,OUT
TM-2026-00410,2026/27,507486,Simon Sohm,1025,Bologna FC 1909,430,ACF Fiorentina,LOAN_RETURN_OR_END_OF_LOAN,End of loan 30/06/2026,1,IN+OUT
TM-2026-00411,2026/27,507486,Simon Sohm,430,ACF Fiorentina,607,Venezia FC,LOAN,loan transfer,1,IN+OUT
TM-2026-00412,2026/27,510103,Tomas Bobcek,4000,Lechia Gdansk,8970,Frosinone Calcio,PERMANENT_OR_OTHER_EXPLICIT,€10.70m,0,IN
TM-2026-00413,2026/27,513245,Jesper Lindstrøm,6195,SSC Napoli,409,Red Bull Salzburg,LOAN,loan transfer,0,OUT
TM-2026-00414,2026/27,513245,Jesper Lindstrøm,82,VfL Wolfsburg,6195,SSC Napoli,LOAN_RETURN_OR_END_OF_LOAN,End of loan 30/06/2026,0,IN
TM-2026-00415,2026/27,514888,Oliver Sørensen,130,Parma Calcio 1913,371,Celtic FC,LOAN,loan transfer,0,OUT
TM-2026-00416,2026/27,521407,Walid Cheddira,1005,US Lecce,6195,SSC Napoli,LOAN_RETURN_OR_END_OF_LOAN,End of loan 30/06/2026,1,IN+OUT
TM-2026-00417,2026/27,521407,Walid Cheddira,6195,SSC Napoli,2331,US Avellino 1912,PERMANENT_OR_OTHER_EXPLICIT,€2.50m,0,OUT
TM-2026-00418,2026/27,522681,Ben Lhassine Kone,1047,Como 1907,8970,Frosinone Calcio,PERMANENT_OR_OTHER_EXPLICIT,€1.30m,1,IN+OUT
TM-2026-00419,2026/27,522681,Ben Lhassine Kone,8970,Frosinone Calcio,1047,Como 1907,LOAN_RETURN_OR_END_OF_LOAN,End of loan 30/06/2026,1,IN+OUT
TM-2026-00420,2026/27,524428,Nicolas Galazzi,2919,AC Monza,3037,Calcio Padova,LOAN,loan transfer,0,OUT
TM-2026-00421,2026/27,525299,Miguel Gutiérrez,6195,SSC Napoli,15,Bayer 04 Leverkusen,PERMANENT_OR_OTHER_EXPLICIT,€26.00m,0,OUT
TM-2026-00422,2026/27,531065,Oussama El Azzouzi,290,AJ Auxerre,1025,Bologna FC 1909,LOAN_RETURN_OR_END_OF_LOAN,End of loan 30/06/2026,0,IN
TM-2026-00423,2026/27,531957,Cody Drameh,3008,Hull City,252,Genoa CFC,PERMANENT_OR_OTHER_EXPLICIT,€4.50m,0,IN
TM-2026-00424,2026/27,532495,Marlon Mustapha,1047,Como 1907,515,Without Club,FREE_AGENT_OR_END_OF_CONTRACT,-,0,OUT
TM-2026-00425,2026/27,532495,Marlon Mustapha,3551,SCR Altach,1047,Como 1907,LOAN_RETURN_OR_END_OF_LOAN,End of loan 30/06/2026,0,IN
TM-2026-00426,2026/27,533738,Jonathan David,506,Juventus FC,13,Atlético de Madrid,LOAN,loan transfer,0,OUT
TM-2026-00427,2026/27,534081,Jacopo Gelli,8970,Frosinone Calcio,1429,Cesena FC,LOAN,loan transfer,0,OUT
TM-2026-00428,2026/27,535740,Giuseppe Ciocci,1390,Cagliari Calcio,3522,Spezia Calcio,FREE_TRANSFER,free transfer,0,OUT
TM-2026-00429,2026/27,535797,Lorenzo Sgarbi,2331,US Avellino 1912,6195,SSC Napoli,LOAN_RETURN_OR_END_OF_LOAN,End of loan 30/06/2026,0,IN
TM-2026-00430,2026/27,535797,Lorenzo Sgarbi,6195,SSC Napoli,4330,US Sambenedettese,LOAN,loan transfer,0,OUT
TM-2026-00431,2026/27,537171,Semuel Pizzignacco,2919,AC Monza,4159,Carrarese Calcio 1908,LOAN,loan transfer,0,OUT
TM-2026-00432,2026/27,537509,Mattia Compagnon,41101,Juventus Next Gen,607,Venezia FC,PERMANENT_OR_OTHER_EXPLICIT,€1.00m,0,IN
TM-2026-00433,2026/27,537509,Mattia Compagnon,607,Venezia FC,276,Hellas Verona,LOAN,loan transfer,0,OUT
TM-2026-00434,2026/27,537509,Mattia Compagnon,607,Venezia FC,41101,Juventus Next Gen,LOAN_RETURN_OR_END_OF_LOAN,End of loan 30/06/2026,0,OUT
TM-2026-00435,2026/27,537602,João Mário,1025,Bologna FC 1909,506,Juventus FC,LOAN_RETURN_OR_END_OF_LOAN,End of loan 30/06/2026,1,IN+OUT
TM-2026-00436,2026/27,537602,João Mário,506,Juventus FC,430,ACF Fiorentina,LOAN,Loan fee: €1.80m,1,IN+OUT
TM-2026-00437,2026/27,537767,Antonio Casas,607,Venezia FC,2448,Sporting Gijón,LOAN,loan transfer,0,OUT
TM-2026-00438,2026/27,538918,Sebastiano Esposito,1390,Cagliari Calcio,46,Inter Milan,LOAN_RETURN_OR_END_OF_LOAN,End of loan 30/06/2026,1,IN+OUT
TM-2026-00439,2026/27,538918,Sebastiano Esposito,1390,Cagliari Calcio,6574,US Sassuolo,LOAN,Loan fee: €1.00m,1,IN+OUT
TM-2026-00440,2026/27,538918,Sebastiano Esposito,46,Inter Milan,1390,Cagliari Calcio,PERMANENT_OR_OTHER_EXPLICIT,€4.00m,1,IN+OUT
TM-2026-00441,2026/27,538964,Thijs Dallinga,1025,Bologna FC 1909,3,1.FC Köln,LOAN,Loan fee: €1.00m,0,OUT
TM-2026-00442,2026/27,538974,Janis Antiste,170,Rapid Vienna,6574,US Sassuolo,LOAN_RETURN_OR_END_OF_LOAN,End of loan 30/06/2026,0,IN
TM-2026-00443,2026/27,538974,Janis Antiste,6574,US Sassuolo,428,Górnik Zabrze,LOAN,loan transfer,0,OUT
TM-2026-00444,2026/27,539134,Daniel Maldini,398,SS Lazio,800,Atalanta BC,LOAN_RETURN_OR_END_OF_LOAN,End of loan 30/06/2026,1,IN+OUT
TM-2026-00445,2026/27,539134,Daniel Maldini,800,Atalanta BC,1390,Cagliari Calcio,LOAN,Loan fee: €1.00m,1,IN+OUT
TM-2026-00446,2026/27,539582,Massimo Zilli,8970,Frosinone Calcio,4031,Cosenza Calcio,LOAN_RETURN_OR_END_OF_LOAN,End of loan 30/06/2026,0,OUT
TM-2026-00447,2026/27,542588,Alessandro Sorrentino,2919,AC Monza,3037,Calcio Padova,PERMANENT_OR_OTHER_EXPLICIT,?,0,OUT
TM-2026-00448,2026/27,542588,Alessandro Sorrentino,3037,Calcio Padova,2919,AC Monza,LOAN_RETURN_OR_END_OF_LOAN,End of loan 30/06/2026,0,IN
TM-2026-00449,2026/27,542819,Milutin Osmajic,466,Preston North End,252,Genoa CFC,PERMANENT_OR_OTHER_EXPLICIT,€2.50m,0,IN
TM-2026-00450,2026/27,543727,Botond Balogh,120,Kocaelispor,130,Parma Calcio 1913,LOAN_RETURN_OR_END_OF_LOAN,End of loan 30/06/2026,0,IN
TM-2026-00451,2026/27,543727,Botond Balogh,130,Parma Calcio 1913,968,KVC Westerlo,PERMANENT_OR_OTHER_EXPLICIT,€500k,0,OUT
TM-2026-00452,2026/27,543771,Kristjan Asllani,114,Besiktas JK,46,Inter Milan,LOAN_RETURN_OR_END_OF_LOAN,End of loan 30/06/2026,0,IN
TM-2026-00453,2026/27,543771,Kristjan Asllani,46,Inter Milan,2524,Al-Jazira Club,LOAN,Loan fee: €2.00m,0,OUT
TM-2026-00454,2026/27,545538,Lameck Banda,1005,US Lecce,38559,Swehly SC,PERMANENT_OR_OTHER_EXPLICIT,?,0,OUT
TM-2026-00455,2026/27,54906,Matteo Darmian,46,Inter Milan,515,Without Club,FREE_AGENT_OR_END_OF_CONTRACT,-,0,OUT
TM-2026-00456,2026/27,550550,Gonçalo Ramos,583,Paris Saint-Germain,5,AC Milan,PERMANENT_OR_OTHER_EXPLICIT,€74.00m,0,IN
TM-2026-00457,2026/27,551752,Demba Seck,416,Torino FC,669,FK Partizan Belgrade,PERMANENT_OR_OTHER_EXPLICIT,€1.40m,0,OUT
TM-2026-00458,2026/27,551752,Demba Seck,669,FK Partizan Belgrade,416,Torino FC,LOAN_RETURN_OR_END_OF_LOAN,End of loan 30/06/2026,0,IN
TM-2026-00459,2026/27,552472,Nahuel Estévez,130,Parma Calcio 1913,458,Palermo FC,FREE_TRANSFER,free transfer,0,OUT
TM-2026-00460,2026/27,552955,Santiago Gimenez,5,AC Milan,720,FC Porto,LOAN,loan transfer,0,OUT
TM-2026-00461,2026/27,555015,Ruan,330,Clube Atlético Mineiro,6574,US Sassuolo,LOAN_RETURN_OR_END_OF_LOAN,End of loan 30/06/2026,0,IN
TM-2026-00462,2026/27,555015,Ruan,6574,US Sassuolo,330,Clube Atlético Mineiro,PERMANENT_OR_OTHER_EXPLICIT,€3.50m,0,OUT
TM-2026-00463,2026/27,555106,Filip Marchwiński,1005,US Lecce,5689,Cracovia,LOAN,loan transfer,0,OUT
TM-2026-00464,2026/27,555820,Martín Payero,2239,US Cremonese,410,Udinese Calcio,LOAN_RETURN_OR_END_OF_LOAN,End of loan 30/06/2026,0,IN
TM-2026-00465,2026/27,555820,Martín Payero,410,Udinese Calcio,1010,Watford FC,PERMANENT_OR_OTHER_EXPLICIT,€4.00m,0,OUT
TM-2026-00466,2026/27,559333,Kian Fitz-Jim,610,Ajax Amsterdam,416,Torino FC,PERMANENT_OR_OTHER_EXPLICIT,€2.50m,0,IN
TM-2026-00467,2026/27,566613,Bjarki Bjarkason,607,Venezia FC,4554,FC Südtirol,PERMANENT_OR_OTHER_EXPLICIT,?,0,OUT
TM-2026-00468,2026/27,566626,Elias Havel,4467,TSV Hartberg,252,Genoa CFC,PERMANENT_OR_OTHER_EXPLICIT,€2.00m,0,IN
TM-2026-00469,2026/27,566936,Antonio Cioffi,22045,Latina Calcio 1932,6195,SSC Napoli,LOAN_RETURN_OR_END_OF_LOAN,End of loan 30/06/2026,0,IN
TM-2026-00470,2026/27,566936,Antonio Cioffi,6195,SSC Napoli,22045,Latina Calcio 1932,PERMANENT_OR_OTHER_EXPLICIT,?,0,OUT
TM-2026-00471,2026/27,567454,Lorenzo Lucchesi,2919,AC Monza,430,ACF Fiorentina,LOAN_RETURN_OR_END_OF_LOAN,End of loan 30/06/2026,1,IN+OUT
TM-2026-00472,2026/27,567454,Lorenzo Lucchesi,430,ACF Fiorentina,2919,AC Monza,PERMANENT_OR_OTHER_EXPLICIT,€1.00m,1,IN+OUT
TM-2026-00473,2026/27,567465,Sebastiano Desplanches,458,Palermo FC,8970,Frosinone Calcio,LOAN,loan transfer,0,IN
TM-2026-00474,2026/27,568559,Radu Drăgușin,148,Tottenham Hotspur,430,ACF Fiorentina,LOAN,Loan fee: €1.50m,0,IN
TM-2026-00475,2026/27,568617,Răzvan Sava,410,Udinese Calcio,40812,Universitatea Craiova,PERMANENT_OR_OTHER_EXPLICIT,€2.50m,0,OUT
TM-2026-00476,2026/27,568693,Pape Matar Sarr,148,Tottenham Hotspur,506,Juventus FC,LOAN,Loan fee: €2.80m,0,IN
TM-2026-00477,2026/27,569598,Youssouf Fofana,5,AC Milan,368,Sevilla FC,LOAN,loan transfer,0,OUT
TM-2026-00478,2026/27,571607,Fabio Miretti,506,Juventus FC,114,Besiktas JK,LOAN,Loan fee: €2.10m,0,OUT
TM-2026-00479,2026/27,572265,Lorenzo Lucca,703,Nottingham Forest,6195,SSC Napoli,LOAN_RETURN_OR_END_OF_LOAN,End of loan 30/06/2026,0,IN
TM-2026-00480,2026/27,575998,Leonardo Balerdi,244,Olympique Marseille,12,AS Roma,LOAN,Loan fee: €1.00m,0,IN
TM-2026-00481,2026/27,582664,Álex Sala,1005,US Lecce,237,RCD Mallorca,LOAN,loan transfer,0,OUT
TM-2026-00482,2026/27,583404,Marcus Pedersen,416,Torino FC,683,Olympiacos Piraeus,PERMANENT_OR_OTHER_EXPLICIT,€6.00m,0,OUT
TM-2026-00483,2026/27,587505,Nikola Cavlina,1047,Como 1907,419,GNK Dinamo Zagreb,LOAN_RETURN_OR_END_OF_LOAN,End of loan 30/06/2026,0,OUT
TM-2026-00484,2026/27,591193,Niels Nkounkou,416,Torino FC,24,Eintracht Frankfurt,LOAN_RETURN_OR_END_OF_LOAN,End of loan 30/06/2026,0,OUT
TM-2026-00485,2026/27,592975,Woyo Coulibaly,6574,US Sassuolo,1003,Leicester City,LOAN_RETURN_OR_END_OF_LOAN,End of loan 30/06/2026,0,OUT
TM-2026-00486,2026/27,593774,Anouar El Azzouzi,38,Fortuna Düsseldorf,8970,Frosinone Calcio,FREE_TRANSFER,free transfer,0,IN
TM-2026-00487,2026/27,595809,Beto,29,Everton FC,430,ACF Fiorentina,PERMANENT_OR_OTHER_EXPLICIT,€18.00m,0,IN
TM-2026-00488,2026/27,600936,Luca Moro,6574,US Sassuolo,3037,Calcio Padova,PERMANENT_OR_OTHER_EXPLICIT,?,0,OUT
TM-2026-00489,2026/27,602124,Alessandro Bianco,1091,PAOK Thessaloniki,430,ACF Fiorentina,LOAN_RETURN_OR_END_OF_LOAN,End of loan 30/06/2026,0,IN
TM-2026-00490,2026/27,602124,Alessandro Bianco,430,ACF Fiorentina,1385,Modena FC,PERMANENT_OR_OTHER_EXPLICIT,€1.00m,0,OUT
TM-2026-00491,2026/27,604207,Filippo Rinaldi,130,Parma Calcio 1913,1627,Catania FC,LOAN,loan transfer,0,OUT
TM-2026-00492,2026/27,604239,Gabriele Artistico,3522,Spezia Calcio,398,SS Lazio,LOAN_RETURN_OR_END_OF_LOAN,End of loan 30/06/2026,0,IN
TM-2026-00493,2026/27,604239,Gabriele Artistico,398,SS Lazio,3037,Calcio Padova,PERMANENT_OR_OTHER_EXPLICIT,€3.00m,0,OUT
TM-2026-00494,2026/27,607034,Akor Adams,368,Sevilla FC,607,Venezia FC,PERMANENT_OR_OTHER_EXPLICIT,€16.00m,0,IN
TM-2026-00495,2026/27,610442,Rasmus Højlund,6195,SSC Napoli,985,Manchester United,LOAN_RETURN_OR_END_OF_LOAN,End of loan 30/06/2026,0,OUT
TM-2026-00496,2026/27,610442,Rasmus Højlund,985,Manchester United,6195,SSC Napoli,PERMANENT_OR_OTHER_EXPLICIT,€44.00m,0,IN
TM-2026-00497,2026/27,612059,Edoardo Piana,33734,SS Monopoli 1966,410,Udinese Calcio,LOAN_RETURN_OR_END_OF_LOAN,End of loan 30/06/2026,0,IN
TM-2026-00498,2026/27,613393,Gaetano Oristanio,130,Parma Calcio 1913,607,Venezia FC,LOAN_RETURN_OR_END_OF_LOAN,End of loan 30/06/2026,1,IN+OUT
TM-2026-00499,2026/27,613393,Gaetano Oristanio,607,Venezia FC,416,Torino FC,LOAN,loan transfer,1,IN+OUT
TM-2026-00500,2026/27,616058,Daniel Fossati,252,Genoa CFC,69438,Rovato Calcio,FREE_TRANSFER,free transfer,0,OUT
TM-2026-00501,2026/27,616058,Daniel Fossati,27568,US Follonica Gavorrano,252,Genoa CFC,LOAN_RETURN_OR_END_OF_LOAN,End of loan 30/06/2026,0,IN
TM-2026-00502,2026/27,616228,Filippo Neri,4271,US Triestina,607,Venezia FC,LOAN_RETURN_OR_END_OF_LOAN,End of loan 30/06/2026,0,IN
TM-2026-00503,2026/27,618341,Mario Gila,398,SS Lazio,5,AC Milan,PERMANENT_OR_OTHER_EXPLICIT,€30.00m,1,IN+OUT
TM-2026-00504,2026/27,626913,Boulaye Dia,380,US Salernitana 1919,398,SS Lazio,PERMANENT_OR_OTHER_EXPLICIT,€11.30m,0,IN
TM-2026-00505,2026/27,626913,Boulaye Dia,398,SS Lazio,273,Stade Rennais FC,LOAN,Loan fee: €2.00m,0,OUT
TM-2026-00506,2026/27,626913,Boulaye Dia,398,SS Lazio,380,US Salernitana 1919,LOAN_RETURN_OR_END_OF_LOAN,End of loan 30/06/2026,0,OUT
TM-2026-00507,2026/27,627228,Yan Couto,16,Borussia Dortmund,1047,Como 1907,LOAN,Loan fee: €3.00m,0,IN
TM-2026-00508,2026/27,627626,Wilfried Gnonto,399,Leeds United,430,ACF Fiorentina,LOAN,Loan fee: €1.00m,0,IN
TM-2026-00509,2026/27,628366,Lucas Beltrán,1049,Valencia CF,430,ACF Fiorentina,LOAN_RETURN_OR_END_OF_LOAN,End of loan 30/06/2026,0,IN
TM-2026-00510,2026/27,628366,Lucas Beltrán,430,ACF Fiorentina,209,CA River Plate,LOAN,Loan fee: €430k,0,OUT
TM-2026-00511,2026/27,628558,Riccardo Ciervo,1429,Cesena FC,6574,US Sassuolo,LOAN_RETURN_OR_END_OF_LOAN,End of loan 30/06/2026,0,IN
TM-2026-00512,2026/27,628558,Riccardo Ciervo,6574,US Sassuolo,1390,Cagliari Calcio,LOAN,loan transfer,1,IN+OUT
TM-2026-00513,2026/27,631007,Filippo Terracciano,2239,US Cremonese,5,AC Milan,LOAN_RETURN_OR_END_OF_LOAN,End of loan 30/06/2026,0,IN
TM-2026-00514,2026/27,631927,Saud Abdulhamid,12,AS Roma,826,RC Lens,PERMANENT_OR_OTHER_EXPLICIT,€3.50m,0,OUT
TM-2026-00515,2026/27,631927,Saud Abdulhamid,826,RC Lens,12,AS Roma,LOAN_RETURN_OR_END_OF_LOAN,End of loan 30/06/2026,0,IN
TM-2026-00516,2026/27,633306,Iván Azón,1047,Como 1907,3709,Getafe CF,LOAN,loan transfer,0,OUT
TM-2026-00517,2026/27,633306,Iván Azón,677,Ipswich Town,1047,Como 1907,LOAN_RETURN_OR_END_OF_LOAN,End of loan 30/06/2026,0,IN
TM-2026-00518,2026/27,633530,Jordan Zemura,410,Udinese Calcio,1010,Watford FC,LOAN,loan transfer,0,OUT
TM-2026-00519,2026/27,633668,Giovanni Fabbian,1025,Bologna FC 1909,430,ACF Fiorentina,PERMANENT_OR_OTHER_EXPLICIT,€13.00m,1,IN+OUT
TM-2026-00520,2026/27,633668,Giovanni Fabbian,430,ACF Fiorentina,1025,Bologna FC 1909,LOAN_RETURN_OR_END_OF_LOAN,End of loan 30/06/2026,1,IN+OUT
TM-2026-00521,2026/27,633668,Giovanni Fabbian,430,ACF Fiorentina,130,Parma Calcio 1913,LOAN,Loan fee: €1.00m,1,IN+OUT
TM-2026-00522,2026/27,646747,Rafa Obrador,294,SL Benfica,6574,US Sassuolo,LOAN,loan transfer,0,IN
TM-2026-00523,2026/27,646747,Rafa Obrador,416,Torino FC,294,SL Benfica,LOAN_RETURN_OR_END_OF_LOAN,End of loan 30/06/2026,0,OUT
TM-2026-00524,2026/27,647280,Kieron Bowie,276,Hellas Verona,6574,US Sassuolo,LOAN,loan transfer,0,IN
TM-2026-00525,2026/27,64793,Leonardo Pavoletti,1390,Cagliari Calcio,515,Without Club,FREE_AGENT_OR_END_OF_CONTRACT,-,0,OUT
TM-2026-00526,2026/27,648032,James Abankwah,1010,Watford FC,410,Udinese Calcio,LOAN_RETURN_OR_END_OF_LOAN,End of loan 30/06/2026,0,IN
TM-2026-00527,2026/27,648046,Evan Ferguson,12,AS Roma,1237,Brighton & Hove Albion,LOAN_RETURN_OR_END_OF_LOAN,End of loan 30/06/2026,0,OUT
TM-2026-00528,2026/27,649016,El Bilal Touré,114,Besiktas JK,800,Atalanta BC,LOAN_RETURN_OR_END_OF_LOAN,End of loan 30/06/2026,0,IN
TM-2026-00529,2026/27,649016,El Bilal Touré,800,Atalanta BC,130,Parma Calcio 1913,LOAN,Loan fee: €1.50m,1,IN+OUT
TM-2026-00530,2026/27,650256,Paolo Vismara,41110,Atalanta U23,800,Atalanta BC,PERMANENT_OR_OTHER_EXPLICIT,-,0,IN
TM-2026-00531,2026/27,650256,Paolo Vismara,800,Atalanta BC,5587,SS Juve Stabia,PERMANENT_OR_OTHER_EXPLICIT,?,0,OUT
TM-2026-00532,2026/27,650993,Filippo Missori,2331,US Avellino 1912,6574,US Sassuolo,LOAN_RETURN_OR_END_OF_LOAN,End of loan 30/06/2026,0,IN
TM-2026-00533,2026/27,650993,Filippo Missori,6574,US Sassuolo,2331,US Avellino 1912,LOAN,loan transfer,0,OUT
TM-2026-00534,2026/27,651002,Giacomo Faticanti,1005,US Lecce,41101,Juventus Next Gen,PERMANENT_OR_OTHER_EXPLICIT,€1.00m,0,OUT
TM-2026-00535,2026/27,651002,Giacomo Faticanti,41101,Juventus Next Gen,1005,US Lecce,LOAN_RETURN_OR_END_OF_LOAN,End of loan 30/06/2026,0,IN
TM-2026-00536,2026/27,65278,Pedro,398,SS Lazio,515,Without Club,FREE_AGENT_OR_END_OF_CONTRACT,-,0,OUT
TM-2026-00537,2026/27,653415,Leonardo Buta,2425,Rio Ave FC,410,Udinese Calcio,LOAN_RETURN_OR_END_OF_LOAN,End of loan 30/06/2026,0,IN
TM-2026-00538,2026/27,653415,Leonardo Buta,410,Udinese Calcio,1154,Red Star FC,PERMANENT_OR_OTHER_EXPLICIT,?,0,OUT
TM-2026-00539,2026/27,654991,Samuel Mbangula,86,SV Werder Bremen,1025,Bologna FC 1909,LOAN,Loan fee: €2.00m,0,IN
TM-2026-00540,2026/27,655006,Diego Moreira,667,RC Strasbourg Alsace,5,AC Milan,PERMANENT_OR_OTHER_EXPLICIT,€50.00m,0,IN
TM-2026-00541,2026/27,655207,Laurs Skjellerup,3522,Spezia Calcio,6574,US Sassuolo,LOAN_RETURN_OR_END_OF_LOAN,End of loan 30/06/2026,0,IN
TM-2026-00542,2026/27,655456,Saba Sazonov,416,Torino FC,3709,Getafe CF,FREE_TRANSFER,free transfer,0,OUT
TM-2026-00543,2026/27,655525,Yeferson Paz,5621,AC Reggiana 1919,6574,US Sassuolo,LOAN_RETURN_OR_END_OF_LOAN,End of loan 30/06/2026,0,IN
TM-2026-00544,2026/27,656441,Jean Onana,252,Genoa CFC,114,Besiktas JK,LOAN_RETURN_OR_END_OF_LOAN,End of loan 30/06/2026,0,OUT
TM-2026-00545,2026/27,659415,Riccardo Pagano,12,AS Roma,1429,Cesena FC,PERMANENT_OR_OTHER_EXPLICIT,?,0,OUT
TM-2026-00546,2026/27,659415,Riccardo Pagano,332,SSC Bari,12,AS Roma,LOAN_RETURN_OR_END_OF_LOAN,End of loan 30/06/2026,0,IN
TM-2026-00547,2026/27,659420,Mattia Motolese,1025,Bologna FC 1909,20519,Virtus Entella,PERMANENT_OR_OTHER_EXPLICIT,?,0,OUT
TM-2026-00548,2026/27,659420,Mattia Motolese,4146,Aurora Pro Patria,1025,Bologna FC 1909,LOAN_RETURN_OR_END_OF_LOAN,End of loan 30/06/2026,0,IN
TM-2026-00549,2026/27,659516,Warren Bondo,2239,US Cremonese,5,AC Milan,LOAN_RETURN_OR_END_OF_LOAN,End of loan 30/06/2026,0,IN
TM-2026-00550,2026/27,659648,Gioele Zacchi,6574,US Sassuolo,132806,Union Brescia,LOAN,loan transfer,0,OUT
TM-2026-00551,2026/27,660746,Fedde Leysen,3948,Union Saint-Gilloise,6574,US Sassuolo,LOAN,loan transfer,0,IN
TM-2026-00552,2026/27,661132,Exequiel Zeballos,189,CA Boca Juniors,2919,AC Monza,PERMANENT_OR_OTHER_EXPLICIT,€4.50m,0,IN
TM-2026-00553,2026/27,662261,Rafa Marín,1050,Villarreal CF,6195,SSC Napoli,LOAN_RETURN_OR_END_OF_LOAN,End of loan 30/06/2026,0,IN
TM-2026-00554,2026/27,663153,Marko Farji,607,Venezia FC,306,SC Heerenveen,PERMANENT_OR_OTHER_EXPLICIT,?,0,OUT
TM-2026-00555,2026/27,663237,Jacob Ondrejka,130,Parma Calcio 1913,202,FC Groningen,LOAN,loan transfer,0,OUT
TM-2026-00556,2026/27,663900,Giovanni Bonfanti,3522,Spezia Calcio,800,Atalanta BC,LOAN_RETURN_OR_END_OF_LOAN,End of loan 30/06/2026,0,IN
TM-2026-00557,2026/27,663900,Giovanni Bonfanti,800,Atalanta BC,472,UD Las Palmas,LOAN,loan transfer,0,OUT
TM-2026-00558,2026/27,666268,Daniel Fila,607,Venezia FC,2331,US Avellino 1912,LOAN,loan transfer,0,OUT
TM-2026-00559,2026/27,666268,Daniel Fila,749,FC Empoli,607,Venezia FC,LOAN_RETURN_OR_END_OF_LOAN,End of loan 30/06/2026,0,IN
TM-2026-00560,2026/27,667640,Alexandru Borbei,704,Calcio Foggia 1920,1005,US Lecce,LOAN_RETURN_OR_END_OF_LOAN,End of loan 30/06/2026,0,IN
TM-2026-00561,2026/27,668512,David Romero,11831,Club Atlético Tigre,130,Parma Calcio 1913,PERMANENT_OR_OTHER_EXPLICIT,€7.00m,0,IN
TM-2026-00562,2026/27,668950,Luca Kjerrumgaard,1010,Watford FC,410,Udinese Calcio,LOAN_RETURN_OR_END_OF_LOAN,End of loan 30/06/2026,0,IN
TM-2026-00563,2026/27,668950,Luca Kjerrumgaard,410,Udinese Calcio,1010,Watford FC,PERMANENT_OR_OTHER_EXPLICIT,?,0,OUT
TM-2026-00564,2026/27,669380,Konstantinos Koulierakis,82,VfL Wolfsburg,12,AS Roma,PERMANENT_OR_OTHER_EXPLICIT,€16.50m,0,IN
TM-2026-00565,2026/27,669915,Filippo Distefano,4159,Carrarese Calcio 1908,430,ACF Fiorentina,LOAN_RETURN_OR_END_OF_LOAN,End of loan 30/06/2026,0,IN
TM-2026-00566,2026/27,669915,Filippo Distefano,430,ACF Fiorentina,749,FC Empoli,PERMANENT_OR_OTHER_EXPLICIT,€250k,0,OUT
TM-2026-00567,2026/27,671799,Rui Modesto,410,Udinese Calcio,6321,Vancouver Whitecaps FC,PERMANENT_OR_OTHER_EXPLICIT,€800k,0,OUT
TM-2026-00568,2026/27,671799,Rui Modesto,458,Palermo FC,410,Udinese Calcio,LOAN_RETURN_OR_END_OF_LOAN,End of loan 30/06/2026,0,IN
TM-2026-00569,2026/27,672381,Jonathan Rowe,1025,Bologna FC 1909,800,Atalanta BC,LOAN,Loan fee: €5.00m,1,IN+OUT
TM-2026-00570,2026/27,678035,Jay Enem,159,Red Star Belgrade,1025,Bologna FC 1909,PERMANENT_OR_OTHER_EXPLICIT,€6.00m,0,IN
TM-2026-00571,2026/27,679423,Tarik Muharemović,6574,US Sassuolo,399,Leeds United,PERMANENT_OR_OTHER_EXPLICIT,€37.00m,0,OUT
TM-2026-00572,2026/27,679754,Niklas Pyyhtiä,1025,Bologna FC 1909,4554,FC Südtirol,LOAN,loan transfer,0,OUT
TM-2026-00573,2026/27,679754,Niklas Pyyhtiä,1385,Modena FC,1025,Bologna FC 1909,LOAN_RETURN_OR_END_OF_LOAN,End of loan 30/06/2026,0,IN
TM-2026-00574,2026/27,691482,Jacopo Fazzini,430,ACF Fiorentina,1390,Cagliari Calcio,LOAN,Loan fee: €800k,1,IN+OUT
TM-2026-00575,2026/27,691678,Tommaso Fumagalli,1047,Como 1907,41119,Inter U23,PERMANENT_OR_OTHER_EXPLICIT,?,0,OUT
TM-2026-00576,2026/27,691678,Tommaso Fumagalli,5621,AC Reggiana 1919,1047,Como 1907,LOAN_RETURN_OR_END_OF_LOAN,End of loan 30/06/2026,0,IN
TM-2026-00577,2026/27,698259,Thomas Kristensen,410,Udinese Calcio,800,Atalanta BC,LOAN,loan transfer,1,IN+OUT
TM-2026-00578,2026/27,698560,Cheick Condé,2157,FC Blau-Weiss Linz,607,Venezia FC,LOAN_RETURN_OR_END_OF_LOAN,End of loan 30/06/2026,0,IN
TM-2026-00579,2026/27,698560,Cheick Condé,607,Venezia FC,28643,SK Beveren,FREE_TRANSFER,free transfer,0,OUT
TM-2026-00580,2026/27,700053,Edoardo Iannoni,6574,US Sassuolo,276,Hellas Verona,PERMANENT_OR_OTHER_EXPLICIT,?,0,OUT
TM-2026-00581,2026/27,701819,Daniele Ghilardi,12,AS Roma,276,Hellas Verona,LOAN_RETURN_OR_END_OF_LOAN,End of loan 30/06/2026,0,OUT
TM-2026-00582,2026/27,701819,Daniele Ghilardi,276,Hellas Verona,12,AS Roma,PERMANENT_OR_OTHER_EXPLICIT,€8.00m,0,IN
TM-2026-00583,2026/27,701842,Nicolò Cavuoti,1390,Cagliari Calcio,1627,Catania FC,LOAN,loan transfer,0,OUT
TM-2026-00584,2026/27,701842,Nicolò Cavuoti,332,SSC Bari,1390,Cagliari Calcio,LOAN_RETURN_OR_END_OF_LOAN,End of loan 30/06/2026,0,IN
TM-2026-00585,2026/27,702324,Rachid Kouda,130,Parma Calcio 1913,2581,Mantova 1911,LOAN,loan transfer,0,OUT
TM-2026-00586,2026/27,702324,Rachid Kouda,2581,Mantova 1911,130,Parma Calcio 1913,LOAN_RETURN_OR_END_OF_LOAN,End of loan 30/06/2026,0,IN
TM-2026-00587,2026/27,703240,Gennaro Iaccarino,4255,SS Arezzo,6195,SSC Napoli,LOAN_RETURN_OR_END_OF_LOAN,End of loan 30/06/2026,0,IN
TM-2026-00588,2026/27,703240,Gennaro Iaccarino,6195,SSC Napoli,4255,SS Arezzo,PERMANENT_OR_OTHER_EXPLICIT,?,0,OUT
TM-2026-00589,2026/27,704122,Alessandro Pietrelli,607,Venezia FC,41101,Juventus Next Gen,LOAN_RETURN_OR_END_OF_LOAN,End of loan 30/06/2026,0,OUT
TM-2026-00590,2026/27,704456,Nosa Edward Obaretin,6195,SSC Napoli,1158,FC Lorient,LOAN,Loan fee: €350k,0,OUT
TM-2026-00591,2026/27,704456,Nosa Edward Obaretin,749,FC Empoli,6195,SSC Napoli,LOAN_RETURN_OR_END_OF_LOAN,End of loan 30/06/2026,0,IN
TM-2026-00592,2026/27,704680,Antonio Fiori,8970,Frosinone Calcio,2581,Mantova 1911,LOAN_RETURN_OR_END_OF_LOAN,End of loan 30/06/2026,0,OUT
TM-2026-00593,2026/27,704744,Tommaso Di Marco,1105,Ravenna FC,416,Torino FC,LOAN_RETURN_OR_END_OF_LOAN,End of loan 30/06/2026,0,IN
TM-2026-00594,2026/27,704744,Tommaso Di Marco,416,Torino FC,1627,Catania FC,LOAN,loan transfer,0,OUT
TM-2026-00595,2026/27,704825,Alessandro Dellavalle,1385,Modena FC,416,Torino FC,LOAN_RETURN_OR_END_OF_LOAN,End of loan 30/06/2026,0,IN
TM-2026-00596,2026/27,704825,Alessandro Dellavalle,416,Torino FC,3037,Calcio Padova,LOAN,loan transfer,0,OUT
TM-2026-00597,2026/27,705097,Davide Veroli,1390,Cagliari Calcio,4554,FC Südtirol,LOAN,loan transfer,0,OUT
TM-2026-00598,2026/27,705097,Davide Veroli,458,Palermo FC,1390,Cagliari Calcio,LOAN_RETURN_OR_END_OF_LOAN,End of loan 30/06/2026,0,IN
TM-2026-00599,2026/27,707450,Lorenzo Amatucci,430,ACF Fiorentina,897,Deportivo A Coruña,PERMANENT_OR_OTHER_EXPLICIT,€2.50m,0,OUT
TM-2026-00600,2026/27,707450,Lorenzo Amatucci,472,UD Las Palmas,430,ACF Fiorentina,LOAN_RETURN_OR_END_OF_LOAN,End of loan 30/06/2026,0,IN
TM-2026-00601,2026/27,708086,Romano Floriani Mussolini,2239,US Cremonese,398,SS Lazio,LOAN_RETURN_OR_END_OF_LOAN,End of loan 30/06/2026,0,IN
TM-2026-00602,2026/27,708186,Tjas Begic,1038,UC Sampdoria,130,Parma Calcio 1913,LOAN_RETURN_OR_END_OF_LOAN,End of loan 30/06/2026,0,IN
TM-2026-00603,2026/27,708186,Tjas Begic,130,Parma Calcio 1913,1038,UC Sampdoria,PERMANENT_OR_OTHER_EXPLICIT,€1.20m,0,OUT
TM-2026-00604,2026/27,712911,Jasper Samooja,1005,US Lecce,1008,HJK Helsinki,LOAN,loan transfer,0,OUT
TM-2026-00605,2026/27,712911,Jasper Samooja,1008,HJK Helsinki,1005,US Lecce,LOAN_RETURN_OR_END_OF_LOAN,End of loan 31/12/2026,0,IN
TM-2026-00606,2026/27,713644,Bryan Zaragoza,12,AS Roma,27,Bayern Munich,LOAN_RETURN_OR_END_OF_LOAN,End of loan 30/06/2026,0,OUT
TM-2026-00607,2026/27,715894,David Puczka,41101,Juventus Next Gen,252,Genoa CFC,PERMANENT_OR_OTHER_EXPLICIT,€6.00m,0,IN
TM-2026-00608,2026/27,718201,Kevin Carlos,417,OGC Nice,1390,Cagliari Calcio,LOAN,loan transfer,0,IN
TM-2026-00609,2026/27,721227,Luigi Cherubini,1038,UC Sampdoria,12,AS Roma,LOAN_RETURN_OR_END_OF_LOAN,End of loan 30/06/2026,0,IN
TM-2026-00610,2026/27,721227,Luigi Cherubini,12,AS Roma,4171,Benevento Calcio,LOAN,loan transfer,0,OUT
TM-2026-00611,2026/27,724068,Kevin Leone,4106,Casertana FC,6574,US Sassuolo,LOAN_RETURN_OR_END_OF_LOAN,End of loan 30/06/2026,0,IN
TM-2026-00612,2026/27,724068,Kevin Leone,6574,US Sassuolo,4255,SS Arezzo,LOAN,loan transfer,0,OUT
TM-2026-00613,2026/27,724069,Kevin Martins,4330,US Sambenedettese,2919,AC Monza,LOAN_RETURN_OR_END_OF_LOAN,End of loan 30/06/2026,0,IN
TM-2026-00614,2026/27,724099,Claudio Turi,22408,Altamura S.S.,6195,SSC Napoli,LOAN_RETURN_OR_END_OF_LOAN,End of loan 30/06/2026,0,IN
TM-2026-00615,2026/27,724099,Claudio Turi,6195,SSC Napoli,46337,Pineto Calcio,LOAN,loan transfer,0,OUT
TM-2026-00616,2026/27,724108,Aaron Ciammaglichella,416,Torino FC,26789,FC Pro Vercelli 1892,LOAN,loan transfer,0,OUT
TM-2026-00617,2026/27,724108,Aaron Ciammaglichella,5587,SS Juve Stabia,416,Torino FC,LOAN_RETURN_OR_END_OF_LOAN,End of loan 30/06/2026,0,IN
TM-2026-00618,2026/27,724178,Luis Hasa,4159,Carrarese Calcio 1908,6195,SSC Napoli,LOAN_RETURN_OR_END_OF_LOAN,End of loan 30/06/2026,0,IN
TM-2026-00619,2026/27,724178,Luis Hasa,6195,SSC Napoli,8970,Frosinone Calcio,PERMANENT_OR_OTHER_EXPLICIT,€2.50m,1,IN+OUT
TM-2026-00620,2026/27,725242,Luca D'Andrea,2331,US Avellino 1912,6574,US Sassuolo,LOAN_RETURN_OR_END_OF_LOAN,End of loan 30/06/2026,0,IN
TM-2026-00621,2026/27,725242,Luca D'Andrea,6574,US Sassuolo,1429,Cesena FC,LOAN,loan transfer,0,OUT
TM-2026-00622,2026/27,726114,Mario Mitaj,8023,Al-Ittihad Club,252,Genoa CFC,LOAN,Loan fee: €2.00m,0,IN
TM-2026-00623,2026/27,728733,Brooke Norton-Cuffy,252,Genoa CFC,3008,Hull City,PERMANENT_OR_OTHER_EXPLICIT,€14.00m,0,OUT
TM-2026-00624,2026/27,730531,Noel Törnqvist,1047,Como 1907,2919,AC Monza,LOAN,loan transfer,1,IN+OUT
TM-2026-00625,2026/27,731491,Franco Carboni,130,Parma Calcio 1913,46,Inter Milan,LOAN_RETURN_OR_END_OF_LOAN,End of loan 30/06/2026,1,IN+OUT
TM-2026-00626,2026/27,731491,Franco Carboni,46,Inter Milan,130,Parma Calcio 1913,PERMANENT_OR_OTHER_EXPLICIT,€2.50m,1,IN+OUT
TM-2026-00627,2026/27,731510,Giovanni Di Renzo,607,Venezia FC,46337,Pineto Calcio,PERMANENT_OR_OTHER_EXPLICIT,?,0,OUT
TM-2026-00628,2026/27,731510,Giovanni Di Renzo,7030,Vis Pesaro 1898,607,Venezia FC,LOAN_RETURN_OR_END_OF_LOAN,End of loan 30/06/2026,0,IN
TM-2026-00629,2026/27,731525,Rareș Burnete,1005,US Lecce,4554,FC Südtirol,LOAN,loan transfer,0,OUT
TM-2026-00630,2026/27,731525,Rareș Burnete,5587,SS Juve Stabia,1005,US Lecce,LOAN_RETURN_OR_END_OF_LOAN,End of loan 30/06/2026,0,IN
TM-2026-00631,2026/27,734898,Kevin Miranda,4095,AC Trento,6574,US Sassuolo,LOAN_RETURN_OR_END_OF_LOAN,End of loan 30/06/2026,0,IN
TM-2026-00632,2026/27,734898,Kevin Miranda,6574,US Sassuolo,22249,Audace Cerignola,LOAN,loan transfer,0,OUT
TM-2026-00633,2026/27,741238,Omari Hutchinson,703,Nottingham Forest,5,AC Milan,LOAN,Loan fee: €4.20m,0,IN
TM-2026-00634,2026/27,741257,Álex Jiménez,5,AC Milan,989,AFC Bournemouth,PERMANENT_OR_OTHER_EXPLICIT,€18.50m,0,OUT
TM-2026-00635,2026/27,741257,Álex Jiménez,989,AFC Bournemouth,430,ACF Fiorentina,LOAN,Loan fee: €2.00m,0,IN
TM-2026-00636,2026/27,741257,Álex Jiménez,989,AFC Bournemouth,5,AC Milan,LOAN_RETURN_OR_END_OF_LOAN,End of loan 30/06/2026,0,IN
TM-2026-00637,2026/27,741292,Iker Bravo,410,Udinese Calcio,1010,Watford FC,PERMANENT_OR_OTHER_EXPLICIT,€3.80m,0,OUT
TM-2026-00638,2026/27,741292,Iker Bravo,472,UD Las Palmas,410,Udinese Calcio,LOAN_RETURN_OR_END_OF_LOAN,End of loan 30/06/2026,0,IN
TM-2026-00639,2026/27,741539,Dinis Rodrigues,321,FC Sion,6195,SSC Napoli,PERMANENT_OR_OTHER_EXPLICIT,€300k,0,IN
TM-2026-00640,2026/27,741539,Dinis Rodrigues,6195,SSC Napoli,62622,CD Eldense B,LOAN,loan transfer,0,OUT
TM-2026-00641,2026/27,745595,Marlon Ubani,6266,Cavese 1919,1005,US Lecce,LOAN_RETURN_OR_END_OF_LOAN,End of loan 30/06/2026,0,IN
TM-2026-00642,2026/27,746712,Pietro Comuzzo,430,ACF Fiorentina,416,Torino FC,LOAN,Loan fee: €1.00m,1,IN+OUT
TM-2026-00643,2026/27,748679,Olaf Gorter,5618,Lecce Primavera,1005,US Lecce,PERMANENT_OR_OTHER_EXPLICIT,-,0,IN
TM-2026-00644,2026/27,749552,Alieu Fadera,1047,Como 1907,1390,Cagliari Calcio,LOAN,Loan fee: €500k,1,IN+OUT
TM-2026-00645,2026/27,749552,Alieu Fadera,6574,US Sassuolo,1047,Como 1907,LOAN_RETURN_OR_END_OF_LOAN,End of loan 30/06/2026,1,IN+OUT
TM-2026-00646,2026/27,75489,Niclas Füllkrug,5,AC Milan,379,West Ham United,LOAN_RETURN_OR_END_OF_LOAN,End of loan 30/06/2026,0,OUT
TM-2026-00647,2026/27,780136,Aleksandar Stanković,2282,Club Brugge KV,46,Inter Milan,PERMANENT_OR_OTHER_EXPLICIT,€23.00m,0,IN
TM-2026-00648,2026/27,780630,Willy Kambwala,1050,Villarreal CF,1047,Como 1907,LOAN,loan transfer,0,IN
TM-2026-00649,2026/27,787618,Valentín Carboni,1444,Racing Club,46,Inter Milan,LOAN_RETURN_OR_END_OF_LOAN,End of loan 31/12/2026,0,IN
TM-2026-00650,2026/27,802243,Ed McJannet,1005,US Lecce,4031,Cosenza Calcio,LOAN,loan transfer,0,OUT
TM-2026-00651,2026/27,802243,Ed McJannet,1103,Ternana Calcio,1005,US Lecce,LOAN_RETURN_OR_END_OF_LOAN,End of loan 30/06/2026,0,IN
TM-2026-00652,2026/27,803005,Mattia Mannini,12,AS Roma,4171,Benevento Calcio,LOAN,loan transfer,0,OUT
TM-2026-00653,2026/27,803005,Mattia Mannini,5587,SS Juve Stabia,12,AS Roma,LOAN_RETURN_OR_END_OF_LOAN,End of loan 30/06/2026,0,IN
TM-2026-00654,2026/27,806955,Dario Sits,130,Parma Calcio 1913,1455,FC Dordrecht,LOAN,loan transfer,0,OUT
TM-2026-00655,2026/27,806955,Dario Sits,3679,Atlético Madrileño,130,Parma Calcio 1913,LOAN_RETURN_OR_END_OF_LOAN,End of loan 30/06/2026,0,IN
TM-2026-00656,2026/27,808477,Ahmed Sidibé,607,Venezia FC,2420,Vitória Guimarães SC,LOAN,loan transfer,0,OUT
TM-2026-00657,2026/27,808559,Justin Kumi,2331,US Avellino 1912,6574,US Sassuolo,LOAN_RETURN_OR_END_OF_LOAN,End of loan 30/06/2026,0,IN
TM-2026-00658,2026/27,808559,Justin Kumi,6574,US Sassuolo,5587,SS Juve Stabia,LOAN,loan transfer,0,OUT
TM-2026-00659,2026/27,812625,Agustín Álvarez,2919,AC Monza,6574,US Sassuolo,LOAN_RETURN_OR_END_OF_LOAN,End of loan 30/06/2026,1,IN+OUT
TM-2026-00660,2026/27,812625,Agustín Álvarez,6574,US Sassuolo,3938,CA Talleres,LOAN,loan transfer,0,OUT
TM-2026-00661,2026/27,813057,Lorenzo Busato,39711,AC Campodarsego,607,Venezia FC,LOAN_RETURN_OR_END_OF_LOAN,End of loan 30/06/2026,0,IN
TM-2026-00662,2026/27,813057,Lorenzo Busato,607,Venezia FC,54652,Calcio Sandonà,PERMANENT_OR_OTHER_EXPLICIT,?,0,OUT
TM-2026-00663,2026/27,813134,Cristian Padula,18642,Campobasso FC,416,Torino FC,LOAN_RETURN_OR_END_OF_LOAN,End of loan 30/06/2026,0,IN
TM-2026-00664,2026/27,813134,Cristian Padula,416,Torino FC,22249,Audace Cerignola,LOAN,loan transfer,0,OUT
TM-2026-00665,2026/27,813961,Patrick Nuamah,4097,US Catanzaro,6574,US Sassuolo,LOAN_RETURN_OR_END_OF_LOAN,End of loan 30/06/2026,0,IN
TM-2026-00666,2026/27,813961,Patrick Nuamah,6574,US Sassuolo,11422,CE Sabadell FC,LOAN,loan transfer,0,OUT
TM-2026-00667,2026/27,814446,Luca Marianucci,416,Torino FC,6195,SSC Napoli,LOAN_RETURN_OR_END_OF_LOAN,End of loan 30/06/2026,1,IN+OUT
TM-2026-00668,2026/27,814473,Giovanni Daffara,41101,Juventus Next Gen,130,Parma Calcio 1913,PERMANENT_OR_OTHER_EXPLICIT,€6.00m,0,IN
TM-2026-00669,2026/27,815483,Jacopo Antolini,416,Torino FC,4553,US Pergolettese 1932,PERMANENT_OR_OTHER_EXPLICIT,?,0,OUT
TM-2026-00670,2026/27,815483,Jacopo Antolini,4553,US Pergolettese 1932,416,Torino FC,LOAN_RETURN_OR_END_OF_LOAN,End of loan 30/06/2026,0,IN
TM-2026-00671,2026/27,815787,Luigi Caccavo,1025,Bologna FC 1909,5587,SS Juve Stabia,LOAN,loan transfer,0,OUT
TM-2026-00672,2026/27,815787,Luigi Caccavo,4103,FC Lumezzane,1025,Bologna FC 1909,PERMANENT_OR_OTHER_EXPLICIT,€300k,0,IN
TM-2026-00673,2026/27,816861,Alvin Okoro,5587,SS Juve Stabia,607,Venezia FC,LOAN_RETURN_OR_END_OF_LOAN,End of loan 30/06/2026,0,IN
TM-2026-00674,2026/27,816861,Alvin Okoro,607,Venezia FC,4554,FC Südtirol,LOAN,loan transfer,0,OUT
TM-2026-00675,2026/27,817333,Francesco Dell'Aquila,14888,US Città di Pontedera,416,Torino FC,LOAN_RETURN_OR_END_OF_LOAN,End of loan 30/06/2026,0,IN
TM-2026-00676,2026/27,817333,Francesco Dell'Aquila,416,Torino FC,7030,Vis Pesaro 1898,PERMANENT_OR_OTHER_EXPLICIT,?,0,OUT
TM-2026-00677,2026/27,818878,Wisdom Amey,1025,Bologna FC 1909,8970,Frosinone Calcio,LOAN,loan transfer,1,IN+OUT
TM-2026-00678,2026/27,818878,Wisdom Amey,34499,US Pianese,1025,Bologna FC 1909,LOAN_RETURN_OR_END_OF_LOAN,End of loan 30/06/2026,0,IN
TM-2026-00679,2026/27,818880,Tommaso Corazza,1025,Bologna FC 1909,2655,LR Vicenza,LOAN,loan transfer,0,OUT
TM-2026-00680,2026/27,818880,Tommaso Corazza,1429,Cesena FC,1025,Bologna FC 1909,LOAN_RETURN_OR_END_OF_LOAN,End of loan 30/06/2026,0,IN
TM-2026-00681,2026/27,818882,Riccardo Stivanello,1025,Bologna FC 1909,4554,FC Südtirol,LOAN,loan transfer,0,OUT
TM-2026-00682,2026/27,818882,Riccardo Stivanello,4103,FC Lumezzane,1025,Bologna FC 1909,LOAN_RETURN_OR_END_OF_LOAN,End of loan 30/06/2026,0,IN
TM-2026-00683,2026/27,818929,Simone Calvani,252,Genoa CFC,11483,FC Vado,LOAN,loan transfer,0,OUT
TM-2026-00684,2026/27,818929,Simone Calvani,9816,Forlì FC,252,Genoa CFC,LOAN_RETURN_OR_END_OF_LOAN,End of loan 30/06/2026,0,IN
TM-2026-00685,2026/27,820633,Coli Saco,4106,Casertana FC,6195,SSC Napoli,LOAN_RETURN_OR_END_OF_LOAN,End of loan 30/06/2026,0,IN
TM-2026-00686,2026/27,820633,Coli Saco,6195,SSC Napoli,48325,Riga FC,PERMANENT_OR_OTHER_EXPLICIT,?,0,OUT
TM-2026-00687,2026/27,820635,Costantino Favasuli,4097,US Catanzaro,6195,SSC Napoli,LOAN,Loan fee: €1.00m,0,IN
TM-2026-00688,2026/27,820636,Lorenzo Gori,8970,Frosinone Calcio,4333,US Grosseto 1912,LOAN,loan transfer,0,OUT
TM-2026-00689,2026/27,821052,Lorenzo Gagliardi,252,Genoa CFC,22408,Altamura S.S.,LOAN,loan transfer,0,OUT
TM-2026-00690,2026/27,821052,Lorenzo Gagliardi,46337,Pineto Calcio,252,Genoa CFC,LOAN_RETURN_OR_END_OF_LOAN,End of loan 30/06/2026,0,IN
TM-2026-00691,2026/27,821105,Davide Franzini,1025,Bologna FC 1909,515,Without Club,FREE_AGENT_OR_END_OF_CONTRACT,-,0,OUT
TM-2026-00692,2026/27,821105,Davide Franzini,38322,AC Bra,1025,Bologna FC 1909,LOAN_RETURN_OR_END_OF_LOAN,End of loan 30/06/2026,0,IN
TM-2026-00693,2026/27,823550,Francesco Corradini,14888,US Città di Pontedera,6574,US Sassuolo,LOAN_RETURN_OR_END_OF_LOAN,End of loan 30/06/2026,0,IN
TM-2026-00694,2026/27,823550,Francesco Corradini,6574,US Sassuolo,46337,Pineto Calcio,LOAN,loan transfer,0,OUT
TM-2026-00695,2026/27,825199,Facundo González,506,Juventus FC,630,Racing Santander,PERMANENT_OR_OTHER_EXPLICIT,€2.50m,0,OUT
TM-2026-00696,2026/27,825199,Facundo González,630,Racing Santander,506,Juventus FC,LOAN_RETURN_OR_END_OF_LOAN,End of loan 30/06/2026,0,IN
TM-2026-00697,2026/27,830365,Alisson Santos,336,Sporting CP,6195,SSC Napoli,PERMANENT_OR_OTHER_EXPLICIT,€16.50m,0,IN
TM-2026-00698,2026/27,830365,Alisson Santos,6195,SSC Napoli,336,Sporting CP,LOAN_RETURN_OR_END_OF_LOAN,End of loan 30/06/2026,0,OUT
TM-2026-00699,2026/27,831162,Gino Infantino,1030,AA Argentinos Juniors,430,ACF Fiorentina,LOAN_RETURN_OR_END_OF_LOAN,End of loan 31/12/2026,0,IN
TM-2026-00700,2026/27,834752,Unai Gómez,621,Athletic Bilbao,410,Udinese Calcio,PERMANENT_OR_OTHER_EXPLICIT,€4.50m,0,IN
TM-2026-00701,2026/27,842338,Enzo Tchato,969,Montpellier HSC,8970,Frosinone Calcio,PERMANENT_OR_OTHER_EXPLICIT,€800k,0,IN
TM-2026-00702,2026/27,845566,Mihajlo Ilić,1025,Bologna FC 1909,1429,Cesena FC,LOAN,loan transfer,0,OUT
TM-2026-00703,2026/27,845566,Mihajlo Ilić,58,RSC Anderlecht,1025,Bologna FC 1909,LOAN_RETURN_OR_END_OF_LOAN,End of loan 30/06/2026,0,IN
TM-2026-00704,2026/27,846254,Petar Ratkov,398,SS Lazio,3368,Levante UD,LOAN,Loan fee: €2.00m,0,OUT
TM-2026-00705,2026/27,849520,Santiago Castro,1025,Bologna FC 1909,12,AS Roma,PERMANENT_OR_OTHER_EXPLICIT,€36.00m,1,IN+OUT
TM-2026-00706,2026/27,85370,Sergi Roberto,1047,Como 1907,1061,Los Angeles Galaxy,FREE_TRANSFER,free transfer,0,OUT
TM-2026-00707,2026/27,855308,Arthur Atta,410,Udinese Calcio,430,ACF Fiorentina,PERMANENT_OR_OTHER_EXPLICIT,€25.00m,1,IN+OUT
TM-2026-00708,2026/27,856530,Mateo Pellegrino,130,Parma Calcio 1913,430,ACF Fiorentina,PERMANENT_OR_OTHER_EXPLICIT,€22.50m,1,IN+OUT
TM-2026-00709,2026/27,858677,Peter Amoran,130,Parma Calcio 1913,5202,Västerås SK,PERMANENT_OR_OTHER_EXPLICIT,?,0,OUT
TM-2026-00710,2026/27,858677,Peter Amoran,1429,Cesena FC,130,Parma Calcio 1913,LOAN_RETURN_OR_END_OF_LOAN,End of loan 30/06/2026,0,IN
TM-2026-00711,2026/27,860992,Nicolás Valentini,276,Hellas Verona,430,ACF Fiorentina,LOAN_RETURN_OR_END_OF_LOAN,End of loan 30/06/2026,0,IN
TM-2026-00712,2026/27,860992,Nicolás Valentini,430,ACF Fiorentina,1108,Deportivo Alavés,PERMANENT_OR_OTHER_EXPLICIT,€3.00m,0,OUT
TM-2026-00713,2026/27,861981,Alan Matturro,252,Genoa CFC,660,Shakhtar Donetsk,PERMANENT_OR_OTHER_EXPLICIT,€5.00m,0,OUT
TM-2026-00714,2026/27,861981,Alan Matturro,3368,Levante UD,252,Genoa CFC,LOAN_RETURN_OR_END_OF_LOAN,End of loan 30/06/2026,0,IN
TM-2026-00715,2026/27,862744,Junior Ligue,2581,Mantova 1911,607,Venezia FC,LOAN_RETURN_OR_END_OF_LOAN,End of loan 30/06/2026,0,IN
TM-2026-00716,2026/27,864306,Rafik Belghali,276,Hellas Verona,416,Torino FC,LOAN,Loan fee: €1.00m,0,IN
TM-2026-00717,2026/27,866216,Jacopo Simonetta,1047,Como 1907,11483,FC Vado,LOAN,loan transfer,0,OUT
TM-2026-00718,2026/27,866216,Jacopo Simonetta,8373,Siracusa Calcio,1047,Como 1907,LOAN_RETURN_OR_END_OF_LOAN,End of loan 30/06/2026,0,IN
TM-2026-00719,2026/27,866255,Valerio Farcomeni,12816,Lazio U20,398,SS Lazio,PERMANENT_OR_OTHER_EXPLICIT,-,0,IN
TM-2026-00720,2026/27,866607,Niko Kovač,5618,Lecce Primavera,1005,US Lecce,PERMANENT_OR_OTHER_EXPLICIT,-,0,IN
TM-2026-00721,2026/27,867137,Alessandro Circati,130,Parma Calcio 1913,294,SL Benfica,PERMANENT_OR_OTHER_EXPLICIT,€18.00m,0,OUT
TM-2026-00722,2026/27,86784,Ricardo Rodríguez,515,Without Club,416,Torino FC,FREE_AGENT_OR_END_OF_CONTRACT,-,0,IN
TM-2026-00723,2026/27,874967,Ernestas Lysionok,252,Genoa CFC,91510,Dolomiti Bellunesi,LOAN,loan transfer,0,OUT
TM-2026-00724,2026/27,875334,Semih Kılıçsoy,1390,Cagliari Calcio,114,Besiktas JK,LOAN_RETURN_OR_END_OF_LOAN,End of loan 30/06/2026,0,OUT
TM-2026-00725,2026/27,876298,Matteo Prati,1390,Cagliari Calcio,630,Racing Santander,LOAN,Loan fee: €500k,0,OUT
TM-2026-00726,2026/27,876298,Matteo Prati,416,Torino FC,1390,Cagliari Calcio,LOAN_RETURN_OR_END_OF_LOAN,End of loan 30/06/2026,1,IN+OUT
TM-2026-00727,2026/27,876400,Simone Pafundi,1038,UC Sampdoria,410,Udinese Calcio,LOAN_RETURN_OR_END_OF_LOAN,End of loan 30/06/2026,0,IN
TM-2026-00728,2026/27,876400,Simone Pafundi,410,Udinese Calcio,4097,US Catanzaro,LOAN,loan transfer,0,OUT
TM-2026-00729,2026/27,877672,Ali Jasim,1047,Como 1907,39637,Zakho SC,PERMANENT_OR_OTHER_EXPLICIT,€650k,0,OUT
TM-2026-00730,2026/27,877672,Ali Jasim,32328,Al-Najma SC,1047,Como 1907,LOAN_RETURN_OR_END_OF_LOAN,End of loan 30/06/2026,0,IN
TM-2026-00731,2026/27,879217,Kaiki,609,Cruzeiro Esporte Clube,1047,Como 1907,LOAN,loan transfer,0,IN
TM-2026-00732,2026/27,879868,Marco Dalla Vecchia,20519,Virtus Entella,416,Torino FC,LOAN_RETURN_OR_END_OF_LOAN,End of loan 30/06/2026,0,IN
TM-2026-00733,2026/27,879868,Marco Dalla Vecchia,416,Torino FC,1429,Cesena FC,LOAN,loan transfer,0,OUT
TM-2026-00734,2026/27,881610,David Ankeye,252,Genoa CFC,59358,FK Zeleznicar Pancevo,PERMANENT_OR_OTHER_EXPLICIT,€500k,0,OUT
TM-2026-00735,2026/27,881610,David Ankeye,57870,Krasava ENY,252,Genoa CFC,LOAN_RETURN_OR_END_OF_LOAN,End of loan 30/06/2026,0,IN
TM-2026-00736,2026/27,882721,Matteo Agrimi,1005,US Lecce,23051,Flaminia Civita Castellana,FREE_TRANSFER,free transfer,0,OUT
TM-2026-00737,2026/27,882721,Matteo Agrimi,22344,AC Nardò,1005,US Lecce,LOAN_RETURN_OR_END_OF_LOAN,End of loan 30/06/2026,0,IN
TM-2026-00738,2026/27,883046,Laerte Tognetti,27568,US Follonica Gavorrano,430,ACF Fiorentina,LOAN_RETURN_OR_END_OF_LOAN,End of loan 30/06/2026,0,IN
TM-2026-00739,2026/27,883046,Laerte Tognetti,430,ACF Fiorentina,515,Without Club,FREE_AGENT_OR_END_OF_CONTRACT,-,0,OUT
TM-2026-00740,2026/27,883051,Kevin Bruno,4083,FC Crotone,6574,US Sassuolo,LOAN_RETURN_OR_END_OF_LOAN,End of loan 30/06/2026,0,IN
TM-2026-00741,2026/27,883051,Kevin Bruno,6574,US Sassuolo,11483,FC Vado,LOAN,loan transfer,0,OUT
TM-2026-00742,2026/27,883053,Mirko Elia,430,ACF Fiorentina,332,SSC Bari,LOAN,loan transfer,0,OUT
TM-2026-00743,2026/27,883053,Mirko Elia,9816,Forlì FC,430,ACF Fiorentina,LOAN_RETURN_OR_END_OF_LOAN,End of loan 30/06/2026,0,IN
TM-2026-00744,2026/27,883058,Alessandro Milani,2331,US Avellino 1912,398,SS Lazio,LOAN_RETURN_OR_END_OF_LOAN,End of loan 30/06/2026,0,IN
TM-2026-00745,2026/27,883058,Alessandro Milani,398,SS Lazio,41119,Inter U23,PERMANENT_OR_OTHER_EXPLICIT,?,0,OUT
TM-2026-00746,2026/27,885228,Alessandro Vinciguerra,1390,Cagliari Calcio,22249,Audace Cerignola,FREE_TRANSFER,free transfer,0,OUT
TM-2026-00747,2026/27,885228,Alessandro Vinciguerra,33734,SS Monopoli 1966,1390,Cagliari Calcio,LOAN_RETURN_OR_END_OF_LOAN,End of loan 30/06/2026,0,IN
TM-2026-00748,2026/27,885230,Nicola Pintus,1390,Cagliari Calcio,34499,US Pianese,LOAN,loan transfer,0,OUT
TM-2026-00749,2026/27,885230,Nicola Pintus,4031,Cosenza Calcio,1390,Cagliari Calcio,LOAN_RETURN_OR_END_OF_LOAN,End of loan 30/06/2026,0,IN
TM-2026-00750,2026/27,885236,Lorenzo Russo,45894,Guidonia Montecelio 1937 FC,6195,SSC Napoli,LOAN_RETURN_OR_END_OF_LOAN,End of loan 30/06/2026,0,IN
TM-2026-00751,2026/27,885236,Lorenzo Russo,6195,SSC Napoli,4083,FC Crotone,LOAN,loan transfer,0,OUT
TM-2026-00752,2026/27,886152,Thomas Gillier,4078,CF Montréal,1025,Bologna FC 1909,LOAN_RETURN_OR_END_OF_LOAN,End of loan 31/12/2026,0,IN
TM-2026-00753,2026/27,887650,Francesco Gallea,1390,Cagliari Calcio,5587,SS Juve Stabia,LOAN,loan transfer,0,OUT
TM-2026-00754,2026/27,887650,Francesco Gallea,4103,FC Lumezzane,1390,Cagliari Calcio,LOAN_RETURN_OR_END_OF_LOAN,End of loan 30/06/2026,0,IN
TM-2026-00755,2026/27,893675,Amir Richardson,190,FC Copenhagen,430,ACF Fiorentina,LOAN_RETURN_OR_END_OF_LOAN,End of loan 30/06/2026,0,IN
TM-2026-00756,2026/27,893675,Amir Richardson,430,ACF Fiorentina,738,Le Havre AC,LOAN,loan transfer,0,OUT
TM-2026-00757,2026/27,895596,Alessandro Selvini,8970,Frosinone Calcio,46337,Pineto Calcio,PERMANENT_OR_OTHER_EXPLICIT,?,0,OUT
TM-2026-00758,2026/27,895596,Alessandro Selvini,9816,Forlì FC,8970,Frosinone Calcio,LOAN_RETURN_OR_END_OF_LOAN,End of loan 30/06/2026,0,IN
TM-2026-00759,2026/27,895937,Marco Palestra,1390,Cagliari Calcio,800,Atalanta BC,LOAN_RETURN_OR_END_OF_LOAN,End of loan 30/06/2026,1,IN+OUT
TM-2026-00760,2026/27,895937,Marco Palestra,800,Atalanta BC,631,Chelsea FC,PERMANENT_OR_OTHER_EXPLICIT,€57.00m,0,OUT
TM-2026-00761,2026/27,897423,David Odogu,5,AC Milan,415,FC Toulouse,LOAN,loan transfer,0,OUT
TM-2026-00762,2026/27,897505,Lazar Jovanovic,79,VfB Stuttgart,410,Udinese Calcio,PERMANENT_OR_OTHER_EXPLICIT,€6.50m,0,IN
TM-2026-00763,2026/27,897921,Lorenzo Menegazzo,1025,Bologna FC 1909,4103,FC Lumezzane,LOAN,loan transfer,0,OUT
TM-2026-00764,2026/27,897921,Lorenzo Menegazzo,704,Calcio Foggia 1920,1025,Bologna FC 1909,LOAN_RETURN_OR_END_OF_LOAN,End of loan 30/06/2026,0,IN
TM-2026-00765,2026/27,898356,Alessandro Berretta,2919,AC Monza,4553,US Pergolettese 1932,LOAN,loan transfer,0,OUT
TM-2026-00766,2026/27,898356,Alessandro Berretta,44223,AS Giana Erminio,2919,AC Monza,LOAN_RETURN_OR_END_OF_LOAN,End of loan 30/06/2026,0,IN
TM-2026-00767,2026/27,899542,Lorenzo Romani,430,ACF Fiorentina,4159,Carrarese Calcio 1908,LOAN,loan transfer,0,OUT
TM-2026-00768,2026/27,899542,Lorenzo Romani,5514,Calcio Lecco 1912,430,ACF Fiorentina,LOAN_RETURN_OR_END_OF_LOAN,End of loan 30/06/2026,0,IN
TM-2026-00769,2026/27,899543,Marco Delle Monache,1005,US Lecce,46337,Pineto Calcio,LOAN,loan transfer,0,OUT
TM-2026-00770,2026/27,899543,Marco Delle Monache,7197,Potenza Calcio,1005,US Lecce,LOAN_RETURN_OR_END_OF_LOAN,End of loan 30/06/2026,0,IN
TM-2026-00771,2026/27,901019,Neil El Aynaoui,12,AS Roma,23826,RB Leipzig,LOAN,Loan fee: €4.00m,0,OUT
TM-2026-00772,2026/27,902573,Mateusz Kowalski,8936,Miedz Legnica,130,Parma Calcio 1913,LOAN_RETURN_OR_END_OF_LOAN,End of loan 30/06/2026,0,IN
TM-2026-00773,2026/27,903706,Albion Rrahmani,197,AC Sparta Prague,607,Venezia FC,PERMANENT_OR_OTHER_EXPLICIT,€7.50m,0,IN
TM-2026-00774,2026/27,906160,Saba Goglichidze,1010,Watford FC,410,Udinese Calcio,LOAN_RETURN_OR_END_OF_LOAN,End of loan 30/06/2026,0,IN
TM-2026-00775,2026/27,906160,Saba Goglichidze,410,Udinese Calcio,2919,AC Monza,LOAN,loan transfer,1,IN+OUT
TM-2026-00776,2026/27,906315,Hugo Cuenca,252,Genoa CFC,8733,RC Celta Fortuna,LOAN,loan transfer,0,OUT
TM-2026-00777,2026/27,906315,Hugo Cuenca,56442,Burgos CF Promesas,252,Genoa CFC,LOAN_RETURN_OR_END_OF_LOAN,End of loan 30/06/2026,0,IN
TM-2026-00778,2026/27,907688,Riccardo Spaggiari,430,ACF Fiorentina,515,Without Club,FREE_AGENT_OR_END_OF_CONTRACT,-,0,OUT
TM-2026-00779,2026/27,907688,Riccardo Spaggiari,46619,Arzignano Valchiampo,430,ACF Fiorentina,LOAN_RETURN_OR_END_OF_LOAN,End of loan 30/06/2026,0,IN
TM-2026-00780,2026/27,908788,Flavio Russo,2921,Delfino Pescara 1936,6574,US Sassuolo,LOAN_RETURN_OR_END_OF_LOAN,End of loan 30/06/2026,0,IN
TM-2026-00781,2026/27,908788,Flavio Russo,6574,US Sassuolo,1627,Catania FC,LOAN,loan transfer,0,OUT
TM-2026-00782,2026/27,911224,Alessandro Romano,12,AS Roma,1390,Cagliari Calcio,LOAN,Loan fee: €500k,1,IN+OUT
TM-2026-00783,2026/27,911224,Alessandro Romano,1390,Cagliari Calcio,12,AS Roma,LOAN_RETURN_OR_END_OF_LOAN,End of loan 30/06/2027,1,IN+OUT
TM-2026-00784,2026/27,911224,Alessandro Romano,3522,Spezia Calcio,12,AS Roma,LOAN_RETURN_OR_END_OF_LOAN,End of loan 30/06/2026,0,IN
TM-2026-00785,2026/27,911328,Mohamed Kaba,995,FC Nantes,1005,US Lecce,LOAN_RETURN_OR_END_OF_LOAN,End of loan 30/06/2026,0,IN
TM-2026-00786,2026/27,913660,Redouane Halhal,354,KV Mechelen,607,Venezia FC,PERMANENT_OR_OTHER_EXPLICIT,€5.00m,0,IN
TM-2026-00787,2026/27,914880,Matteo Brezzo,416,Torino FC,52900,ASD Chisola Calcio,LOAN,loan transfer,0,OUT
TM-2026-00788,2026/27,914880,Matteo Brezzo,52900,ASD Chisola Calcio,416,Torino FC,LOAN_RETURN_OR_END_OF_LOAN,End of loan 30/06/2026,0,IN
TM-2026-00789,2026/27,915849,Yanis Massolin,1385,Modena FC,46,Inter Milan,LOAN_RETURN_OR_END_OF_LOAN,End of loan 30/06/2026,0,IN
TM-2026-00790,2026/27,915849,Yanis Massolin,46,Inter Milan,1390,Cagliari Calcio,LOAN,loan transfer,1,IN+OUT
TM-2026-00791,2026/27,917376,Jérémy Oyono,8970,Frosinone Calcio,3522,Spezia Calcio,LOAN,loan transfer,0,OUT
TM-2026-00792,2026/27,918957,Davide Renzetti,38322,AC Bra,398,SS Lazio,LOAN_RETURN_OR_END_OF_LOAN,End of loan 30/06/2026,0,IN
TM-2026-00793,2026/27,919669,Simone Cinquegrano,41119,Inter U23,6574,US Sassuolo,LOAN_RETURN_OR_END_OF_LOAN,End of loan 30/06/2026,0,IN
TM-2026-00794,2026/27,924349,Issa Doumbia,607,Venezia FC,336,Sporting CP,PERMANENT_OR_OTHER_EXPLICIT,€20.53m,0,OUT
TM-2026-00795,2026/27,926839,Ivan Sulev,11676,Cagliari Primavera,1390,Cagliari Calcio,PERMANENT_OR_OTHER_EXPLICIT,-,0,IN
TM-2026-00796,2026/27,927933,Velizar-Iliya Iliev,1390,Cagliari Calcio,4031,Cosenza Calcio,LOAN,loan transfer,0,OUT
TM-2026-00797,2026/27,927933,Velizar-Iliya Iliev,22249,Audace Cerignola,1390,Cagliari Calcio,LOAN_RETURN_OR_END_OF_LOAN,End of loan 30/06/2026,0,IN
TM-2026-00798,2026/27,928056,Jacopo Tarantino,22249,Audace Cerignola,430,ACF Fiorentina,LOAN_RETURN_OR_END_OF_LOAN,End of loan 30/06/2026,0,IN
TM-2026-00799,2026/27,928900,Zanos Savva,416,Torino FC,1402,Olympiakos Nicosia,FREE_TRANSFER,free transfer,0,OUT
TM-2026-00800,2026/27,929746,Leonardo Di Tommaso,22249,Audace Cerignola,398,SS Lazio,LOAN_RETURN_OR_END_OF_LOAN,End of loan 30/06/2026,0,IN
TM-2026-00801,2026/27,929899,Rahim Alhassane,2497,Real Oviedo,1025,Bologna FC 1909,PERMANENT_OR_OTHER_EXPLICIT,€3.50m,0,IN
TM-2026-00802,2026/27,929994,Kerim Alajbegovic,15,Bayer 04 Leverkusen,506,Juventus FC,PERMANENT_OR_OTHER_EXPLICIT,€32.00m,0,IN
TM-2026-00803,2026/27,930150,Tommaso Ebone,1025,Bologna FC 1909,4103,FC Lumezzane,LOAN,loan transfer,0,OUT
TM-2026-00804,2026/27,930150,Tommaso Ebone,4095,AC Trento,1025,Bologna FC 1909,LOAN_RETURN_OR_END_OF_LOAN,End of loan 30/06/2026,0,IN
TM-2026-00805,2026/27,931841,Amar Fatah,1095,ESTAC Troyes,1005,US Lecce,PERMANENT_OR_OTHER_EXPLICIT,€150k,0,IN
TM-2026-00806,2026/27,931900,Gustavo Varela,10330,SL Benfica B,2919,AC Monza,PERMANENT_OR_OTHER_EXPLICIT,€2.50m,0,IN
TM-2026-00807,2026/27,932733,Leonardo Baroncelli,430,ACF Fiorentina,4326,AS Gubbio 1910,PERMANENT_OR_OTHER_EXPLICIT,?,0,OUT
TM-2026-00808,2026/27,932733,Leonardo Baroncelli,4326,AS Gubbio 1910,430,ACF Fiorentina,LOAN_RETURN_OR_END_OF_LOAN,End of loan 30/06/2026,0,IN
TM-2026-00809,2026/27,932740,Jonas Harder,3037,Calcio Padova,430,ACF Fiorentina,LOAN_RETURN_OR_END_OF_LOAN,End of loan 30/06/2026,0,IN
TM-2026-00810,2026/27,932740,Jonas Harder,430,ACF Fiorentina,26,FC Basel 1893,PERMANENT_OR_OTHER_EXPLICIT,€2.00m,0,OUT
TM-2026-00811,2026/27,932763,Alessandro Di Bitonto,4326,AS Gubbio 1910,6574,US Sassuolo,LOAN_RETURN_OR_END_OF_LOAN,End of loan 30/06/2026,0,IN
TM-2026-00812,2026/27,932763,Alessandro Di Bitonto,6574,US Sassuolo,2331,US Avellino 1912,LOAN,loan transfer,0,OUT
TM-2026-00813,2026/27,934159,Tommaso Martinelli,1038,UC Sampdoria,430,ACF Fiorentina,LOAN_RETURN_OR_END_OF_LOAN,End of loan 30/06/2026,0,IN
TM-2026-00814,2026/27,934159,Tommaso Martinelli,430,ACF Fiorentina,2331,US Avellino 1912,LOAN,loan transfer,0,OUT
TM-2026-00815,2026/27,934461,Federico Chinetti,1047,Como 1907,2581,Mantova 1911,LOAN,loan transfer,0,OUT
TM-2026-00816,2026/27,934461,Federico Chinetti,4095,AC Trento,1047,Como 1907,LOAN_RETURN_OR_END_OF_LOAN,End of loan 30/06/2026,0,IN
TM-2026-00817,2026/27,934514,Riccardo Braschi,430,ACF Fiorentina,938,FC Thun,PERMANENT_OR_OTHER_EXPLICIT,€1.00m,0,OUT
TM-2026-00818,2026/27,934527,Alieu Njie,416,Torino FC,430,ACF Fiorentina,LOAN,Loan fee: €4.00m,1,IN+OUT
TM-2026-00819,2026/27,934863,Tommaso Pittino,252,Genoa CFC,1210,US Livorno 1915,LOAN,loan transfer,0,OUT
TM-2026-00820,2026/27,934863,Tommaso Pittino,91510,Dolomiti Bellunesi,252,Genoa CFC,LOAN_RETURN_OR_END_OF_LOAN,End of loan 30/06/2026,0,IN
TM-2026-00821,2026/27,934878,Jeff Ekhator,252,Genoa CFC,506,Juventus FC,PERMANENT_OR_OTHER_EXPLICIT,€16.40m,1,IN+OUT
TM-2026-00822,2026/27,935173,Manuel Rosetti,1025,Bologna FC 1909,9816,Forlì FC,PERMANENT_OR_OTHER_EXPLICIT,?,0,OUT
TM-2026-00823,2026/27,935173,Manuel Rosetti,4102,AC Carpi,1025,Bologna FC 1909,LOAN_RETURN_OR_END_OF_LOAN,End of loan 30/06/2026,0,IN
TM-2026-00824,2026/27,935509,Gianluca Rossi,24898,AC Renate,252,Genoa CFC,LOAN_RETURN_OR_END_OF_LOAN,End of loan 30/06/2026,0,IN
TM-2026-00825,2026/27,935509,Gianluca Rossi,252,Genoa CFC,2251,Treviso FBC 1993,LOAN,loan transfer,0,OUT
TM-2026-00826,2026/27,935519,Federico Tavernaro,607,Venezia FC,7030,Vis Pesaro 1898,LOAN,loan transfer,0,OUT
TM-2026-00827,2026/27,935519,Federico Tavernaro,7030,Vis Pesaro 1898,607,Venezia FC,FREE_TRANSFER,free transfer,0,IN
TM-2026-00828,2026/27,936229,Emanuele Rao,332,SSC Bari,6195,SSC Napoli,LOAN_RETURN_OR_END_OF_LOAN,End of loan 30/06/2026,0,IN
TM-2026-00829,2026/27,936229,Emanuele Rao,6195,SSC Napoli,4172,Pisa Sporting Club,LOAN,Loan fee: €1.00m,0,OUT
TM-2026-00830,2026/27,936684,Saad El Haddad,46337,Pineto Calcio,607,Venezia FC,LOAN_RETURN_OR_END_OF_LOAN,End of loan 30/06/2026,0,IN
TM-2026-00831,2026/27,937669,Edoardo Meconi,252,Genoa CFC,4326,AS Gubbio 1910,LOAN,loan transfer,0,OUT
TM-2026-00832,2026/27,937669,Edoardo Meconi,4553,US Pergolettese 1932,252,Genoa CFC,LOAN_RETURN_OR_END_OF_LOAN,End of loan 30/06/2026,0,IN
TM-2026-00833,2026/27,937954,Paco Esteban,5618,Lecce Primavera,1005,US Lecce,PERMANENT_OR_OTHER_EXPLICIT,-,0,IN
TM-2026-00834,2026/27,942004,Giorgio De Marzi,11997,Roma U20,12,AS Roma,PERMANENT_OR_OTHER_EXPLICIT,-,0,IN
TM-2026-00835,2026/27,943473,Milos Jovic,32113,FK IMT Belgrad,1005,US Lecce,LOAN_RETURN_OR_END_OF_LOAN,End of loan 30/06/2026,0,IN
TM-2026-00836,2026/27,944570,Vasilije Adžić,506,Juventus FC,6574,US Sassuolo,LOAN,Loan fee: €500k,1,IN+OUT
TM-2026-00837,2026/27,94529,Stephan El Shaarawy,12,AS Roma,515,Without Club,FREE_AGENT_OR_END_OF_CONTRACT,-,0,OUT
TM-2026-00838,2026/27,94529,Stephan El Shaarawy,515,Without Club,252,Genoa CFC,FREE_AGENT_OR_END_OF_CONTRACT,-,0,IN
TM-2026-00839,2026/27,950393,Viery,210,Grêmio Foot-Ball Porto Alegrense,430,ACF Fiorentina,PERMANENT_OR_OTHER_EXPLICIT,€15.00m,0,IN
TM-2026-00840,2026/27,950593,Damián Pizarro,410,Udinese Calcio,6363,Audax Italiano,LOAN,loan transfer,0,OUT
TM-2026-00841,2026/27,956588,Alessandro Nunziante,410,Udinese Calcio,4255,SS Arezzo,LOAN,loan transfer,0,OUT
TM-2026-00842,2026/27,957653,Rodrigo Mora,720,FC Porto,12,AS Roma,PERMANENT_OR_OTHER_EXPLICIT,€25.00m,0,IN
TM-2026-00843,2026/27,957822,Eddy Kouadio,430,ACF Fiorentina,2919,AC Monza,LOAN,loan transfer,1,IN+OUT
TM-2026-00844,2026/27,961022,Benja Domínguez,1025,Bologna FC 1909,6574,US Sassuolo,LOAN,loan transfer,1,IN+OUT
TM-2026-00845,2026/27,962111,Andrés Cuenca,1047,Como 1907,2448,Sporting Gijón,LOAN,loan transfer,0,OUT
TM-2026-00846,2026/27,962111,Andrés Cuenca,2464,FC Barcelona Atlètic,1047,Como 1907,PERMANENT_OR_OTHER_EXPLICIT,€500k,0,IN
TM-2026-00847,2026/27,962125,Buba Sangaré,12,AS Roma,1531,Elche CF,PERMANENT_OR_OTHER_EXPLICIT,€4.50m,0,OUT
TM-2026-00848,2026/27,962125,Buba Sangaré,1531,Elche CF,12,AS Roma,LOAN_RETURN_OR_END_OF_LOAN,End of loan 30/06/2026,0,IN
TM-2026-00849,2026/27,962149,Ousmane Diallo,17,Borussia Dortmund II,130,Parma Calcio 1913,PERMANENT_OR_OTHER_EXPLICIT,€1.50m,0,IN
TM-2026-00850,2026/27,962246,Thomas Pompei,4031,Cosenza Calcio,800,Atalanta BC,PERMANENT_OR_OTHER_EXPLICIT,?,0,IN
TM-2026-00851,2026/27,96341,Romelu Lukaku,6195,SSC Napoli,36,Fenerbahce,PERMANENT_OR_OTHER_EXPLICIT,€6.00m,0,OUT
TM-2026-00852,2026/27,964087,Alphadjo Cissè,4097,US Catanzaro,5,AC Milan,LOAN_RETURN_OR_END_OF_LOAN,End of loan 30/06/2026,0,IN
TM-2026-00853,2026/27,966905,Marco Ladisa,4095,AC Trento,607,Venezia FC,LOAN_RETURN_OR_END_OF_LOAN,End of loan 30/06/2026,0,IN
TM-2026-00854,2026/27,966905,Marco Ladisa,607,Venezia FC,4095,AC Trento,LOAN,loan transfer,0,OUT
TM-2026-00855,2026/27,967813,Fabio Desole,416,Torino FC,4102,AC Carpi,PERMANENT_OR_OTHER_EXPLICIT,?,0,OUT
TM-2026-00856,2026/27,967813,Fabio Desole,862,Chievo Verona,416,Torino FC,LOAN_RETURN_OR_END_OF_LOAN,End of loan 30/06/2026,0,IN
TM-2026-00857,2026/27,967814,Sebastiano Di Paolo,1390,Cagliari Calcio,2331,US Avellino 1912,LOAN,loan transfer,0,OUT
TM-2026-00858,2026/27,967814,Sebastiano Di Paolo,8373,Siracusa Calcio,1390,Cagliari Calcio,LOAN_RETURN_OR_END_OF_LOAN,End of loan 30/06/2026,0,IN
TM-2026-00859,2026/27,969192,Ebenezer Akinsanmiro,4172,Pisa Sporting Club,46,Inter Milan,LOAN_RETURN_OR_END_OF_LOAN,End of loan 30/06/2026,0,IN
TM-2026-00860,2026/27,969192,Ebenezer Akinsanmiro,46,Inter Milan,2919,AC Monza,LOAN,loan transfer,1,IN+OUT
TM-2026-00861,2026/27,976207,Federico Serra,12816,Lazio U20,398,SS Lazio,PERMANENT_OR_OTHER_EXPLICIT,-,0,IN
TM-2026-00862,2026/27,980632,Sergiu Perciun,416,Torino FC,408,Ascoli Calcio,LOAN,loan transfer,0,OUT
TM-2026-00863,2026/27,981136,Fabio Rispoli,1047,Como 1907,4554,FC Südtirol,LOAN,loan transfer,0,OUT
TM-2026-00864,2026/27,981136,Fabio Rispoli,4097,US Catanzaro,1047,Como 1907,LOAN_RETURN_OR_END_OF_LOAN,End of loan 30/06/2026,0,IN
TM-2026-00865,2026/27,981998,Diego Mascardi,3522,Spezia Calcio,416,Torino FC,PERMANENT_OR_OTHER_EXPLICIT,€1.60m,0,IN
TM-2026-00866,2026/27,982267,Ibrahim Sulemana,1390,Cagliari Calcio,800,Atalanta BC,LOAN_RETURN_OR_END_OF_LOAN,End of loan 30/06/2026,1,IN+OUT
TM-2026-00867,2026/27,982267,Ibrahim Sulemana,800,Atalanta BC,6574,US Sassuolo,LOAN,loan transfer,1,IN+OUT
TM-2026-00868,2026/27,983810,Senan Mullen,9211,Bohemian Football Club,416,Torino FC,LOAN_RETURN_OR_END_OF_LOAN,End of loan 31/12/2026,0,IN
TM-2026-00869,2026/27,984964,Niccolò Fortini,430,ACF Fiorentina,416,Torino FC,LOAN,Loan fee: €1.50m,1,IN+OUT
TM-2026-00870,2026/27,987672,Andrej Kostić,5,AC Milan,468,Sparta Rotterdam,LOAN,loan transfer,0,OUT
TM-2026-00871,2026/27,987672,Andrej Kostić,669,FK Partizan Belgrade,5,AC Milan,PERMANENT_OR_OTHER_EXPLICIT,€3.50m,0,IN
TM-2026-00872,2026/27,988964,Mattia Liberali,4097,US Catanzaro,1047,Como 1907,PERMANENT_OR_OTHER_EXPLICIT,€6.00m,0,IN
TM-2026-00873,2026/27,988977,Tommaso Vannucchi,4031,Cosenza Calcio,430,ACF Fiorentina,LOAN_RETURN_OR_END_OF_LOAN,End of loan 30/06/2026,0,IN
TM-2026-00874,2026/27,988977,Tommaso Vannucchi,430,ACF Fiorentina,46619,Arzignano Valchiampo,LOAN,loan transfer,0,OUT
TM-2026-00875,2026/27,989006,Christian Garofalo,12819,Napoli Primavera,6195,SSC Napoli,PERMANENT_OR_OTHER_EXPLICIT,-,0,IN
TM-2026-00876,2026/27,989006,Christian Garofalo,6195,SSC Napoli,91510,Dolomiti Bellunesi,LOAN,loan transfer,0,OUT
TM-2026-00877,2026/27,990637,Zachary Athekame,5,AC Milan,1041,Olympique Lyon,LOAN,loan transfer,0,OUT
TM-2026-00878,2026/27,991459,Daniel Mikolajewski,130,Parma Calcio 1913,434,FC Luzern,LOAN,loan transfer,0,OUT
TM-2026-00879,2026/27,991459,Daniel Mikolajewski,5243,Parma Primavera,130,Parma Calcio 1913,PERMANENT_OR_OTHER_EXPLICIT,-,0,IN
TM-2026-00880,2026/27,993645,Tomás Palacios,288,Club Estudiantes de La Plata,46,Inter Milan,LOAN_RETURN_OR_END_OF_LOAN,End of loan 31/12/2026,0,IN
TM-2026-00881,2026/27,996453,Maat Daniel Caprini,2581,Mantova 1911,430,ACF Fiorentina,LOAN_RETURN_OR_END_OF_LOAN,End of loan 30/06/2026,0,IN
TM-2026-00882,2026/27,996453,Maat Daniel Caprini,430,ACF Fiorentina,1429,Cesena FC,LOAN,loan transfer,0,OUT
TM-2026-00883,2026/27,997478,Othniël Raterink,1390,Cagliari Calcio,1268,ADO Den Haag,LOAN,loan transfer,0,OUT
TM-2026-00884,2026/27,999127,Benja Cremaschi,130,Parma Calcio 1913,69261,Inter Miami CF,LOAN_RETURN_OR_END_OF_LOAN,End of loan 30/06/2026,0,OUT
TM-2026-00885,2026/27,999127,Benja Cremaschi,69261,Inter Miami CF,130,Parma Calcio 1913,PERMANENT_OR_OTHER_EXPLICIT,€4.00m,0,IN
TM-2026-00886,2026/27,999404,Leonardo Consiglio,252,Genoa CFC,1385,Modena FC,FREE_TRANSFER,free transfer,0,OUT
TM-2026-00887,2026/27,999404,Leonardo Consiglio,91510,Dolomiti Bellunesi,252,Genoa CFC,LOAN_RETURN_OR_END_OF_LOAN,End of loan 30/06/2026,0,IN
