season,season_start,movement,player_id,player_name,current_club_id,current_club,from_club_id,from_club,to_club_id,to_club,semantic_type,fee_text,source
2026/27,2026,IN,433188,Curtis Jones,46,Inter Milan,31,Liverpool FC,46,Inter Milan,PERMANENT_OR_OTHER_EXPLICIT,€30.00m,TRANSFERMARKT_EXPANDED
2026/27,2026,IN,483348,Djed Spence,46,Inter Milan,148,Tottenham Hotspur,46,Inter Milan,PERMANENT_OR_OTHER_EXPLICIT,€30.00m,TRANSFERMARKT_EXPANDED
2026/27,2026,IN,780136,Aleksandar Stanković,46,Inter Milan,2282,Club Brugge KV,46,Inter Milan,PERMANENT_OR_OTHER_EXPLICIT,€23.00m,TRANSFERMARKT_EXPANDED
2026/27,2026,IN,284730,Manuel Akanji,46,Inter Milan,281,Manchester City,46,Inter Milan,PERMANENT_OR_OTHER_EXPLICIT,€15.00m,TRANSFERMARKT_EXPANDED
2026/27,2026,IN,197929,Ivan Provedel,46,Inter Milan,398,SS Lazio,46,Inter Milan,PERMANENT_OR_OTHER_EXPLICIT,€3.00m,TRANSFERMARKT_EXPANDED
2026/27,2026,IN,186590,John Stones,46,Inter Milan,281,Manchester City,46,Inter Milan,FREE_TRANSFER,free transfer,TRANSFERMARKT_EXPANDED
2026/27,2026,IN,969192,Ebenezer Akinsanmiro,46,Inter Milan,4172,Pisa Sporting Club,46,Inter Milan,LOAN_RETURN_OR_END_OF_LOAN,End of loan 30/06/2026,TRANSFERMARKT_EXPANDED
2026/27,2026,IN,915849,Yanis Massolin,46,Inter Milan,1385,Modena FC,46,Inter Milan,LOAN_RETURN_OR_END_OF_LOAN,End of loan 30/06/2026,TRANSFERMARKT_EXPANDED
2026/27,2026,IN,543771,Kristjan Asllani,46,Inter Milan,114,Besiktas JK,46,Inter Milan,LOAN_RETURN_OR_END_OF_LOAN,End of loan 30/06/2026,TRANSFERMARKT_EXPANDED
2026/27,2026,IN,731491,Franco Carboni,46,Inter Milan,130,Parma Calcio 1913,46,Inter Milan,LOAN_RETURN_OR_END_OF_LOAN,End of loan 30/06/2026,TRANSFERMARKT_EXPANDED
2026/27,2026,IN,993645,Tomás Palacios,46,Inter Milan,288,Club Estudiantes de La Plata,46,Inter Milan,LOAN_RETURN_OR_END_OF_LOAN,End of loan 31/12/2026,TRANSFERMARKT_EXPANDED
2026/27,2026,IN,394300,Davide Frattesi,46,Inter Milan,398,SS Lazio,46,Inter Milan,LOAN_RETURN_OR_END_OF_LOAN,End of loan 30/06/2027,TRANSFERMARKT_EXPANDED
2026/27,2026,IN,787618,Valentín Carboni,46,Inter Milan,1444,Racing Club,46,Inter Milan,LOAN_RETURN_OR_END_OF_LOAN,End of loan 31/12/2026,TRANSFERMARKT_EXPANDED
2026/27,2026,IN,353366,Benjamin Pavard,46,Inter Milan,244,Olympique Marseille,46,Inter Milan,LOAN_RETURN_OR_END_OF_LOAN,End of loan 30/06/2026,TRANSFERMARKT_EXPANDED
2026/27,2026,IN,538918,Sebastiano Esposito,46,Inter Milan,1390,Cagliari Calcio,46,Inter Milan,LOAN_RETURN_OR_END_OF_LOAN,End of loan 30/06/2026,TRANSFERMARKT_EXPANDED
2026/27,2026,OUT,321528,Denzel Dumfries,46,Inter Milan,46,Inter Milan,418,Real Madrid,PERMANENT_OR_OTHER_EXPLICIT,€20.00m,TRANSFERMARKT_EXPANDED
2026/27,2026,OUT,394300,Davide Frattesi,46,Inter Milan,46,Inter Milan,398,SS Lazio,LOAN,Loan fee: €5.00m,TRANSFERMARKT_EXPANDED
2026/27,2026,OUT,538918,Sebastiano Esposito,46,Inter Milan,46,Inter Milan,1390,Cagliari Calcio,PERMANENT_OR_OTHER_EXPLICIT,€4.00m,TRANSFERMARKT_EXPANDED
2026/27,2026,OUT,731491,Franco Carboni,46,Inter Milan,46,Inter Milan,130,Parma Calcio 1913,PERMANENT_OR_OTHER_EXPLICIT,€2.50m,TRANSFERMARKT_EXPANDED
2026/27,2026,OUT,543771,Kristjan Asllani,46,Inter Milan,46,Inter Milan,2524,Al-Jazira Club,LOAN,Loan fee: €2.00m,TRANSFERMARKT_EXPANDED
2026/27,2026,OUT,42205,Yann Sommer,46,Inter Milan,46,Inter Milan,2282,Club Brugge KV,FREE_TRANSFER,free transfer,TRANSFERMARKT_EXPANDED
2026/27,2026,OUT,111196,Stefan de Vrij,46,Inter Milan,46,Inter Milan,265,Panathinaikos,FREE_TRANSFER,free transfer,TRANSFERMARKT_EXPANDED
2026/27,2026,OUT,915849,Yanis Massolin,46,Inter Milan,46,Inter Milan,1390,Cagliari Calcio,LOAN,loan transfer,TRANSFERMARKT_EXPANDED
2026/27,2026,OUT,969192,Ebenezer Akinsanmiro,46,Inter Milan,46,Inter Milan,2919,AC Monza,LOAN,loan transfer,TRANSFERMARKT_EXPANDED
2026/27,2026,OUT,131075,Francesco Acerbi,46,Inter Milan,46,Inter Milan,515,Without Club,FREE_AGENT_OR_END_OF_CONTRACT,-,TRANSFERMARKT_EXPANDED
2026/27,2026,OUT,54906,Matteo Darmian,46,Inter Milan,46,Inter Milan,515,Without Club,FREE_AGENT_OR_END_OF_CONTRACT,-,TRANSFERMARKT_EXPANDED
2026/27,2026,OUT,284730,Manuel Akanji,46,Inter Milan,46,Inter Milan,281,Manchester City,LOAN_RETURN_OR_END_OF_LOAN,End of loan 30/06/2026,TRANSFERMARKT_EXPANDED
2026/27,2026,IN,610442,Rasmus Højlund,6195,SSC Napoli,985,Manchester United,6195,SSC Napoli,PERMANENT_OR_OTHER_EXPLICIT,€44.00m,TRANSFERMARKT_EXPANDED
2026/27,2026,IN,830365,Alisson Santos,6195,SSC Napoli,336,Sporting CP,6195,SSC Napoli,PERMANENT_OR_OTHER_EXPLICIT,€16.50m,TRANSFERMARKT_EXPANDED
2026/27,2026,IN,257474,Vanja Milinković-Savić,6195,SSC Napoli,416,Torino FC,6195,SSC Napoli,PERMANENT_OR_OTHER_EXPLICIT,€6.00m,TRANSFERMARKT_EXPANDED
2026/27,2026,IN,463603,Benoît Badiashile,6195,SSC Napoli,631,Chelsea FC,6195,SSC Napoli,LOAN,Loan fee: €3.00m,TRANSFERMARKT_EXPANDED
2026/27,2026,IN,820635,Costantino Favasuli,6195,SSC Napoli,4097,US Catanzaro,6195,SSC Napoli,LOAN,Loan fee: €1.00m,TRANSFERMARKT_EXPANDED
2026/27,2026,IN,1301666,Mattia Esposito,6195,SSC Napoli,10118,Sorrento 1945,6195,SSC Napoli,PERMANENT_OR_OTHER_EXPLICIT,€700k,TRANSFERMARKT_EXPANDED
2026/27,2026,IN,741539,Dinis Rodrigues,6195,SSC Napoli,321,FC Sion,6195,SSC Napoli,PERMANENT_OR_OTHER_EXPLICIT,€300k,TRANSFERMARKT_EXPANDED
2026/27,2026,IN,989006,Christian Garofalo,6195,SSC Napoli,12819,Napoli Primavera,6195,SSC Napoli,PERMANENT_OR_OTHER_EXPLICIT,-,TRANSFERMARKT_EXPANDED
2026/27,2026,IN,662261,Rafa Marín,6195,SSC Napoli,1050,Villarreal CF,6195,SSC Napoli,LOAN_RETURN_OR_END_OF_LOAN,End of loan 30/06/2026,TRANSFERMARKT_EXPANDED
2026/27,2026,IN,936229,Emanuele Rao,6195,SSC Napoli,332,SSC Bari,6195,SSC Napoli,LOAN_RETURN_OR_END_OF_LOAN,End of loan 30/06/2026,TRANSFERMARKT_EXPANDED
2026/27,2026,IN,885236,Lorenzo Russo,6195,SSC Napoli,45894,Guidonia Montecelio 1937 FC,6195,SSC Napoli,LOAN_RETURN_OR_END_OF_LOAN,End of loan 30/06/2026,TRANSFERMARKT_EXPANDED
2026/27,2026,IN,703240,Gennaro Iaccarino,6195,SSC Napoli,4255,SS Arezzo,6195,SSC Napoli,LOAN_RETURN_OR_END_OF_LOAN,End of loan 30/06/2026,TRANSFERMARKT_EXPANDED
2026/27,2026,IN,513245,Jesper Lindstrøm,6195,SSC Napoli,82,VfL Wolfsburg,6195,SSC Napoli,LOAN_RETURN_OR_END_OF_LOAN,End of loan 30/06/2026,TRANSFERMARKT_EXPANDED
2026/27,2026,IN,377042,Michael Folorunsho,6195,SSC Napoli,1390,Cagliari Calcio,6195,SSC Napoli,LOAN_RETURN_OR_END_OF_LOAN,End of loan 30/06/2026,TRANSFERMARKT_EXPANDED
2026/27,2026,IN,433584,Alessio Zerbin,6195,SSC Napoli,2239,US Cremonese,6195,SSC Napoli,LOAN_RETURN_OR_END_OF_LOAN,End of loan 30/06/2026,TRANSFERMARKT_EXPANDED
2026/27,2026,IN,724099,Claudio Turi,6195,SSC Napoli,22408,Altamura S.S.,6195,SSC Napoli,LOAN_RETURN_OR_END_OF_LOAN,End of loan 30/06/2026,TRANSFERMARKT_EXPANDED
2026/27,2026,IN,468066,Jens Cajuste,6195,SSC Napoli,677,Ipswich Town,6195,SSC Napoli,LOAN_RETURN_OR_END_OF_LOAN,End of loan 30/06/2026,TRANSFERMARKT_EXPANDED
2026/27,2026,IN,282388,Giovanni Simeone,6195,SSC Napoli,416,Torino FC,6195,SSC Napoli,LOAN_RETURN_OR_END_OF_LOAN,End of loan 30/06/2026,TRANSFERMARKT_EXPANDED
2026/27,2026,IN,704456,Nosa Edward Obaretin,6195,SSC Napoli,749,FC Empoli,6195,SSC Napoli,LOAN_RETURN_OR_END_OF_LOAN,End of loan 30/06/2026,TRANSFERMARKT_EXPANDED
2026/27,2026,IN,397225,Alessandro Zanoli,6195,SSC Napoli,410,Udinese Calcio,6195,SSC Napoli,LOAN_RETURN_OR_END_OF_LOAN,End of loan 30/06/2026,TRANSFERMARKT_EXPANDED
2026/27,2026,IN,724178,Luis Hasa,6195,SSC Napoli,4159,Carrarese Calcio 1908,6195,SSC Napoli,LOAN_RETURN_OR_END_OF_LOAN,End of loan 30/06/2026,TRANSFERMARKT_EXPANDED
2026/27,2026,IN,521407,Walid Cheddira,6195,SSC Napoli,1005,US Lecce,6195,SSC Napoli,LOAN_RETURN_OR_END_OF_LOAN,End of loan 30/06/2026,TRANSFERMARKT_EXPANDED
2026/27,2026,IN,572265,Lorenzo Lucca,6195,SSC Napoli,703,Nottingham Forest,6195,SSC Napoli,LOAN_RETURN_OR_END_OF_LOAN,End of loan 30/06/2026,TRANSFERMARKT_EXPANDED
2026/27,2026,IN,339332,Noa Lang,6195,SSC Napoli,141,Galatasaray,6195,SSC Napoli,LOAN_RETURN_OR_END_OF_LOAN,End of loan 30/06/2026,TRANSFERMARKT_EXPANDED
2026/27,2026,IN,566936,Antonio Cioffi,6195,SSC Napoli,22045,Latina Calcio 1932,6195,SSC Napoli,LOAN_RETURN_OR_END_OF_LOAN,End of loan 30/06/2026,TRANSFERMARKT_EXPANDED
2026/27,2026,IN,820633,Coli Saco,6195,SSC Napoli,4106,Casertana FC,6195,SSC Napoli,LOAN_RETURN_OR_END_OF_LOAN,End of loan 30/06/2026,TRANSFERMARKT_EXPANDED
2026/27,2026,IN,358032,Cyril Ngonge,6195,SSC Napoli,714,RCD Espanyol Barcelona,6195,SSC Napoli,LOAN_RETURN_OR_END_OF_LOAN,End of loan 30/06/2026,TRANSFERMARKT_EXPANDED
2026/27,2026,IN,814446,Luca Marianucci,6195,SSC Napoli,416,Torino FC,6195,SSC Napoli,LOAN_RETURN_OR_END_OF_LOAN,End of loan 30/06/2026,TRANSFERMARKT_EXPANDED
2026/27,2026,IN,535797,Lorenzo Sgarbi,6195,SSC Napoli,2331,US Avellino 1912,6195,SSC Napoli,LOAN_RETURN_OR_END_OF_LOAN,End of loan 30/06/2026,TRANSFERMARKT_EXPANDED
2026/27,2026,OUT,525299,Miguel Gutiérrez,6195,SSC Napoli,6195,SSC Napoli,15,Bayer 04 Leverkusen,PERMANENT_OR_OTHER_EXPLICIT,€26.00m,TRANSFERMARKT_EXPANDED
2026/27,2026,OUT,282388,Giovanni Simeone,6195,SSC Napoli,6195,SSC Napoli,416,Torino FC,PERMANENT_OR_OTHER_EXPLICIT,€7.20m,TRANSFERMARKT_EXPANDED
2026/27,2026,OUT,96341,Romelu Lukaku,6195,SSC Napoli,6195,SSC Napoli,36,Fenerbahce,PERMANENT_OR_OTHER_EXPLICIT,€6.00m,TRANSFERMARKT_EXPANDED
2026/27,2026,OUT,397225,Alessandro Zanoli,6195,SSC Napoli,6195,SSC Napoli,410,Udinese Calcio,PERMANENT_OR_OTHER_EXPLICIT,€5.00m,TRANSFERMARKT_EXPANDED
2026/27,2026,OUT,521407,Walid Cheddira,6195,SSC Napoli,6195,SSC Napoli,2331,US Avellino 1912,PERMANENT_OR_OTHER_EXPLICIT,€2.50m,TRANSFERMARKT_EXPANDED
2026/27,2026,OUT,724178,Luis Hasa,6195,SSC Napoli,6195,SSC Napoli,8970,Frosinone Calcio,PERMANENT_OR_OTHER_EXPLICIT,€2.50m,TRANSFERMARKT_EXPANDED
2026/27,2026,OUT,433584,Alessio Zerbin,6195,SSC Napoli,6195,SSC Napoli,8970,Frosinone Calcio,PERMANENT_OR_OTHER_EXPLICIT,€2.00m,TRANSFERMARKT_EXPANDED
2026/27,2026,OUT,358032,Cyril Ngonge,6195,SSC Napoli,6195,SSC Napoli,2919,AC Monza,LOAN,Loan fee: €1.00m,TRANSFERMARKT_EXPANDED
2026/27,2026,OUT,936229,Emanuele Rao,6195,SSC Napoli,6195,SSC Napoli,4172,Pisa Sporting Club,LOAN,Loan fee: €1.00m,TRANSFERMARKT_EXPANDED
2026/27,2026,OUT,377042,Michael Folorunsho,6195,SSC Napoli,6195,SSC Napoli,2919,AC Monza,LOAN,Loan fee: €500k,TRANSFERMARKT_EXPANDED
2026/27,2026,OUT,250153,Pasquale Mazzocchi,6195,SSC Napoli,6195,SSC Napoli,607,Venezia FC,LOAN,Loan fee: €500k,TRANSFERMARKT_EXPANDED
2026/27,2026,OUT,704456,Nosa Edward Obaretin,6195,SSC Napoli,6195,SSC Napoli,1158,FC Lorient,LOAN,Loan fee: €350k,TRANSFERMARKT_EXPANDED
2026/27,2026,OUT,121985,Juan Jesus,6195,SSC Napoli,6195,SSC Napoli,607,Venezia FC,FREE_TRANSFER,free transfer,TRANSFERMARKT_EXPANDED
2026/27,2026,OUT,468066,Jens Cajuste,6195,SSC Napoli,6195,SSC Napoli,1084,Málaga CF,LOAN,loan transfer,TRANSFERMARKT_EXPANDED
2026/27,2026,OUT,820633,Coli Saco,6195,SSC Napoli,6195,SSC Napoli,48325,Riga FC,PERMANENT_OR_OTHER_EXPLICIT,?,TRANSFERMARKT_EXPANDED
2026/27,2026,OUT,703240,Gennaro Iaccarino,6195,SSC Napoli,6195,SSC Napoli,4255,SS Arezzo,PERMANENT_OR_OTHER_EXPLICIT,?,TRANSFERMARKT_EXPANDED
2026/27,2026,OUT,566936,Antonio Cioffi,6195,SSC Napoli,6195,SSC Napoli,22045,Latina Calcio 1932,PERMANENT_OR_OTHER_EXPLICIT,?,TRANSFERMARKT_EXPANDED
2026/27,2026,OUT,1301666,Mattia Esposito,6195,SSC Napoli,6195,SSC Napoli,332,SSC Bari,LOAN,loan transfer,TRANSFERMARKT_EXPANDED
2026/27,2026,OUT,535797,Lorenzo Sgarbi,6195,SSC Napoli,6195,SSC Napoli,4330,US Sambenedettese,LOAN,loan transfer,TRANSFERMARKT_EXPANDED
2026/27,2026,OUT,885236,Lorenzo Russo,6195,SSC Napoli,6195,SSC Napoli,4083,FC Crotone,LOAN,loan transfer,TRANSFERMARKT_EXPANDED
2026/27,2026,OUT,513245,Jesper Lindstrøm,6195,SSC Napoli,6195,SSC Napoli,409,Red Bull Salzburg,LOAN,loan transfer,TRANSFERMARKT_EXPANDED
2026/27,2026,OUT,989006,Christian Garofalo,6195,SSC Napoli,6195,SSC Napoli,91510,Dolomiti Bellunesi,LOAN,loan transfer,TRANSFERMARKT_EXPANDED
2026/27,2026,OUT,741539,Dinis Rodrigues,6195,SSC Napoli,6195,SSC Napoli,62622,CD Eldense B,LOAN,loan transfer,TRANSFERMARKT_EXPANDED
2026/27,2026,OUT,724099,Claudio Turi,6195,SSC Napoli,6195,SSC Napoli,46337,Pineto Calcio,LOAN,loan transfer,TRANSFERMARKT_EXPANDED
2026/27,2026,OUT,1195798,Mathias Ferrante,6195,SSC Napoli,6195,SSC Napoli,5542,CPR Ospitaletto,LOAN,loan transfer,TRANSFERMARKT_EXPANDED
2026/27,2026,OUT,257474,Vanja Milinković-Savić,6195,SSC Napoli,6195,SSC Napoli,416,Torino FC,LOAN_RETURN_OR_END_OF_LOAN,End of loan 30/06/2026,TRANSFERMARKT_EXPANDED
2026/27,2026,OUT,400489,Eljif Elmas,6195,SSC Napoli,6195,SSC Napoli,23826,RB Leipzig,LOAN_RETURN_OR_END_OF_LOAN,End of loan 30/06/2026,TRANSFERMARKT_EXPANDED
2026/27,2026,OUT,610442,Rasmus Højlund,6195,SSC Napoli,6195,SSC Napoli,985,Manchester United,LOAN_RETURN_OR_END_OF_LOAN,End of loan 30/06/2026,TRANSFERMARKT_EXPANDED
2026/27,2026,OUT,830365,Alisson Santos,6195,SSC Napoli,6195,SSC Napoli,336,Sporting CP,LOAN_RETURN_OR_END_OF_LOAN,End of loan 30/06/2026,TRANSFERMARKT_EXPANDED
2026/27,2026,IN,849520,Santiago Castro,12,AS Roma,1025,Bologna FC 1909,12,AS Roma,PERMANENT_OR_OTHER_EXPLICIT,€36.00m,TRANSFERMARKT_EXPANDED
2026/27,2026,IN,957653,Rodrigo Mora,12,AS Roma,720,FC Porto,12,AS Roma,PERMANENT_OR_OTHER_EXPLICIT,€25.00m,TRANSFERMARKT_EXPANDED
2026/27,2026,IN,326029,Donyell Malen,12,AS Roma,405,Aston Villa,12,AS Roma,PERMANENT_OR_OTHER_EXPLICIT,€25.00m,TRANSFERMARKT_EXPANDED
2026/27,2026,IN,669380,Konstantinos Koulierakis,12,AS Roma,82,VfL Wolfsburg,12,AS Roma,PERMANENT_OR_OTHER_EXPLICIT,€16.50m,TRANSFERMARKT_EXPANDED
2026/27,2026,IN,424042,Nahuel Molina,12,AS Roma,13,Atlético de Madrid,12,AS Roma,PERMANENT_OR_OTHER_EXPLICIT,€13.00m,TRANSFERMARKT_EXPANDED
2026/27,2026,IN,701819,Daniele Ghilardi,12,AS Roma,276,Hellas Verona,12,AS Roma,PERMANENT_OR_OTHER_EXPLICIT,€8.00m,TRANSFERMARKT_EXPANDED
2026/27,2026,IN,575998,Leonardo Balerdi,12,AS Roma,244,Olympique Marseille,12,AS Roma,LOAN,Loan fee: €1.00m,TRANSFERMARKT_EXPANDED
2026/27,2026,IN,133179,Marten de Roon,12,AS Roma,800,Atalanta BC,12,AS Roma,FREE_TRANSFER,free transfer,TRANSFERMARKT_EXPANDED
2026/27,2026,IN,1175298,Emanuele Lulli,12,AS Roma,11997,Roma U20,12,AS Roma,PERMANENT_OR_OTHER_EXPLICIT,-,TRANSFERMARKT_EXPANDED
2026/27,2026,IN,942004,Giorgio De Marzi,12,AS Roma,11997,Roma U20,12,AS Roma,PERMANENT_OR_OTHER_EXPLICIT,-,TRANSFERMARKT_EXPANDED
2026/27,2026,IN,803005,Mattia Mannini,12,AS Roma,5587,SS Juve Stabia,12,AS Roma,LOAN_RETURN_OR_END_OF_LOAN,End of loan 30/06/2026,TRANSFERMARKT_EXPANDED
2026/27,2026,IN,631927,Saud Abdulhamid,12,AS Roma,826,RC Lens,12,AS Roma,LOAN_RETURN_OR_END_OF_LOAN,End of loan 30/06/2026,TRANSFERMARKT_EXPANDED
2026/27,2026,IN,358166,Eldor Shomurodov,12,AS Roma,6890,Basaksehir FK,12,AS Roma,LOAN_RETURN_OR_END_OF_LOAN,End of loan 30/06/2026,TRANSFERMARKT_EXPANDED
2026/27,2026,IN,659415,Riccardo Pagano,12,AS Roma,332,SSC Bari,12,AS Roma,LOAN_RETURN_OR_END_OF_LOAN,End of loan 30/06/2026,TRANSFERMARKT_EXPANDED
2026/27,2026,IN,911224,Alessandro Romano,12,AS Roma,1390,Cagliari Calcio,12,AS Roma,LOAN_RETURN_OR_END_OF_LOAN,End of loan 30/06/2027,TRANSFERMARKT_EXPANDED
2026/27,2026,IN,371371,Marash Kumbulla,12,AS Roma,237,RCD Mallorca,12,AS Roma,LOAN_RETURN_OR_END_OF_LOAN,End of loan 30/06/2026,TRANSFERMARKT_EXPANDED
2026/27,2026,IN,721227,Luigi Cherubini,12,AS Roma,1038,UC Sampdoria,12,AS Roma,LOAN_RETURN_OR_END_OF_LOAN,End of loan 30/06/2026,TRANSFERMARKT_EXPANDED
2026/27,2026,IN,485584,Anass Salah-Eddine,12,AS Roma,383,PSV Eindhoven,12,AS Roma,LOAN_RETURN_OR_END_OF_LOAN,End of loan 30/06/2026,TRANSFERMARKT_EXPANDED
2026/27,2026,IN,1053217,Filippo Reale,12,AS Roma,2331,US Avellino 1912,12,AS Roma,LOAN_RETURN_OR_END_OF_LOAN,End of loan 30/06/2026,TRANSFERMARKT_EXPANDED
2026/27,2026,IN,495722,Devis Vásquez,12,AS Roma,114,Besiktas JK,12,AS Roma,LOAN_RETURN_OR_END_OF_LOAN,End of loan 30/06/2026,TRANSFERMARKT_EXPANDED
2026/27,2026,IN,962125,Buba Sangaré,12,AS Roma,1531,Elche CF,12,AS Roma,LOAN_RETURN_OR_END_OF_LOAN,End of loan 30/06/2026,TRANSFERMARKT_EXPANDED
2026/27,2026,IN,911224,Alessandro Romano,12,AS Roma,3522,Spezia Calcio,12,AS Roma,LOAN_RETURN_OR_END_OF_LOAN,End of loan 30/06/2026,TRANSFERMARKT_EXPANDED
2026/27,2026,OUT,962125,Buba Sangaré,12,AS Roma,12,AS Roma,1531,Elche CF,PERMANENT_OR_OTHER_EXPLICIT,€4.50m,TRANSFERMARKT_EXPANDED
2026/27,2026,OUT,901019,Neil El Aynaoui,12,AS Roma,12,AS Roma,23826,RB Leipzig,LOAN,Loan fee: €4.00m,TRANSFERMARKT_EXPANDED
2026/27,2026,OUT,631927,Saud Abdulhamid,12,AS Roma,12,AS Roma,826,RC Lens,PERMANENT_OR_OTHER_EXPLICIT,€3.50m,TRANSFERMARKT_EXPANDED
2026/27,2026,OUT,358166,Eldor Shomurodov,12,AS Roma,12,AS Roma,6890,Basaksehir FK,PERMANENT_OR_OTHER_EXPLICIT,€2.80m,TRANSFERMARKT_EXPANDED
2026/27,2026,OUT,1131161,Robinio Vaz,12,AS Roma,12,AS Roma,3008,Hull City,LOAN,Loan fee: €2.00m,TRANSFERMARKT_EXPANDED
2026/27,2026,OUT,911224,Alessandro Romano,12,AS Roma,12,AS Roma,1390,Cagliari Calcio,LOAN,Loan fee: €500k,TRANSFERMARKT_EXPANDED
2026/27,2026,OUT,1046867,Jan Ziolkowski,12,AS Roma,12,AS Roma,2919,AC Monza,LOAN,Loan fee: €500k,TRANSFERMARKT_EXPANDED
2026/27,2026,OUT,251075,Zeki Çelik,12,AS Roma,12,AS Roma,506,Juventus FC,FREE_TRANSFER,free transfer,TRANSFERMARKT_EXPANDED
2026/27,2026,OUT,277179,Angeliño,12,AS Roma,12,AS Roma,897,Deportivo A Coruña,LOAN,loan transfer,TRANSFERMARKT_EXPANDED
2026/27,2026,OUT,371371,Marash Kumbulla,12,AS Roma,12,AS Roma,367,Rayo Vallecano,LOAN,loan transfer,TRANSFERMARKT_EXPANDED
2026/27,2026,OUT,659415,Riccardo Pagano,12,AS Roma,12,AS Roma,1429,Cesena FC,PERMANENT_OR_OTHER_EXPLICIT,?,TRANSFERMARKT_EXPANDED
2026/27,2026,OUT,1053217,Filippo Reale,12,AS Roma,12,AS Roma,4159,Carrarese Calcio 1908,LOAN,loan transfer,TRANSFERMARKT_EXPANDED
2026/27,2026,OUT,721227,Luigi Cherubini,12,AS Roma,12,AS Roma,4171,Benevento Calcio,LOAN,loan transfer,TRANSFERMARKT_EXPANDED
2026/27,2026,OUT,803005,Mattia Mannini,12,AS Roma,12,AS Roma,4171,Benevento Calcio,LOAN,loan transfer,TRANSFERMARKT_EXPANDED
2026/27,2026,OUT,1073023,Radoslaw Zelezny,12,AS Roma,12,AS Roma,839,AC Perugia Calcio,LOAN,loan transfer,TRANSFERMARKT_EXPANDED
2026/27,2026,OUT,94529,Stephan El Shaarawy,12,AS Roma,12,AS Roma,515,Without Club,FREE_AGENT_OR_END_OF_CONTRACT,-,TRANSFERMARKT_EXPANDED
2026/27,2026,OUT,343537,Artem Dovbyk,12,AS Roma,12,AS Roma,1025,Bologna FC 1909,LOAN,loan transfer,TRANSFERMARKT_EXPANDED
2026/27,2026,OUT,648046,Evan Ferguson,12,AS Roma,12,AS Roma,1237,Brighton & Hove Albion,LOAN_RETURN_OR_END_OF_LOAN,End of loan 30/06/2026,TRANSFERMARKT_EXPANDED
2026/27,2026,OUT,701819,Daniele Ghilardi,12,AS Roma,12,AS Roma,276,Hellas Verona,LOAN_RETURN_OR_END_OF_LOAN,End of loan 30/06/2026,TRANSFERMARKT_EXPANDED
2026/27,2026,OUT,326029,Donyell Malen,12,AS Roma,12,AS Roma,405,Aston Villa,LOAN_RETURN_OR_END_OF_LOAN,End of loan 30/06/2026,TRANSFERMARKT_EXPANDED
2026/27,2026,OUT,338070,Konstantinos Tsimikas,12,AS Roma,12,AS Roma,31,Liverpool FC,LOAN_RETURN_OR_END_OF_LOAN,End of loan 30/06/2026,TRANSFERMARKT_EXPANDED
2026/27,2026,OUT,713644,Bryan Zaragoza,12,AS Roma,12,AS Roma,27,Bayern Munich,LOAN_RETURN_OR_END_OF_LOAN,End of loan 30/06/2026,TRANSFERMARKT_EXPANDED
2026/27,2026,OUT,1061820,Lorenzo Venturino,12,AS Roma,12,AS Roma,252,Genoa CFC,LOAN_RETURN_OR_END_OF_LOAN,End of loan 30/06/2026,TRANSFERMARKT_EXPANDED
2026/27,2026,IN,346314,Trevoh Chalobah,1047,Como 1907,631,Chelsea FC,1047,Como 1907,PERMANENT_OR_OTHER_EXPLICIT,€30.00m,TRANSFERMARKT_EXPANDED
2026/27,2026,IN,128223,Álvaro Morata,1047,Como 1907,5,AC Milan,1047,Como 1907,PERMANENT_OR_OTHER_EXPLICIT,€12.00m,TRANSFERMARKT_EXPANDED
2026/27,2026,IN,988964,Mattia Liberali,1047,Como 1907,4097,US Catanzaro,1047,Como 1907,PERMANENT_OR_OTHER_EXPLICIT,€6.00m,TRANSFERMARKT_EXPANDED
2026/27,2026,IN,281989,Luis Milla,1047,Como 1907,3709,Getafe CF,1047,Como 1907,PERMANENT_OR_OTHER_EXPLICIT,€6.00m,TRANSFERMARKT_EXPANDED
2026/27,2026,IN,364135,Moise Kean,1047,Como 1907,430,ACF Fiorentina,1047,Como 1907,LOAN,Loan fee: €5.00m,TRANSFERMARKT_EXPANDED
2026/27,2026,IN,627228,Yan Couto,1047,Como 1907,16,Borussia Dortmund,1047,Como 1907,LOAN,Loan fee: €3.00m,TRANSFERMARKT_EXPANDED
2026/27,2026,IN,467992,Samuele Ricci,1047,Como 1907,5,AC Milan,1047,Como 1907,LOAN,Loan fee: €1.50m,TRANSFERMARKT_EXPANDED
2026/27,2026,IN,962111,Andrés Cuenca,1047,Como 1907,2464,FC Barcelona Atlètic,1047,Como 1907,PERMANENT_OR_OTHER_EXPLICIT,€500k,TRANSFERMARKT_EXPANDED
2026/27,2026,IN,879217,Kaiki,1047,Como 1907,609,Cruzeiro Esporte Clube,1047,Como 1907,LOAN,loan transfer,TRANSFERMARKT_EXPANDED
2026/27,2026,IN,780630,Willy Kambwala,1047,Como 1907,1050,Villarreal CF,1047,Como 1907,LOAN,loan transfer,TRANSFERMARKT_EXPANDED
2026/27,2026,IN,403151,Robert Sánchez,1047,Como 1907,631,Chelsea FC,1047,Como 1907,LOAN,loan transfer,TRANSFERMARKT_EXPANDED
2026/27,2026,IN,1204163,Andréa Le Borgne,1047,Como 1907,14694,Como Primavera,1047,Como 1907,PERMANENT_OR_OTHER_EXPLICIT,-,TRANSFERMARKT_EXPANDED
2026/27,2026,IN,311333,Alessandro Gabrielloni,1047,Como 1907,5587,SS Juve Stabia,1047,Como 1907,LOAN_RETURN_OR_END_OF_LOAN,End of loan 30/06/2026,TRANSFERMARKT_EXPANDED
2026/27,2026,IN,532495,Marlon Mustapha,1047,Como 1907,3551,SCR Altach,1047,Como 1907,LOAN_RETURN_OR_END_OF_LOAN,End of loan 30/06/2026,TRANSFERMARKT_EXPANDED
2026/27,2026,IN,934461,Federico Chinetti,1047,Como 1907,4095,AC Trento,1047,Como 1907,LOAN_RETURN_OR_END_OF_LOAN,End of loan 30/06/2026,TRANSFERMARKT_EXPANDED
2026/27,2026,IN,981136,Fabio Rispoli,1047,Como 1907,4097,US Catanzaro,1047,Como 1907,LOAN_RETURN_OR_END_OF_LOAN,End of loan 30/06/2026,TRANSFERMARKT_EXPANDED
2026/27,2026,IN,256339,Emil Audero,1047,Como 1907,2239,US Cremonese,1047,Como 1907,LOAN_RETURN_OR_END_OF_LOAN,End of loan 30/06/2026,TRANSFERMARKT_EXPANDED
2026/27,2026,IN,749552,Alieu Fadera,1047,Como 1907,6574,US Sassuolo,1047,Como 1907,LOAN_RETURN_OR_END_OF_LOAN,End of loan 30/06/2026,TRANSFERMARKT_EXPANDED
2026/27,2026,IN,226025,Luca Mazzitelli,1047,Como 1907,1390,Cagliari Calcio,1047,Como 1907,LOAN_RETURN_OR_END_OF_LOAN,End of loan 30/06/2026,TRANSFERMARKT_EXPANDED
2026/27,2026,IN,488052,Matthias Braunöder,1047,Como 1907,332,SSC Bari,1047,Como 1907,LOAN_RETURN_OR_END_OF_LOAN,End of loan 30/06/2026,TRANSFERMARKT_EXPANDED
2026/27,2026,IN,633306,Iván Azón,1047,Como 1907,677,Ipswich Town,1047,Como 1907,LOAN_RETURN_OR_END_OF_LOAN,End of loan 30/06/2026,TRANSFERMARKT_EXPANDED
2026/27,2026,IN,877672,Ali Jasim,1047,Como 1907,32328,Al-Najma SC,1047,Como 1907,LOAN_RETURN_OR_END_OF_LOAN,End of loan 30/06/2026,TRANSFERMARKT_EXPANDED
2026/27,2026,IN,405670,Yannik Engelhardt,1047,Como 1907,18,Borussia Mönchengladbach,1047,Como 1907,LOAN_RETURN_OR_END_OF_LOAN,End of loan 30/06/2026,TRANSFERMARKT_EXPANDED
2026/27,2026,IN,1059730,Giuseppe Mazzaglia,1047,Como 1907,1408,Piacenza Calcio 1919,1047,Como 1907,LOAN_RETURN_OR_END_OF_LOAN,End of loan 30/06/2026,TRANSFERMARKT_EXPANDED
2026/27,2026,IN,412649,Tommaso Cassandro,1047,Como 1907,4097,US Catanzaro,1047,Como 1907,LOAN_RETURN_OR_END_OF_LOAN,End of loan 30/06/2026,TRANSFERMARKT_EXPANDED
2026/27,2026,IN,522681,Ben Lhassine Kone,1047,Como 1907,8970,Frosinone Calcio,1047,Como 1907,LOAN_RETURN_OR_END_OF_LOAN,End of loan 30/06/2026,TRANSFERMARKT_EXPANDED
2026/27,2026,IN,385394,Alberto Dossena,1047,Como 1907,1390,Cagliari Calcio,1047,Como 1907,LOAN_RETURN_OR_END_OF_LOAN,End of loan 30/06/2026,TRANSFERMARKT_EXPANDED
2026/27,2026,IN,223974,Stefan Posch,1047,Como 1907,39,1.FSV Mainz 05,1047,Como 1907,LOAN_RETURN_OR_END_OF_LOAN,End of loan 30/06/2026,TRANSFERMARKT_EXPANDED
2026/27,2026,IN,265078,Patrick Cutrone,1047,Como 1907,2919,AC Monza,1047,Como 1907,LOAN_RETURN_OR_END_OF_LOAN,End of loan 30/06/2026,TRANSFERMARKT_EXPANDED
2026/27,2026,IN,1004723,Fellipe Jack,1047,Como 1907,4097,US Catanzaro,1047,Como 1907,LOAN_RETURN_OR_END_OF_LOAN,End of loan 30/06/2026,TRANSFERMARKT_EXPANDED
2026/27,2026,IN,691678,Tommaso Fumagalli,1047,Como 1907,5621,AC Reggiana 1919,1047,Como 1907,LOAN_RETURN_OR_END_OF_LOAN,End of loan 30/06/2026,TRANSFERMARKT_EXPANDED
2026/27,2026,IN,866216,Jacopo Simonetta,1047,Como 1907,8373,Siracusa Calcio,1047,Como 1907,LOAN_RETURN_OR_END_OF_LOAN,End of loan 30/06/2026,TRANSFERMARKT_EXPANDED
2026/27,2026,OUT,405670,Yannik Engelhardt,1047,Como 1907,1047,Como 1907,60,SC Freiburg,PERMANENT_OR_OTHER_EXPLICIT,€7.00m,TRANSFERMARKT_EXPANDED
2026/27,2026,OUT,265078,Patrick Cutrone,1047,Como 1907,1047,Como 1907,2919,AC Monza,PERMANENT_OR_OTHER_EXPLICIT,€4.00m,TRANSFERMARKT_EXPANDED
2026/27,2026,OUT,223974,Stefan Posch,1047,Como 1907,1047,Como 1907,39,1.FSV Mainz 05,PERMANENT_OR_OTHER_EXPLICIT,€4.00m,TRANSFERMARKT_EXPANDED
2026/27,2026,OUT,412649,Tommaso Cassandro,1047,Como 1907,1047,Como 1907,458,Palermo FC,PERMANENT_OR_OTHER_EXPLICIT,€1.50m,TRANSFERMARKT_EXPANDED
2026/27,2026,OUT,336125,Mërgim Vojvoda,1047,Como 1907,1047,Como 1907,410,Udinese Calcio,PERMANENT_OR_OTHER_EXPLICIT,€1.50m,TRANSFERMARKT_EXPANDED
2026/27,2026,OUT,522681,Ben Lhassine Kone,1047,Como 1907,1047,Como 1907,8970,Frosinone Calcio,PERMANENT_OR_OTHER_EXPLICIT,€1.30m,TRANSFERMARKT_EXPANDED
2026/27,2026,OUT,877672,Ali Jasim,1047,Como 1907,1047,Como 1907,39637,Zakho SC,PERMANENT_OR_OTHER_EXPLICIT,€650k,TRANSFERMARKT_EXPANDED
2026/27,2026,OUT,749552,Alieu Fadera,1047,Como 1907,1047,Como 1907,1390,Cagliari Calcio,LOAN,Loan fee: €500k,TRANSFERMARKT_EXPANDED
2026/27,2026,OUT,207917,Alberto Moreno,1047,Como 1907,1047,Como 1907,237,RCD Mallorca,FREE_TRANSFER,free transfer,TRANSFERMARKT_EXPANDED
2026/27,2026,OUT,85370,Sergi Roberto,1047,Como 1907,1047,Como 1907,1061,Los Angeles Galaxy,FREE_TRANSFER,free transfer,TRANSFERMARKT_EXPANDED
2026/27,2026,OUT,256339,Emil Audero,1047,Como 1907,1047,Como 1907,367,Rayo Vallecano,LOAN,loan transfer,TRANSFERMARKT_EXPANDED
2026/27,2026,OUT,1059730,Giuseppe Mazzaglia,1047,Como 1907,1047,Como 1907,26251,US Folgore Caratese,PERMANENT_OR_OTHER_EXPLICIT,?,TRANSFERMARKT_EXPANDED
2026/27,2026,OUT,691678,Tommaso Fumagalli,1047,Como 1907,1047,Como 1907,41119,Inter U23,PERMANENT_OR_OTHER_EXPLICIT,?,TRANSFERMARKT_EXPANDED
2026/27,2026,OUT,488052,Matthias Braunöder,1047,Como 1907,1047,Como 1907,4159,Carrarese Calcio 1908,PERMANENT_OR_OTHER_EXPLICIT,?,TRANSFERMARKT_EXPANDED
2026/27,2026,OUT,1204163,Andréa Le Borgne,1047,Como 1907,1047,Como 1907,276,Hellas Verona,LOAN,loan transfer,TRANSFERMARKT_EXPANDED
2026/27,2026,OUT,934461,Federico Chinetti,1047,Como 1907,1047,Como 1907,2581,Mantova 1911,LOAN,loan transfer,TRANSFERMARKT_EXPANDED
2026/27,2026,OUT,1004723,Fellipe Jack,1047,Como 1907,1047,Como 1907,2239,US Cremonese,LOAN,loan transfer,TRANSFERMARKT_EXPANDED
2026/27,2026,OUT,866216,Jacopo Simonetta,1047,Como 1907,1047,Como 1907,11483,FC Vado,LOAN,loan transfer,TRANSFERMARKT_EXPANDED
2026/27,2026,OUT,981136,Fabio Rispoli,1047,Como 1907,1047,Como 1907,4554,FC Südtirol,LOAN,loan transfer,TRANSFERMARKT_EXPANDED
2026/27,2026,OUT,962111,Andrés Cuenca,1047,Como 1907,1047,Como 1907,2448,Sporting Gijón,LOAN,loan transfer,TRANSFERMARKT_EXPANDED
2026/27,2026,OUT,128223,Álvaro Morata,1047,Como 1907,1047,Como 1907,1244,CD Leganés,LOAN,loan transfer,TRANSFERMARKT_EXPANDED
2026/27,2026,OUT,311333,Alessandro Gabrielloni,1047,Como 1907,1047,Como 1907,458,Palermo FC,LOAN,loan transfer,TRANSFERMARKT_EXPANDED
2026/27,2026,OUT,490423,Ignace Van der Brempt,1047,Como 1907,1047,Como 1907,6574,US Sassuolo,LOAN,loan transfer,TRANSFERMARKT_EXPANDED
2026/27,2026,OUT,730531,Noel Törnqvist,1047,Como 1907,1047,Como 1907,2919,AC Monza,LOAN,loan transfer,TRANSFERMARKT_EXPANDED
2026/27,2026,OUT,336012,Nicolas Kühn,1047,Como 1907,1047,Como 1907,18,Borussia Mönchengladbach,LOAN,loan transfer,TRANSFERMARKT_EXPANDED
2026/27,2026,OUT,633306,Iván Azón,1047,Como 1907,1047,Como 1907,3709,Getafe CF,LOAN,loan transfer,TRANSFERMARKT_EXPANDED
2026/27,2026,OUT,226025,Luca Mazzitelli,1047,Como 1907,1047,Como 1907,515,Without Club,FREE_AGENT_OR_END_OF_CONTRACT,-,TRANSFERMARKT_EXPANDED
2026/27,2026,OUT,532495,Marlon Mustapha,1047,Como 1907,1047,Como 1907,515,Without Club,FREE_AGENT_OR_END_OF_CONTRACT,-,TRANSFERMARKT_EXPANDED
2026/27,2026,OUT,128223,Álvaro Morata,1047,Como 1907,1047,Como 1907,5,AC Milan,LOAN_RETURN_OR_END_OF_LOAN,End of loan 30/06/2026,TRANSFERMARKT_EXPANDED
2026/27,2026,OUT,1259706,Henrique Menke,1047,Como 1907,1047,Como 1907,15083,SC Internacional U20,LOAN_RETURN_OR_END_OF_LOAN,End of loan 30/06/2026,TRANSFERMARKT_EXPANDED
2026/27,2026,OUT,587505,Nikola Cavlina,1047,Como 1907,1047,Como 1907,419,GNK Dinamo Zagreb,LOAN_RETURN_OR_END_OF_LOAN,End of loan 30/06/2026,TRANSFERMARKT_EXPANDED
2026/27,2026,OUT,329145,Diego Carlos,1047,Como 1907,1047,Como 1907,36,Fenerbahce,LOAN_RETURN_OR_END_OF_LOAN,End of loan 30/06/2026,TRANSFERMARKT_EXPANDED
2026/27,2026,IN,550550,Gonçalo Ramos,5,AC Milan,583,Paris Saint-Germain,5,AC Milan,PERMANENT_OR_OTHER_EXPLICIT,€74.00m,TRANSFERMARKT_EXPANDED
2026/27,2026,IN,655006,Diego Moreira,5,AC Milan,667,RC Strasbourg Alsace,5,AC Milan,PERMANENT_OR_OTHER_EXPLICIT,€50.00m,TRANSFERMARKT_EXPANDED
2026/27,2026,IN,618341,Mario Gila,5,AC Milan,398,SS Lazio,5,AC Milan,PERMANENT_OR_OTHER_EXPLICIT,€30.00m,TRANSFERMARKT_EXPANDED
2026/27,2026,IN,741238,Omari Hutchinson,5,AC Milan,703,Nottingham Forest,5,AC Milan,LOAN,Loan fee: €4.20m,TRANSFERMARKT_EXPANDED
2026/27,2026,IN,987672,Andrej Kostić,5,AC Milan,669,FK Partizan Belgrade,5,AC Milan,PERMANENT_OR_OTHER_EXPLICIT,€3.50m,TRANSFERMARKT_EXPANDED
2026/27,2026,IN,1179195,Sankhoun Diawara,5,AC Milan,1095,ESTAC Troyes,5,AC Milan,PERMANENT_OR_OTHER_EXPLICIT,€2.00m,TRANSFERMARKT_EXPANDED
2026/27,2026,IN,1058368,Francesco Camarda,5,AC Milan,1005,US Lecce,5,AC Milan,LOAN_RETURN_OR_END_OF_LOAN,End of loan 30/06/2026 €1.35m,TRANSFERMARKT_EXPANDED
2026/27,2026,IN,1136279,Valeri Vladimirov,5,AC Milan,41107,Milan Futuro,5,AC Milan,PERMANENT_OR_OTHER_EXPLICIT,-,TRANSFERMARKT_EXPANDED
2026/27,2026,IN,964087,Alphadjo Cissè,5,AC Milan,4097,US Catanzaro,5,AC Milan,LOAN_RETURN_OR_END_OF_LOAN,End of loan 30/06/2026,TRANSFERMARKT_EXPANDED
2026/27,2026,IN,351816,Ismaël Bennacer,5,AC Milan,419,GNK Dinamo Zagreb,5,AC Milan,LOAN_RETURN_OR_END_OF_LOAN,End of loan 30/06/2026,TRANSFERMARKT_EXPANDED
2026/27,2026,IN,401922,Samuel Chukwueze,5,AC Milan,931,Fulham FC,5,AC Milan,LOAN_RETURN_OR_END_OF_LOAN,End of loan 30/06/2026,TRANSFERMARKT_EXPANDED
2026/27,2026,IN,503991,Yunus Musah,5,AC Milan,800,Atalanta BC,5,AC Milan,LOAN_RETURN_OR_END_OF_LOAN,End of loan 30/06/2026,TRANSFERMARKT_EXPANDED
2026/27,2026,IN,741257,Álex Jiménez,5,AC Milan,989,AFC Bournemouth,5,AC Milan,LOAN_RETURN_OR_END_OF_LOAN,End of loan 30/06/2026,TRANSFERMARKT_EXPANDED
2026/27,2026,IN,659516,Warren Bondo,5,AC Milan,2239,US Cremonese,5,AC Milan,LOAN_RETURN_OR_END_OF_LOAN,End of loan 30/06/2026,TRANSFERMARKT_EXPANDED
2026/27,2026,IN,128223,Álvaro Morata,5,AC Milan,1047,Como 1907,5,AC Milan,LOAN_RETURN_OR_END_OF_LOAN,End of loan 30/06/2026,TRANSFERMARKT_EXPANDED
2026/27,2026,IN,631007,Filippo Terracciano,5,AC Milan,2239,US Cremonese,5,AC Milan,LOAN_RETURN_OR_END_OF_LOAN,End of loan 30/06/2026,TRANSFERMARKT_EXPANDED
2026/27,2026,IN,1058363,Christian Comotto,5,AC Milan,3522,Spezia Calcio,5,AC Milan,LOAN_RETURN_OR_END_OF_LOAN,End of loan 30/06/2026,TRANSFERMARKT_EXPANDED
2026/27,2026,IN,487843,Lorenzo Colombo,5,AC Milan,252,Genoa CFC,5,AC Milan,LOAN_RETURN_OR_END_OF_LOAN,End of loan 30/06/2026,TRANSFERMARKT_EXPANDED
2026/27,2026,IN,392538,Tommaso Pobega,5,AC Milan,1025,Bologna FC 1909,5,AC Milan,LOAN_RETURN_OR_END_OF_LOAN,End of loan 30/06/2026,TRANSFERMARKT_EXPANDED
2026/27,2026,OUT,357164,Rafael Leão,5,AC Milan,5,AC Milan,141,Galatasaray,PERMANENT_OR_OTHER_EXPLICIT,€38.00m,TRANSFERMARKT_EXPANDED
2026/27,2026,OUT,741257,Álex Jiménez,5,AC Milan,5,AC Milan,989,AFC Bournemouth,PERMANENT_OR_OTHER_EXPLICIT,€18.50m,TRANSFERMARKT_EXPANDED
2026/27,2026,OUT,128223,Álvaro Morata,5,AC Milan,5,AC Milan,1047,Como 1907,PERMANENT_OR_OTHER_EXPLICIT,€12.00m,TRANSFERMARKT_EXPANDED
2026/27,2026,OUT,487843,Lorenzo Colombo,5,AC Milan,5,AC Milan,252,Genoa CFC,PERMANENT_OR_OTHER_EXPLICIT,€7.00m,TRANSFERMARKT_EXPANDED
2026/27,2026,OUT,392538,Tommaso Pobega,5,AC Milan,5,AC Milan,1025,Bologna FC 1909,PERMANENT_OR_OTHER_EXPLICIT,€7.00m,TRANSFERMARKT_EXPANDED
2026/27,2026,OUT,344381,Christopher Nkunku,5,AC Milan,5,AC Milan,23826,RB Leipzig,LOAN,Loan fee: €3.00m,TRANSFERMARKT_EXPANDED
2026/27,2026,OUT,467992,Samuele Ricci,5,AC Milan,5,AC Milan,1047,Como 1907,LOAN,Loan fee: €1.50m,TRANSFERMARKT_EXPANDED
2026/27,2026,OUT,569598,Youssouf Fofana,5,AC Milan,5,AC Milan,368,Sevilla FC,LOAN,loan transfer,TRANSFERMARKT_EXPANDED
2026/27,2026,OUT,990637,Zachary Athekame,5,AC Milan,5,AC Milan,1041,Olympique Lyon,LOAN,loan transfer,TRANSFERMARKT_EXPANDED
2026/27,2026,OUT,897423,David Odogu,5,AC Milan,5,AC Milan,415,FC Toulouse,LOAN,loan transfer,TRANSFERMARKT_EXPANDED
2026/27,2026,OUT,987672,Andrej Kostić,5,AC Milan,5,AC Milan,468,Sparta Rotterdam,LOAN,loan transfer,TRANSFERMARKT_EXPANDED
2026/27,2026,OUT,552955,Santiago Gimenez,5,AC Milan,5,AC Milan,720,FC Porto,LOAN,loan transfer,TRANSFERMARKT_EXPANDED
2026/27,2026,OUT,351816,Ismaël Bennacer,5,AC Milan,5,AC Milan,515,Without Club,FREE_AGENT_OR_END_OF_CONTRACT,-,TRANSFERMARKT_EXPANDED
2026/27,2026,OUT,75489,Niclas Füllkrug,5,AC Milan,5,AC Milan,379,West Ham United,LOAN_RETURN_OR_END_OF_LOAN,End of loan 30/06/2026,TRANSFERMARKT_EXPANDED
2026/27,2026,IN,368887,Loïs Openda,506,Juventus FC,23826,RB Leipzig,506,Juventus FC,PERMANENT_OR_OTHER_EXPLICIT,€42.75m,TRANSFERMARKT_EXPANDED
2026/27,2026,IN,487969,Randal Kolo Muani,506,Juventus FC,583,Paris Saint-Germain,506,Juventus FC,PERMANENT_OR_OTHER_EXPLICIT,€41.20m,TRANSFERMARKT_EXPANDED
2026/27,2026,IN,929994,Kerim Alajbegovic,506,Juventus FC,15,Bayer 04 Leverkusen,506,Juventus FC,PERMANENT_OR_OTHER_EXPLICIT,€32.00m,TRANSFERMARKT_EXPANDED
2026/27,2026,IN,413565,Jhon Lucumí,506,Juventus FC,1025,Bologna FC 1909,506,Juventus FC,PERMANENT_OR_OTHER_EXPLICIT,€20.10m,TRANSFERMARKT_EXPANDED
2026/27,2026,IN,934878,Jeff Ekhator,506,Juventus FC,252,Genoa CFC,506,Juventus FC,PERMANENT_OR_OTHER_EXPLICIT,€16.40m,TRANSFERMARKT_EXPANDED
2026/27,2026,IN,216569,Jérémie Boga,506,Juventus FC,417,OGC Nice,506,Juventus FC,PERMANENT_OR_OTHER_EXPLICIT,€4.80m,TRANSFERMARKT_EXPANDED
2026/27,2026,IN,455661,Nick Woltemade,506,Juventus FC,762,Newcastle United,506,Juventus FC,LOAN,Loan fee: €3.60m,TRANSFERMARKT_EXPANDED
2026/27,2026,IN,568693,Pape Matar Sarr,506,Juventus FC,148,Tottenham Hotspur,506,Juventus FC,LOAN,Loan fee: €2.80m,TRANSFERMARKT_EXPANDED
2026/27,2026,IN,346551,Kamil Grabara,506,Juventus FC,82,VfL Wolfsburg,506,Juventus FC,LOAN,Loan fee: €700k,TRANSFERMARKT_EXPANDED
2026/27,2026,IN,251075,Zeki Çelik,506,Juventus FC,12,AS Roma,506,Juventus FC,FREE_TRANSFER,free transfer,TRANSFERMARKT_EXPANDED
2026/27,2026,IN,286047,Guglielmo Vicario,506,Juventus FC,148,Tottenham Hotspur,506,Juventus FC,LOAN,loan transfer,TRANSFERMARKT_EXPANDED
2026/27,2026,IN,362842,Arthur Melo,506,Juventus FC,210,Grêmio Foot-Ball Porto Alegrense,506,Juventus FC,LOAN_RETURN_OR_END_OF_LOAN,End of loan 30/06/2026,TRANSFERMARKT_EXPANDED
2026/27,2026,IN,162959,Daniele Rugani,506,Juventus FC,430,ACF Fiorentina,506,Juventus FC,LOAN_RETURN_OR_END_OF_LOAN,End of loan 30/06/2026,TRANSFERMARKT_EXPANDED
2026/27,2026,IN,537602,João Mário,506,Juventus FC,1025,Bologna FC 1909,506,Juventus FC,LOAN_RETURN_OR_END_OF_LOAN,End of loan 30/06/2026,TRANSFERMARKT_EXPANDED
2026/27,2026,IN,447661,Douglas Luiz,506,Juventus FC,405,Aston Villa,506,Juventus FC,LOAN_RETURN_OR_END_OF_LOAN,End of loan 30/06/2026,TRANSFERMARKT_EXPANDED
2026/27,2026,IN,825199,Facundo González,506,Juventus FC,630,Racing Santander,506,Juventus FC,LOAN_RETURN_OR_END_OF_LOAN,End of loan 30/06/2026,TRANSFERMARKT_EXPANDED
2026/27,2026,IN,486031,Nico González,506,Juventus FC,13,Atlético de Madrid,506,Juventus FC,LOAN_RETURN_OR_END_OF_LOAN,End of loan 30/06/2026,TRANSFERMARKT_EXPANDED
2026/27,2026,IN,370846,Timothy Weah,506,Juventus FC,244,Olympique Marseille,506,Juventus FC,LOAN_RETURN_OR_END_OF_LOAN,End of loan 30/06/2026,TRANSFERMARKT_EXPANDED
2026/27,2026,OUT,370846,Timothy Weah,506,Juventus FC,506,Juventus FC,244,Olympique Marseille,PERMANENT_OR_OTHER_EXPLICIT,€14.40m,TRANSFERMARKT_EXPANDED
2026/27,2026,OUT,368887,Loïs Openda,506,Juventus FC,506,Juventus FC,1041,Olympique Lyon,LOAN,Loan fee: €3.50m,TRANSFERMARKT_EXPANDED
2026/27,2026,OUT,825199,Facundo González,506,Juventus FC,506,Juventus FC,630,Racing Santander,PERMANENT_OR_OTHER_EXPLICIT,€2.50m,TRANSFERMARKT_EXPANDED
2026/27,2026,OUT,571607,Fabio Miretti,506,Juventus FC,506,Juventus FC,114,Besiktas JK,LOAN,Loan fee: €2.10m,TRANSFERMARKT_EXPANDED
2026/27,2026,OUT,537602,João Mário,506,Juventus FC,506,Juventus FC,430,ACF Fiorentina,LOAN,Loan fee: €1.80m,TRANSFERMARKT_EXPANDED
2026/27,2026,OUT,301238,Michele Di Gregorio,506,Juventus FC,506,Juventus FC,989,AFC Bournemouth,LOAN,Loan fee: €1.30m,TRANSFERMARKT_EXPANDED
2026/27,2026,OUT,944570,Vasilije Adžić,506,Juventus FC,506,Juventus FC,6574,US Sassuolo,LOAN,Loan fee: €500k,TRANSFERMARKT_EXPANDED
2026/27,2026,OUT,110923,Mattia Perin,506,Juventus FC,506,Juventus FC,458,Palermo FC,PERMANENT_OR_OTHER_EXPLICIT,€400k,TRANSFERMARKT_EXPANDED
2026/27,2026,OUT,362842,Arthur Melo,506,Juventus FC,506,Juventus FC,221,Santos FC,FREE_TRANSFER,free transfer,TRANSFERMARKT_EXPANDED
2026/27,2026,OUT,357498,Dušan Vlahović,506,Juventus FC,506,Juventus FC,114,Besiktas JK,FREE_TRANSFER,free transfer,TRANSFERMARKT_EXPANDED
2026/27,2026,OUT,161011,Filip Kostic,506,Juventus FC,506,Juventus FC,383,PSV Eindhoven,FREE_TRANSFER,free transfer,TRANSFERMARKT_EXPANDED
2026/27,2026,OUT,533738,Jonathan David,506,Juventus FC,506,Juventus FC,13,Atlético de Madrid,LOAN,loan transfer,TRANSFERMARKT_EXPANDED
2026/27,2026,OUT,496745,Emil Holm,506,Juventus FC,506,Juventus FC,1025,Bologna FC 1909,LOAN_RETURN_OR_END_OF_LOAN,End of loan 30/06/2026,TRANSFERMARKT_EXPANDED
2026/27,2026,OUT,216569,Jérémie Boga,506,Juventus FC,506,Juventus FC,417,OGC Nice,LOAN_RETURN_OR_END_OF_LOAN,End of loan 30/06/2026,TRANSFERMARKT_EXPANDED
2026/27,2026,OUT,368887,Loïs Openda,506,Juventus FC,506,Juventus FC,23826,RB Leipzig,LOAN_RETURN_OR_END_OF_LOAN,End of loan 30/06/2026,TRANSFERMARKT_EXPANDED
2026/27,2026,IN,358008,Gianluca Gaetano,800,Atalanta BC,1390,Cagliari Calcio,800,Atalanta BC,PERMANENT_OR_OTHER_EXPLICIT,€12.00m,TRANSFERMARKT_EXPANDED
2026/27,2026,IN,672381,Jonathan Rowe,800,Atalanta BC,1025,Bologna FC 1909,800,Atalanta BC,LOAN,Loan fee: €5.00m,TRANSFERMARKT_EXPANDED
2026/27,2026,IN,400489,Eljif Elmas,800,Atalanta BC,23826,RB Leipzig,800,Atalanta BC,LOAN,Loan fee: €2.00m,TRANSFERMARKT_EXPANDED
2026/27,2026,IN,294808,Franck Kessié,800,Atalanta BC,18487,Al-Ahli SFC,800,Atalanta BC,FREE_TRANSFER,free transfer,TRANSFERMARKT_EXPANDED
2026/27,2026,IN,962246,Thomas Pompei,800,Atalanta BC,4031,Cosenza Calcio,800,Atalanta BC,PERMANENT_OR_OTHER_EXPLICIT,?,TRANSFERMARKT_EXPANDED
2026/27,2026,IN,698259,Thomas Kristensen,800,Atalanta BC,410,Udinese Calcio,800,Atalanta BC,LOAN,loan transfer,TRANSFERMARKT_EXPANDED
2026/27,2026,IN,650256,Paolo Vismara,800,Atalanta BC,41110,Atalanta U23,800,Atalanta BC,PERMANENT_OR_OTHER_EXPLICIT,-,TRANSFERMARKT_EXPANDED
2026/27,2026,IN,459128,Marco Brescianini,800,Atalanta BC,430,ACF Fiorentina,800,Atalanta BC,LOAN_RETURN_OR_END_OF_LOAN,End of loan 30/06/2026,TRANSFERMARKT_EXPANDED
2026/27,2026,IN,895937,Marco Palestra,800,Atalanta BC,1390,Cagliari Calcio,800,Atalanta BC,LOAN_RETURN_OR_END_OF_LOAN,End of loan 30/06/2026,TRANSFERMARKT_EXPANDED
2026/27,2026,IN,663900,Giovanni Bonfanti,800,Atalanta BC,3522,Spezia Calcio,800,Atalanta BC,LOAN_RETURN_OR_END_OF_LOAN,End of loan 30/06/2026,TRANSFERMARKT_EXPANDED
2026/27,2026,IN,649016,El Bilal Touré,800,Atalanta BC,114,Besiktas JK,800,Atalanta BC,LOAN_RETURN_OR_END_OF_LOAN,End of loan 30/06/2026,TRANSFERMARKT_EXPANDED
2026/27,2026,IN,343475,Ben Godfrey,800,Atalanta BC,206,Bröndby IF,800,Atalanta BC,LOAN_RETURN_OR_END_OF_LOAN,End of loan 30/06/2026,TRANSFERMARKT_EXPANDED
2026/27,2026,IN,982267,Ibrahim Sulemana,800,Atalanta BC,1390,Cagliari Calcio,800,Atalanta BC,LOAN_RETURN_OR_END_OF_LOAN,End of loan 30/06/2026,TRANSFERMARKT_EXPANDED
2026/27,2026,IN,539134,Daniel Maldini,800,Atalanta BC,398,SS Lazio,800,Atalanta BC,LOAN_RETURN_OR_END_OF_LOAN,End of loan 30/06/2026,TRANSFERMARKT_EXPANDED
2026/27,2026,OUT,895937,Marco Palestra,800,Atalanta BC,800,Atalanta BC,631,Chelsea FC,PERMANENT_OR_OTHER_EXPLICIT,€57.00m,TRANSFERMARKT_EXPANDED
2026/27,2026,OUT,459128,Marco Brescianini,800,Atalanta BC,800,Atalanta BC,430,ACF Fiorentina,PERMANENT_OR_OTHER_EXPLICIT,€10.00m,TRANSFERMARKT_EXPANDED
2026/27,2026,OUT,165513,Berat Djimsiti,800,Atalanta BC,800,Atalanta BC,52358,Al-Diriyah FC,PERMANENT_OR_OTHER_EXPLICIT,€3.00m,TRANSFERMARKT_EXPANDED
2026/27,2026,OUT,649016,El Bilal Touré,800,Atalanta BC,800,Atalanta BC,130,Parma Calcio 1913,LOAN,Loan fee: €1.50m,TRANSFERMARKT_EXPANDED
2026/27,2026,OUT,539134,Daniel Maldini,800,Atalanta BC,800,Atalanta BC,1390,Cagliari Calcio,LOAN,Loan fee: €1.00m,TRANSFERMARKT_EXPANDED
2026/27,2026,OUT,133179,Marten de Roon,800,Atalanta BC,800,Atalanta BC,12,AS Roma,FREE_TRANSFER,free transfer,TRANSFERMARKT_EXPANDED
2026/27,2026,OUT,650256,Paolo Vismara,800,Atalanta BC,800,Atalanta BC,5587,SS Juve Stabia,PERMANENT_OR_OTHER_EXPLICIT,?,TRANSFERMARKT_EXPANDED
2026/27,2026,OUT,343475,Ben Godfrey,800,Atalanta BC,800,Atalanta BC,124,Rangers FC,LOAN,loan transfer,TRANSFERMARKT_EXPANDED
2026/27,2026,OUT,1077175,Honest Ahanor,800,Atalanta BC,800,Atalanta BC,873,Crystal Palace,LOAN,loan transfer,TRANSFERMARKT_EXPANDED
2026/27,2026,OUT,663900,Giovanni Bonfanti,800,Atalanta BC,800,Atalanta BC,472,UD Las Palmas,LOAN,loan transfer,TRANSFERMARKT_EXPANDED
2026/27,2026,OUT,982267,Ibrahim Sulemana,800,Atalanta BC,800,Atalanta BC,6574,US Sassuolo,LOAN,loan transfer,TRANSFERMARKT_EXPANDED
2026/27,2026,OUT,126634,Francesco Rossi,800,Atalanta BC,800,Atalanta BC,,Retired,RETIREMENT,-,TRANSFERMARKT_EXPANDED
2026/27,2026,OUT,361065,Mitchel Bakker,800,Atalanta BC,800,Atalanta BC,515,Without Club,FREE_AGENT_OR_END_OF_CONTRACT,-,TRANSFERMARKT_EXPANDED
2026/27,2026,OUT,503991,Yunus Musah,800,Atalanta BC,800,Atalanta BC,5,AC Milan,LOAN_RETURN_OR_END_OF_LOAN,End of loan 30/06/2026,TRANSFERMARKT_EXPANDED
2026/27,2026,IN,1283311,Mikel Amondarain,1025,Bologna FC 1909,288,Club Estudiantes de La Plata,1025,Bologna FC 1909,PERMANENT_OR_OTHER_EXPLICIT,€10.00m,TRANSFERMARKT_EXPANDED
2026/27,2026,IN,392538,Tommaso Pobega,1025,Bologna FC 1909,5,AC Milan,1025,Bologna FC 1909,PERMANENT_OR_OTHER_EXPLICIT,€7.00m,TRANSFERMARKT_EXPANDED
2026/27,2026,IN,678035,Jay Enem,1025,Bologna FC 1909,159,Red Star Belgrade,1025,Bologna FC 1909,PERMANENT_OR_OTHER_EXPLICIT,€6.00m,TRANSFERMARKT_EXPANDED
2026/27,2026,IN,929899,Rahim Alhassane,1025,Bologna FC 1909,2497,Real Oviedo,1025,Bologna FC 1909,PERMANENT_OR_OTHER_EXPLICIT,€3.50m,TRANSFERMARKT_EXPANDED
2026/27,2026,IN,654991,Samuel Mbangula,1025,Bologna FC 1909,86,SV Werder Bremen,1025,Bologna FC 1909,LOAN,Loan fee: €2.00m,TRANSFERMARKT_EXPANDED
2026/27,2026,IN,815787,Luigi Caccavo,1025,Bologna FC 1909,4103,FC Lumezzane,1025,Bologna FC 1909,PERMANENT_OR_OTHER_EXPLICIT,€300k,TRANSFERMARKT_EXPANDED
2026/27,2026,IN,1048147,Federico Cassa,1025,Bologna FC 1909,41110,Atalanta U23,1025,Bologna FC 1909,PERMANENT_OR_OTHER_EXPLICIT,?,TRANSFERMARKT_EXPANDED
2026/27,2026,IN,432092,Roberto Piccoli,1025,Bologna FC 1909,430,ACF Fiorentina,1025,Bologna FC 1909,LOAN,loan transfer,TRANSFERMARKT_EXPANDED
2026/27,2026,IN,368891,Arthur Theate,1025,Bologna FC 1909,24,Eintracht Frankfurt,1025,Bologna FC 1909,LOAN,loan transfer,TRANSFERMARKT_EXPANDED
2026/27,2026,IN,1018026,Ukko Happonen,1025,Bologna FC 1909,14848,Bologna Primavera,1025,Bologna FC 1909,PERMANENT_OR_OTHER_EXPLICIT,-,TRANSFERMARKT_EXPANDED
2026/27,2026,IN,1108253,Dimitar Papazov,1025,Bologna FC 1909,14848,Bologna Primavera,1025,Bologna FC 1909,PERMANENT_OR_OTHER_EXPLICIT,-,TRANSFERMARKT_EXPANDED
2026/27,2026,IN,343537,Artem Dovbyk,1025,Bologna FC 1909,12,AS Roma,1025,Bologna FC 1909,LOAN,loan transfer,TRANSFERMARKT_EXPANDED
2026/27,2026,IN,886152,Thomas Gillier,1025,Bologna FC 1909,4078,CF Montréal,1025,Bologna FC 1909,LOAN_RETURN_OR_END_OF_LOAN,End of loan 31/12/2026,TRANSFERMARKT_EXPANDED
2026/27,2026,IN,818878,Wisdom Amey,1025,Bologna FC 1909,34499,US Pianese,1025,Bologna FC 1909,LOAN_RETURN_OR_END_OF_LOAN,End of loan 30/06/2026,TRANSFERMARKT_EXPANDED
2026/27,2026,IN,679754,Niklas Pyyhtiä,1025,Bologna FC 1909,1385,Modena FC,1025,Bologna FC 1909,LOAN_RETURN_OR_END_OF_LOAN,End of loan 30/06/2026,TRANSFERMARKT_EXPANDED
2026/27,2026,IN,821105,Davide Franzini,1025,Bologna FC 1909,38322,AC Bra,1025,Bologna FC 1909,LOAN_RETURN_OR_END_OF_LOAN,End of loan 30/06/2026,TRANSFERMARKT_EXPANDED
2026/27,2026,IN,935173,Manuel Rosetti,1025,Bologna FC 1909,4102,AC Carpi,1025,Bologna FC 1909,LOAN_RETURN_OR_END_OF_LOAN,End of loan 30/06/2026,TRANSFERMARKT_EXPANDED
2026/27,2026,IN,930150,Tommaso Ebone,1025,Bologna FC 1909,4095,AC Trento,1025,Bologna FC 1909,LOAN_RETURN_OR_END_OF_LOAN,End of loan 30/06/2026,TRANSFERMARKT_EXPANDED
2026/27,2026,IN,659420,Mattia Motolese,1025,Bologna FC 1909,4146,Aurora Pro Patria,1025,Bologna FC 1909,LOAN_RETURN_OR_END_OF_LOAN,End of loan 30/06/2026,TRANSFERMARKT_EXPANDED
2026/27,2026,IN,531065,Oussama El Azzouzi,1025,Bologna FC 1909,290,AJ Auxerre,1025,Bologna FC 1909,LOAN_RETURN_OR_END_OF_LOAN,End of loan 30/06/2026,TRANSFERMARKT_EXPANDED
2026/27,2026,IN,237658,Michel Aebischer,1025,Bologna FC 1909,4172,Pisa Sporting Club,1025,Bologna FC 1909,LOAN_RETURN_OR_END_OF_LOAN,End of loan 30/06/2026,TRANSFERMARKT_EXPANDED
2026/27,2026,IN,401935,Orji Okwonkwo,1025,Bologna FC 1909,2921,Delfino Pescara 1936,1025,Bologna FC 1909,LOAN_RETURN_OR_END_OF_LOAN,End of loan 30/06/2026,TRANSFERMARKT_EXPANDED
2026/27,2026,IN,845566,Mihajlo Ilić,1025,Bologna FC 1909,58,RSC Anderlecht,1025,Bologna FC 1909,LOAN_RETURN_OR_END_OF_LOAN,End of loan 30/06/2026,TRANSFERMARKT_EXPANDED
2026/27,2026,IN,818882,Riccardo Stivanello,1025,Bologna FC 1909,4103,FC Lumezzane,1025,Bologna FC 1909,LOAN_RETURN_OR_END_OF_LOAN,End of loan 30/06/2026,TRANSFERMARKT_EXPANDED
2026/27,2026,IN,897921,Lorenzo Menegazzo,1025,Bologna FC 1909,704,Calcio Foggia 1920,1025,Bologna FC 1909,LOAN_RETURN_OR_END_OF_LOAN,End of loan 30/06/2026,TRANSFERMARKT_EXPANDED
2026/27,2026,IN,1054460,Elia Barbaro,1025,Bologna FC 1909,4114,Nocerina Calcio,1025,Bologna FC 1909,LOAN_RETURN_OR_END_OF_LOAN,End of loan 30/06/2026,TRANSFERMARKT_EXPANDED
2026/27,2026,IN,633668,Giovanni Fabbian,1025,Bologna FC 1909,430,ACF Fiorentina,1025,Bologna FC 1909,LOAN_RETURN_OR_END_OF_LOAN,End of loan 30/06/2026,TRANSFERMARKT_EXPANDED
2026/27,2026,IN,367992,Jesper Karlsson,1025,Bologna FC 1909,200,FC Utrecht,1025,Bologna FC 1909,LOAN_RETURN_OR_END_OF_LOAN,End of loan 30/06/2026,TRANSFERMARKT_EXPANDED
2026/27,2026,IN,818880,Tommaso Corazza,1025,Bologna FC 1909,1429,Cesena FC,1025,Bologna FC 1909,LOAN_RETURN_OR_END_OF_LOAN,End of loan 30/06/2026,TRANSFERMARKT_EXPANDED
2026/27,2026,IN,496745,Emil Holm,1025,Bologna FC 1909,506,Juventus FC,1025,Bologna FC 1909,LOAN_RETURN_OR_END_OF_LOAN,End of loan 30/06/2026,TRANSFERMARKT_EXPANDED
2026/27,2026,OUT,849520,Santiago Castro,1025,Bologna FC 1909,1025,Bologna FC 1909,12,AS Roma,PERMANENT_OR_OTHER_EXPLICIT,€36.00m,TRANSFERMARKT_EXPANDED
2026/27,2026,OUT,413565,Jhon Lucumí,1025,Bologna FC 1909,1025,Bologna FC 1909,506,Juventus FC,PERMANENT_OR_OTHER_EXPLICIT,€20.10m,TRANSFERMARKT_EXPANDED
2026/27,2026,OUT,633668,Giovanni Fabbian,1025,Bologna FC 1909,1025,Bologna FC 1909,430,ACF Fiorentina,PERMANENT_OR_OTHER_EXPLICIT,€13.00m,TRANSFERMARKT_EXPANDED
2026/27,2026,OUT,390304,Federico Ravaglia,1025,Bologna FC 1909,1025,Bologna FC 1909,1010,Watford FC,PERMANENT_OR_OTHER_EXPLICIT,€7.00m,TRANSFERMARKT_EXPANDED
2026/27,2026,OUT,672381,Jonathan Rowe,1025,Bologna FC 1909,1025,Bologna FC 1909,800,Atalanta BC,LOAN,Loan fee: €5.00m,TRANSFERMARKT_EXPANDED
2026/27,2026,OUT,237658,Michel Aebischer,1025,Bologna FC 1909,1025,Bologna FC 1909,4172,Pisa Sporting Club,PERMANENT_OR_OTHER_EXPLICIT,€4.50m,TRANSFERMARKT_EXPANDED
2026/27,2026,OUT,538964,Thijs Dallinga,1025,Bologna FC 1909,1025,Bologna FC 1909,3,1.FC Köln,LOAN,Loan fee: €1.00m,TRANSFERMARKT_EXPANDED
2026/27,2026,OUT,1055861,Giuseppe Battimelli,1025,Bologna FC 1909,1025,Bologna FC 1909,5514,Calcio Lecco 1912,FREE_TRANSFER,free transfer,TRANSFERMARKT_EXPANDED
2026/27,2026,OUT,148252,Remo Freuler,1025,Bologna FC 1909,1025,Bologna FC 1909,683,Olympiacos Piraeus,FREE_TRANSFER,free transfer,TRANSFERMARKT_EXPANDED
2026/27,2026,OUT,136514,Charalabos Lykogiannis,1025,Bologna FC 1909,1025,Bologna FC 1909,2441,AEK Athens,FREE_TRANSFER,free transfer,TRANSFERMARKT_EXPANDED
2026/27,2026,OUT,935173,Manuel Rosetti,1025,Bologna FC 1909,1025,Bologna FC 1909,9816,Forlì FC,PERMANENT_OR_OTHER_EXPLICIT,?,TRANSFERMARKT_EXPANDED
2026/27,2026,OUT,659420,Mattia Motolese,1025,Bologna FC 1909,1025,Bologna FC 1909,20519,Virtus Entella,PERMANENT_OR_OTHER_EXPLICIT,?,TRANSFERMARKT_EXPANDED
2026/27,2026,OUT,897921,Lorenzo Menegazzo,1025,Bologna FC 1909,1025,Bologna FC 1909,4103,FC Lumezzane,LOAN,loan transfer,TRANSFERMARKT_EXPANDED
2026/27,2026,OUT,818878,Wisdom Amey,1025,Bologna FC 1909,1025,Bologna FC 1909,8970,Frosinone Calcio,LOAN,loan transfer,TRANSFERMARKT_EXPANDED
2026/27,2026,OUT,679754,Niklas Pyyhtiä,1025,Bologna FC 1909,1025,Bologna FC 1909,4554,FC Südtirol,LOAN,loan transfer,TRANSFERMARKT_EXPANDED
2026/27,2026,OUT,930150,Tommaso Ebone,1025,Bologna FC 1909,1025,Bologna FC 1909,4103,FC Lumezzane,LOAN,loan transfer,TRANSFERMARKT_EXPANDED
2026/27,2026,OUT,818880,Tommaso Corazza,1025,Bologna FC 1909,1025,Bologna FC 1909,2655,LR Vicenza,LOAN,loan transfer,TRANSFERMARKT_EXPANDED
2026/27,2026,OUT,818882,Riccardo Stivanello,1025,Bologna FC 1909,1025,Bologna FC 1909,4554,FC Südtirol,LOAN,loan transfer,TRANSFERMARKT_EXPANDED
2026/27,2026,OUT,815787,Luigi Caccavo,1025,Bologna FC 1909,1025,Bologna FC 1909,5587,SS Juve Stabia,LOAN,loan transfer,TRANSFERMARKT_EXPANDED
2026/27,2026,OUT,1108253,Dimitar Papazov,1025,Bologna FC 1909,1025,Bologna FC 1909,839,AC Perugia Calcio,LOAN,loan transfer,TRANSFERMARKT_EXPANDED
2026/27,2026,OUT,961022,Benja Domínguez,1025,Bologna FC 1909,1025,Bologna FC 1909,6574,US Sassuolo,LOAN,loan transfer,TRANSFERMARKT_EXPANDED
2026/27,2026,OUT,845566,Mihajlo Ilić,1025,Bologna FC 1909,1025,Bologna FC 1909,1429,Cesena FC,LOAN,loan transfer,TRANSFERMARKT_EXPANDED
2026/27,2026,OUT,1048147,Federico Cassa,1025,Bologna FC 1909,1025,Bologna FC 1909,4097,US Catanzaro,LOAN,loan transfer,TRANSFERMARKT_EXPANDED
2026/27,2026,OUT,821105,Davide Franzini,1025,Bologna FC 1909,1025,Bologna FC 1909,515,Without Club,FREE_AGENT_OR_END_OF_CONTRACT,-,TRANSFERMARKT_EXPANDED
2026/27,2026,OUT,1054460,Elia Barbaro,1025,Bologna FC 1909,1025,Bologna FC 1909,515,Without Club,FREE_AGENT_OR_END_OF_CONTRACT,-,TRANSFERMARKT_EXPANDED
2026/27,2026,OUT,401935,Orji Okwonkwo,1025,Bologna FC 1909,1025,Bologna FC 1909,515,Without Club,FREE_AGENT_OR_END_OF_CONTRACT,-,TRANSFERMARKT_EXPANDED
2026/27,2026,OUT,247377,Kevin Bonifazi,1025,Bologna FC 1909,1025,Bologna FC 1909,515,Without Club,FREE_AGENT_OR_END_OF_CONTRACT,-,TRANSFERMARKT_EXPANDED
2026/27,2026,OUT,392538,Tommaso Pobega,1025,Bologna FC 1909,1025,Bologna FC 1909,5,AC Milan,LOAN_RETURN_OR_END_OF_LOAN,End of loan 30/06/2026,TRANSFERMARKT_EXPANDED
2026/27,2026,OUT,507486,Simon Sohm,1025,Bologna FC 1909,1025,Bologna FC 1909,430,ACF Fiorentina,LOAN_RETURN_OR_END_OF_LOAN,End of loan 30/06/2026,TRANSFERMARKT_EXPANDED
2026/27,2026,OUT,537602,João Mário,1025,Bologna FC 1909,1025,Bologna FC 1909,506,Juventus FC,LOAN_RETURN_OR_END_OF_LOAN,End of loan 30/06/2026,TRANSFERMARKT_EXPANDED
2026/27,2026,IN,626913,Boulaye Dia,398,SS Lazio,380,US Salernitana 1919,398,SS Lazio,PERMANENT_OR_OTHER_EXPLICIT,€11.30m,TRANSFERMARKT_EXPANDED
2026/27,2026,IN,394300,Davide Frattesi,398,SS Lazio,46,Inter Milan,398,SS Lazio,LOAN,Loan fee: €5.00m,TRANSFERMARKT_EXPANDED
2026/27,2026,IN,315865,Andrea Pinamonti,398,SS Lazio,6574,US Sassuolo,398,SS Lazio,PERMANENT_OR_OTHER_EXPLICIT,€3.00m,TRANSFERMARKT_EXPANDED
2026/27,2026,IN,371001,Josip Sutalo,398,SS Lazio,610,Ajax Amsterdam,398,SS Lazio,LOAN,Loan fee: €3.00m,TRANSFERMARKT_EXPANDED
2026/27,2026,IN,356197,Alfonso Pedraza,398,SS Lazio,1050,Villarreal CF,398,SS Lazio,FREE_TRANSFER,free transfer,TRANSFERMARKT_EXPANDED
2026/27,2026,IN,387047,Danilho Doekhi,398,SS Lazio,89,1.FC Union Berlin,398,SS Lazio,FREE_TRANSFER,free transfer,TRANSFERMARKT_EXPANDED
2026/27,2026,IN,1455976,Bruno Galassi,398,SS Lazio,92878,Real Madrid C,398,SS Lazio,PERMANENT_OR_OTHER_EXPLICIT,?,TRANSFERMARKT_EXPANDED
2026/27,2026,IN,305947,Albert Gudmundsson,398,SS Lazio,430,ACF Fiorentina,398,SS Lazio,LOAN,loan transfer,TRANSFERMARKT_EXPANDED
2026/27,2026,IN,866255,Valerio Farcomeni,398,SS Lazio,12816,Lazio U20,398,SS Lazio,PERMANENT_OR_OTHER_EXPLICIT,-,TRANSFERMARKT_EXPANDED
2026/27,2026,IN,976207,Federico Serra,398,SS Lazio,12816,Lazio U20,398,SS Lazio,PERMANENT_OR_OTHER_EXPLICIT,-,TRANSFERMARKT_EXPANDED
2026/27,2026,IN,1253815,Ricardo Bordon,398,SS Lazio,12816,Lazio U20,398,SS Lazio,PERMANENT_OR_OTHER_EXPLICIT,-,TRANSFERMARKT_EXPANDED
2026/27,2026,IN,1056287,Pietro Pinelli,398,SS Lazio,5621,AC Reggiana 1919,398,SS Lazio,LOAN_RETURN_OR_END_OF_LOAN,End of loan 30/06/2026,TRANSFERMARKT_EXPANDED
2026/27,2026,IN,481675,Christos Mandas,398,SS Lazio,989,AFC Bournemouth,398,SS Lazio,LOAN_RETURN_OR_END_OF_LOAN,End of loan 30/06/2026,TRANSFERMARKT_EXPANDED
2026/27,2026,IN,929746,Leonardo Di Tommaso,398,SS Lazio,22249,Audace Cerignola,398,SS Lazio,LOAN_RETURN_OR_END_OF_LOAN,End of loan 30/06/2026,TRANSFERMARKT_EXPANDED
2026/27,2026,IN,287700,Mohamed Fares,398,SS Lazio,90721,Forte Virtus,398,SS Lazio,LOAN_RETURN_OR_END_OF_LOAN,End of loan 30/06/2026,TRANSFERMARKT_EXPANDED
2026/27,2026,IN,918957,Davide Renzetti,398,SS Lazio,38322,AC Bra,398,SS Lazio,LOAN_RETURN_OR_END_OF_LOAN,End of loan 30/06/2026,TRANSFERMARKT_EXPANDED
2026/27,2026,IN,708086,Romano Floriani Mussolini,398,SS Lazio,2239,US Cremonese,398,SS Lazio,LOAN_RETURN_OR_END_OF_LOAN,End of loan 30/06/2026,TRANSFERMARKT_EXPANDED
2026/27,2026,IN,604239,Gabriele Artistico,398,SS Lazio,3522,Spezia Calcio,398,SS Lazio,LOAN_RETURN_OR_END_OF_LOAN,End of loan 30/06/2026,TRANSFERMARKT_EXPANDED
2026/27,2026,IN,1110645,Filipe Bordon,398,SS Lazio,4554,FC Südtirol,398,SS Lazio,LOAN_RETURN_OR_END_OF_LOAN,End of loan 30/06/2026,TRANSFERMARKT_EXPANDED
2026/27,2026,IN,883058,Alessandro Milani,398,SS Lazio,2331,US Avellino 1912,398,SS Lazio,LOAN_RETURN_OR_END_OF_LOAN,End of loan 30/06/2026,TRANSFERMARKT_EXPANDED
2026/27,2026,OUT,618341,Mario Gila,398,SS Lazio,398,SS Lazio,5,AC Milan,PERMANENT_OR_OTHER_EXPLICIT,€30.00m,TRANSFERMARKT_EXPANDED
2026/27,2026,OUT,197929,Ivan Provedel,398,SS Lazio,398,SS Lazio,46,Inter Milan,PERMANENT_OR_OTHER_EXPLICIT,€3.00m,TRANSFERMARKT_EXPANDED
2026/27,2026,OUT,604239,Gabriele Artistico,398,SS Lazio,398,SS Lazio,3037,Calcio Padova,PERMANENT_OR_OTHER_EXPLICIT,€3.00m,TRANSFERMARKT_EXPANDED
2026/27,2026,OUT,846254,Petar Ratkov,398,SS Lazio,398,SS Lazio,3368,Levante UD,LOAN,Loan fee: €2.00m,TRANSFERMARKT_EXPANDED
2026/27,2026,OUT,626913,Boulaye Dia,398,SS Lazio,398,SS Lazio,273,Stade Rennais FC,LOAN,Loan fee: €2.00m,TRANSFERMARKT_EXPANDED
2026/27,2026,OUT,334835,Toma Bašić,398,SS Lazio,398,SS Lazio,607,Venezia FC,FREE_TRANSFER,free transfer,TRANSFERMARKT_EXPANDED
2026/27,2026,OUT,883058,Alessandro Milani,398,SS Lazio,398,SS Lazio,41119,Inter U23,PERMANENT_OR_OTHER_EXPLICIT,?,TRANSFERMARKT_EXPANDED
2026/27,2026,OUT,1056287,Pietro Pinelli,398,SS Lazio,398,SS Lazio,4159,Carrarese Calcio 1908,LOAN,loan transfer,TRANSFERMARKT_EXPANDED
2026/27,2026,OUT,276896,Samuel Gigot,398,SS Lazio,398,SS Lazio,515,Without Club,FREE_AGENT_OR_END_OF_CONTRACT,-,TRANSFERMARKT_EXPANDED
2026/27,2026,OUT,200056,Elseid Hysaj,398,SS Lazio,398,SS Lazio,515,Without Club,FREE_AGENT_OR_END_OF_CONTRACT,-,TRANSFERMARKT_EXPANDED
2026/27,2026,OUT,65278,Pedro,398,SS Lazio,398,SS Lazio,515,Without Club,FREE_AGENT_OR_END_OF_CONTRACT,-,TRANSFERMARKT_EXPANDED
2026/27,2026,OUT,626913,Boulaye Dia,398,SS Lazio,398,SS Lazio,380,US Salernitana 1919,LOAN_RETURN_OR_END_OF_LOAN,End of loan 30/06/2026,TRANSFERMARKT_EXPANDED
2026/27,2026,OUT,539134,Daniel Maldini,398,SS Lazio,398,SS Lazio,800,Atalanta BC,LOAN_RETURN_OR_END_OF_LOAN,End of loan 30/06/2026,TRANSFERMARKT_EXPANDED
2026/27,2026,OUT,394300,Davide Frattesi,398,SS Lazio,398,SS Lazio,46,Inter Milan,LOAN_RETURN_OR_END_OF_LOAN,End of loan 30/06/2027,TRANSFERMARKT_EXPANDED
2026/27,2026,IN,897505,Lazar Jovanovic,410,Udinese Calcio,79,VfB Stuttgart,410,Udinese Calcio,PERMANENT_OR_OTHER_EXPLICIT,€6.50m,TRANSFERMARKT_EXPANDED
2026/27,2026,IN,1178488,Idrissa Gueye,410,Udinese Calcio,347,FC Metz,410,Udinese Calcio,PERMANENT_OR_OTHER_EXPLICIT,€6.00m,TRANSFERMARKT_EXPANDED
2026/27,2026,IN,397225,Alessandro Zanoli,410,Udinese Calcio,6195,SSC Napoli,410,Udinese Calcio,PERMANENT_OR_OTHER_EXPLICIT,€5.00m,TRANSFERMARKT_EXPANDED
2026/27,2026,IN,392085,Nicolò Zaniolo,410,Udinese Calcio,141,Galatasaray,410,Udinese Calcio,PERMANENT_OR_OTHER_EXPLICIT,€5.00m,TRANSFERMARKT_EXPANDED
2026/27,2026,IN,834752,Unai Gómez,410,Udinese Calcio,621,Athletic Bilbao,410,Udinese Calcio,PERMANENT_OR_OTHER_EXPLICIT,€4.50m,TRANSFERMARKT_EXPANDED
2026/27,2026,IN,412616,Giorgi Chakvetadze,410,Udinese Calcio,1010,Watford FC,410,Udinese Calcio,PERMANENT_OR_OTHER_EXPLICIT,€2.55m,TRANSFERMARKT_EXPANDED
2026/27,2026,IN,336125,Mërgim Vojvoda,410,Udinese Calcio,1047,Como 1907,410,Udinese Calcio,PERMANENT_OR_OTHER_EXPLICIT,€1.50m,TRANSFERMARKT_EXPANDED
2026/27,2026,IN,345452,Bartosz Mrozek,410,Udinese Calcio,238,Lech Poznan,410,Udinese Calcio,PERMANENT_OR_OTHER_EXPLICIT,€1.40m,TRANSFERMARKT_EXPANDED
2026/27,2026,IN,388294,Omar Traoré,410,Udinese Calcio,2036,1.FC Heidenheim 1846,410,Udinese Calcio,FREE_TRANSFER,free transfer,TRANSFERMARKT_EXPANDED
2026/27,2026,IN,1078784,Giulio Vinciati,410,Udinese Calcio,10959,Udinese Primavera,410,Udinese Calcio,PERMANENT_OR_OTHER_EXPLICIT,-,TRANSFERMARKT_EXPANDED
2026/27,2026,IN,648032,James Abankwah,410,Udinese Calcio,1010,Watford FC,410,Udinese Calcio,LOAN_RETURN_OR_END_OF_LOAN,End of loan 30/06/2026,TRANSFERMARKT_EXPANDED
2026/27,2026,IN,668950,Luca Kjerrumgaard,410,Udinese Calcio,1010,Watford FC,410,Udinese Calcio,LOAN_RETURN_OR_END_OF_LOAN,End of loan 30/06/2026,TRANSFERMARKT_EXPANDED
2026/27,2026,IN,612059,Edoardo Piana,410,Udinese Calcio,33734,SS Monopoli 1966,410,Udinese Calcio,LOAN_RETURN_OR_END_OF_LOAN,End of loan 30/06/2026,TRANSFERMARKT_EXPANDED
2026/27,2026,IN,555820,Martín Payero,410,Udinese Calcio,2239,US Cremonese,410,Udinese Calcio,LOAN_RETURN_OR_END_OF_LOAN,End of loan 30/06/2026,TRANSFERMARKT_EXPANDED
2026/27,2026,IN,876400,Simone Pafundi,410,Udinese Calcio,1038,UC Sampdoria,410,Udinese Calcio,LOAN_RETURN_OR_END_OF_LOAN,End of loan 30/06/2026,TRANSFERMARKT_EXPANDED
2026/27,2026,IN,1009633,David Pejičić,410,Udinese Calcio,790,NK Maribor,410,Udinese Calcio,LOAN_RETURN_OR_END_OF_LOAN,End of loan 30/06/2026,TRANSFERMARKT_EXPANDED
2026/27,2026,IN,1058354,Matteo Palma,410,Udinese Calcio,1038,UC Sampdoria,410,Udinese Calcio,LOAN_RETURN_OR_END_OF_LOAN,End of loan 30/06/2026,TRANSFERMARKT_EXPANDED
2026/27,2026,IN,741292,Iker Bravo,410,Udinese Calcio,472,UD Las Palmas,410,Udinese Calcio,LOAN_RETURN_OR_END_OF_LOAN,End of loan 30/06/2026,TRANSFERMARKT_EXPANDED
2026/27,2026,IN,268429,Sandi Lovrić,410,Udinese Calcio,276,Hellas Verona,410,Udinese Calcio,LOAN_RETURN_OR_END_OF_LOAN,End of loan 30/06/2026,TRANSFERMARKT_EXPANDED
2026/27,2026,IN,653415,Leonardo Buta,410,Udinese Calcio,2425,Rio Ave FC,410,Udinese Calcio,LOAN_RETURN_OR_END_OF_LOAN,End of loan 30/06/2026,TRANSFERMARKT_EXPANDED
2026/27,2026,IN,342877,Enzo Ebosse,410,Udinese Calcio,416,Torino FC,410,Udinese Calcio,LOAN_RETURN_OR_END_OF_LOAN,End of loan 30/06/2026,TRANSFERMARKT_EXPANDED
2026/27,2026,IN,906160,Saba Goglichidze,410,Udinese Calcio,1010,Watford FC,410,Udinese Calcio,LOAN_RETURN_OR_END_OF_LOAN,End of loan 30/06/2026,TRANSFERMARKT_EXPANDED
2026/27,2026,IN,671799,Rui Modesto,410,Udinese Calcio,458,Palermo FC,410,Udinese Calcio,LOAN_RETURN_OR_END_OF_LOAN,End of loan 30/06/2026,TRANSFERMARKT_EXPANDED
2026/27,2026,OUT,855308,Arthur Atta,410,Udinese Calcio,410,Udinese Calcio,430,ACF Fiorentina,PERMANENT_OR_OTHER_EXPLICIT,€25.00m,TRANSFERMARKT_EXPANDED
2026/27,2026,OUT,555820,Martín Payero,410,Udinese Calcio,410,Udinese Calcio,1010,Watford FC,PERMANENT_OR_OTHER_EXPLICIT,€4.00m,TRANSFERMARKT_EXPANDED
2026/27,2026,OUT,741292,Iker Bravo,410,Udinese Calcio,410,Udinese Calcio,1010,Watford FC,PERMANENT_OR_OTHER_EXPLICIT,€3.80m,TRANSFERMARKT_EXPANDED
2026/27,2026,OUT,568617,Răzvan Sava,410,Udinese Calcio,410,Udinese Calcio,40812,Universitatea Craiova,PERMANENT_OR_OTHER_EXPLICIT,€2.50m,TRANSFERMARKT_EXPANDED
2026/27,2026,OUT,671799,Rui Modesto,410,Udinese Calcio,410,Udinese Calcio,6321,Vancouver Whitecaps FC,PERMANENT_OR_OTHER_EXPLICIT,€800k,TRANSFERMARKT_EXPANDED
2026/27,2026,OUT,950593,Damián Pizarro,410,Udinese Calcio,410,Udinese Calcio,6363,Audax Italiano,LOAN,loan transfer,TRANSFERMARKT_EXPANDED
2026/27,2026,OUT,668950,Luca Kjerrumgaard,410,Udinese Calcio,410,Udinese Calcio,1010,Watford FC,PERMANENT_OR_OTHER_EXPLICIT,?,TRANSFERMARKT_EXPANDED
2026/27,2026,OUT,653415,Leonardo Buta,410,Udinese Calcio,410,Udinese Calcio,1154,Red Star FC,PERMANENT_OR_OTHER_EXPLICIT,?,TRANSFERMARKT_EXPANDED
2026/27,2026,OUT,388294,Omar Traoré,410,Udinese Calcio,410,Udinese Calcio,1010,Watford FC,PERMANENT_OR_OTHER_EXPLICIT,?,TRANSFERMARKT_EXPANDED
2026/27,2026,OUT,876400,Simone Pafundi,410,Udinese Calcio,410,Udinese Calcio,4097,US Catanzaro,LOAN,loan transfer,TRANSFERMARKT_EXPANDED
2026/27,2026,OUT,633530,Jordan Zemura,410,Udinese Calcio,410,Udinese Calcio,1010,Watford FC,LOAN,loan transfer,TRANSFERMARKT_EXPANDED
2026/27,2026,OUT,698259,Thomas Kristensen,410,Udinese Calcio,410,Udinese Calcio,800,Atalanta BC,LOAN,loan transfer,TRANSFERMARKT_EXPANDED
2026/27,2026,OUT,1210116,Abdoulaye Camara,410,Udinese Calcio,410,Udinese Calcio,8817,Ajax Amsterdam U21,LOAN,loan transfer,TRANSFERMARKT_EXPANDED
2026/27,2026,OUT,267160,Adam Buksa,410,Udinese Calcio,410,Udinese Calcio,237,RCD Mallorca,LOAN,loan transfer,TRANSFERMARKT_EXPANDED
2026/27,2026,OUT,1300966,Branimir Mlacic,410,Udinese Calcio,410,Udinese Calcio,1010,Watford FC,LOAN,loan transfer,TRANSFERMARKT_EXPANDED
2026/27,2026,OUT,906160,Saba Goglichidze,410,Udinese Calcio,410,Udinese Calcio,2919,AC Monza,LOAN,loan transfer,TRANSFERMARKT_EXPANDED
2026/27,2026,OUT,956588,Alessandro Nunziante,410,Udinese Calcio,410,Udinese Calcio,4255,SS Arezzo,LOAN,loan transfer,TRANSFERMARKT_EXPANDED
2026/27,2026,OUT,272812,Kingsley Ehizibue,410,Udinese Calcio,410,Udinese Calcio,515,Without Club,FREE_AGENT_OR_END_OF_CONTRACT,-,TRANSFERMARKT_EXPANDED
2026/27,2026,OUT,397225,Alessandro Zanoli,410,Udinese Calcio,410,Udinese Calcio,6195,SSC Napoli,LOAN_RETURN_OR_END_OF_LOAN,End of loan 30/06/2026,TRANSFERMARKT_EXPANDED
2026/27,2026,OUT,1178488,Idrissa Gueye,410,Udinese Calcio,410,Udinese Calcio,347,FC Metz,LOAN_RETURN_OR_END_OF_LOAN,End of loan 30/06/2026,TRANSFERMARKT_EXPANDED
2026/27,2026,OUT,392085,Nicolò Zaniolo,410,Udinese Calcio,410,Udinese Calcio,141,Galatasaray,LOAN_RETURN_OR_END_OF_LOAN,End of loan 30/06/2026,TRANSFERMARKT_EXPANDED
2026/27,2026,IN,371021,Arijanet Murić,6574,US Sassuolo,677,Ipswich Town,6574,US Sassuolo,PERMANENT_OR_OTHER_EXPLICIT,€7.00m,TRANSFERMARKT_EXPANDED
2026/27,2026,IN,345458,Sebastian Walukiewicz,6574,US Sassuolo,416,Torino FC,6574,US Sassuolo,PERMANENT_OR_OTHER_EXPLICIT,€5.00m,TRANSFERMARKT_EXPANDED
2026/27,2026,IN,538918,Sebastiano Esposito,6574,US Sassuolo,1390,Cagliari Calcio,6574,US Sassuolo,LOAN,Loan fee: €1.00m,TRANSFERMARKT_EXPANDED
2026/27,2026,IN,944570,Vasilije Adžić,6574,US Sassuolo,506,Juventus FC,6574,US Sassuolo,LOAN,Loan fee: €500k,TRANSFERMARKT_EXPANDED
2026/27,2026,IN,238266,Duje Caleta-Car,6574,US Sassuolo,1041,Olympique Lyon,6574,US Sassuolo,FREE_TRANSFER,free transfer,TRANSFERMARKT_EXPANDED
2026/27,2026,IN,982267,Ibrahim Sulemana,6574,US Sassuolo,800,Atalanta BC,6574,US Sassuolo,LOAN,loan transfer,TRANSFERMARKT_EXPANDED
2026/27,2026,IN,490423,Ignace Van der Brempt,6574,US Sassuolo,1047,Como 1907,6574,US Sassuolo,LOAN,loan transfer,TRANSFERMARKT_EXPANDED
2026/27,2026,IN,647280,Kieron Bowie,6574,US Sassuolo,276,Hellas Verona,6574,US Sassuolo,LOAN,loan transfer,TRANSFERMARKT_EXPANDED
2026/27,2026,IN,660746,Fedde Leysen,6574,US Sassuolo,3948,Union Saint-Gilloise,6574,US Sassuolo,LOAN,loan transfer,TRANSFERMARKT_EXPANDED
2026/27,2026,IN,961022,Benja Domínguez,6574,US Sassuolo,1025,Bologna FC 1909,6574,US Sassuolo,LOAN,loan transfer,TRANSFERMARKT_EXPANDED
2026/27,2026,IN,646747,Rafa Obrador,6574,US Sassuolo,294,SL Benfica,6574,US Sassuolo,LOAN,loan transfer,TRANSFERMARKT_EXPANDED
2026/27,2026,IN,1019116,Giorgio Vezzosi,6574,US Sassuolo,19114,Sassuolo Primavera,6574,US Sassuolo,PERMANENT_OR_OTHER_EXPLICIT,-,TRANSFERMARKT_EXPANDED
2026/27,2026,IN,1168024,Lorenzo Nyarko,6574,US Sassuolo,19114,Sassuolo Primavera,6574,US Sassuolo,PERMANENT_OR_OTHER_EXPLICIT,-,TRANSFERMARKT_EXPANDED
2026/27,2026,IN,932763,Alessandro Di Bitonto,6574,US Sassuolo,4326,AS Gubbio 1910,6574,US Sassuolo,LOAN_RETURN_OR_END_OF_LOAN,End of loan 30/06/2026,TRANSFERMARKT_EXPANDED
2026/27,2026,IN,734898,Kevin Miranda,6574,US Sassuolo,4095,AC Trento,6574,US Sassuolo,LOAN_RETURN_OR_END_OF_LOAN,End of loan 30/06/2026,TRANSFERMARKT_EXPANDED
2026/27,2026,IN,628558,Riccardo Ciervo,6574,US Sassuolo,1429,Cesena FC,6574,US Sassuolo,LOAN_RETURN_OR_END_OF_LOAN,End of loan 30/06/2026,TRANSFERMARKT_EXPANDED
2026/27,2026,IN,724068,Kevin Leone,6574,US Sassuolo,4106,Casertana FC,6574,US Sassuolo,LOAN_RETURN_OR_END_OF_LOAN,End of loan 30/06/2026,TRANSFERMARKT_EXPANDED
2026/27,2026,IN,919669,Simone Cinquegrano,6574,US Sassuolo,41119,Inter U23,6574,US Sassuolo,LOAN_RETURN_OR_END_OF_LOAN,End of loan 30/06/2026,TRANSFERMARKT_EXPANDED
2026/27,2026,IN,813961,Patrick Nuamah,6574,US Sassuolo,4097,US Catanzaro,6574,US Sassuolo,LOAN_RETURN_OR_END_OF_LOAN,End of loan 30/06/2026,TRANSFERMARKT_EXPANDED
2026/27,2026,IN,823550,Francesco Corradini,6574,US Sassuolo,14888,US Città di Pontedera,6574,US Sassuolo,LOAN_RETURN_OR_END_OF_LOAN,End of loan 30/06/2026,TRANSFERMARKT_EXPANDED
2026/27,2026,IN,538974,Janis Antiste,6574,US Sassuolo,170,Rapid Vienna,6574,US Sassuolo,LOAN_RETURN_OR_END_OF_LOAN,End of loan 30/06/2026,TRANSFERMARKT_EXPANDED
2026/27,2026,IN,883051,Kevin Bruno,6574,US Sassuolo,4083,FC Crotone,6574,US Sassuolo,LOAN_RETURN_OR_END_OF_LOAN,End of loan 30/06/2026,TRANSFERMARKT_EXPANDED
2026/27,2026,IN,808559,Justin Kumi,6574,US Sassuolo,2331,US Avellino 1912,6574,US Sassuolo,LOAN_RETURN_OR_END_OF_LOAN,End of loan 30/06/2026,TRANSFERMARKT_EXPANDED
2026/27,2026,IN,725242,Luca D'Andrea,6574,US Sassuolo,2331,US Avellino 1912,6574,US Sassuolo,LOAN_RETURN_OR_END_OF_LOAN,End of loan 30/06/2026,TRANSFERMARKT_EXPANDED
2026/27,2026,IN,908788,Flavio Russo,6574,US Sassuolo,2921,Delfino Pescara 1936,6574,US Sassuolo,LOAN_RETURN_OR_END_OF_LOAN,End of loan 30/06/2026,TRANSFERMARKT_EXPANDED
2026/27,2026,IN,555015,Ruan,6574,US Sassuolo,330,Clube Atlético Mineiro,6574,US Sassuolo,LOAN_RETURN_OR_END_OF_LOAN,End of loan 30/06/2026,TRANSFERMARKT_EXPANDED
2026/27,2026,IN,457422,Samuele Mulattieri,6574,US Sassuolo,897,Deportivo A Coruña,6574,US Sassuolo,LOAN_RETURN_OR_END_OF_LOAN,End of loan 30/06/2026,TRANSFERMARKT_EXPANDED
2026/27,2026,IN,812625,Agustín Álvarez,6574,US Sassuolo,2919,AC Monza,6574,US Sassuolo,LOAN_RETURN_OR_END_OF_LOAN,End of loan 30/06/2026,TRANSFERMARKT_EXPANDED
2026/27,2026,IN,650993,Filippo Missori,6574,US Sassuolo,2331,US Avellino 1912,6574,US Sassuolo,LOAN_RETURN_OR_END_OF_LOAN,End of loan 30/06/2026,TRANSFERMARKT_EXPANDED
2026/27,2026,IN,390163,Andrea Ghion,6574,US Sassuolo,749,FC Empoli,6574,US Sassuolo,LOAN_RETURN_OR_END_OF_LOAN,End of loan 30/06/2026,TRANSFERMARKT_EXPANDED
2026/27,2026,IN,386574,Fabrizio Caligara,6574,US Sassuolo,2921,Delfino Pescara 1936,6574,US Sassuolo,LOAN_RETURN_OR_END_OF_LOAN,End of loan 30/06/2026,TRANSFERMARKT_EXPANDED
2026/27,2026,IN,481344,Alessandro Russo,6574,US Sassuolo,22249,Audace Cerignola,6574,US Sassuolo,LOAN_RETURN_OR_END_OF_LOAN,End of loan 30/06/2026,TRANSFERMARKT_EXPANDED
2026/27,2026,IN,655525,Yeferson Paz,6574,US Sassuolo,5621,AC Reggiana 1919,6574,US Sassuolo,LOAN_RETURN_OR_END_OF_LOAN,End of loan 30/06/2026,TRANSFERMARKT_EXPANDED
2026/27,2026,IN,655207,Laurs Skjellerup,6574,US Sassuolo,3522,Spezia Calcio,6574,US Sassuolo,LOAN_RETURN_OR_END_OF_LOAN,End of loan 30/06/2026,TRANSFERMARKT_EXPANDED
2026/27,2026,IN,406632,Cas Odenthal,6574,US Sassuolo,332,SSC Bari,6574,US Sassuolo,LOAN_RETURN_OR_END_OF_LOAN,End of loan 30/06/2026,TRANSFERMARKT_EXPANDED
2026/27,2026,IN,1028399,Borna Knezovic,6574,US Sassuolo,4331,FC Trapani 1905,6574,US Sassuolo,LOAN_RETURN_OR_END_OF_LOAN,End of loan 30/06/2026,TRANSFERMARKT_EXPANDED
2026/27,2026,IN,372720,Nicholas Pierini,6574,US Sassuolo,1038,UC Sampdoria,6574,US Sassuolo,LOAN_RETURN_OR_END_OF_LOAN,End of loan 30/06/2026,TRANSFERMARKT_EXPANDED
2026/27,2026,OUT,679423,Tarik Muharemović,6574,US Sassuolo,6574,US Sassuolo,399,Leeds United,PERMANENT_OR_OTHER_EXPLICIT,€37.00m,TRANSFERMARKT_EXPANDED
2026/27,2026,OUT,555015,Ruan,6574,US Sassuolo,6574,US Sassuolo,330,Clube Atlético Mineiro,PERMANENT_OR_OTHER_EXPLICIT,€3.50m,TRANSFERMARKT_EXPANDED
2026/27,2026,OUT,315865,Andrea Pinamonti,6574,US Sassuolo,6574,US Sassuolo,398,SS Lazio,PERMANENT_OR_OTHER_EXPLICIT,€3.00m,TRANSFERMARKT_EXPANDED
2026/27,2026,OUT,659648,Gioele Zacchi,6574,US Sassuolo,6574,US Sassuolo,132806,Union Brescia,LOAN,loan transfer,TRANSFERMARKT_EXPANDED
2026/27,2026,OUT,700053,Edoardo Iannoni,6574,US Sassuolo,6574,US Sassuolo,276,Hellas Verona,PERMANENT_OR_OTHER_EXPLICIT,?,TRANSFERMARKT_EXPANDED
2026/27,2026,OUT,1070284,Emerick Lopes,6574,US Sassuolo,6574,US Sassuolo,52687,Alcione Milano,PERMANENT_OR_OTHER_EXPLICIT,?,TRANSFERMARKT_EXPANDED
2026/27,2026,OUT,1028399,Borna Knezovic,6574,US Sassuolo,6574,US Sassuolo,6089,Casarano Calcio,PERMANENT_OR_OTHER_EXPLICIT,?,TRANSFERMARKT_EXPANDED
2026/27,2026,OUT,600936,Luca Moro,6574,US Sassuolo,6574,US Sassuolo,3037,Calcio Padova,PERMANENT_OR_OTHER_EXPLICIT,?,TRANSFERMARKT_EXPANDED
2026/27,2026,OUT,386574,Fabrizio Caligara,6574,US Sassuolo,6574,US Sassuolo,1627,Catania FC,PERMANENT_OR_OTHER_EXPLICIT,?,TRANSFERMARKT_EXPANDED
2026/27,2026,OUT,628558,Riccardo Ciervo,6574,US Sassuolo,6574,US Sassuolo,1390,Cagliari Calcio,LOAN,loan transfer,TRANSFERMARKT_EXPANDED
2026/27,2026,OUT,932763,Alessandro Di Bitonto,6574,US Sassuolo,6574,US Sassuolo,2331,US Avellino 1912,LOAN,loan transfer,TRANSFERMARKT_EXPANDED
2026/27,2026,OUT,734898,Kevin Miranda,6574,US Sassuolo,6574,US Sassuolo,22249,Audace Cerignola,LOAN,loan transfer,TRANSFERMARKT_EXPANDED
2026/27,2026,OUT,650993,Filippo Missori,6574,US Sassuolo,6574,US Sassuolo,2331,US Avellino 1912,LOAN,loan transfer,TRANSFERMARKT_EXPANDED
2026/27,2026,OUT,883051,Kevin Bruno,6574,US Sassuolo,6574,US Sassuolo,11483,FC Vado,LOAN,loan transfer,TRANSFERMARKT_EXPANDED
2026/27,2026,OUT,823550,Francesco Corradini,6574,US Sassuolo,6574,US Sassuolo,46337,Pineto Calcio,LOAN,loan transfer,TRANSFERMARKT_EXPANDED
2026/27,2026,OUT,457422,Samuele Mulattieri,6574,US Sassuolo,6574,US Sassuolo,276,Hellas Verona,LOAN,loan transfer,TRANSFERMARKT_EXPANDED
2026/27,2026,OUT,724068,Kevin Leone,6574,US Sassuolo,6574,US Sassuolo,4255,SS Arezzo,LOAN,loan transfer,TRANSFERMARKT_EXPANDED
2026/27,2026,OUT,813961,Patrick Nuamah,6574,US Sassuolo,6574,US Sassuolo,11422,CE Sabadell FC,LOAN,loan transfer,TRANSFERMARKT_EXPANDED
2026/27,2026,OUT,808559,Justin Kumi,6574,US Sassuolo,6574,US Sassuolo,5587,SS Juve Stabia,LOAN,loan transfer,TRANSFERMARKT_EXPANDED
2026/27,2026,OUT,908788,Flavio Russo,6574,US Sassuolo,6574,US Sassuolo,1627,Catania FC,LOAN,loan transfer,TRANSFERMARKT_EXPANDED
2026/27,2026,OUT,812625,Agustín Álvarez,6574,US Sassuolo,6574,US Sassuolo,3938,CA Talleres,LOAN,loan transfer,TRANSFERMARKT_EXPANDED
2026/27,2026,OUT,538974,Janis Antiste,6574,US Sassuolo,6574,US Sassuolo,428,Górnik Zabrze,LOAN,loan transfer,TRANSFERMARKT_EXPANDED
2026/27,2026,OUT,725242,Luca D'Andrea,6574,US Sassuolo,6574,US Sassuolo,1429,Cesena FC,LOAN,loan transfer,TRANSFERMARKT_EXPANDED
2026/27,2026,OUT,256678,Filippo Romagna,6574,US Sassuolo,6574,US Sassuolo,515,Without Club,FREE_AGENT_OR_END_OF_CONTRACT,-,TRANSFERMARKT_EXPANDED
2026/27,2026,OUT,503881,Aster Vranckx,6574,US Sassuolo,6574,US Sassuolo,82,VfL Wolfsburg,LOAN_RETURN_OR_END_OF_LOAN,End of loan 30/06/2026,TRANSFERMARKT_EXPANDED
2026/27,2026,OUT,371021,Arijanet Murić,6574,US Sassuolo,6574,US Sassuolo,677,Ipswich Town,LOAN_RETURN_OR_END_OF_LOAN,End of loan 30/06/2026,TRANSFERMARKT_EXPANDED
2026/27,2026,OUT,749552,Alieu Fadera,6574,US Sassuolo,6574,US Sassuolo,1047,Como 1907,LOAN_RETURN_OR_END_OF_LOAN,End of loan 30/06/2026,TRANSFERMARKT_EXPANDED
2026/27,2026,OUT,345458,Sebastian Walukiewicz,6574,US Sassuolo,6574,US Sassuolo,416,Torino FC,LOAN_RETURN_OR_END_OF_LOAN,End of loan 30/06/2026,TRANSFERMARKT_EXPANDED
2026/27,2026,OUT,592975,Woyo Coulibaly,6574,US Sassuolo,6574,US Sassuolo,1003,Leicester City,LOAN_RETURN_OR_END_OF_LOAN,End of loan 30/06/2026,TRANSFERMARKT_EXPANDED
2026/27,2026,OUT,354814,M'Bala Nzola,6574,US Sassuolo,6574,US Sassuolo,430,ACF Fiorentina,LOAN_RETURN_OR_END_OF_LOAN,End of loan 30/06/2026,TRANSFERMARKT_EXPANDED
2026/27,2026,OUT,192616,Ulisses Garcia,6574,US Sassuolo,6574,US Sassuolo,244,Olympique Marseille,LOAN_RETURN_OR_END_OF_LOAN,End of loan 30/06/2026,TRANSFERMARKT_EXPANDED
2026/27,2026,OUT,1082581,Pedro Felipe,6574,US Sassuolo,6574,US Sassuolo,41101,Juventus Next Gen,LOAN_RETURN_OR_END_OF_LOAN,End of loan 30/06/2026,TRANSFERMARKT_EXPANDED
2026/27,2026,IN,282388,Giovanni Simeone,416,Torino FC,6195,SSC Napoli,416,Torino FC,PERMANENT_OR_OTHER_EXPLICIT,€7.20m,TRANSFERMARKT_EXPANDED
2026/27,2026,IN,308279,Rolando Mandragora,416,Torino FC,430,ACF Fiorentina,416,Torino FC,PERMANENT_OR_OTHER_EXPLICIT,€5.00m,TRANSFERMARKT_EXPANDED
2026/27,2026,IN,433181,Tino Anjorin,416,Torino FC,749,FC Empoli,416,Torino FC,PERMANENT_OR_OTHER_EXPLICIT,€4.50m,TRANSFERMARKT_EXPANDED
2026/27,2026,IN,357778,Sandro Kulenović,416,Torino FC,419,GNK Dinamo Zagreb,416,Torino FC,PERMANENT_OR_OTHER_EXPLICIT,€3.00m,TRANSFERMARKT_EXPANDED
2026/27,2026,IN,559333,Kian Fitz-Jim,416,Torino FC,610,Ajax Amsterdam,416,Torino FC,PERMANENT_OR_OTHER_EXPLICIT,€2.50m,TRANSFERMARKT_EXPANDED
2026/27,2026,IN,981998,Diego Mascardi,416,Torino FC,3522,Spezia Calcio,416,Torino FC,PERMANENT_OR_OTHER_EXPLICIT,€1.60m,TRANSFERMARKT_EXPANDED
2026/27,2026,IN,984964,Niccolò Fortini,416,Torino FC,430,ACF Fiorentina,416,Torino FC,LOAN,Loan fee: €1.50m,TRANSFERMARKT_EXPANDED
2026/27,2026,IN,461943,Daniel Bragança,416,Torino FC,336,Sporting CP,416,Torino FC,LOAN,Loan fee: €1.00m,TRANSFERMARKT_EXPANDED
2026/27,2026,IN,746712,Pietro Comuzzo,416,Torino FC,430,ACF Fiorentina,416,Torino FC,LOAN,Loan fee: €1.00m,TRANSFERMARKT_EXPANDED
2026/27,2026,IN,864306,Rafik Belghali,416,Torino FC,276,Hellas Verona,416,Torino FC,LOAN,Loan fee: €1.00m,TRANSFERMARKT_EXPANDED
2026/27,2026,IN,424015,Nathan Patterson,416,Torino FC,29,Everton FC,416,Torino FC,FREE_TRANSFER,free transfer,TRANSFERMARKT_EXPANDED
2026/27,2026,IN,298583,Eray Cömert,416,Torino FC,1049,Valencia CF,416,Torino FC,FREE_TRANSFER,free transfer,TRANSFERMARKT_EXPANDED
2026/27,2026,IN,352041,Lucas Perri,416,Torino FC,399,Leeds United,416,Torino FC,LOAN,loan transfer,TRANSFERMARKT_EXPANDED
2026/27,2026,IN,613393,Gaetano Oristanio,416,Torino FC,607,Venezia FC,416,Torino FC,LOAN,loan transfer,TRANSFERMARKT_EXPANDED
2026/27,2026,IN,1188619,Alessio Cacciamani,416,Torino FC,5587,SS Juve Stabia,416,Torino FC,LOAN_RETURN_OR_END_OF_LOAN,End of loan 30/06/2026,TRANSFERMARKT_EXPANDED
2026/27,2026,IN,1191921,Andrea Luongo,416,Torino FC,12130,Torino Primavera,416,Torino FC,PERMANENT_OR_OTHER_EXPLICIT,-,TRANSFERMARKT_EXPANDED
2026/27,2026,IN,86784,Ricardo Rodríguez,416,Torino FC,515,Without Club,416,Torino FC,FREE_AGENT_OR_END_OF_CONTRACT,-,TRANSFERMARKT_EXPANDED
2026/27,2026,IN,1040080,Tommaso Gabellini,416,Torino FC,12130,Torino Primavera,416,Torino FC,PERMANENT_OR_OTHER_EXPLICIT,-,TRANSFERMARKT_EXPANDED
2026/27,2026,IN,1056746,Wisdom Acquah,416,Torino FC,12130,Torino Primavera,416,Torino FC,PERMANENT_OR_OTHER_EXPLICIT,-,TRANSFERMARKT_EXPANDED
2026/27,2026,IN,704744,Tommaso Di Marco,416,Torino FC,1105,Ravenna FC,416,Torino FC,LOAN_RETURN_OR_END_OF_LOAN,End of loan 30/06/2026,TRANSFERMARKT_EXPANDED
2026/27,2026,IN,417896,Nicola Rauti,416,Torino FC,2655,LR Vicenza,416,Torino FC,LOAN_RETURN_OR_END_OF_LOAN,End of loan 30/06/2026,TRANSFERMARKT_EXPANDED
2026/27,2026,IN,257474,Vanja Milinković-Savić,416,Torino FC,6195,SSC Napoli,416,Torino FC,LOAN_RETURN_OR_END_OF_LOAN,End of loan 30/06/2026,TRANSFERMARKT_EXPANDED
2026/27,2026,IN,345458,Sebastian Walukiewicz,416,Torino FC,6574,US Sassuolo,416,Torino FC,LOAN_RETURN_OR_END_OF_LOAN,End of loan 30/06/2026,TRANSFERMARKT_EXPANDED
2026/27,2026,IN,813134,Cristian Padula,416,Torino FC,18642,Campobasso FC,416,Torino FC,LOAN_RETURN_OR_END_OF_LOAN,End of loan 30/06/2026,TRANSFERMARKT_EXPANDED
2026/27,2026,IN,815483,Jacopo Antolini,416,Torino FC,4553,US Pergolettese 1932,416,Torino FC,LOAN_RETURN_OR_END_OF_LOAN,End of loan 30/06/2026,TRANSFERMARKT_EXPANDED
2026/27,2026,IN,364133,Pietro Pellegri,416,Torino FC,749,FC Empoli,416,Torino FC,LOAN_RETURN_OR_END_OF_LOAN,End of loan 30/06/2026,TRANSFERMARKT_EXPANDED
2026/27,2026,IN,879868,Marco Dalla Vecchia,416,Torino FC,20519,Virtus Entella,416,Torino FC,LOAN_RETURN_OR_END_OF_LOAN,End of loan 30/06/2026,TRANSFERMARKT_EXPANDED
2026/27,2026,IN,1074917,Jonathan Silva,416,Torino FC,3037,Calcio Padova,416,Torino FC,LOAN_RETURN_OR_END_OF_LOAN,End of loan 30/06/2026,TRANSFERMARKT_EXPANDED
2026/27,2026,IN,704825,Alessandro Dellavalle,416,Torino FC,1385,Modena FC,416,Torino FC,LOAN_RETURN_OR_END_OF_LOAN,End of loan 30/06/2026,TRANSFERMARKT_EXPANDED
2026/27,2026,IN,551752,Demba Seck,416,Torino FC,669,FK Partizan Belgrade,416,Torino FC,LOAN_RETURN_OR_END_OF_LOAN,End of loan 30/06/2026,TRANSFERMARKT_EXPANDED
2026/27,2026,IN,1193782,Francesco Bochicchio,416,Torino FC,56801,GS Arconatese,416,Torino FC,LOAN_RETURN_OR_END_OF_LOAN,End of loan 30/06/2027,TRANSFERMARKT_EXPANDED
2026/27,2026,IN,817333,Francesco Dell'Aquila,416,Torino FC,14888,US Città di Pontedera,416,Torino FC,LOAN_RETURN_OR_END_OF_LOAN,End of loan 30/06/2026,TRANSFERMARKT_EXPANDED
2026/27,2026,IN,1059298,Côme Bianay Balcot,416,Torino FC,2581,Mantova 1911,416,Torino FC,LOAN_RETURN_OR_END_OF_LOAN,End of loan 30/06/2026,TRANSFERMARKT_EXPANDED
2026/27,2026,IN,983810,Senan Mullen,416,Torino FC,9211,Bohemian Football Club,416,Torino FC,LOAN_RETURN_OR_END_OF_LOAN,End of loan 31/12/2026,TRANSFERMARKT_EXPANDED
2026/27,2026,IN,724108,Aaron Ciammaglichella,416,Torino FC,5587,SS Juve Stabia,416,Torino FC,LOAN_RETURN_OR_END_OF_LOAN,End of loan 30/06/2026,TRANSFERMARKT_EXPANDED
2026/27,2026,IN,1004344,Ali Dembélé,416,Torino FC,2581,Mantova 1911,416,Torino FC,LOAN_RETURN_OR_END_OF_LOAN,End of loan 30/06/2026,TRANSFERMARKT_EXPANDED
2026/27,2026,IN,967813,Fabio Desole,416,Torino FC,862,Chievo Verona,416,Torino FC,LOAN_RETURN_OR_END_OF_LOAN,End of loan 30/06/2026,TRANSFERMARKT_EXPANDED
2026/27,2026,IN,914880,Matteo Brezzo,416,Torino FC,52900,ASD Chisola Calcio,416,Torino FC,LOAN_RETURN_OR_END_OF_LOAN,End of loan 30/06/2026,TRANSFERMARKT_EXPANDED
2026/27,2026,OUT,257474,Vanja Milinković-Savić,416,Torino FC,416,Torino FC,6195,SSC Napoli,PERMANENT_OR_OTHER_EXPLICIT,€6.00m,TRANSFERMARKT_EXPANDED
2026/27,2026,OUT,583404,Marcus Pedersen,416,Torino FC,416,Torino FC,683,Olympiacos Piraeus,PERMANENT_OR_OTHER_EXPLICIT,€6.00m,TRANSFERMARKT_EXPANDED
2026/27,2026,OUT,345458,Sebastian Walukiewicz,416,Torino FC,416,Torino FC,6574,US Sassuolo,PERMANENT_OR_OTHER_EXPLICIT,€5.00m,TRANSFERMARKT_EXPANDED
2026/27,2026,OUT,934527,Alieu Njie,416,Torino FC,416,Torino FC,430,ACF Fiorentina,LOAN,Loan fee: €4.00m,TRANSFERMARKT_EXPANDED
2026/27,2026,OUT,551752,Demba Seck,416,Torino FC,416,Torino FC,669,FK Partizan Belgrade,PERMANENT_OR_OTHER_EXPLICIT,€1.40m,TRANSFERMARKT_EXPANDED
2026/27,2026,OUT,1004344,Ali Dembélé,416,Torino FC,416,Torino FC,1005,US Lecce,LOAN,Loan fee: €150k,TRANSFERMARKT_EXPANDED
2026/27,2026,OUT,928900,Zanos Savva,416,Torino FC,416,Torino FC,1402,Olympiakos Nicosia,FREE_TRANSFER,free transfer,TRANSFERMARKT_EXPANDED
2026/27,2026,OUT,186368,Valentino Lazaro,416,Torino FC,416,Torino FC,2150,Al-Ain FC,FREE_TRANSFER,free transfer,TRANSFERMARKT_EXPANDED
2026/27,2026,OUT,655456,Saba Sazonov,416,Torino FC,416,Torino FC,3709,Getafe CF,FREE_TRANSFER,free transfer,TRANSFERMARKT_EXPANDED
2026/27,2026,OUT,249730,Guillermo Maripán,416,Torino FC,416,Torino FC,6600,Sport Club Internacional,FREE_TRANSFER,free transfer,TRANSFERMARKT_EXPANDED
2026/27,2026,OUT,967813,Fabio Desole,416,Torino FC,416,Torino FC,4102,AC Carpi,PERMANENT_OR_OTHER_EXPLICIT,?,TRANSFERMARKT_EXPANDED
2026/27,2026,OUT,817333,Francesco Dell'Aquila,416,Torino FC,416,Torino FC,7030,Vis Pesaro 1898,PERMANENT_OR_OTHER_EXPLICIT,?,TRANSFERMARKT_EXPANDED
2026/27,2026,OUT,815483,Jacopo Antolini,416,Torino FC,416,Torino FC,4553,US Pergolettese 1932,PERMANENT_OR_OTHER_EXPLICIT,?,TRANSFERMARKT_EXPANDED
2026/27,2026,OUT,417896,Nicola Rauti,416,Torino FC,416,Torino FC,2655,LR Vicenza,PERMANENT_OR_OTHER_EXPLICIT,?,TRANSFERMARKT_EXPANDED
2026/27,2026,OUT,980632,Sergiu Perciun,416,Torino FC,416,Torino FC,408,Ascoli Calcio,LOAN,loan transfer,TRANSFERMARKT_EXPANDED
2026/27,2026,OUT,1074917,Jonathan Silva,416,Torino FC,416,Torino FC,2581,Mantova 1911,LOAN,loan transfer,TRANSFERMARKT_EXPANDED
2026/27,2026,OUT,470794,Ivan Ilić,416,Torino FC,416,Torino FC,1005,US Lecce,LOAN,loan transfer,TRANSFERMARKT_EXPANDED
2026/27,2026,OUT,1059298,Côme Bianay Balcot,416,Torino FC,416,Torino FC,1154,Red Star FC,LOAN,loan transfer,TRANSFERMARKT_EXPANDED
2026/27,2026,OUT,1040080,Tommaso Gabellini,416,Torino FC,416,Torino FC,9816,Forlì FC,LOAN,loan transfer,TRANSFERMARKT_EXPANDED
2026/27,2026,OUT,704825,Alessandro Dellavalle,416,Torino FC,416,Torino FC,3037,Calcio Padova,LOAN,loan transfer,TRANSFERMARKT_EXPANDED
2026/27,2026,OUT,914880,Matteo Brezzo,416,Torino FC,416,Torino FC,52900,ASD Chisola Calcio,LOAN,loan transfer,TRANSFERMARKT_EXPANDED
2026/27,2026,OUT,813134,Cristian Padula,416,Torino FC,416,Torino FC,22249,Audace Cerignola,LOAN,loan transfer,TRANSFERMARKT_EXPANDED
2026/27,2026,OUT,1056746,Wisdom Acquah,416,Torino FC,416,Torino FC,1385,Modena FC,LOAN,loan transfer,TRANSFERMARKT_EXPANDED
2026/27,2026,OUT,704744,Tommaso Di Marco,416,Torino FC,416,Torino FC,1627,Catania FC,LOAN,loan transfer,TRANSFERMARKT_EXPANDED
2026/27,2026,OUT,724108,Aaron Ciammaglichella,416,Torino FC,416,Torino FC,26789,FC Pro Vercelli 1892,LOAN,loan transfer,TRANSFERMARKT_EXPANDED
2026/27,2026,OUT,879868,Marco Dalla Vecchia,416,Torino FC,416,Torino FC,1429,Cesena FC,LOAN,loan transfer,TRANSFERMARKT_EXPANDED
2026/27,2026,OUT,157507,Adrien Tamèze,416,Torino FC,416,Torino FC,515,Without Club,FREE_AGENT_OR_END_OF_CONTRACT,-,TRANSFERMARKT_EXPANDED
2026/27,2026,OUT,282388,Giovanni Simeone,416,Torino FC,416,Torino FC,6195,SSC Napoli,LOAN_RETURN_OR_END_OF_LOAN,End of loan 30/06/2026,TRANSFERMARKT_EXPANDED
2026/27,2026,OUT,433181,Tino Anjorin,416,Torino FC,416,Torino FC,749,FC Empoli,LOAN_RETURN_OR_END_OF_LOAN,End of loan 30/06/2026,TRANSFERMARKT_EXPANDED
2026/27,2026,OUT,591193,Niels Nkounkou,416,Torino FC,416,Torino FC,24,Eintracht Frankfurt,LOAN_RETURN_OR_END_OF_LOAN,End of loan 30/06/2026,TRANSFERMARKT_EXPANDED
2026/27,2026,OUT,646747,Rafa Obrador,416,Torino FC,416,Torino FC,294,SL Benfica,LOAN_RETURN_OR_END_OF_LOAN,End of loan 30/06/2026,TRANSFERMARKT_EXPANDED
2026/27,2026,OUT,876298,Matteo Prati,416,Torino FC,416,Torino FC,1390,Cagliari Calcio,LOAN_RETURN_OR_END_OF_LOAN,End of loan 30/06/2026,TRANSFERMARKT_EXPANDED
2026/27,2026,OUT,814446,Luca Marianucci,416,Torino FC,416,Torino FC,6195,SSC Napoli,LOAN_RETURN_OR_END_OF_LOAN,End of loan 30/06/2026,TRANSFERMARKT_EXPANDED
2026/27,2026,OUT,357778,Sandro Kulenović,416,Torino FC,416,Torino FC,419,GNK Dinamo Zagreb,LOAN_RETURN_OR_END_OF_LOAN,End of loan 30/06/2026,TRANSFERMARKT_EXPANDED
2026/27,2026,OUT,342877,Enzo Ebosse,416,Torino FC,416,Torino FC,410,Udinese Calcio,LOAN_RETURN_OR_END_OF_LOAN,End of loan 30/06/2026,TRANSFERMARKT_EXPANDED
2026/27,2026,IN,668512,David Romero,130,Parma Calcio 1913,11831,Club Atlético Tigre,130,Parma Calcio 1913,PERMANENT_OR_OTHER_EXPLICIT,€7.00m,TRANSFERMARKT_EXPANDED
2026/27,2026,IN,814473,Giovanni Daffara,130,Parma Calcio 1913,41101,Juventus Next Gen,130,Parma Calcio 1913,PERMANENT_OR_OTHER_EXPLICIT,€6.00m,TRANSFERMARKT_EXPANDED
2026/27,2026,IN,430280,Hans Nicolussi Caviglia,130,Parma Calcio 1913,607,Venezia FC,130,Parma Calcio 1913,PERMANENT_OR_OTHER_EXPLICIT,€6.00m,TRANSFERMARKT_EXPANDED
2026/27,2026,IN,999127,Benja Cremaschi,130,Parma Calcio 1913,69261,Inter Miami CF,130,Parma Calcio 1913,PERMANENT_OR_OTHER_EXPLICIT,€4.00m,TRANSFERMARKT_EXPANDED
2026/27,2026,IN,731491,Franco Carboni,130,Parma Calcio 1913,46,Inter Milan,130,Parma Calcio 1913,PERMANENT_OR_OTHER_EXPLICIT,€2.50m,TRANSFERMARKT_EXPANDED
2026/27,2026,IN,962149,Ousmane Diallo,130,Parma Calcio 1913,17,Borussia Dortmund II,130,Parma Calcio 1913,PERMANENT_OR_OTHER_EXPLICIT,€1.50m,TRANSFERMARKT_EXPANDED
2026/27,2026,IN,649016,El Bilal Touré,130,Parma Calcio 1913,800,Atalanta BC,130,Parma Calcio 1913,LOAN,Loan fee: €1.50m,TRANSFERMARKT_EXPANDED
2026/27,2026,IN,633668,Giovanni Fabbian,130,Parma Calcio 1913,430,ACF Fiorentina,130,Parma Calcio 1913,LOAN,Loan fee: €1.00m,TRANSFERMARKT_EXPANDED
2026/27,2026,IN,1188771,Aymen Zouin,130,Parma Calcio 1913,5380,Inter Milan Primavera,130,Parma Calcio 1913,PERMANENT_OR_OTHER_EXPLICIT,€500k,TRANSFERMARKT_EXPANDED
2026/27,2026,IN,1058366,Simone Lontani,130,Parma Calcio 1913,10958,AC Milan Primavera,130,Parma Calcio 1913,FREE_TRANSFER,free transfer,TRANSFERMARKT_EXPANDED
2026/27,2026,IN,357983,Simone Ghidotti,130,Parma Calcio 1913,1038,UC Sampdoria,130,Parma Calcio 1913,FREE_TRANSFER,free transfer,TRANSFERMARKT_EXPANDED
2026/27,2026,IN,1231230,Thomás De Martis,130,Parma Calcio 1913,333,CA Lanús,130,Parma Calcio 1913,LOAN,loan transfer,TRANSFERMARKT_EXPANDED
2026/27,2026,IN,329145,Diego Carlos,130,Parma Calcio 1913,36,Fenerbahce,130,Parma Calcio 1913,LOAN,loan transfer,TRANSFERMARKT_EXPANDED
2026/27,2026,IN,1087009,Abdou-Salam Konate,130,Parma Calcio 1913,5243,Parma Primavera,130,Parma Calcio 1913,PERMANENT_OR_OTHER_EXPLICIT,-,TRANSFERMARKT_EXPANDED
2026/27,2026,IN,991459,Daniel Mikolajewski,130,Parma Calcio 1913,5243,Parma Primavera,130,Parma Calcio 1913,PERMANENT_OR_OTHER_EXPLICIT,-,TRANSFERMARKT_EXPANDED
2026/27,2026,IN,1009616,Dominik Drobnic,130,Parma Calcio 1913,5243,Parma Primavera,130,Parma Calcio 1913,PERMANENT_OR_OTHER_EXPLICIT,-,TRANSFERMARKT_EXPANDED
2026/27,2026,IN,182517,Anthony Partipilo,130,Parma Calcio 1913,332,SSC Bari,130,Parma Calcio 1913,LOAN_RETURN_OR_END_OF_LOAN,End of loan 30/06/2026,TRANSFERMARKT_EXPANDED
2026/27,2026,IN,902573,Mateusz Kowalski,130,Parma Calcio 1913,8936,Miedz Legnica,130,Parma Calcio 1913,LOAN_RETURN_OR_END_OF_LOAN,End of loan 30/06/2026,TRANSFERMARKT_EXPANDED
2026/27,2026,IN,454386,Adrian Benedyczak,130,Parma Calcio 1913,10484,Kasimpasa,130,Parma Calcio 1913,LOAN_RETURN_OR_END_OF_LOAN,End of loan 30/06/2026,TRANSFERMARKT_EXPANDED
2026/27,2026,IN,702324,Rachid Kouda,130,Parma Calcio 1913,2581,Mantova 1911,130,Parma Calcio 1913,LOAN_RETURN_OR_END_OF_LOAN,End of loan 30/06/2026,TRANSFERMARKT_EXPANDED
2026/27,2026,IN,708186,Tjas Begic,130,Parma Calcio 1913,1038,UC Sampdoria,130,Parma Calcio 1913,LOAN_RETURN_OR_END_OF_LOAN,End of loan 30/06/2026,TRANSFERMARKT_EXPANDED
2026/27,2026,IN,543727,Botond Balogh,130,Parma Calcio 1913,120,Kocaelispor,130,Parma Calcio 1913,LOAN_RETURN_OR_END_OF_LOAN,End of loan 30/06/2026,TRANSFERMARKT_EXPANDED
2026/27,2026,IN,806955,Dario Sits,130,Parma Calcio 1913,3679,Atlético Madrileño,130,Parma Calcio 1913,LOAN_RETURN_OR_END_OF_LOAN,End of loan 30/06/2026,TRANSFERMARKT_EXPANDED
2026/27,2026,IN,1028162,Antoine Joujou,130,Parma Calcio 1913,3329,FC Famalicão,130,Parma Calcio 1913,LOAN_RETURN_OR_END_OF_LOAN,End of loan 30/06/2026,TRANSFERMARKT_EXPANDED
2026/27,2026,IN,858677,Peter Amoran,130,Parma Calcio 1913,1429,Cesena FC,130,Parma Calcio 1913,LOAN_RETURN_OR_END_OF_LOAN,End of loan 30/06/2026,TRANSFERMARKT_EXPANDED
2026/27,2026,OUT,432298,Zion Suzuki,130,Parma Calcio 1913,130,Parma Calcio 1913,405,Aston Villa,PERMANENT_OR_OTHER_EXPLICIT,€30.00m,TRANSFERMARKT_EXPANDED
2026/27,2026,OUT,856530,Mateo Pellegrino,130,Parma Calcio 1913,130,Parma Calcio 1913,430,ACF Fiorentina,PERMANENT_OR_OTHER_EXPLICIT,€22.50m,TRANSFERMARKT_EXPANDED
2026/27,2026,OUT,867137,Alessandro Circati,130,Parma Calcio 1913,130,Parma Calcio 1913,294,SL Benfica,PERMANENT_OR_OTHER_EXPLICIT,€18.00m,TRANSFERMARKT_EXPANDED
2026/27,2026,OUT,454386,Adrian Benedyczak,130,Parma Calcio 1913,130,Parma Calcio 1913,10484,Kasimpasa,PERMANENT_OR_OTHER_EXPLICIT,€4.00m,TRANSFERMARKT_EXPANDED
2026/27,2026,OUT,708186,Tjas Begic,130,Parma Calcio 1913,130,Parma Calcio 1913,1038,UC Sampdoria,PERMANENT_OR_OTHER_EXPLICIT,€1.20m,TRANSFERMARKT_EXPANDED
2026/27,2026,OUT,1028162,Antoine Joujou,130,Parma Calcio 1913,130,Parma Calcio 1913,995,FC Nantes,PERMANENT_OR_OTHER_EXPLICIT,€1.00m,TRANSFERMARKT_EXPANDED
2026/27,2026,OUT,543727,Botond Balogh,130,Parma Calcio 1913,130,Parma Calcio 1913,968,KVC Westerlo,PERMANENT_OR_OTHER_EXPLICIT,€500k,TRANSFERMARKT_EXPANDED
2026/27,2026,OUT,182517,Anthony Partipilo,130,Parma Calcio 1913,130,Parma Calcio 1913,5585,Barletta 1922,FREE_TRANSFER,free transfer,TRANSFERMARKT_EXPANDED
2026/27,2026,OUT,552472,Nahuel Estévez,130,Parma Calcio 1913,130,Parma Calcio 1913,458,Palermo FC,FREE_TRANSFER,free transfer,TRANSFERMARKT_EXPANDED
2026/27,2026,OUT,858677,Peter Amoran,130,Parma Calcio 1913,130,Parma Calcio 1913,5202,Västerås SK,PERMANENT_OR_OTHER_EXPLICIT,?,TRANSFERMARKT_EXPANDED
2026/27,2026,OUT,806955,Dario Sits,130,Parma Calcio 1913,130,Parma Calcio 1913,1455,FC Dordrecht,LOAN,loan transfer,TRANSFERMARKT_EXPANDED
2026/27,2026,OUT,663237,Jacob Ondrejka,130,Parma Calcio 1913,130,Parma Calcio 1913,202,FC Groningen,LOAN,loan transfer,TRANSFERMARKT_EXPANDED
2026/27,2026,OUT,1188771,Aymen Zouin,130,Parma Calcio 1913,130,Parma Calcio 1913,3268,Casa Pia AC,LOAN,loan transfer,TRANSFERMARKT_EXPANDED
2026/27,2026,OUT,702324,Rachid Kouda,130,Parma Calcio 1913,130,Parma Calcio 1913,2581,Mantova 1911,LOAN,loan transfer,TRANSFERMARKT_EXPANDED
2026/27,2026,OUT,604207,Filippo Rinaldi,130,Parma Calcio 1913,130,Parma Calcio 1913,1627,Catania FC,LOAN,loan transfer,TRANSFERMARKT_EXPANDED
2026/27,2026,OUT,991459,Daniel Mikolajewski,130,Parma Calcio 1913,130,Parma Calcio 1913,434,FC Luzern,LOAN,loan transfer,TRANSFERMARKT_EXPANDED
2026/27,2026,OUT,514888,Oliver Sørensen,130,Parma Calcio 1913,130,Parma Calcio 1913,371,Celtic FC,LOAN,loan transfer,TRANSFERMARKT_EXPANDED
2026/27,2026,OUT,457673,Gabriel Strefezza,130,Parma Calcio 1913,130,Parma Calcio 1913,683,Olympiacos Piraeus,LOAN_RETURN_OR_END_OF_LOAN,End of loan 30/06/2026,TRANSFERMARKT_EXPANDED
2026/27,2026,OUT,430280,Hans Nicolussi Caviglia,130,Parma Calcio 1913,130,Parma Calcio 1913,607,Venezia FC,LOAN_RETURN_OR_END_OF_LOAN,End of loan 30/06/2026,TRANSFERMARKT_EXPANDED
2026/27,2026,OUT,731491,Franco Carboni,130,Parma Calcio 1913,130,Parma Calcio 1913,46,Inter Milan,LOAN_RETURN_OR_END_OF_LOAN,End of loan 30/06/2026,TRANSFERMARKT_EXPANDED
2026/27,2026,OUT,999127,Benja Cremaschi,130,Parma Calcio 1913,130,Parma Calcio 1913,69261,Inter Miami CF,LOAN_RETURN_OR_END_OF_LOAN,End of loan 30/06/2026,TRANSFERMARKT_EXPANDED
2026/27,2026,OUT,613393,Gaetano Oristanio,130,Parma Calcio 1913,130,Parma Calcio 1913,607,Venezia FC,LOAN_RETURN_OR_END_OF_LOAN,End of loan 30/06/2026,TRANSFERMARKT_EXPANDED
2026/27,2026,IN,538918,Sebastiano Esposito,1390,Cagliari Calcio,46,Inter Milan,1390,Cagliari Calcio,PERMANENT_OR_OTHER_EXPLICIT,€4.00m,TRANSFERMARKT_EXPANDED
2026/27,2026,IN,539134,Daniel Maldini,1390,Cagliari Calcio,800,Atalanta BC,1390,Cagliari Calcio,LOAN,Loan fee: €1.00m,TRANSFERMARKT_EXPANDED
2026/27,2026,IN,457444,Giuseppe Aurelio,1390,Cagliari Calcio,3522,Spezia Calcio,1390,Cagliari Calcio,PERMANENT_OR_OTHER_EXPLICIT,€800k,TRANSFERMARKT_EXPANDED
2026/27,2026,IN,691482,Jacopo Fazzini,1390,Cagliari Calcio,430,ACF Fiorentina,1390,Cagliari Calcio,LOAN,Loan fee: €800k,TRANSFERMARKT_EXPANDED
2026/27,2026,IN,911224,Alessandro Romano,1390,Cagliari Calcio,12,AS Roma,1390,Cagliari Calcio,LOAN,Loan fee: €500k,TRANSFERMARKT_EXPANDED
2026/27,2026,IN,749552,Alieu Fadera,1390,Cagliari Calcio,1047,Como 1907,1390,Cagliari Calcio,LOAN,Loan fee: €500k,TRANSFERMARKT_EXPANDED
2026/27,2026,IN,1111663,Kingstone Mutandwa,1390,Cagliari Calcio,266,SV Ried,1390,Cagliari Calcio,LOAN_RETURN_OR_END_OF_LOAN,End of loan 30/06/2026 €250k,TRANSFERMARKT_EXPANDED
2026/27,2026,IN,354814,M'Bala Nzola,1390,Cagliari Calcio,430,ACF Fiorentina,1390,Cagliari Calcio,FREE_TRANSFER,free transfer,TRANSFERMARKT_EXPANDED
2026/27,2026,IN,197471,Roberto Gagliardini,1390,Cagliari Calcio,276,Hellas Verona,1390,Cagliari Calcio,FREE_TRANSFER,free transfer,TRANSFERMARKT_EXPANDED
2026/27,2026,IN,1078164,Demi Akarakiri,1390,Cagliari Calcio,6920,Everton FC U18,1390,Cagliari Calcio,FREE_TRANSFER,free transfer,TRANSFERMARKT_EXPANDED
2026/27,2026,IN,718201,Kevin Carlos,1390,Cagliari Calcio,417,OGC Nice,1390,Cagliari Calcio,LOAN,loan transfer,TRANSFERMARKT_EXPANDED
2026/27,2026,IN,249126,Harry Winks,1390,Cagliari Calcio,1003,Leicester City,1390,Cagliari Calcio,PERMANENT_OR_OTHER_EXPLICIT,?,TRANSFERMARKT_EXPANDED
2026/27,2026,IN,1039342,Raphael Kofler,1390,Cagliari Calcio,4554,FC Südtirol,1390,Cagliari Calcio,LOAN,loan transfer,TRANSFERMARKT_EXPANDED
2026/27,2026,IN,405385,Yukinari Sugawara,1390,Cagliari Calcio,180,Southampton FC,1390,Cagliari Calcio,LOAN,loan transfer,TRANSFERMARKT_EXPANDED
2026/27,2026,IN,915849,Yanis Massolin,1390,Cagliari Calcio,46,Inter Milan,1390,Cagliari Calcio,LOAN,loan transfer,TRANSFERMARKT_EXPANDED
2026/27,2026,IN,628558,Riccardo Ciervo,1390,Cagliari Calcio,6574,US Sassuolo,1390,Cagliari Calcio,LOAN,loan transfer,TRANSFERMARKT_EXPANDED
2026/27,2026,IN,1048013,Nicola Grandu,1390,Cagliari Calcio,11676,Cagliari Primavera,1390,Cagliari Calcio,PERMANENT_OR_OTHER_EXPLICIT,-,TRANSFERMARKT_EXPANDED
2026/27,2026,IN,926839,Ivan Sulev,1390,Cagliari Calcio,11676,Cagliari Primavera,1390,Cagliari Calcio,PERMANENT_OR_OTHER_EXPLICIT,-,TRANSFERMARKT_EXPANDED
2026/27,2026,IN,469690,Nik Prelec,1390,Cagliari Calcio,988,Oxford United,1390,Cagliari Calcio,LOAN_RETURN_OR_END_OF_LOAN,End of loan 30/06/2026,TRANSFERMARKT_EXPANDED
2026/27,2026,IN,705097,Davide Veroli,1390,Cagliari Calcio,458,Palermo FC,1390,Cagliari Calcio,LOAN_RETURN_OR_END_OF_LOAN,End of loan 30/06/2026,TRANSFERMARKT_EXPANDED
2026/27,2026,IN,927933,Velizar-Iliya Iliev,1390,Cagliari Calcio,22249,Audace Cerignola,1390,Cagliari Calcio,LOAN_RETURN_OR_END_OF_LOAN,End of loan 30/06/2026,TRANSFERMARKT_EXPANDED
2026/27,2026,IN,258482,Boris Radunović,1390,Cagliari Calcio,3522,Spezia Calcio,1390,Cagliari Calcio,LOAN_RETURN_OR_END_OF_LOAN,End of loan 30/06/2026,TRANSFERMARKT_EXPANDED
2026/27,2026,IN,885228,Alessandro Vinciguerra,1390,Cagliari Calcio,33734,SS Monopoli 1966,1390,Cagliari Calcio,LOAN_RETURN_OR_END_OF_LOAN,End of loan 30/06/2026,TRANSFERMARKT_EXPANDED
2026/27,2026,IN,701842,Nicolò Cavuoti,1390,Cagliari Calcio,332,SSC Bari,1390,Cagliari Calcio,LOAN_RETURN_OR_END_OF_LOAN,End of loan 30/06/2026,TRANSFERMARKT_EXPANDED
2026/27,2026,IN,887650,Francesco Gallea,1390,Cagliari Calcio,4103,FC Lumezzane,1390,Cagliari Calcio,LOAN_RETURN_OR_END_OF_LOAN,End of loan 30/06/2026,TRANSFERMARKT_EXPANDED
2026/27,2026,IN,967814,Sebastiano Di Paolo,1390,Cagliari Calcio,8373,Siracusa Calcio,1390,Cagliari Calcio,LOAN_RETURN_OR_END_OF_LOAN,End of loan 30/06/2026,TRANSFERMARKT_EXPANDED
2026/27,2026,IN,876298,Matteo Prati,1390,Cagliari Calcio,416,Torino FC,1390,Cagliari Calcio,LOAN_RETURN_OR_END_OF_LOAN,End of loan 30/06/2026,TRANSFERMARKT_EXPANDED
2026/27,2026,IN,885230,Nicola Pintus,1390,Cagliari Calcio,4031,Cosenza Calcio,1390,Cagliari Calcio,LOAN_RETURN_OR_END_OF_LOAN,End of loan 30/06/2026,TRANSFERMARKT_EXPANDED
2026/27,2026,OUT,358008,Gianluca Gaetano,1390,Cagliari Calcio,1390,Cagliari Calcio,800,Atalanta BC,PERMANENT_OR_OTHER_EXPLICIT,€12.00m,TRANSFERMARKT_EXPANDED
2026/27,2026,OUT,469690,Nik Prelec,1390,Cagliari Calcio,1390,Cagliari Calcio,988,Oxford United,PERMANENT_OR_OTHER_EXPLICIT,€1.00m,TRANSFERMARKT_EXPANDED
2026/27,2026,OUT,538918,Sebastiano Esposito,1390,Cagliari Calcio,1390,Cagliari Calcio,6574,US Sassuolo,LOAN,Loan fee: €1.00m,TRANSFERMARKT_EXPANDED
2026/27,2026,OUT,876298,Matteo Prati,1390,Cagliari Calcio,1390,Cagliari Calcio,630,Racing Santander,LOAN,Loan fee: €500k,TRANSFERMARKT_EXPANDED
2026/27,2026,OUT,885228,Alessandro Vinciguerra,1390,Cagliari Calcio,1390,Cagliari Calcio,22249,Audace Cerignola,FREE_TRANSFER,free transfer,TRANSFERMARKT_EXPANDED
2026/27,2026,OUT,535740,Giuseppe Ciocci,1390,Cagliari Calcio,1390,Cagliari Calcio,3522,Spezia Calcio,FREE_TRANSFER,free transfer,TRANSFERMARKT_EXPANDED
2026/27,2026,OUT,208172,Mateusz Wieteska,1390,Cagliari Calcio,1390,Cagliari Calcio,30974,Wieczysta Krakow,PERMANENT_OR_OTHER_EXPLICIT,?,TRANSFERMARKT_EXPANDED
2026/27,2026,OUT,927933,Velizar-Iliya Iliev,1390,Cagliari Calcio,1390,Cagliari Calcio,4031,Cosenza Calcio,LOAN,loan transfer,TRANSFERMARKT_EXPANDED
2026/27,2026,OUT,887650,Francesco Gallea,1390,Cagliari Calcio,1390,Cagliari Calcio,5587,SS Juve Stabia,LOAN,loan transfer,TRANSFERMARKT_EXPANDED
2026/27,2026,OUT,1111663,Kingstone Mutandwa,1390,Cagliari Calcio,1390,Cagliari Calcio,61,Servette FC,LOAN,loan transfer,TRANSFERMARKT_EXPANDED
2026/27,2026,OUT,705097,Davide Veroli,1390,Cagliari Calcio,1390,Cagliari Calcio,4554,FC Südtirol,LOAN,loan transfer,TRANSFERMARKT_EXPANDED
2026/27,2026,OUT,701842,Nicolò Cavuoti,1390,Cagliari Calcio,1390,Cagliari Calcio,1627,Catania FC,LOAN,loan transfer,TRANSFERMARKT_EXPANDED
2026/27,2026,OUT,967814,Sebastiano Di Paolo,1390,Cagliari Calcio,1390,Cagliari Calcio,2331,US Avellino 1912,LOAN,loan transfer,TRANSFERMARKT_EXPANDED
2026/27,2026,OUT,997478,Othniël Raterink,1390,Cagliari Calcio,1390,Cagliari Calcio,1268,ADO Den Haag,LOAN,loan transfer,TRANSFERMARKT_EXPANDED
2026/27,2026,OUT,392569,Gabriele Zappa,1390,Cagliari Calcio,1390,Cagliari Calcio,276,Hellas Verona,LOAN,loan transfer,TRANSFERMARKT_EXPANDED
2026/27,2026,OUT,1104206,Agustín Albarracín,1390,Cagliari Calcio,1390,Cagliari Calcio,1532,Albacete Balompié,LOAN,loan transfer,TRANSFERMARKT_EXPANDED
2026/27,2026,OUT,885230,Nicola Pintus,1390,Cagliari Calcio,1390,Cagliari Calcio,34499,US Pianese,LOAN,loan transfer,TRANSFERMARKT_EXPANDED
2026/27,2026,OUT,167727,Andrea Belotti,1390,Cagliari Calcio,1390,Cagliari Calcio,515,Without Club,FREE_AGENT_OR_END_OF_CONTRACT,-,TRANSFERMARKT_EXPANDED
2026/27,2026,OUT,64793,Leonardo Pavoletti,1390,Cagliari Calcio,1390,Cagliari Calcio,515,Without Club,FREE_AGENT_OR_END_OF_CONTRACT,-,TRANSFERMARKT_EXPANDED
2026/27,2026,OUT,377042,Michael Folorunsho,1390,Cagliari Calcio,1390,Cagliari Calcio,6195,SSC Napoli,LOAN_RETURN_OR_END_OF_LOAN,End of loan 30/06/2026,TRANSFERMARKT_EXPANDED
2026/27,2026,OUT,226025,Luca Mazzitelli,1390,Cagliari Calcio,1390,Cagliari Calcio,1047,Como 1907,LOAN_RETURN_OR_END_OF_LOAN,End of loan 30/06/2026,TRANSFERMARKT_EXPANDED
2026/27,2026,OUT,875334,Semih Kılıçsoy,1390,Cagliari Calcio,1390,Cagliari Calcio,114,Besiktas JK,LOAN_RETURN_OR_END_OF_LOAN,End of loan 30/06/2026,TRANSFERMARKT_EXPANDED
2026/27,2026,OUT,538918,Sebastiano Esposito,1390,Cagliari Calcio,1390,Cagliari Calcio,46,Inter Milan,LOAN_RETURN_OR_END_OF_LOAN,End of loan 30/06/2026,TRANSFERMARKT_EXPANDED
2026/27,2026,OUT,895937,Marco Palestra,1390,Cagliari Calcio,1390,Cagliari Calcio,800,Atalanta BC,LOAN_RETURN_OR_END_OF_LOAN,End of loan 30/06/2026,TRANSFERMARKT_EXPANDED
2026/27,2026,OUT,982267,Ibrahim Sulemana,1390,Cagliari Calcio,1390,Cagliari Calcio,800,Atalanta BC,LOAN_RETURN_OR_END_OF_LOAN,End of loan 30/06/2026,TRANSFERMARKT_EXPANDED
2026/27,2026,OUT,385394,Alberto Dossena,1390,Cagliari Calcio,1390,Cagliari Calcio,1047,Como 1907,LOAN_RETURN_OR_END_OF_LOAN,End of loan 30/06/2026,TRANSFERMARKT_EXPANDED
2026/27,2026,OUT,911224,Alessandro Romano,1390,Cagliari Calcio,1390,Cagliari Calcio,12,AS Roma,LOAN_RETURN_OR_END_OF_LOAN,End of loan 30/06/2027,TRANSFERMARKT_EXPANDED
2026/27,2026,IN,1279526,Christ Inao Oulaï,430,ACF Fiorentina,449,Trabzonspor,430,ACF Fiorentina,PERMANENT_OR_OTHER_EXPLICIT,€26.00m,TRANSFERMARKT_EXPANDED
2026/27,2026,IN,855308,Arthur Atta,430,ACF Fiorentina,410,Udinese Calcio,430,ACF Fiorentina,PERMANENT_OR_OTHER_EXPLICIT,€25.00m,TRANSFERMARKT_EXPANDED
2026/27,2026,IN,856530,Mateo Pellegrino,430,ACF Fiorentina,130,Parma Calcio 1913,430,ACF Fiorentina,PERMANENT_OR_OTHER_EXPLICIT,€22.50m,TRANSFERMARKT_EXPANDED
2026/27,2026,IN,595809,Beto,430,ACF Fiorentina,29,Everton FC,430,ACF Fiorentina,PERMANENT_OR_OTHER_EXPLICIT,€18.00m,TRANSFERMARKT_EXPANDED
2026/27,2026,IN,950393,Viery,430,ACF Fiorentina,210,Grêmio Foot-Ball Porto Alegrense,430,ACF Fiorentina,PERMANENT_OR_OTHER_EXPLICIT,€15.00m,TRANSFERMARKT_EXPANDED
2026/27,2026,IN,633668,Giovanni Fabbian,430,ACF Fiorentina,1025,Bologna FC 1909,430,ACF Fiorentina,PERMANENT_OR_OTHER_EXPLICIT,€13.00m,TRANSFERMARKT_EXPANDED
2026/27,2026,IN,459128,Marco Brescianini,430,ACF Fiorentina,800,Atalanta BC,430,ACF Fiorentina,PERMANENT_OR_OTHER_EXPLICIT,€10.00m,TRANSFERMARKT_EXPANDED
2026/27,2026,IN,1186245,Víctor Valdepeñas,430,ACF Fiorentina,6767,Real Madrid Castilla,430,ACF Fiorentina,PERMANENT_OR_OTHER_EXPLICIT,€8.00m,TRANSFERMARKT_EXPANDED
2026/27,2026,IN,934527,Alieu Njie,430,ACF Fiorentina,416,Torino FC,430,ACF Fiorentina,LOAN,Loan fee: €4.00m,TRANSFERMARKT_EXPANDED
2026/27,2026,IN,426620,Pedro Gonçalves,430,ACF Fiorentina,336,Sporting CP,430,ACF Fiorentina,LOAN,Loan fee: €2.50m,TRANSFERMARKT_EXPANDED
2026/27,2026,IN,741257,Álex Jiménez,430,ACF Fiorentina,989,AFC Bournemouth,430,ACF Fiorentina,LOAN,Loan fee: €2.00m,TRANSFERMARKT_EXPANDED
2026/27,2026,IN,537602,João Mário,430,ACF Fiorentina,506,Juventus FC,430,ACF Fiorentina,LOAN,Loan fee: €1.80m,TRANSFERMARKT_EXPANDED
2026/27,2026,IN,568559,Radu Drăgușin,430,ACF Fiorentina,148,Tottenham Hotspur,430,ACF Fiorentina,LOAN,Loan fee: €1.50m,TRANSFERMARKT_EXPANDED
2026/27,2026,IN,627626,Wilfried Gnonto,430,ACF Fiorentina,399,Leeds United,430,ACF Fiorentina,LOAN,Loan fee: €1.00m,TRANSFERMARKT_EXPANDED
2026/27,2026,IN,1057316,Franco Mastantuono,430,ACF Fiorentina,418,Real Madrid,430,ACF Fiorentina,LOAN,loan transfer,TRANSFERMARKT_EXPANDED
2026/27,2026,IN,1350478,Federico Croci,430,ACF Fiorentina,49741,Fiorentina Under 17,430,ACF Fiorentina,PERMANENT_OR_OTHER_EXPLICIT,-,TRANSFERMARKT_EXPANDED
2026/27,2026,IN,628366,Lucas Beltrán,430,ACF Fiorentina,1049,Valencia CF,430,ACF Fiorentina,LOAN_RETURN_OR_END_OF_LOAN,End of loan 30/06/2026,TRANSFERMARKT_EXPANDED
2026/27,2026,IN,1054169,Giulio Scuderi,430,ACF Fiorentina,52687,Alcione Milano,430,ACF Fiorentina,LOAN_RETURN_OR_END_OF_LOAN,End of loan 30/06/2026,TRANSFERMARKT_EXPANDED
2026/27,2026,IN,602124,Alessandro Bianco,430,ACF Fiorentina,1091,PAOK Thessaloniki,430,ACF Fiorentina,LOAN_RETURN_OR_END_OF_LOAN,End of loan 30/06/2026,TRANSFERMARKT_EXPANDED
2026/27,2026,IN,386455,Riccardo Sottil,430,ACF Fiorentina,1005,US Lecce,430,ACF Fiorentina,LOAN_RETURN_OR_END_OF_LOAN,End of loan 30/06/2026,TRANSFERMARKT_EXPANDED
2026/27,2026,IN,996453,Maat Daniel Caprini,430,ACF Fiorentina,2581,Mantova 1911,430,ACF Fiorentina,LOAN_RETURN_OR_END_OF_LOAN,End of loan 30/06/2026,TRANSFERMARKT_EXPANDED
2026/27,2026,IN,707450,Lorenzo Amatucci,430,ACF Fiorentina,472,UD Las Palmas,430,ACF Fiorentina,LOAN_RETURN_OR_END_OF_LOAN,End of loan 30/06/2026,TRANSFERMARKT_EXPANDED
2026/27,2026,IN,567454,Lorenzo Lucchesi,430,ACF Fiorentina,2919,AC Monza,430,ACF Fiorentina,LOAN_RETURN_OR_END_OF_LOAN,End of loan 30/06/2026,TRANSFERMARKT_EXPANDED
2026/27,2026,IN,669915,Filippo Distefano,430,ACF Fiorentina,4159,Carrarese Calcio 1908,430,ACF Fiorentina,LOAN_RETURN_OR_END_OF_LOAN,End of loan 30/06/2026,TRANSFERMARKT_EXPANDED
2026/27,2026,IN,907688,Riccardo Spaggiari,430,ACF Fiorentina,46619,Arzignano Valchiampo,430,ACF Fiorentina,LOAN_RETURN_OR_END_OF_LOAN,End of loan 30/06/2026,TRANSFERMARKT_EXPANDED
2026/27,2026,IN,899542,Lorenzo Romani,430,ACF Fiorentina,5514,Calcio Lecco 1912,430,ACF Fiorentina,LOAN_RETURN_OR_END_OF_LOAN,End of loan 30/06/2026,TRANSFERMARKT_EXPANDED
2026/27,2026,IN,932740,Jonas Harder,430,ACF Fiorentina,3037,Calcio Padova,430,ACF Fiorentina,LOAN_RETURN_OR_END_OF_LOAN,End of loan 30/06/2026,TRANSFERMARKT_EXPANDED
2026/27,2026,IN,932733,Leonardo Baroncelli,430,ACF Fiorentina,4326,AS Gubbio 1910,430,ACF Fiorentina,LOAN_RETURN_OR_END_OF_LOAN,End of loan 30/06/2026,TRANSFERMARKT_EXPANDED
2026/27,2026,IN,1144700,Matías Moreno,430,ACF Fiorentina,3368,Levante UD,430,ACF Fiorentina,LOAN_RETURN_OR_END_OF_LOAN,End of loan 30/06/2026,TRANSFERMARKT_EXPANDED
2026/27,2026,IN,883053,Mirko Elia,430,ACF Fiorentina,9816,Forlì FC,430,ACF Fiorentina,LOAN_RETURN_OR_END_OF_LOAN,End of loan 30/06/2026,TRANSFERMARKT_EXPANDED
2026/27,2026,IN,831162,Gino Infantino,430,ACF Fiorentina,1030,AA Argentinos Juniors,430,ACF Fiorentina,LOAN_RETURN_OR_END_OF_LOAN,End of loan 31/12/2026,TRANSFERMARKT_EXPANDED
2026/27,2026,IN,1057839,Lapo Deli,430,ACF Fiorentina,749,FC Empoli,430,ACF Fiorentina,LOAN_RETURN_OR_END_OF_LOAN,End of loan 30/06/2027,TRANSFERMARKT_EXPANDED
2026/27,2026,IN,934159,Tommaso Martinelli,430,ACF Fiorentina,1038,UC Sampdoria,430,ACF Fiorentina,LOAN_RETURN_OR_END_OF_LOAN,End of loan 30/06/2026,TRANSFERMARKT_EXPANDED
2026/27,2026,IN,883046,Laerte Tognetti,430,ACF Fiorentina,27568,US Follonica Gavorrano,430,ACF Fiorentina,LOAN_RETURN_OR_END_OF_LOAN,End of loan 30/06/2026,TRANSFERMARKT_EXPANDED
2026/27,2026,IN,507486,Simon Sohm,430,ACF Fiorentina,1025,Bologna FC 1909,430,ACF Fiorentina,LOAN_RETURN_OR_END_OF_LOAN,End of loan 30/06/2026,TRANSFERMARKT_EXPANDED
2026/27,2026,IN,893675,Amir Richardson,430,ACF Fiorentina,190,FC Copenhagen,430,ACF Fiorentina,LOAN_RETURN_OR_END_OF_LOAN,End of loan 30/06/2026,TRANSFERMARKT_EXPANDED
2026/27,2026,IN,988977,Tommaso Vannucchi,430,ACF Fiorentina,4031,Cosenza Calcio,430,ACF Fiorentina,LOAN_RETURN_OR_END_OF_LOAN,End of loan 30/06/2026,TRANSFERMARKT_EXPANDED
2026/27,2026,IN,354814,M'Bala Nzola,430,ACF Fiorentina,6574,US Sassuolo,430,ACF Fiorentina,LOAN_RETURN_OR_END_OF_LOAN,End of loan 30/06/2026,TRANSFERMARKT_EXPANDED
2026/27,2026,IN,928056,Jacopo Tarantino,430,ACF Fiorentina,22249,Audace Cerignola,430,ACF Fiorentina,LOAN_RETURN_OR_END_OF_LOAN,End of loan 30/06/2026,TRANSFERMARKT_EXPANDED
2026/27,2026,IN,272261,Antonín Barák,430,ACF Fiorentina,1038,UC Sampdoria,430,ACF Fiorentina,LOAN_RETURN_OR_END_OF_LOAN,End of loan 30/06/2026,TRANSFERMARKT_EXPANDED
2026/27,2026,IN,860992,Nicolás Valentini,430,ACF Fiorentina,276,Hellas Verona,430,ACF Fiorentina,LOAN_RETURN_OR_END_OF_LOAN,End of loan 30/06/2026,TRANSFERMARKT_EXPANDED
2026/27,2026,OUT,308279,Rolando Mandragora,430,ACF Fiorentina,430,ACF Fiorentina,416,Torino FC,PERMANENT_OR_OTHER_EXPLICIT,€5.00m,TRANSFERMARKT_EXPANDED
2026/27,2026,OUT,364135,Moise Kean,430,ACF Fiorentina,430,ACF Fiorentina,1047,Como 1907,LOAN,Loan fee: €5.00m,TRANSFERMARKT_EXPANDED
2026/27,2026,OUT,860992,Nicolás Valentini,430,ACF Fiorentina,430,ACF Fiorentina,1108,Deportivo Alavés,PERMANENT_OR_OTHER_EXPLICIT,€3.00m,TRANSFERMARKT_EXPANDED
2026/27,2026,OUT,707450,Lorenzo Amatucci,430,ACF Fiorentina,430,ACF Fiorentina,897,Deportivo A Coruña,PERMANENT_OR_OTHER_EXPLICIT,€2.50m,TRANSFERMARKT_EXPANDED
2026/27,2026,OUT,932740,Jonas Harder,430,ACF Fiorentina,430,ACF Fiorentina,26,FC Basel 1893,PERMANENT_OR_OTHER_EXPLICIT,€2.00m,TRANSFERMARKT_EXPANDED
2026/27,2026,OUT,1012731,Luis Balbo,430,ACF Fiorentina,430,ACF Fiorentina,122,SK Sturm Graz,PERMANENT_OR_OTHER_EXPLICIT,€1.50m,TRANSFERMARKT_EXPANDED
2026/27,2026,OUT,984964,Niccolò Fortini,430,ACF Fiorentina,430,ACF Fiorentina,416,Torino FC,LOAN,Loan fee: €1.50m,TRANSFERMARKT_EXPANDED
2026/27,2026,OUT,934514,Riccardo Braschi,430,ACF Fiorentina,430,ACF Fiorentina,938,FC Thun,PERMANENT_OR_OTHER_EXPLICIT,€1.00m,TRANSFERMARKT_EXPANDED
2026/27,2026,OUT,567454,Lorenzo Lucchesi,430,ACF Fiorentina,430,ACF Fiorentina,2919,AC Monza,PERMANENT_OR_OTHER_EXPLICIT,€1.00m,TRANSFERMARKT_EXPANDED
2026/27,2026,OUT,602124,Alessandro Bianco,430,ACF Fiorentina,430,ACF Fiorentina,1385,Modena FC,PERMANENT_OR_OTHER_EXPLICIT,€1.00m,TRANSFERMARKT_EXPANDED
2026/27,2026,OUT,633668,Giovanni Fabbian,430,ACF Fiorentina,430,ACF Fiorentina,130,Parma Calcio 1913,LOAN,Loan fee: €1.00m,TRANSFERMARKT_EXPANDED
2026/27,2026,OUT,746712,Pietro Comuzzo,430,ACF Fiorentina,430,ACF Fiorentina,416,Torino FC,LOAN,Loan fee: €1.00m,TRANSFERMARKT_EXPANDED
2026/27,2026,OUT,691482,Jacopo Fazzini,430,ACF Fiorentina,430,ACF Fiorentina,1390,Cagliari Calcio,LOAN,Loan fee: €800k,TRANSFERMARKT_EXPANDED
2026/27,2026,OUT,1144700,Matías Moreno,430,ACF Fiorentina,430,ACF Fiorentina,607,Venezia FC,LOAN,Loan fee: €500k,TRANSFERMARKT_EXPANDED
2026/27,2026,OUT,628366,Lucas Beltrán,430,ACF Fiorentina,430,ACF Fiorentina,209,CA River Plate,LOAN,Loan fee: €430k,TRANSFERMARKT_EXPANDED
2026/27,2026,OUT,669915,Filippo Distefano,430,ACF Fiorentina,430,ACF Fiorentina,749,FC Empoli,PERMANENT_OR_OTHER_EXPLICIT,€250k,TRANSFERMARKT_EXPANDED
2026/27,2026,OUT,354814,M'Bala Nzola,430,ACF Fiorentina,430,ACF Fiorentina,1390,Cagliari Calcio,FREE_TRANSFER,free transfer,TRANSFERMARKT_EXPANDED
2026/27,2026,OUT,504148,Tariq Lamptey,430,ACF Fiorentina,430,ACF Fiorentina,1039,Queens Park Rangers,FREE_TRANSFER,free transfer,TRANSFERMARKT_EXPANDED
2026/27,2026,OUT,340394,Abdelhamid Sabiri,430,ACF Fiorentina,430,ACF Fiorentina,7160,Eyüpspor,FREE_TRANSFER,free transfer,TRANSFERMARKT_EXPANDED
2026/27,2026,OUT,273132,Robin Gosens,430,ACF Fiorentina,430,ACF Fiorentina,33,FC Schalke 04,LOAN,loan transfer,TRANSFERMARKT_EXPANDED
2026/27,2026,OUT,932733,Leonardo Baroncelli,430,ACF Fiorentina,430,ACF Fiorentina,4326,AS Gubbio 1910,PERMANENT_OR_OTHER_EXPLICIT,?,TRANSFERMARKT_EXPANDED
2026/27,2026,OUT,899542,Lorenzo Romani,430,ACF Fiorentina,430,ACF Fiorentina,4159,Carrarese Calcio 1908,LOAN,loan transfer,TRANSFERMARKT_EXPANDED
2026/27,2026,OUT,305947,Albert Gudmundsson,430,ACF Fiorentina,430,ACF Fiorentina,398,SS Lazio,LOAN,loan transfer,TRANSFERMARKT_EXPANDED
2026/27,2026,OUT,1015822,Eman Košpo,430,ACF Fiorentina,430,ACF Fiorentina,2581,Mantova 1911,LOAN,loan transfer,TRANSFERMARKT_EXPANDED
2026/27,2026,OUT,893675,Amir Richardson,430,ACF Fiorentina,430,ACF Fiorentina,738,Le Havre AC,LOAN,loan transfer,TRANSFERMARKT_EXPANDED
2026/27,2026,OUT,883053,Mirko Elia,430,ACF Fiorentina,430,ACF Fiorentina,332,SSC Bari,LOAN,loan transfer,TRANSFERMARKT_EXPANDED
2026/27,2026,OUT,432092,Roberto Piccoli,430,ACF Fiorentina,430,ACF Fiorentina,1025,Bologna FC 1909,LOAN,loan transfer,TRANSFERMARKT_EXPANDED
2026/27,2026,OUT,507486,Simon Sohm,430,ACF Fiorentina,430,ACF Fiorentina,607,Venezia FC,LOAN,loan transfer,TRANSFERMARKT_EXPANDED
2026/27,2026,OUT,988977,Tommaso Vannucchi,430,ACF Fiorentina,430,ACF Fiorentina,46619,Arzignano Valchiampo,LOAN,loan transfer,TRANSFERMARKT_EXPANDED
2026/27,2026,OUT,1054169,Giulio Scuderi,430,ACF Fiorentina,430,ACF Fiorentina,5587,SS Juve Stabia,LOAN,loan transfer,TRANSFERMARKT_EXPANDED
2026/27,2026,OUT,996453,Maat Daniel Caprini,430,ACF Fiorentina,430,ACF Fiorentina,1429,Cesena FC,LOAN,loan transfer,TRANSFERMARKT_EXPANDED
2026/27,2026,OUT,934159,Tommaso Martinelli,430,ACF Fiorentina,430,ACF Fiorentina,2331,US Avellino 1912,LOAN,loan transfer,TRANSFERMARKT_EXPANDED
2026/27,2026,OUT,957822,Eddy Kouadio,430,ACF Fiorentina,430,ACF Fiorentina,2919,AC Monza,LOAN,loan transfer,TRANSFERMARKT_EXPANDED
2026/27,2026,OUT,883046,Laerte Tognetti,430,ACF Fiorentina,430,ACF Fiorentina,515,Without Club,FREE_AGENT_OR_END_OF_CONTRACT,-,TRANSFERMARKT_EXPANDED
2026/27,2026,OUT,907688,Riccardo Spaggiari,430,ACF Fiorentina,430,ACF Fiorentina,515,Without Club,FREE_AGENT_OR_END_OF_CONTRACT,-,TRANSFERMARKT_EXPANDED
2026/27,2026,OUT,396638,Manor Solomon,430,ACF Fiorentina,430,ACF Fiorentina,148,Tottenham Hotspur,LOAN_RETURN_OR_END_OF_LOAN,End of loan 30/06/2026,TRANSFERMARKT_EXPANDED
2026/27,2026,OUT,459128,Marco Brescianini,430,ACF Fiorentina,430,ACF Fiorentina,800,Atalanta BC,LOAN_RETURN_OR_END_OF_LOAN,End of loan 30/06/2026,TRANSFERMARKT_EXPANDED
2026/27,2026,OUT,417346,Jack Harrison,430,ACF Fiorentina,430,ACF Fiorentina,399,Leeds United,LOAN_RETURN_OR_END_OF_LOAN,End of loan 30/06/2026,TRANSFERMARKT_EXPANDED
2026/27,2026,OUT,633668,Giovanni Fabbian,430,ACF Fiorentina,430,ACF Fiorentina,1025,Bologna FC 1909,LOAN_RETURN_OR_END_OF_LOAN,End of loan 30/06/2026,TRANSFERMARKT_EXPANDED
2026/27,2026,OUT,162959,Daniele Rugani,430,ACF Fiorentina,430,ACF Fiorentina,506,Juventus FC,LOAN_RETURN_OR_END_OF_LOAN,End of loan 30/06/2026,TRANSFERMARKT_EXPANDED
2026/27,2026,IN,487843,Lorenzo Colombo,252,Genoa CFC,5,AC Milan,252,Genoa CFC,PERMANENT_OR_OTHER_EXPLICIT,€7.00m,TRANSFERMARKT_EXPANDED
2026/27,2026,IN,715894,David Puczka,252,Genoa CFC,41101,Juventus Next Gen,252,Genoa CFC,PERMANENT_OR_OTHER_EXPLICIT,€6.00m,TRANSFERMARKT_EXPANDED
2026/27,2026,IN,531957,Cody Drameh,252,Genoa CFC,3008,Hull City,252,Genoa CFC,PERMANENT_OR_OTHER_EXPLICIT,€4.50m,TRANSFERMARKT_EXPANDED
2026/27,2026,IN,1172166,Franz-Ethan Meichtry,252,Genoa CFC,938,FC Thun,252,Genoa CFC,PERMANENT_OR_OTHER_EXPLICIT,€4.00m,TRANSFERMARKT_EXPANDED
2026/27,2026,IN,212723,Djibril Sow,252,Genoa CFC,368,Sevilla FC,252,Genoa CFC,PERMANENT_OR_OTHER_EXPLICIT,€4.00m,TRANSFERMARKT_EXPANDED
2026/27,2026,IN,1295778,Samuel Wiafe,252,Genoa CFC,1385,Modena FC,252,Genoa CFC,PERMANENT_OR_OTHER_EXPLICIT,€3.00m,TRANSFERMARKT_EXPANDED
2026/27,2026,IN,542819,Milutin Osmajic,252,Genoa CFC,466,Preston North End,252,Genoa CFC,PERMANENT_OR_OTHER_EXPLICIT,€2.50m,TRANSFERMARKT_EXPANDED
2026/27,2026,IN,566626,Elias Havel,252,Genoa CFC,4467,TSV Hartberg,252,Genoa CFC,PERMANENT_OR_OTHER_EXPLICIT,€2.00m,TRANSFERMARKT_EXPANDED
2026/27,2026,IN,391065,Hamed Traoré,252,Genoa CFC,244,Olympique Marseille,252,Genoa CFC,LOAN,Loan fee: €2.00m,TRANSFERMARKT_EXPANDED
2026/27,2026,IN,726114,Mario Mitaj,252,Genoa CFC,8023,Al-Ittihad Club,252,Genoa CFC,LOAN,Loan fee: €2.00m,TRANSFERMARKT_EXPANDED
2026/27,2026,IN,1438038,Marcelo Vaz,252,Genoa CFC,50258,Varesina Calcio,252,Genoa CFC,PERMANENT_OR_OTHER_EXPLICIT,€300k,TRANSFERMARKT_EXPANDED
2026/27,2026,IN,1355385,Robinho Junior,252,Genoa CFC,221,Santos FC,252,Genoa CFC,LOAN,loan transfer,TRANSFERMARKT_EXPANDED
2026/27,2026,IN,94529,Stephan El Shaarawy,252,Genoa CFC,515,Without Club,252,Genoa CFC,FREE_AGENT_OR_END_OF_CONTRACT,-,TRANSFERMARKT_EXPANDED
2026/27,2026,IN,1105948,Mamedi Doucouré,252,Genoa CFC,8517,Genoa U20,252,Genoa CFC,PERMANENT_OR_OTHER_EXPLICIT,-,TRANSFERMARKT_EXPANDED
2026/27,2026,IN,1089770,Joi Nuredini,252,Genoa CFC,8517,Genoa U20,252,Genoa CFC,PERMANENT_OR_OTHER_EXPLICIT,-,TRANSFERMARKT_EXPANDED
2026/27,2026,IN,999404,Leonardo Consiglio,252,Genoa CFC,91510,Dolomiti Bellunesi,252,Genoa CFC,LOAN_RETURN_OR_END_OF_LOAN,End of loan 30/06/2026,TRANSFERMARKT_EXPANDED
2026/27,2026,IN,1066196,Matteo Barbini,252,Genoa CFC,91510,Dolomiti Bellunesi,252,Genoa CFC,LOAN_RETURN_OR_END_OF_LOAN,End of loan 30/06/2026,TRANSFERMARKT_EXPANDED
2026/27,2026,IN,861981,Alan Matturro,252,Genoa CFC,3368,Levante UD,252,Genoa CFC,LOAN_RETURN_OR_END_OF_LOAN,End of loan 30/06/2026,TRANSFERMARKT_EXPANDED
2026/27,2026,IN,935509,Gianluca Rossi,252,Genoa CFC,24898,AC Renate,252,Genoa CFC,LOAN_RETURN_OR_END_OF_LOAN,End of loan 30/06/2026,TRANSFERMARKT_EXPANDED
2026/27,2026,IN,821052,Lorenzo Gagliardi,252,Genoa CFC,46337,Pineto Calcio,252,Genoa CFC,LOAN_RETURN_OR_END_OF_LOAN,End of loan 30/06/2026,TRANSFERMARKT_EXPANDED
2026/27,2026,IN,1063011,Gabriele Pessolani,252,Genoa CFC,4553,US Pergolettese 1932,252,Genoa CFC,LOAN_RETURN_OR_END_OF_LOAN,End of loan 30/06/2026,TRANSFERMARKT_EXPANDED
2026/27,2026,IN,906315,Hugo Cuenca,252,Genoa CFC,56442,Burgos CF Promesas,252,Genoa CFC,LOAN_RETURN_OR_END_OF_LOAN,End of loan 30/06/2026,TRANSFERMARKT_EXPANDED
2026/27,2026,IN,818929,Simone Calvani,252,Genoa CFC,9816,Forlì FC,252,Genoa CFC,LOAN_RETURN_OR_END_OF_LOAN,End of loan 30/06/2026,TRANSFERMARKT_EXPANDED
2026/27,2026,IN,1044794,Alessandro Debenedetti,252,Genoa CFC,20519,Virtus Entella,252,Genoa CFC,LOAN_RETURN_OR_END_OF_LOAN,End of loan 30/06/2026,TRANSFERMARKT_EXPANDED
2026/27,2026,IN,330208,Alessandro Vogliacco,252,Genoa CFC,1091,PAOK Thessaloniki,252,Genoa CFC,LOAN_RETURN_OR_END_OF_LOAN,End of loan 30/06/2026,TRANSFERMARKT_EXPANDED
2026/27,2026,IN,462699,Franz Stolz,252,Genoa CFC,316,Grazer AK 1902,252,Genoa CFC,LOAN_RETURN_OR_END_OF_LOAN,End of loan 30/06/2026,TRANSFERMARKT_EXPANDED
2026/27,2026,IN,934863,Tommaso Pittino,252,Genoa CFC,91510,Dolomiti Bellunesi,252,Genoa CFC,LOAN_RETURN_OR_END_OF_LOAN,End of loan 30/06/2026,TRANSFERMARKT_EXPANDED
2026/27,2026,IN,937669,Edoardo Meconi,252,Genoa CFC,4553,US Pergolettese 1932,252,Genoa CFC,LOAN_RETURN_OR_END_OF_LOAN,End of loan 30/06/2026,TRANSFERMARKT_EXPANDED
2026/27,2026,IN,1061820,Lorenzo Venturino,252,Genoa CFC,12,AS Roma,252,Genoa CFC,LOAN_RETURN_OR_END_OF_LOAN,End of loan 30/06/2026,TRANSFERMARKT_EXPANDED
2026/27,2026,IN,881610,David Ankeye,252,Genoa CFC,57870,Krasava ENY,252,Genoa CFC,LOAN_RETURN_OR_END_OF_LOAN,End of loan 30/06/2026,TRANSFERMARKT_EXPANDED
2026/27,2026,IN,616058,Daniel Fossati,252,Genoa CFC,27568,US Follonica Gavorrano,252,Genoa CFC,LOAN_RETURN_OR_END_OF_LOAN,End of loan 30/06/2026,TRANSFERMARKT_EXPANDED
2026/27,2026,IN,1385971,Chec Bebel Doumbia,252,Genoa CFC,22408,Altamura S.S.,252,Genoa CFC,LOAN_RETURN_OR_END_OF_LOAN,End of loan 30/06/2026,TRANSFERMARKT_EXPANDED
2026/27,2026,OUT,934878,Jeff Ekhator,252,Genoa CFC,252,Genoa CFC,506,Juventus FC,PERMANENT_OR_OTHER_EXPLICIT,€16.40m,TRANSFERMARKT_EXPANDED
2026/27,2026,OUT,728733,Brooke Norton-Cuffy,252,Genoa CFC,252,Genoa CFC,3008,Hull City,PERMANENT_OR_OTHER_EXPLICIT,€14.00m,TRANSFERMARKT_EXPANDED
2026/27,2026,OUT,861981,Alan Matturro,252,Genoa CFC,252,Genoa CFC,660,Shakhtar Donetsk,PERMANENT_OR_OTHER_EXPLICIT,€5.00m,TRANSFERMARKT_EXPANDED
2026/27,2026,OUT,251878,Aarón Martín,252,Genoa CFC,252,Genoa CFC,630,Racing Santander,PERMANENT_OR_OTHER_EXPLICIT,€2.00m,TRANSFERMARKT_EXPANDED
2026/27,2026,OUT,881610,David Ankeye,252,Genoa CFC,252,Genoa CFC,59358,FK Zeleznicar Pancevo,PERMANENT_OR_OTHER_EXPLICIT,€500k,TRANSFERMARKT_EXPANDED
2026/27,2026,OUT,330208,Alessandro Vogliacco,252,Genoa CFC,252,Genoa CFC,2239,US Cremonese,PERMANENT_OR_OTHER_EXPLICIT,€150k,TRANSFERMARKT_EXPANDED
2026/27,2026,OUT,136111,Nicola Leali,252,Genoa CFC,252,Genoa CFC,276,Hellas Verona,FREE_TRANSFER,free transfer,TRANSFERMARKT_EXPANDED
2026/27,2026,OUT,999404,Leonardo Consiglio,252,Genoa CFC,252,Genoa CFC,1385,Modena FC,FREE_TRANSFER,free transfer,TRANSFERMARKT_EXPANDED
2026/27,2026,OUT,199953,Caleb Ekuban,252,Genoa CFC,252,Genoa CFC,276,Hellas Verona,FREE_TRANSFER,free transfer,TRANSFERMARKT_EXPANDED
2026/27,2026,OUT,207877,Ruslan Malinovskyi,252,Genoa CFC,252,Genoa CFC,449,Trabzonspor,FREE_TRANSFER,free transfer,TRANSFERMARKT_EXPANDED
2026/27,2026,OUT,616058,Daniel Fossati,252,Genoa CFC,252,Genoa CFC,69438,Rovato Calcio,FREE_TRANSFER,free transfer,TRANSFERMARKT_EXPANDED
2026/27,2026,OUT,906315,Hugo Cuenca,252,Genoa CFC,252,Genoa CFC,8733,RC Celta Fortuna,LOAN,loan transfer,TRANSFERMARKT_EXPANDED
2026/27,2026,OUT,1063011,Gabriele Pessolani,252,Genoa CFC,252,Genoa CFC,22188,AC Crema 1908,LOAN,loan transfer,TRANSFERMARKT_EXPANDED
2026/27,2026,OUT,934863,Tommaso Pittino,252,Genoa CFC,252,Genoa CFC,1210,US Livorno 1915,LOAN,loan transfer,TRANSFERMARKT_EXPANDED
2026/27,2026,OUT,935509,Gianluca Rossi,252,Genoa CFC,252,Genoa CFC,2251,Treviso FBC 1993,LOAN,loan transfer,TRANSFERMARKT_EXPANDED
2026/27,2026,OUT,818929,Simone Calvani,252,Genoa CFC,252,Genoa CFC,11483,FC Vado,LOAN,loan transfer,TRANSFERMARKT_EXPANDED
2026/27,2026,OUT,874967,Ernestas Lysionok,252,Genoa CFC,252,Genoa CFC,91510,Dolomiti Bellunesi,LOAN,loan transfer,TRANSFERMARKT_EXPANDED
2026/27,2026,OUT,821052,Lorenzo Gagliardi,252,Genoa CFC,252,Genoa CFC,22408,Altamura S.S.,LOAN,loan transfer,TRANSFERMARKT_EXPANDED
2026/27,2026,OUT,937669,Edoardo Meconi,252,Genoa CFC,252,Genoa CFC,4326,AS Gubbio 1910,LOAN,loan transfer,TRANSFERMARKT_EXPANDED
2026/27,2026,OUT,1385971,Chec Bebel Doumbia,252,Genoa CFC,252,Genoa CFC,455,FC Rapid 1923,LOAN,loan transfer,TRANSFERMARKT_EXPANDED
2026/27,2026,OUT,1066196,Matteo Barbini,252,Genoa CFC,252,Genoa CFC,91510,Dolomiti Bellunesi,LOAN,loan transfer,TRANSFERMARKT_EXPANDED
2026/27,2026,OUT,1044794,Alessandro Debenedetti,252,Genoa CFC,252,Genoa CFC,1429,Cesena FC,LOAN,loan transfer,TRANSFERMARKT_EXPANDED
2026/27,2026,OUT,459665,Patrizio Masini,252,Genoa CFC,252,Genoa CFC,8970,Frosinone Calcio,LOAN,loan transfer,TRANSFERMARKT_EXPANDED
2026/27,2026,OUT,111426,Benjamin Siegrist,252,Genoa CFC,252,Genoa CFC,455,FC Rapid 1923,LOAN_RETURN_OR_END_OF_LOAN,End of loan 30/06/2026,TRANSFERMARKT_EXPANDED
2026/27,2026,OUT,487843,Lorenzo Colombo,252,Genoa CFC,252,Genoa CFC,5,AC Milan,LOAN_RETURN_OR_END_OF_LOAN,End of loan 30/06/2026,TRANSFERMARKT_EXPANDED
2026/27,2026,OUT,656441,Jean Onana,252,Genoa CFC,252,Genoa CFC,114,Besiktas JK,LOAN_RETURN_OR_END_OF_LOAN,End of loan 30/06/2026,TRANSFERMARKT_EXPANDED
2026/27,2026,OUT,234781,Maxwel Cornet,252,Genoa CFC,252,Genoa CFC,379,West Ham United,LOAN_RETURN_OR_END_OF_LOAN,End of loan 30/06/2026,TRANSFERMARKT_EXPANDED
2026/27,2026,OUT,1191520,Nils Zätterström,252,Genoa CFC,252,Genoa CFC,350,Sheffield United,LOAN_RETURN_OR_END_OF_LOAN,End of loan 30/06/2026,TRANSFERMARKT_EXPANDED
2026/27,2026,IN,463620,Willem Geubbels,1005,US Lecce,10004,Paris FC,1005,US Lecce,PERMANENT_OR_OTHER_EXPLICIT,€4.60m,TRANSFERMARKT_EXPANDED
2026/27,2026,IN,410787,Joël Monteiro,1005,US Lecce,452,BSC Young Boys,1005,US Lecce,PERMANENT_OR_OTHER_EXPLICIT,€2.50m,TRANSFERMARKT_EXPANDED
2026/27,2026,IN,931841,Amar Fatah,1005,US Lecce,1095,ESTAC Troyes,1005,US Lecce,PERMANENT_OR_OTHER_EXPLICIT,€150k,TRANSFERMARKT_EXPANDED
2026/27,2026,IN,1004344,Ali Dembélé,1005,US Lecce,416,Torino FC,1005,US Lecce,LOAN,Loan fee: €150k,TRANSFERMARKT_EXPANDED
2026/27,2026,IN,215167,Marco Bleve,1005,US Lecce,4159,Carrarese Calcio 1908,1005,US Lecce,FREE_TRANSFER,free transfer,TRANSFERMARKT_EXPANDED
2026/27,2026,IN,470794,Ivan Ilić,1005,US Lecce,416,Torino FC,1005,US Lecce,LOAN,loan transfer,TRANSFERMARKT_EXPANDED
2026/27,2026,IN,1017950,Vernon Addo,1005,US Lecce,57870,Krasava ENY,1005,US Lecce,LOAN_RETURN_OR_END_OF_LOAN,End of loan 30/06/2026,TRANSFERMARKT_EXPANDED
2026/27,2026,IN,1200320,Hjalte Lærke,1005,US Lecce,5618,Lecce Primavera,1005,US Lecce,PERMANENT_OR_OTHER_EXPLICIT,-,TRANSFERMARKT_EXPANDED
2026/27,2026,IN,748679,Olaf Gorter,1005,US Lecce,5618,Lecce Primavera,1005,US Lecce,PERMANENT_OR_OTHER_EXPLICIT,-,TRANSFERMARKT_EXPANDED
2026/27,2026,IN,937954,Paco Esteban,1005,US Lecce,5618,Lecce Primavera,1005,US Lecce,PERMANENT_OR_OTHER_EXPLICIT,-,TRANSFERMARKT_EXPANDED
2026/27,2026,IN,866607,Niko Kovač,1005,US Lecce,5618,Lecce Primavera,1005,US Lecce,PERMANENT_OR_OTHER_EXPLICIT,-,TRANSFERMARKT_EXPANDED
2026/27,2026,IN,1105124,Elijah Scott,1005,US Lecce,5618,Lecce Primavera,1005,US Lecce,PERMANENT_OR_OTHER_EXPLICIT,-,TRANSFERMARKT_EXPANDED
2026/27,2026,IN,1084756,Plamen Penev,1005,US Lecce,5618,Lecce Primavera,1005,US Lecce,PERMANENT_OR_OTHER_EXPLICIT,-,TRANSFERMARKT_EXPANDED
2026/27,2026,IN,651002,Giacomo Faticanti,1005,US Lecce,41101,Juventus Next Gen,1005,US Lecce,LOAN_RETURN_OR_END_OF_LOAN,End of loan 30/06/2026,TRANSFERMARKT_EXPANDED
2026/27,2026,IN,802243,Ed McJannet,1005,US Lecce,1103,Ternana Calcio,1005,US Lecce,LOAN_RETURN_OR_END_OF_LOAN,End of loan 30/06/2026,TRANSFERMARKT_EXPANDED
2026/27,2026,IN,731525,Rareș Burnete,1005,US Lecce,5587,SS Juve Stabia,1005,US Lecce,LOAN_RETURN_OR_END_OF_LOAN,End of loan 30/06/2026,TRANSFERMARKT_EXPANDED
2026/27,2026,IN,667640,Alexandru Borbei,1005,US Lecce,704,Calcio Foggia 1920,1005,US Lecce,LOAN_RETURN_OR_END_OF_LOAN,End of loan 30/06/2026,TRANSFERMARKT_EXPANDED
2026/27,2026,IN,1118086,Sebastian Esposito,1005,US Lecce,7006,Melbourne Victory,1005,US Lecce,LOAN_RETURN_OR_END_OF_LOAN,End of loan 30/06/2026,TRANSFERMARKT_EXPANDED
2026/27,2026,IN,943473,Milos Jovic,1005,US Lecce,32113,FK IMT Belgrad,1005,US Lecce,LOAN_RETURN_OR_END_OF_LOAN,End of loan 30/06/2026,TRANSFERMARKT_EXPANDED
2026/27,2026,IN,712911,Jasper Samooja,1005,US Lecce,1008,HJK Helsinki,1005,US Lecce,LOAN_RETURN_OR_END_OF_LOAN,End of loan 31/12/2026,TRANSFERMARKT_EXPANDED
2026/27,2026,IN,882721,Matteo Agrimi,1005,US Lecce,22344,AC Nardò,1005,US Lecce,LOAN_RETURN_OR_END_OF_LOAN,End of loan 30/06/2026,TRANSFERMARKT_EXPANDED
2026/27,2026,IN,745595,Marlon Ubani,1005,US Lecce,6266,Cavese 1919,1005,US Lecce,LOAN_RETURN_OR_END_OF_LOAN,End of loan 30/06/2026,TRANSFERMARKT_EXPANDED
2026/27,2026,IN,911328,Mohamed Kaba,1005,US Lecce,995,FC Nantes,1005,US Lecce,LOAN_RETURN_OR_END_OF_LOAN,End of loan 30/06/2026,TRANSFERMARKT_EXPANDED
2026/27,2026,IN,324377,Youssef Maleh,1005,US Lecce,2239,US Cremonese,1005,US Lecce,LOAN_RETURN_OR_END_OF_LOAN,End of loan 30/06/2026,TRANSFERMARKT_EXPANDED
2026/27,2026,IN,1057563,Christ-Owen Kouassi,1005,US Lecce,1080,Stade Lavallois,1005,US Lecce,LOAN_RETURN_OR_END_OF_LOAN,End of loan 30/06/2026,TRANSFERMARKT_EXPANDED
2026/27,2026,IN,899543,Marco Delle Monache,1005,US Lecce,7197,Potenza Calcio,1005,US Lecce,LOAN_RETURN_OR_END_OF_LOAN,End of loan 30/06/2026,TRANSFERMARKT_EXPANDED
2026/27,2026,IN,1175265,Samba Sakho Dramé,1005,US Lecce,30326,Gelbison,1005,US Lecce,LOAN_RETURN_OR_END_OF_LOAN,End of loan 30/06/2026,TRANSFERMARKT_EXPANDED
2026/27,2026,OUT,1058368,Francesco Camarda,1005,US Lecce,1005,US Lecce,5,AC Milan,LOAN_RETURN_OR_END_OF_LOAN,End of loan 30/06/2026 €1.35m,TRANSFERMARKT_EXPANDED
2026/27,2026,OUT,442703,Ylber Ramadani,1005,US Lecce,1005,US Lecce,37951,Corum FK,PERMANENT_OR_OTHER_EXPLICIT,€1.00m,TRANSFERMARKT_EXPANDED
2026/27,2026,OUT,651002,Giacomo Faticanti,1005,US Lecce,1005,US Lecce,41101,Juventus Next Gen,PERMANENT_OR_OTHER_EXPLICIT,€1.00m,TRANSFERMARKT_EXPANDED
2026/27,2026,OUT,336307,Christian Früchtl,1005,US Lecce,1005,US Lecce,409,Red Bull Salzburg,PERMANENT_OR_OTHER_EXPLICIT,€1.00m,TRANSFERMARKT_EXPANDED
2026/27,2026,OUT,882721,Matteo Agrimi,1005,US Lecce,1005,US Lecce,23051,Flaminia Civita Castellana,FREE_TRANSFER,free transfer,TRANSFERMARKT_EXPANDED
2026/27,2026,OUT,488996,Thórir Jóhann Helgason,1005,US Lecce,1005,US Lecce,607,Venezia FC,FREE_TRANSFER,free transfer,TRANSFERMARKT_EXPANDED
2026/27,2026,OUT,545538,Lameck Banda,1005,US Lecce,1005,US Lecce,38559,Swehly SC,PERMANENT_OR_OTHER_EXPLICIT,?,TRANSFERMARKT_EXPANDED
2026/27,2026,OUT,1175410,Matías Pérez,1005,US Lecce,1005,US Lecce,5747,Deportes La Serena,LOAN,loan transfer,TRANSFERMARKT_EXPANDED
2026/27,2026,OUT,712911,Jasper Samooja,1005,US Lecce,1005,US Lecce,1008,HJK Helsinki,LOAN,loan transfer,TRANSFERMARKT_EXPANDED
2026/27,2026,OUT,731525,Rareș Burnete,1005,US Lecce,1005,US Lecce,4554,FC Südtirol,LOAN,loan transfer,TRANSFERMARKT_EXPANDED
2026/27,2026,OUT,802243,Ed McJannet,1005,US Lecce,1005,US Lecce,4031,Cosenza Calcio,LOAN,loan transfer,TRANSFERMARKT_EXPANDED
2026/27,2026,OUT,582664,Álex Sala,1005,US Lecce,1005,US Lecce,237,RCD Mallorca,LOAN,loan transfer,TRANSFERMARKT_EXPANDED
2026/27,2026,OUT,899543,Marco Delle Monache,1005,US Lecce,1005,US Lecce,46337,Pineto Calcio,LOAN,loan transfer,TRANSFERMARKT_EXPANDED
2026/27,2026,OUT,555106,Filip Marchwiński,1005,US Lecce,1005,US Lecce,5689,Cracovia,LOAN,loan transfer,TRANSFERMARKT_EXPANDED
2026/27,2026,OUT,1057563,Christ-Owen Kouassi,1005,US Lecce,1005,US Lecce,1290,Grenoble Foot 38,LOAN,loan transfer,TRANSFERMARKT_EXPANDED
2026/27,2026,OUT,386455,Riccardo Sottil,1005,US Lecce,1005,US Lecce,430,ACF Fiorentina,LOAN_RETURN_OR_END_OF_LOAN,End of loan 30/06/2026,TRANSFERMARKT_EXPANDED
2026/27,2026,OUT,521407,Walid Cheddira,1005,US Lecce,1005,US Lecce,6195,SSC Napoli,LOAN_RETURN_OR_END_OF_LOAN,End of loan 30/06/2026,TRANSFERMARKT_EXPANDED
2026/27,2026,IN,607034,Akor Adams,607,Venezia FC,368,Sevilla FC,607,Venezia FC,PERMANENT_OR_OTHER_EXPLICIT,€16.00m,TRANSFERMARKT_EXPANDED
2026/27,2026,IN,903706,Albion Rrahmani,607,Venezia FC,197,AC Sparta Prague,607,Venezia FC,PERMANENT_OR_OTHER_EXPLICIT,€7.50m,TRANSFERMARKT_EXPANDED
2026/27,2026,IN,467563,Armel Bella-Kotchap,607,Venezia FC,276,Hellas Verona,607,Venezia FC,PERMANENT_OR_OTHER_EXPLICIT,€7.00m,TRANSFERMARKT_EXPANDED
2026/27,2026,IN,913660,Redouane Halhal,607,Venezia FC,354,KV Mechelen,607,Venezia FC,PERMANENT_OR_OTHER_EXPLICIT,€5.00m,TRANSFERMARKT_EXPANDED
2026/27,2026,IN,1148082,Kornel Lisman,607,Venezia FC,238,Lech Poznan,607,Venezia FC,PERMANENT_OR_OTHER_EXPLICIT,€2.50m,TRANSFERMARKT_EXPANDED
2026/27,2026,IN,1371198,Ale Gomes,607,Venezia FC,142,Real Zaragoza,607,Venezia FC,PERMANENT_OR_OTHER_EXPLICIT,€2.00m,TRANSFERMARKT_EXPANDED
2026/27,2026,IN,370998,Bartol Franjic,607,Venezia FC,82,VfL Wolfsburg,607,Venezia FC,PERMANENT_OR_OTHER_EXPLICIT,€1.25m,TRANSFERMARKT_EXPANDED
2026/27,2026,IN,537509,Mattia Compagnon,607,Venezia FC,41101,Juventus Next Gen,607,Venezia FC,PERMANENT_OR_OTHER_EXPLICIT,€1.00m,TRANSFERMARKT_EXPANDED
2026/27,2026,IN,1130743,Lorenzo Berardi,607,Venezia FC,2921,Delfino Pescara 1936,607,Venezia FC,PERMANENT_OR_OTHER_EXPLICIT,€1.00m,TRANSFERMARKT_EXPANDED
2026/27,2026,IN,1144700,Matías Moreno,607,Venezia FC,430,ACF Fiorentina,607,Venezia FC,LOAN,Loan fee: €500k,TRANSFERMARKT_EXPANDED
2026/27,2026,IN,250153,Pasquale Mazzocchi,607,Venezia FC,6195,SSC Napoli,607,Venezia FC,LOAN,Loan fee: €500k,TRANSFERMARKT_EXPANDED
2026/27,2026,IN,241923,Lorenzo Montipò,607,Venezia FC,276,Hellas Verona,607,Venezia FC,PERMANENT_OR_OTHER_EXPLICIT,€250k,TRANSFERMARKT_EXPANDED
2026/27,2026,IN,334835,Toma Bašić,607,Venezia FC,398,SS Lazio,607,Venezia FC,FREE_TRANSFER,free transfer,TRANSFERMARKT_EXPANDED
2026/27,2026,IN,367466,Thierry Correia,607,Venezia FC,1049,Valencia CF,607,Venezia FC,FREE_TRANSFER,free transfer,TRANSFERMARKT_EXPANDED
2026/27,2026,IN,488996,Thórir Jóhann Helgason,607,Venezia FC,1005,US Lecce,607,Venezia FC,FREE_TRANSFER,free transfer,TRANSFERMARKT_EXPANDED
2026/27,2026,IN,121985,Juan Jesus,607,Venezia FC,6195,SSC Napoli,607,Venezia FC,FREE_TRANSFER,free transfer,TRANSFERMARKT_EXPANDED
2026/27,2026,IN,935519,Federico Tavernaro,607,Venezia FC,7030,Vis Pesaro 1898,607,Venezia FC,FREE_TRANSFER,free transfer,TRANSFERMARKT_EXPANDED
2026/27,2026,IN,494805,Alessio Pozzi,607,Venezia FC,7030,Vis Pesaro 1898,607,Venezia FC,PERMANENT_OR_OTHER_EXPLICIT,?,TRANSFERMARKT_EXPANDED
2026/27,2026,IN,507486,Simon Sohm,607,Venezia FC,430,ACF Fiorentina,607,Venezia FC,LOAN,loan transfer,TRANSFERMARKT_EXPANDED
2026/27,2026,IN,1321938,Rufai Mohammed,607,Venezia FC,1101,IF Elfsborg,607,Venezia FC,LOAN,loan transfer,TRANSFERMARKT_EXPANDED
2026/27,2026,IN,1066206,Toni Fernández,607,Venezia FC,131,FC Barcelona,607,Venezia FC,LOAN,loan transfer,TRANSFERMARKT_EXPANDED
2026/27,2026,IN,1372355,Mohamed Malang Touré,607,Venezia FC,17257,Venezia Primavera,607,Venezia FC,PERMANENT_OR_OTHER_EXPLICIT,-,TRANSFERMARKT_EXPANDED
2026/27,2026,IN,731510,Giovanni Di Renzo,607,Venezia FC,7030,Vis Pesaro 1898,607,Venezia FC,LOAN_RETURN_OR_END_OF_LOAN,End of loan 30/06/2026,TRANSFERMARKT_EXPANDED
2026/27,2026,IN,458816,Kevin Cannavò,607,Venezia FC,4031,Cosenza Calcio,607,Venezia FC,LOAN_RETURN_OR_END_OF_LOAN,End of loan 30/06/2026,TRANSFERMARKT_EXPANDED
2026/27,2026,IN,613393,Gaetano Oristanio,607,Venezia FC,130,Parma Calcio 1913,607,Venezia FC,LOAN_RETURN_OR_END_OF_LOAN,End of loan 30/06/2026,TRANSFERMARKT_EXPANDED
2026/27,2026,IN,616228,Filippo Neri,607,Venezia FC,4271,US Triestina,607,Venezia FC,LOAN_RETURN_OR_END_OF_LOAN,End of loan 30/06/2026,TRANSFERMARKT_EXPANDED
2026/27,2026,IN,966905,Marco Ladisa,607,Venezia FC,4095,AC Trento,607,Venezia FC,LOAN_RETURN_OR_END_OF_LOAN,End of loan 30/06/2026,TRANSFERMARKT_EXPANDED
2026/27,2026,IN,487836,Simone Panada,607,Venezia FC,41110,Atalanta U23,607,Venezia FC,LOAN_RETURN_OR_END_OF_LOAN,End of loan 30/06/2026,TRANSFERMARKT_EXPANDED
2026/27,2026,IN,698560,Cheick Condé,607,Venezia FC,2157,FC Blau-Weiss Linz,607,Venezia FC,LOAN_RETURN_OR_END_OF_LOAN,End of loan 30/06/2026,TRANSFERMARKT_EXPANDED
2026/27,2026,IN,1176438,Simone Ascione,607,Venezia FC,4271,US Triestina,607,Venezia FC,LOAN_RETURN_OR_END_OF_LOAN,End of loan 30/06/2026,TRANSFERMARKT_EXPANDED
2026/27,2026,IN,1370789,Edoardo Mariani,607,Venezia FC,7030,Vis Pesaro 1898,607,Venezia FC,LOAN_RETURN_OR_END_OF_LOAN,End of loan 30/06/2027,TRANSFERMARKT_EXPANDED
2026/27,2026,IN,430280,Hans Nicolussi Caviglia,607,Venezia FC,130,Parma Calcio 1913,607,Venezia FC,LOAN_RETURN_OR_END_OF_LOAN,End of loan 30/06/2026,TRANSFERMARKT_EXPANDED
2026/27,2026,IN,813057,Lorenzo Busato,607,Venezia FC,39711,AC Campodarsego,607,Venezia FC,LOAN_RETURN_OR_END_OF_LOAN,End of loan 30/06/2026,TRANSFERMARKT_EXPANDED
2026/27,2026,IN,666268,Daniel Fila,607,Venezia FC,749,FC Empoli,607,Venezia FC,LOAN_RETURN_OR_END_OF_LOAN,End of loan 30/06/2026,TRANSFERMARKT_EXPANDED
2026/27,2026,IN,862744,Junior Ligue,607,Venezia FC,2581,Mantova 1911,607,Venezia FC,LOAN_RETURN_OR_END_OF_LOAN,End of loan 30/06/2026,TRANSFERMARKT_EXPANDED
2026/27,2026,IN,1126888,Lamine Fanne,607,Venezia FC,2921,Delfino Pescara 1936,607,Venezia FC,LOAN_RETURN_OR_END_OF_LOAN,End of loan 30/06/2026,TRANSFERMARKT_EXPANDED
2026/27,2026,IN,816861,Alvin Okoro,607,Venezia FC,5587,SS Juve Stabia,607,Venezia FC,LOAN_RETURN_OR_END_OF_LOAN,End of loan 30/06/2026,TRANSFERMARKT_EXPANDED
2026/27,2026,IN,936684,Saad El Haddad,607,Venezia FC,46337,Pineto Calcio,607,Venezia FC,LOAN_RETURN_OR_END_OF_LOAN,End of loan 30/06/2026,TRANSFERMARKT_EXPANDED
2026/27,2026,IN,354909,Giorgio Altare,607,Venezia FC,2921,Delfino Pescara 1936,607,Venezia FC,LOAN_RETURN_OR_END_OF_LOAN,End of loan 30/06/2026,TRANSFERMARKT_EXPANDED
2026/27,2026,OUT,924349,Issa Doumbia,607,Venezia FC,607,Venezia FC,336,Sporting CP,PERMANENT_OR_OTHER_EXPLICIT,€20.53m,TRANSFERMARKT_EXPANDED
2026/27,2026,OUT,430280,Hans Nicolussi Caviglia,607,Venezia FC,607,Venezia FC,130,Parma Calcio 1913,PERMANENT_OR_OTHER_EXPLICIT,€6.00m,TRANSFERMARKT_EXPANDED
2026/27,2026,OUT,438961,Michael Svoboda,607,Venezia FC,607,Venezia FC,1237,Brighton & Hove Albion,PERMANENT_OR_OTHER_EXPLICIT,€5.00m,TRANSFERMARKT_EXPANDED
2026/27,2026,OUT,459945,Nunzio Lella,607,Venezia FC,607,Venezia FC,276,Hellas Verona,PERMANENT_OR_OTHER_EXPLICIT,€250k,TRANSFERMARKT_EXPANDED
2026/27,2026,OUT,698560,Cheick Condé,607,Venezia FC,607,Venezia FC,28643,SK Beveren,FREE_TRANSFER,free transfer,TRANSFERMARKT_EXPANDED
2026/27,2026,OUT,197901,Stefano Minelli,607,Venezia FC,607,Venezia FC,56265,Calcio Desenzano,FREE_TRANSFER,free transfer,TRANSFERMARKT_EXPANDED
2026/27,2026,OUT,813057,Lorenzo Busato,607,Venezia FC,607,Venezia FC,54652,Calcio Sandonà,PERMANENT_OR_OTHER_EXPLICIT,?,TRANSFERMARKT_EXPANDED
2026/27,2026,OUT,731510,Giovanni Di Renzo,607,Venezia FC,607,Venezia FC,46337,Pineto Calcio,PERMANENT_OR_OTHER_EXPLICIT,?,TRANSFERMARKT_EXPANDED
2026/27,2026,OUT,566613,Bjarki Bjarkason,607,Venezia FC,607,Venezia FC,4554,FC Südtirol,PERMANENT_OR_OTHER_EXPLICIT,?,TRANSFERMARKT_EXPANDED
2026/27,2026,OUT,1176438,Simone Ascione,607,Venezia FC,607,Venezia FC,7030,Vis Pesaro 1898,PERMANENT_OR_OTHER_EXPLICIT,?,TRANSFERMARKT_EXPANDED
2026/27,2026,OUT,354909,Giorgio Altare,607,Venezia FC,607,Venezia FC,2921,Delfino Pescara 1936,PERMANENT_OR_OTHER_EXPLICIT,?,TRANSFERMARKT_EXPANDED
2026/27,2026,OUT,663153,Marko Farji,607,Venezia FC,607,Venezia FC,306,SC Heerenveen,PERMANENT_OR_OTHER_EXPLICIT,?,TRANSFERMARKT_EXPANDED
2026/27,2026,OUT,537509,Mattia Compagnon,607,Venezia FC,607,Venezia FC,276,Hellas Verona,LOAN,loan transfer,TRANSFERMARKT_EXPANDED
2026/27,2026,OUT,935519,Federico Tavernaro,607,Venezia FC,607,Venezia FC,7030,Vis Pesaro 1898,LOAN,loan transfer,TRANSFERMARKT_EXPANDED
2026/27,2026,OUT,808477,Ahmed Sidibé,607,Venezia FC,607,Venezia FC,2420,Vitória Guimarães SC,LOAN,loan transfer,TRANSFERMARKT_EXPANDED
2026/27,2026,OUT,441611,Michael Venturi,607,Venezia FC,607,Venezia FC,2331,US Avellino 1912,LOAN,loan transfer,TRANSFERMARKT_EXPANDED
2026/27,2026,OUT,537767,Antonio Casas,607,Venezia FC,607,Venezia FC,2448,Sporting Gijón,LOAN,loan transfer,TRANSFERMARKT_EXPANDED
2026/27,2026,OUT,666268,Daniel Fila,607,Venezia FC,607,Venezia FC,2331,US Avellino 1912,LOAN,loan transfer,TRANSFERMARKT_EXPANDED
2026/27,2026,OUT,816861,Alvin Okoro,607,Venezia FC,607,Venezia FC,4554,FC Südtirol,LOAN,loan transfer,TRANSFERMARKT_EXPANDED
2026/27,2026,OUT,406806,Emil Bohinen,607,Venezia FC,607,Venezia FC,1429,Cesena FC,LOAN,loan transfer,TRANSFERMARKT_EXPANDED
2026/27,2026,OUT,490573,Seid Korac,607,Venezia FC,607,Venezia FC,276,Hellas Verona,LOAN,loan transfer,TRANSFERMARKT_EXPANDED
2026/27,2026,OUT,357991,Alessandro Plizzari,607,Venezia FC,607,Venezia FC,4554,FC Südtirol,LOAN,loan transfer,TRANSFERMARKT_EXPANDED
2026/27,2026,OUT,613393,Gaetano Oristanio,607,Venezia FC,607,Venezia FC,416,Torino FC,LOAN,loan transfer,TRANSFERMARKT_EXPANDED
2026/27,2026,OUT,966905,Marco Ladisa,607,Venezia FC,607,Venezia FC,4095,AC Trento,LOAN,loan transfer,TRANSFERMARKT_EXPANDED
2026/27,2026,OUT,458816,Kevin Cannavò,607,Venezia FC,607,Venezia FC,3522,Spezia Calcio,LOAN,loan transfer,TRANSFERMARKT_EXPANDED
2026/27,2026,OUT,370998,Bartol Franjic,607,Venezia FC,607,Venezia FC,82,VfL Wolfsburg,LOAN_RETURN_OR_END_OF_LOAN,End of loan 30/06/2026,TRANSFERMARKT_EXPANDED
2026/27,2026,OUT,537509,Mattia Compagnon,607,Venezia FC,607,Venezia FC,41101,Juventus Next Gen,LOAN_RETURN_OR_END_OF_LOAN,End of loan 30/06/2026,TRANSFERMARKT_EXPANDED
2026/27,2026,OUT,704122,Alessandro Pietrelli,607,Venezia FC,607,Venezia FC,41101,Juventus Next Gen,LOAN_RETURN_OR_END_OF_LOAN,End of loan 30/06/2026,TRANSFERMARKT_EXPANDED
2026/27,2026,IN,510103,Tomas Bobcek,8970,Frosinone Calcio,4000,Lechia Gdansk,8970,Frosinone Calcio,PERMANENT_OR_OTHER_EXPLICIT,€10.70m,TRANSFERMARKT_EXPANDED
2026/27,2026,IN,346853,Romano Schmid,8970,Frosinone Calcio,86,SV Werder Bremen,8970,Frosinone Calcio,PERMANENT_OR_OTHER_EXPLICIT,€8.50m,TRANSFERMARKT_EXPANDED
2026/27,2026,IN,404260,Aleksa Terzić,8970,Frosinone Calcio,409,Red Bull Salzburg,8970,Frosinone Calcio,PERMANENT_OR_OTHER_EXPLICIT,€2.50m,TRANSFERMARKT_EXPANDED
2026/27,2026,IN,724178,Luis Hasa,8970,Frosinone Calcio,6195,SSC Napoli,8970,Frosinone Calcio,PERMANENT_OR_OTHER_EXPLICIT,€2.50m,TRANSFERMARKT_EXPANDED
2026/27,2026,IN,433584,Alessio Zerbin,8970,Frosinone Calcio,6195,SSC Napoli,8970,Frosinone Calcio,PERMANENT_OR_OTHER_EXPLICIT,€2.00m,TRANSFERMARKT_EXPANDED
2026/27,2026,IN,468192,Daniel Bîrligea,8970,Frosinone Calcio,301,FCSB,8970,Frosinone Calcio,LOAN,Loan fee: €1.50m,TRANSFERMARKT_EXPANDED
2026/27,2026,IN,522681,Ben Lhassine Kone,8970,Frosinone Calcio,1047,Como 1907,8970,Frosinone Calcio,PERMANENT_OR_OTHER_EXPLICIT,€1.30m,TRANSFERMARKT_EXPANDED
2026/27,2026,IN,842338,Enzo Tchato,8970,Frosinone Calcio,969,Montpellier HSC,8970,Frosinone Calcio,PERMANENT_OR_OTHER_EXPLICIT,€800k,TRANSFERMARKT_EXPANDED
2026/27,2026,IN,1036405,Omar Fayed,8970,Frosinone Calcio,36,Fenerbahce,8970,Frosinone Calcio,PERMANENT_OR_OTHER_EXPLICIT,€500k,TRANSFERMARKT_EXPANDED
2026/27,2026,IN,301235,Giacomo Calò,8970,Frosinone Calcio,1429,Cesena FC,8970,Frosinone Calcio,PERMANENT_OR_OTHER_EXPLICIT,€300k,TRANSFERMARKT_EXPANDED
2026/27,2026,IN,593774,Anouar El Azzouzi,8970,Frosinone Calcio,38,Fortuna Düsseldorf,8970,Frosinone Calcio,FREE_TRANSFER,free transfer,TRANSFERMARKT_EXPANDED
2026/27,2026,IN,160241,Kevin Akpoguma,8970,Frosinone Calcio,533,TSG 1899 Hoffenheim,8970,Frosinone Calcio,FREE_TRANSFER,free transfer,TRANSFERMARKT_EXPANDED
2026/27,2026,IN,195736,Florian Grillitsch,8970,Frosinone Calcio,1075,SC Braga,8970,Frosinone Calcio,FREE_TRANSFER,free transfer,TRANSFERMARKT_EXPANDED
2026/27,2026,IN,567465,Sebastiano Desplanches,8970,Frosinone Calcio,458,Palermo FC,8970,Frosinone Calcio,LOAN,loan transfer,TRANSFERMARKT_EXPANDED
2026/27,2026,IN,459665,Patrizio Masini,8970,Frosinone Calcio,252,Genoa CFC,8970,Frosinone Calcio,LOAN,loan transfer,TRANSFERMARKT_EXPANDED
2026/27,2026,IN,818878,Wisdom Amey,8970,Frosinone Calcio,1025,Bologna FC 1909,8970,Frosinone Calcio,LOAN,loan transfer,TRANSFERMARKT_EXPANDED
2026/27,2026,IN,1331917,Muhammed Colley,8970,Frosinone Calcio,17664,Frosinone Primavera,8970,Frosinone Calcio,PERMANENT_OR_OTHER_EXPLICIT,-,TRANSFERMARKT_EXPANDED
2026/27,2026,IN,1086590,Alejandro Cichero,8970,Frosinone Calcio,17664,Frosinone Primavera,8970,Frosinone Calcio,PERMANENT_OR_OTHER_EXPLICIT,-,TRANSFERMARKT_EXPANDED
2026/27,2026,IN,1063704,Damar Dixon,8970,Frosinone Calcio,46823,Toronto FC II,8970,Frosinone Calcio,LOAN_RETURN_OR_END_OF_LOAN,End of loan 31/12/2026,TRANSFERMARKT_EXPANDED
2026/27,2026,IN,199927,Davide Biraschi,8970,Frosinone Calcio,6646,Fatih Karagümrük,8970,Frosinone Calcio,LOAN_RETURN_OR_END_OF_LOAN,End of loan 30/06/2026,TRANSFERMARKT_EXPANDED
2026/27,2026,IN,895596,Alessandro Selvini,8970,Frosinone Calcio,9816,Forlì FC,8970,Frosinone Calcio,LOAN_RETURN_OR_END_OF_LOAN,End of loan 30/06/2026,TRANSFERMARKT_EXPANDED
2026/27,2026,OUT,199927,Davide Biraschi,8970,Frosinone Calcio,8970,Frosinone Calcio,6646,Fatih Karagümrük,PERMANENT_OR_OTHER_EXPLICIT,€400k,TRANSFERMARKT_EXPANDED
2026/27,2026,OUT,286293,Edoardo Masciangelo,8970,Frosinone Calcio,8970,Frosinone Calcio,1627,Catania FC,FREE_TRANSFER,free transfer,TRANSFERMARKT_EXPANDED
2026/27,2026,OUT,297645,Riccardo Marchizza,8970,Frosinone Calcio,8970,Frosinone Calcio,2655,LR Vicenza,FREE_TRANSFER,free transfer,TRANSFERMARKT_EXPANDED
2026/27,2026,OUT,895596,Alessandro Selvini,8970,Frosinone Calcio,8970,Frosinone Calcio,46337,Pineto Calcio,PERMANENT_OR_OTHER_EXPLICIT,?,TRANSFERMARKT_EXPANDED
2026/27,2026,OUT,1225943,Abdoulie Ndow,8970,Frosinone Calcio,8970,Frosinone Calcio,3522,Spezia Calcio,PERMANENT_OR_OTHER_EXPLICIT,?,TRANSFERMARKT_EXPANDED
2026/27,2026,OUT,457237,Sergio Kalaj,8970,Frosinone Calcio,8970,Frosinone Calcio,3522,Spezia Calcio,PERMANENT_OR_OTHER_EXPLICIT,?,TRANSFERMARKT_EXPANDED
2026/27,2026,OUT,917376,Jérémy Oyono,8970,Frosinone Calcio,8970,Frosinone Calcio,3522,Spezia Calcio,LOAN,loan transfer,TRANSFERMARKT_EXPANDED
2026/27,2026,OUT,534081,Jacopo Gelli,8970,Frosinone Calcio,8970,Frosinone Calcio,1429,Cesena FC,LOAN,loan transfer,TRANSFERMARKT_EXPANDED
2026/27,2026,OUT,1049596,Filippo Grosso,8970,Frosinone Calcio,8970,Frosinone Calcio,4083,FC Crotone,LOAN,loan transfer,TRANSFERMARKT_EXPANDED
2026/27,2026,OUT,444662,Niccolò Corrado,8970,Frosinone Calcio,8970,Frosinone Calcio,749,FC Empoli,LOAN,loan transfer,TRANSFERMARKT_EXPANDED
2026/27,2026,OUT,1331917,Muhammed Colley,8970,Frosinone Calcio,8970,Frosinone Calcio,4106,Casertana FC,LOAN,loan transfer,TRANSFERMARKT_EXPANDED
2026/27,2026,OUT,1051737,Kevin Barcella,8970,Frosinone Calcio,8970,Frosinone Calcio,4083,FC Crotone,LOAN,loan transfer,TRANSFERMARKT_EXPANDED
2026/27,2026,OUT,820636,Lorenzo Gori,8970,Frosinone Calcio,8970,Frosinone Calcio,4333,US Grosseto 1912,LOAN,loan transfer,TRANSFERMARKT_EXPANDED
2026/27,2026,OUT,421780,Edoardo Vergani,8970,Frosinone Calcio,8970,Frosinone Calcio,515,Without Club,FREE_AGENT_OR_END_OF_CONTRACT,-,TRANSFERMARKT_EXPANDED
2026/27,2026,OUT,301235,Giacomo Calò,8970,Frosinone Calcio,8970,Frosinone Calcio,1429,Cesena FC,LOAN_RETURN_OR_END_OF_LOAN,End of loan 30/06/2026,TRANSFERMARKT_EXPANDED
2026/27,2026,OUT,704680,Antonio Fiori,8970,Frosinone Calcio,8970,Frosinone Calcio,2581,Mantova 1911,LOAN_RETURN_OR_END_OF_LOAN,End of loan 30/06/2026,TRANSFERMARKT_EXPANDED
2026/27,2026,OUT,522681,Ben Lhassine Kone,8970,Frosinone Calcio,8970,Frosinone Calcio,1047,Como 1907,LOAN_RETURN_OR_END_OF_LOAN,End of loan 30/06/2026,TRANSFERMARKT_EXPANDED
2026/27,2026,OUT,539582,Massimo Zilli,8970,Frosinone Calcio,8970,Frosinone Calcio,4031,Cosenza Calcio,LOAN_RETURN_OR_END_OF_LOAN,End of loan 30/06/2026,TRANSFERMARKT_EXPANDED
2026/27,2026,IN,661132,Exequiel Zeballos,2919,AC Monza,189,CA Boca Juniors,2919,AC Monza,PERMANENT_OR_OTHER_EXPLICIT,€4.50m,TRANSFERMARKT_EXPANDED
2026/27,2026,IN,265078,Patrick Cutrone,2919,AC Monza,1047,Como 1907,2919,AC Monza,PERMANENT_OR_OTHER_EXPLICIT,€4.00m,TRANSFERMARKT_EXPANDED
2026/27,2026,IN,931900,Gustavo Varela,2919,AC Monza,10330,SL Benfica B,2919,AC Monza,PERMANENT_OR_OTHER_EXPLICIT,€2.50m,TRANSFERMARKT_EXPANDED
2026/27,2026,IN,335516,Idrissa Touré,2919,AC Monza,4172,Pisa Sporting Club,2919,AC Monza,PERMANENT_OR_OTHER_EXPLICIT,€2.30m,TRANSFERMARKT_EXPANDED
2026/27,2026,IN,1143375,Foe Ondoa,2919,AC Monza,68403,Estoril Praia U23,2919,AC Monza,PERMANENT_OR_OTHER_EXPLICIT,€1.50m,TRANSFERMARKT_EXPANDED
2026/27,2026,IN,567454,Lorenzo Lucchesi,2919,AC Monza,430,ACF Fiorentina,2919,AC Monza,PERMANENT_OR_OTHER_EXPLICIT,€1.00m,TRANSFERMARKT_EXPANDED
2026/27,2026,IN,358032,Cyril Ngonge,2919,AC Monza,6195,SSC Napoli,2919,AC Monza,LOAN,Loan fee: €1.00m,TRANSFERMARKT_EXPANDED
2026/27,2026,IN,1046867,Jan Ziolkowski,2919,AC Monza,12,AS Roma,2919,AC Monza,LOAN,Loan fee: €500k,TRANSFERMARKT_EXPANDED
2026/27,2026,IN,377042,Michael Folorunsho,2919,AC Monza,6195,SSC Napoli,2919,AC Monza,LOAN,Loan fee: €500k,TRANSFERMARKT_EXPANDED
2026/27,2026,IN,1041129,Yvan Maye,2919,AC Monza,41119,Inter U23,2919,AC Monza,LOAN,loan transfer,TRANSFERMARKT_EXPANDED
2026/27,2026,IN,1045124,Jay Robinson,2919,AC Monza,180,Southampton FC,2919,AC Monza,LOAN,loan transfer,TRANSFERMARKT_EXPANDED
2026/27,2026,IN,969192,Ebenezer Akinsanmiro,2919,AC Monza,46,Inter Milan,2919,AC Monza,LOAN,loan transfer,TRANSFERMARKT_EXPANDED
2026/27,2026,IN,314944,Ricardo Mangas,2919,AC Monza,336,Sporting CP,2919,AC Monza,LOAN,loan transfer,TRANSFERMARKT_EXPANDED
2026/27,2026,IN,957822,Eddy Kouadio,2919,AC Monza,430,ACF Fiorentina,2919,AC Monza,LOAN,loan transfer,TRANSFERMARKT_EXPANDED
2026/27,2026,IN,730531,Noel Törnqvist,2919,AC Monza,1047,Como 1907,2919,AC Monza,LOAN,loan transfer,TRANSFERMARKT_EXPANDED
2026/27,2026,IN,906160,Saba Goglichidze,2919,AC Monza,410,Udinese Calcio,2919,AC Monza,LOAN,loan transfer,TRANSFERMARKT_EXPANDED
2026/27,2026,IN,1167990,Mathis Mout,2919,AC Monza,84400,Monza Primavera,2919,AC Monza,PERMANENT_OR_OTHER_EXPLICIT,-,TRANSFERMARKT_EXPANDED
2026/27,2026,IN,1144614,Solomon Loubao,2919,AC Monza,750,FC Sochaux-Montbéliard,2919,AC Monza,LOAN_RETURN_OR_END_OF_LOAN,End of loan 30/06/2026,TRANSFERMARKT_EXPANDED
2026/27,2026,IN,724069,Kevin Martins,2919,AC Monza,4330,US Sambenedettese,2919,AC Monza,LOAN_RETURN_OR_END_OF_LOAN,End of loan 30/06/2026,TRANSFERMARKT_EXPANDED
2026/27,2026,IN,542588,Alessandro Sorrentino,2919,AC Monza,3037,Calcio Padova,2919,AC Monza,LOAN_RETURN_OR_END_OF_LOAN,End of loan 30/06/2026,TRANSFERMARKT_EXPANDED
2026/27,2026,IN,898356,Alessandro Berretta,2919,AC Monza,44223,AS Giana Erminio,2919,AC Monza,LOAN_RETURN_OR_END_OF_LOAN,End of loan 30/06/2026,TRANSFERMARKT_EXPANDED
2026/27,2026,OUT,181768,Hernani,2919,AC Monza,2919,AC Monza,458,Palermo FC,PERMANENT_OR_OTHER_EXPLICIT,€1.00m,TRANSFERMARKT_EXPANDED
2026/27,2026,OUT,312341,Luca Ravanelli,2919,AC Monza,2919,AC Monza,1038,UC Sampdoria,PERMANENT_OR_OTHER_EXPLICIT,€300k,TRANSFERMARKT_EXPANDED
2026/27,2026,OUT,215649,Mirko Marić,2919,AC Monza,2919,AC Monza,11194,NK Lokomotiva Zagreb,FREE_TRANSFER,free transfer,TRANSFERMARKT_EXPANDED
2026/27,2026,OUT,199258,Andrea Petagna,2919,AC Monza,2919,AC Monza,4172,Pisa Sporting Club,PERMANENT_OR_OTHER_EXPLICIT,?,TRANSFERMARKT_EXPANDED
2026/27,2026,OUT,381706,Arvid Brorsson,2919,AC Monza,2919,AC Monza,9644,Raków Częstochowa,PERMANENT_OR_OTHER_EXPLICIT,?,TRANSFERMARKT_EXPANDED
2026/27,2026,OUT,542588,Alessandro Sorrentino,2919,AC Monza,2919,AC Monza,3037,Calcio Padova,PERMANENT_OR_OTHER_EXPLICIT,?,TRANSFERMARKT_EXPANDED
2026/27,2026,OUT,310527,Paulo Azzi,2919,AC Monza,2919,AC Monza,1385,Modena FC,PERMANENT_OR_OTHER_EXPLICIT,?,TRANSFERMARKT_EXPANDED
2026/27,2026,OUT,537171,Semuel Pizzignacco,2919,AC Monza,2919,AC Monza,4159,Carrarese Calcio 1908,LOAN,loan transfer,TRANSFERMARKT_EXPANDED
2026/27,2026,OUT,898356,Alessandro Berretta,2919,AC Monza,2919,AC Monza,4553,US Pergolettese 1932,LOAN,loan transfer,TRANSFERMARKT_EXPANDED
2026/27,2026,OUT,1049862,Samuele Capolupo,2919,AC Monza,2919,AC Monza,3522,Spezia Calcio,LOAN,loan transfer,TRANSFERMARKT_EXPANDED
2026/27,2026,OUT,524428,Nicolas Galazzi,2919,AC Monza,2919,AC Monza,3037,Calcio Padova,LOAN,loan transfer,TRANSFERMARKT_EXPANDED
2026/27,2026,OUT,393904,Filippo Delli Carri,2919,AC Monza,2919,AC Monza,1038,UC Sampdoria,LOAN,loan transfer,TRANSFERMARKT_EXPANDED
2026/27,2026,OUT,1144614,Solomon Loubao,2919,AC Monza,2919,AC Monza,4097,US Catanzaro,LOAN,loan transfer,TRANSFERMARKT_EXPANDED
2026/27,2026,OUT,101213,Pedro Obiang,2919,AC Monza,2919,AC Monza,,Retired,RETIREMENT,-,TRANSFERMARKT_EXPANDED
2026/27,2026,OUT,567454,Lorenzo Lucchesi,2919,AC Monza,2919,AC Monza,430,ACF Fiorentina,LOAN_RETURN_OR_END_OF_LOAN,End of loan 30/06/2026,TRANSFERMARKT_EXPANDED
2026/27,2026,OUT,265078,Patrick Cutrone,2919,AC Monza,2919,AC Monza,1047,Como 1907,LOAN_RETURN_OR_END_OF_LOAN,End of loan 30/06/2026,TRANSFERMARKT_EXPANDED
2026/27,2026,OUT,398030,Giuseppe Caso,2919,AC Monza,2919,AC Monza,1385,Modena FC,LOAN_RETURN_OR_END_OF_LOAN,End of loan 30/06/2026,TRANSFERMARKT_EXPANDED
2026/27,2026,OUT,812625,Agustín Álvarez,2919,AC Monza,2919,AC Monza,6574,US Sassuolo,LOAN_RETURN_OR_END_OF_LOAN,End of loan 30/06/2026,TRANSFERMARKT_EXPANDED
